<?xml version="1.0" encoding="utf-8"?>
<COLLADA version="1.4.1" xmlns="http://www.collada.org/2005/11/COLLADASchema">
  <asset>
    <contributor>
      <authoring_tool>ABB RobotStudio</authoring_tool>
    </contributor>
    <created>2025-08-23T17:18:13Z</created>
    <modified>2025-08-23T17:18:13Z</modified>
    <unit meter="1" name="meter" />
    <up_axis>Z_UP</up_axis>
  </asset>
  <library_images>
    <image id="ID1" name="tool_back">
      <init_from>tool_back.png</init_from>
    </image>
    <image id="ID2" name="tool_front">
      <init_from>tool_front.png</init_from>
    </image>
  </library_images>
  <library_effects>
    <effect id="ID3">
      <profile_COMMON>
        <technique sid="COMMON">
          <phong>
            <emission>
              <color>0 0 0 1</color>
            </emission>
            <ambient>
              <color>0.7529412 0.7529412 0.1254902 1</color>
            </ambient>
            <diffuse>
              <color>0.7529412 0.7529412 0.1254902 1</color>
            </diffuse>
            <specular>
              <color>0.7490196 0.7490196 0.7490196 1</color>
            </specular>
          </phong>
        </technique>
      </profile_COMMON>
    </effect>
    <effect id="ID4">
      <profile_COMMON>
        <newparam sid="ID1-surface">
          <surface type="2D">
            <init_from>ID1</init_from>
            <format>A8R8G8B8</format>
          </surface>
        </newparam>
        <newparam sid="ID1-sampler">
          <sampler2D>
            <source>ID1-surface</source>
            <minfilter>LINEAR_MIPMAP_LINEAR</minfilter>
            <maxfilter>LINEAR</maxfilter>
          </sampler2D>
        </newparam>
        <technique sid="COMMON">
          <phong>
            <emission>
              <color>0 0 0 1</color>
            </emission>
            <ambient>
              <color>1 1 0 1</color>
            </ambient>
            <diffuse>
              <texture texture="ID1-sampler" texcoord="TEX0" />
            </diffuse>
            <specular>
              <color>0.7490196 0.7490196 0.7490196 1</color>
            </specular>
          </phong>
        </technique>
      </profile_COMMON>
    </effect>
    <effect id="ID5">
      <profile_COMMON>
        <newparam sid="ID2-surface">
          <surface type="2D">
            <init_from>ID2</init_from>
            <format>A8R8G8B8</format>
          </surface>
        </newparam>
        <newparam sid="ID2-sampler">
          <sampler2D>
            <source>ID2-surface</source>
            <minfilter>LINEAR_MIPMAP_LINEAR</minfilter>
            <maxfilter>LINEAR</maxfilter>
          </sampler2D>
        </newparam>
        <technique sid="COMMON">
          <phong>
            <emission>
              <color>0 0 0 1</color>
            </emission>
            <ambient>
              <color>1 1 0 1</color>
            </ambient>
            <diffuse>
              <texture texture="ID2-sampler" texcoord="TEX0" />
            </diffuse>
            <specular>
              <color>0.7490196 0.7490196 0.7490196 1</color>
            </specular>
          </phong>
        </technique>
      </profile_COMMON>
    </effect>
  </library_effects>
  <library_materials>
    <material id="ID6">
      <instance_effect url="#ID3" />
    </material>
    <material id="ID7">
      <instance_effect url="#ID4" />
    </material>
    <material id="ID8">
      <instance_effect url="#ID5" />
    </material>
  </library_materials>
  <library_geometries>
    <geometry id="ID9">
      <mesh>
        <source id="ID10">
          <float_array id="ID11" count="186">0 0.0375 0.007 0.0039198 0.0372946 0.007 0.0077967
            0.0366805 0.007 0.0115881 0.0356646 0.007 0.0152526 0.034258 0.007 0.01875 0.032476
            0.007 0.0220419 0.0303381 0.007 0.0250924 0.0278679 0.007 0.0278679 0.0250924 0.007
            0.0303381 0.0220419 0.007 0.032476 0.01875 0.007 0.034258 0.0152526 0.007 0.0356646
            0.0115881 0.007 0.0366805 0.0077967 0.007 0.0372946 0.0039198 0.007 0.0375 0 0.007
            0.0372946 -0.0039198 0.007 0.0366805 -0.0077967 0.007 0.0356646 -0.0115881 0.007
            0.034258 -0.0152526 0.007 0.032476 -0.01875 0.007 0.0303381 -0.0220419 0.007 0.0278679
            -0.0250924 0.007 0.0250924 -0.0278679 0.007 0.0220419 -0.0303381 0.007 0.01875 -0.032476
            0.007 0.0152526 -0.034258 0.007 0.0115881 -0.0356646 0.007 0.0077967 -0.0366805 0.007
            0.0039198 -0.0372946 0.007 0 -0.0375 0.007 0 -0.0375 0 0.0039198 -0.0372946 0 0.0077967
            -0.0366805 0 0.0115881 -0.0356646 0 0.0152526 -0.034258 0 0.01875 -0.032476 0 0.0220419
            -0.0303381 0 0.0250924 -0.0278679 0 0.0278679 -0.0250924 0 0.0303381 -0.0220419 0
            0.032476 -0.01875 0 0.034258 -0.0152526 0 0.0356646 -0.0115881 0 0.0366805 -0.0077967 0
            0.0372946 -0.0039198 0 0.0375 0 0 0.0372946 0.0039198 0 0.0366805 0.0077967 0 0.0356646
            0.0115881 0 0.034258 0.0152526 0 0.032476 0.01875 0 0.0303381 0.0220419 0 0.0278679
            0.0250924 0 0.0250924 0.0278679 0 0.0220419 0.0303381 0 0.01875 0.032476 0 0.0152526
            0.034258 0 0.0115881 0.0356646 0 0.0077967 0.0366805 0 0.0039198 0.0372946 0 0 0.0375 0</float_array>
          <technique_common>
            <accessor count="62" source="#ID11" stride="3">
              <param name="X" type="float" />
              <param name="Y" type="float" />
              <param name="Z" type="float" />
            </accessor>
          </technique_common>
        </source>
        <source id="ID12">
          <float_array id="ID13" count="186">0 1 0 0.1045285 0.9945219 0 0.2079117 0.9781476 0
            0.309017 0.9510565 0 0.4067366 0.9135454 0 0.5 0.8660254 0 0.5877852 0.809017 0
            0.6691306 0.7431448 0 0.7431448 0.6691306 0 0.809017 0.5877852 0 0.8660254 0.5 0
            0.9135454 0.4067366 0 0.9510565 0.309017 0 0.9781476 0.2079117 0 0.9945219 0.1045285 0 1
            0 0 0.9945219 -0.1045285 0 0.9781476 -0.2079117 0 0.9510565 -0.309017 0 0.9135454
            -0.4067366 0 0.8660254 -0.5 0 0.809017 -0.5877852 0 0.7431448 -0.6691306 0 0.6691306
            -0.7431448 0 0.5877852 -0.809017 0 0.5 -0.8660254 0 0.4067366 -0.9135454 0 0.309017
            -0.9510565 0 0.2079117 -0.9781476 0 0.1045285 -0.9945219 0 0 -1 0 0 -1 0 0.1045285
            -0.9945219 0 0.2079117 -0.9781476 0 0.309017 -0.9510565 0 0.4067366 -0.9135454 0 0.5
            -0.8660254 0 0.5877852 -0.809017 0 0.6691306 -0.7431448 0 0.7431448 -0.6691306 0
            0.809017 -0.5877852 0 0.8660254 -0.5 0 0.9135454 -0.4067366 0 0.9510565 -0.309017 0
            0.9781476 -0.2079117 0 0.9945219 -0.1045285 0 1 0 0 0.9945219 0.1045285 0 0.9781476
            0.2079117 0 0.9510565 0.309017 0 0.9135454 0.4067366 0 0.8660254 0.5 0 0.809017
            0.5877852 0 0.7431448 0.6691306 0 0.6691306 0.7431448 0 0.5877852 0.809017 0 0.5
            0.8660254 0 0.4067366 0.9135454 0 0.309017 0.9510565 0 0.2079117 0.9781476 0 0.1045285
            0.9945219 0 0 1 0</float_array>
          <technique_common>
            <accessor count="62" source="#ID13" stride="3">
              <param name="X" type="float" />
              <param name="Y" type="float" />
              <param name="Z" type="float" />
            </accessor>
          </technique_common>
        </source>
        <source id="ID14">
          <float_array id="ID15" count="124">0 0 0 0.0333334 0 0.0666667 0 0.1 0 0.1333333 0
            0.1666667 0 0.2 0 0.2333333 0 0.2666667 0 0.3 0 0.3333333 0 0.3666667 0 0.4 0 0.4333333
            0 0.4666667 0 0.5 0 0.5333334 0 0.5666667 0 0.6 0 0.6333333 0 0.6666667 0 0.7 0
            0.7333333 0 0.7666667 0 0.8 0 0.8333333 0 0.8666667 0 0.9 0 0.9333333 0 0.9666666 0 1 1
            1 1 0.9666666 1 0.9333333 1 0.9 1 0.8666667 1 0.8333333 1 0.8 1 0.7666667 1 0.7333333 1
            0.7 1 0.6666667 1 0.6333333 1 0.6 1 0.5666667 1 0.5333334 1 0.5 1 0.4666667 1 0.4333333
            1 0.4 1 0.3666667 1 0.3333333 1 0.3 1 0.2666667 1 0.2333333 1 0.2 1 0.1666667 1
            0.1333333 1 0.1 1 0.0666667 1 0.0333334 1 0</float_array>
          <technique_common>
            <accessor count="62" source="#ID15" stride="2">
              <param name="S" type="float" />
              <param name="T" type="float" />
            </accessor>
          </technique_common>
        </source>
        <vertices id="ID16">
          <input semantic="POSITION" source="#ID10" />
        </vertices>
        <triangles count="60" material="ID17">
          <input semantic="VERTEX" source="#ID16" offset="0" />
          <input semantic="NORMAL" source="#ID12" offset="1" />
          <input semantic="TEXCOORD" source="#ID14" offset="2" set="0" />
          <p>0 0 0 1 1 1 61 61 61 61 61 61 1 1 1 60 60 60 60 60 60 1 1 1 2 2 2 59 59 59 2 2 2 3 3 3
            58 58 58 3 3 3 4 4 4 57 57 57 4 4 4 5 5 5 56 56 56 5 5 5 6 6 6 55 55 55 6 6 6 7 7 7 54
            54 54 7 7 7 8 8 8 53 53 53 8 8 8 9 9 9 52 52 52 9 9 9 10 10 10 51 51 51 10 10 10 11 11
            11 50 50 50 11 11 11 12 12 12 49 49 49 12 12 12 13 13 13 48 48 48 13 13 13 14 14 14 47
            47 47 14 14 14 15 15 15 46 46 46 15 15 15 16 16 16 45 45 45 16 16 16 17 17 17 44 44 44
            17 17 17 18 18 18 43 43 43 18 18 18 19 19 19 42 42 42 19 19 19 20 20 20 41 41 41 20 20
            20 21 21 21 40 40 40 21 21 21 22 22 22 39 39 39 22 22 22 23 23 23 38 38 38 23 23 23 24
            24 24 37 37 37 24 24 24 25 25 25 36 36 36 25 25 25 26 26 26 35 35 35 26 26 26 27 27 27
            34 34 34 27 27 27 28 28 28 33 33 33 28 28 28 29 29 29 32 32 32 29 29 29 31 31 31 32 32
            32 33 33 33 29 29 29 29 29 29 30 30 30 31 31 31 33 33 33 34 34 34 28 28 28 34 34 34 35
            35 35 27 27 27 35 35 35 36 36 36 26 26 26 36 36 36 37 37 37 25 25 25 37 37 37 38 38 38
            24 24 24 38 38 38 39 39 39 23 23 23 39 39 39 40 40 40 22 22 22 40 40 40 41 41 41 21 21
            21 41 41 41 42 42 42 20 20 20 42 42 42 43 43 43 19 19 19 43 43 43 44 44 44 18 18 18 44
            44 44 45 45 45 17 17 17 45 45 45 46 46 46 16 16 16 46 46 46 47 47 47 15 15 15 47 47 47
            48 48 48 14 14 14 48 48 48 49 49 49 13 13 13 49 49 49 50 50 50 12 12 12 50 50 50 51 51
            51 11 11 11 51 51 51 52 52 52 10 10 10 52 52 52 53 53 53 9 9 9 53 53 53 54 54 54 8 8 8
            54 54 54 55 55 55 7 7 7 55 55 55 56 56 56 6 6 6 56 56 56 57 57 57 5 5 5 57 57 57 58 58
            58 4 4 4 58 58 58 59 59 59 3 3 3 59 59 59 60 60 60 2 2 2</p>
        </triangles>
      </mesh>
    </geometry>
    <geometry id="ID18">
      <mesh>
        <source id="ID19">
          <float_array id="ID20" count="186">0 -0.0375 0 0 -0.0375 0.007 -0.0039198 -0.0372946 0.007
            -0.0077967 -0.0366805 0.007 -0.0115881 -0.0356646 0.007 -0.0152526 -0.034258 0.007
            -0.01875 -0.032476 0.007 -0.0220419 -0.0303381 0.007 -0.0250924 -0.0278679 0.007
            -0.0278679 -0.0250924 0.007 -0.0303381 -0.0220419 0.007 -0.032476 -0.01875 0.007
            -0.034258 -0.0152526 0.007 -0.0356646 -0.0115881 0.007 -0.0366805 -0.0077967 0.007
            -0.0372946 -0.0039198 0.007 -0.0375 0 0.007 -0.0372946 0.0039198 0.007 -0.0366805
            0.0077967 0.007 -0.0356646 0.0115881 0.007 -0.034258 0.0152526 0.007 -0.032476 0.01875
            0.007 -0.0303381 0.0220419 0.007 -0.0278679 0.0250924 0.007 -0.0250924 0.0278679 0.007
            -0.0220419 0.0303381 0.007 -0.01875 0.032476 0.007 -0.0152526 0.034258 0.007 -0.0115881
            0.0356646 0.007 -0.0077967 0.0366805 0.007 -0.0039198 0.0372946 0.007 0 0.0375 0.007 0
            0.0375 0 -0.0039198 0.0372946 0 -0.0077967 0.0366805 0 -0.0115881 0.0356646 0 -0.0152526
            0.034258 0 -0.01875 0.032476 0 -0.0220419 0.0303381 0 -0.0250924 0.0278679 0 -0.0278679
            0.0250924 0 -0.0303381 0.0220419 0 -0.032476 0.01875 0 -0.034258 0.0152526 0 -0.0356646
            0.0115881 0 -0.0366805 0.0077967 0 -0.0372946 0.0039198 0 -0.0375 0 0 -0.0372946
            -0.0039198 0 -0.0366805 -0.0077967 0 -0.0356646 -0.0115881 0 -0.034258 -0.0152526 0
            -0.032476 -0.01875 0 -0.0303381 -0.0220419 0 -0.0278679 -0.0250924 0 -0.0250924
            -0.0278679 0 -0.0220419 -0.0303381 0 -0.01875 -0.032476 0 -0.0152526 -0.034258 0
            -0.0115881 -0.0356646 0 -0.0077967 -0.0366805 0 -0.0039198 -0.0372946 0</float_array>
          <technique_common>
            <accessor count="62" source="#ID20" stride="3">
              <param name="X" type="float" />
              <param name="Y" type="float" />
              <param name="Z" type="float" />
            </accessor>
          </technique_common>
        </source>
        <source id="ID21">
          <float_array id="ID22" count="186">0 -1 0 0 -1 0 -0.1045285 -0.9945219 0 -0.2079117
            -0.9781476 0 -0.309017 -0.9510565 0 -0.4067366 -0.9135454 0 -0.5 -0.8660254 0 -0.5877852
            -0.809017 0 -0.6691306 -0.7431448 0 -0.7431448 -0.6691306 0 -0.809017 -0.5877852 0
            -0.8660254 -0.5 0 -0.9135454 -0.4067366 0 -0.9510565 -0.309017 0 -0.9781476 -0.2079117 0
            -0.9945219 -0.1045285 0 -1 0 0 -0.9945219 0.1045285 0 -0.9781476 0.2079117 0 -0.9510565
            0.309017 0 -0.9135454 0.4067366 0 -0.8660254 0.5 0 -0.809017 0.5877852 0 -0.7431448
            0.6691306 0 -0.6691306 0.7431448 0 -0.5877852 0.809017 0 -0.5 0.8660254 0 -0.4067366
            0.9135454 0 -0.309017 0.9510565 0 -0.2079117 0.9781476 0 -0.1045285 0.9945219 0 0 1 0 0
            1 0 -0.1045285 0.9945219 0 -0.2079117 0.9781476 0 -0.309017 0.9510565 0 -0.4067366
            0.9135454 0 -0.5 0.8660254 0 -0.5877852 0.809017 0 -0.6691306 0.7431448 0 -0.7431448
            0.6691306 0 -0.809017 0.5877852 0 -0.8660254 0.5 0 -0.9135454 0.4067366 0 -0.9510565
            0.309017 0 -0.9781476 0.2079117 0 -0.9945219 0.1045285 0 -1 0 0 -0.9945219 -0.1045285 0
            -0.9781476 -0.2079117 0 -0.9510565 -0.309017 0 -0.9135454 -0.4067366 0 -0.8660254 -0.5 0
            -0.809017 -0.5877852 0 -0.7431448 -0.6691306 0 -0.6691306 -0.7431448 0 -0.5877852
            -0.809017 0 -0.5 -0.8660254 0 -0.4067366 -0.9135454 0 -0.309017 -0.9510565 0 -0.2079117
            -0.9781476 0 -0.1045285 -0.9945219 0</float_array>
          <technique_common>
            <accessor count="62" source="#ID22" stride="3">
              <param name="X" type="float" />
              <param name="Y" type="float" />
              <param name="Z" type="float" />
            </accessor>
          </technique_common>
        </source>
        <source id="ID23">
          <float_array id="ID24" count="124">1 0 0 0 0 0.0333334 0 0.0666667 0 0.1 0 0.1333333 0
            0.1666667 0 0.2 0 0.2333334 0 0.2666667 0 0.3 0 0.3333333 0 0.3666667 0 0.4 0 0.4333333
            0 0.4666667 0 0.5 0 0.5333334 0 0.5666667 0 0.6 0 0.6333333 0 0.6666667 0 0.7 0
            0.7333333 0 0.7666667 0 0.8 0 0.8333333 0 0.8666667 0 0.9 0 0.9333333 0 0.9666666 0 1 1
            1 1 0.9666666 1 0.9333333 1 0.9 1 0.8666667 1 0.8333333 1 0.8 1 0.7666667 1 0.7333333 1
            0.7 1 0.6666667 1 0.6333333 1 0.6 1 0.5666667 1 0.5333334 1 0.5 1 0.4666667 1 0.4333333
            1 0.4 1 0.3666667 1 0.3333333 1 0.3 1 0.2666667 1 0.2333334 1 0.2 1 0.1666667 1
            0.1333333 1 0.1 1 0.0666667 1 0.0333334</float_array>
          <technique_common>
            <accessor count="62" source="#ID24" stride="2">
              <param name="S" type="float" />
              <param name="T" type="float" />
            </accessor>
          </technique_common>
        </source>
        <vertices id="ID25">
          <input semantic="POSITION" source="#ID19" />
        </vertices>
        <triangles count="60" material="ID26">
          <input semantic="VERTEX" source="#ID25" offset="0" />
          <input semantic="NORMAL" source="#ID21" offset="1" />
          <input semantic="TEXCOORD" source="#ID23" offset="2" set="0" />
          <p>0 0 0 1 1 1 61 61 61 61 61 61 1 1 1 2 2 2 3 3 3 61 61 61 2 2 2 3 3 3 60 60 60 61 61 61
            3 3 3 4 4 4 60 60 60 60 60 60 4 4 4 59 59 59 59 59 59 4 4 4 5 5 5 58 58 58 5 5 5 6 6 6
            57 57 57 6 6 6 7 7 7 56 56 56 7 7 7 8 8 8 55 55 55 8 8 8 9 9 9 54 54 54 9 9 9 10 10 10
            53 53 53 10 10 10 11 11 11 52 52 52 11 11 11 12 12 12 51 51 51 12 12 12 13 13 13 50 50
            50 13 13 13 14 14 14 49 49 49 14 14 14 15 15 15 48 48 48 15 15 15 16 16 16 47 47 47 16
            16 16 17 17 17 46 46 46 17 17 17 18 18 18 45 45 45 18 18 18 19 19 19 44 44 44 19 19 19
            20 20 20 43 43 43 20 20 20 21 21 21 42 42 42 21 21 21 22 22 22 41 41 41 22 22 22 23 23
            23 40 40 40 23 23 23 24 24 24 39 39 39 24 24 24 25 25 25 38 38 38 25 25 25 26 26 26 37
            37 37 26 26 26 27 27 27 36 36 36 27 27 27 28 28 28 35 35 35 28 28 28 29 29 29 34 34 34
            29 29 29 30 30 30 33 33 33 30 30 30 31 31 31 32 32 32 33 33 33 31 31 31 33 33 33 34 34
            34 30 30 30 34 34 34 35 35 35 29 29 29 35 35 35 36 36 36 28 28 28 36 36 36 37 37 37 27
            27 27 37 37 37 38 38 38 26 26 26 38 38 38 39 39 39 25 25 25 39 39 39 40 40 40 24 24 24
            40 40 40 41 41 41 23 23 23 41 41 41 42 42 42 22 22 22 42 42 42 43 43 43 21 21 21 43 43
            43 44 44 44 20 20 20 44 44 44 45 45 45 19 19 19 45 45 45 46 46 46 18 18 18 46 46 46 47
            47 47 17 17 17 47 47 47 48 48 48 16 16 16 48 48 48 49 49 49 15 15 15 49 49 49 50 50 50
            14 14 14 50 50 50 51 51 51 13 13 13 51 51 51 52 52 52 12 12 12 52 52 52 53 53 53 11 11
            11 53 53 53 54 54 54 10 10 10 54 54 54 55 55 55 9 9 9 55 55 55 56 56 56 8 8 8 56 56 56
            57 57 57 7 7 7 57 57 57 58 58 58 6 6 6 58 58 58 59 59 59 5 5 5</p>
        </triangles>
      </mesh>
    </geometry>
    <geometry id="ID27">
      <mesh>
        <source id="ID28">
          <float_array id="ID29" count="180">0 0.0375 0.007 -0.0039198 0.0372946 0.007 -0.0077967
            0.0366805 0.007 -0.0115881 0.0356646 0.007 -0.0152526 0.034258 0.007 -0.01875 0.032476
            0.007 -0.0220419 0.0303381 0.007 -0.0250924 0.0278679 0.007 -0.0278679 0.0250924 0.007
            -0.0303381 0.0220419 0.007 -0.032476 0.01875 0.007 -0.034258 0.0152526 0.007 -0.0356646
            0.0115881 0.007 -0.0366805 0.0077967 0.007 -0.0372946 0.0039198 0.007 -0.0375 0 0.007
            -0.0372946 -0.0039198 0.007 -0.0366805 -0.0077967 0.007 -0.0356646 -0.0115881 0.007
            -0.034258 -0.0152526 0.007 -0.032476 -0.01875 0.007 -0.0303381 -0.0220419 0.007
            -0.0278679 -0.0250924 0.007 -0.0250924 -0.0278679 0.007 -0.0220419 -0.0303381 0.007
            -0.01875 -0.032476 0.007 -0.0152526 -0.034258 0.007 -0.0115881 -0.0356646 0.007
            -0.0077967 -0.0366805 0.007 -0.0039198 -0.0372946 0.007 0 -0.0375 0.007 0.0039198
            -0.0372946 0.007 0.0077967 -0.0366805 0.007 0.0115881 -0.0356646 0.007 0.0152526
            -0.034258 0.007 0.01875 -0.032476 0.007 0.0220419 -0.0303381 0.007 0.0250924 -0.0278679
            0.007 0.0278679 -0.0250924 0.007 0.0303381 -0.0220419 0.007 0.032476 -0.01875 0.007
            0.034258 -0.0152526 0.007 0.0356646 -0.0115881 0.007 0.0366805 -0.0077967 0.007
            0.0372946 -0.0039198 0.007 0.0375 0 0.007 0.0372946 0.0039198 0.007 0.0366805 0.0077967
            0.007 0.0356646 0.0115881 0.007 0.034258 0.0152526 0.007 0.032476 0.01875 0.007
            0.0303381 0.0220419 0.007 0.0278679 0.0250924 0.007 0.0250924 0.0278679 0.007 0.0220419
            0.0303381 0.007 0.01875 0.032476 0.007 0.0152526 0.034258 0.007 0.0115881 0.0356646
            0.007 0.0077967 0.0366805 0.007 0.0039198 0.0372946 0.007</float_array>
          <technique_common>
            <accessor count="60" source="#ID29" stride="3">
              <param name="X" type="float" />
              <param name="Y" type="float" />
              <param name="Z" type="float" />
            </accessor>
          </technique_common>
        </source>
        <source id="ID30">
          <float_array id="ID31" count="180">0 0 1 0 0 1 0 0 1 0 0 1 0 0 1 0 0 1 0 0 1 0 0 1 0 0 1 0
            0 1 0 0 1 0 0 1 0 0 1 0 0 1 0 0 1 0 0 1 0 0 1 0 0 1 0 0 1 0 0 1 0 0 1 0 0 1 0 0 1 0 0 1
            0 0 1 0 0 1 0 0 1 0 0 1 0 0 1 0 0 1 0 0 1 0 0 1 0 0 1 0 0 1 0 0 1 0 0 1 0 0 1 0 0 1 0 0
            1 0 0 1 0 0 1 0 0 1 0 0 1 0 0 1 0 0 1 0 0 1 0 0 1 0 0 1 0 0 1 0 0 1 0 0 1 0 0 1 0 0 1 0
            0 1 0 0 1 0 0 1 0 0 1 0 0 1 0 0 1 0 0 1</float_array>
          <technique_common>
            <accessor count="60" source="#ID31" stride="3">
              <param name="X" type="float" />
              <param name="Y" type="float" />
              <param name="Z" type="float" />
            </accessor>
          </technique_common>
        </source>
        <source id="ID32">
          <float_array id="ID33" count="120">0 0.5 0.0027391 0.5522643 0.0109262 0.6039559 0.0244717
            0.6545085 0.0432273 0.7033683 0.0669873 0.75 0.0954915 0.7938926 0.1284276 0.8345653
            0.1654347 0.8715725 0.2061074 0.9045085 0.25 0.9330127 0.2966317 0.9567727 0.3454915
            0.9755282 0.3960442 0.9890738 0.4477358 0.9972609 0.5 1 0.5522643 0.9972609 0.6039559
            0.9890738 0.6545085 0.9755282 0.7033683 0.9567727 0.75 0.9330127 0.7938926 0.9045085
            0.8345653 0.8715725 0.8715725 0.8345653 0.9045085 0.7938926 0.9330127 0.75 0.9567727
            0.7033683 0.9755282 0.6545085 0.9890738 0.6039559 0.9972609 0.5522643 1 0.5 0.9972609
            0.4477358 0.9890738 0.3960442 0.9755282 0.3454915 0.9567727 0.2966317 0.9330127 0.25
            0.9045085 0.2061074 0.8715725 0.1654347 0.8345653 0.1284276 0.7938926 0.0954915 0.75
            0.0669873 0.7033683 0.0432273 0.6545085 0.0244717 0.6039559 0.0109262 0.5522643
            0.0027391 0.5 0 0.4477358 0.0027391 0.3960442 0.0109262 0.3454915 0.0244717 0.2966317
            0.0432273 0.25 0.0669873 0.2061074 0.0954915 0.1654347 0.1284276 0.1284276 0.1654347
            0.0954915 0.2061074 0.0669873 0.25 0.0432273 0.2966317 0.0244717 0.3454915 0.0109262
            0.3960442 0.0027391 0.4477358</float_array>
          <technique_common>
            <accessor count="60" source="#ID33" stride="2">
              <param name="S" type="float" />
              <param name="T" type="float" />
            </accessor>
          </technique_common>
        </source>
        <vertices id="ID34">
          <input semantic="POSITION" source="#ID28" />
        </vertices>
        <triangles count="58" material="ID35">
          <input semantic="VERTEX" source="#ID34" offset="0" />
          <input semantic="NORMAL" source="#ID30" offset="1" />
          <input semantic="TEXCOORD" source="#ID32" offset="2" set="0" />
          <p>14 14 14 16 16 16 13 13 13 14 14 14 15 15 15 16 16 16 13 13 13 17 17 17 12 12 12 13 13
            13 16 16 16 17 17 17 12 12 12 18 18 18 11 11 11 12 12 12 17 17 17 18 18 18 11 11 11 19
            19 19 10 10 10 11 11 11 18 18 18 19 19 19 10 10 10 20 20 20 9 9 9 10 10 10 19 19 19 20
            20 20 9 9 9 21 21 21 8 8 8 9 9 9 20 20 20 21 21 21 8 8 8 22 22 22 7 7 7 8 8 8 21 21 21
            22 22 22 22 22 22 23 23 23 7 7 7 7 7 7 23 23 23 6 6 6 6 6 6 23 23 23 24 24 24 5 5 5 24
            24 24 25 25 25 4 4 4 25 25 25 26 26 26 3 3 3 26 26 26 27 27 27 2 2 2 27 27 27 28 28 28 1
            1 1 28 28 28 29 29 29 0 0 0 29 29 29 30 30 30 59 59 59 30 30 30 31 31 31 58 58 58 31 31
            31 32 32 32 57 57 57 32 32 32 33 33 33 56 56 56 33 33 33 34 34 34 55 55 55 34 34 34 35
            35 35 54 54 54 35 35 35 36 36 36 53 53 53 36 36 36 37 37 37 52 52 52 37 37 37 38 38 38
            51 51 51 38 38 38 39 39 39 50 50 50 39 39 39 40 40 40 49 49 49 40 40 40 41 41 41 48 48
            48 41 41 41 42 42 42 47 47 47 42 42 42 43 43 43 46 46 46 43 43 43 44 44 44 45 45 45 46
            46 46 44 44 44 46 46 46 47 47 47 43 43 43 47 47 47 48 48 48 42 42 42 48 48 48 49 49 49
            41 41 41 49 49 49 50 50 50 40 40 40 50 50 50 51 51 51 39 39 39 51 51 51 52 52 52 38 38
            38 52 52 52 53 53 53 37 37 37 53 53 53 54 54 54 36 36 36 54 54 54 55 55 55 35 35 35 55
            55 55 56 56 56 34 34 34 56 56 56 57 57 57 33 33 33 57 57 57 58 58 58 32 32 32 58 58 58
            59 59 59 31 31 31 59 59 59 0 0 0 30 30 30 6 6 6 24 24 24 5 5 5 5 5 5 25 25 25 4 4 4 4 4
            4 26 26 26 3 3 3 3 3 3 27 27 27 2 2 2 2 2 2 28 28 28 1 1 1 1 1 1 29 29 29 0 0 0</p>
        </triangles>
      </mesh>
    </geometry>
    <geometry id="ID36">
      <mesh>
        <source id="ID37">
          <float_array id="ID38" count="180">0 -0.0375 0 -0.0039198 -0.0372946 0 -0.0077967
            -0.0366805 0 -0.0115881 -0.0356646 0 -0.0152526 -0.034258 0 -0.01875 -0.032476 0
            -0.0220419 -0.0303381 0 -0.0250924 -0.0278679 0 -0.0278679 -0.0250924 0 -0.0303381
            -0.0220419 0 -0.032476 -0.01875 0 -0.034258 -0.0152526 0 -0.0356646 -0.0115881 0
            -0.0366805 -0.0077967 0 -0.0372946 -0.0039198 0 -0.0375 0 0 -0.0372946 0.0039198 0
            -0.0366805 0.0077967 0 -0.0356646 0.0115881 0 -0.034258 0.0152526 0 -0.032476 0.01875 0
            -0.0303381 0.0220419 0 -0.0278679 0.0250924 0 -0.0250924 0.0278679 0 -0.0220419
            0.0303381 0 -0.01875 0.032476 0 -0.0152526 0.034258 0 -0.0115881 0.0356646 0 -0.0077967
            0.0366805 0 -0.0039198 0.0372946 0 0 0.0375 0 0.0039198 0.0372946 0 0.0077967 0.0366805
            0 0.0115881 0.0356646 0 0.0152526 0.034258 0 0.01875 0.032476 0 0.0220419 0.0303381 0
            0.0250924 0.0278679 0 0.0278679 0.0250924 0 0.0303381 0.0220419 0 0.032476 0.01875 0
            0.034258 0.0152526 0 0.0356646 0.0115881 0 0.0366805 0.0077967 0 0.0372946 0.0039198 0
            0.0375 0 0 0.0372946 -0.0039198 0 0.0366805 -0.0077967 0 0.0356646 -0.0115881 0 0.034258
            -0.0152526 0 0.032476 -0.01875 0 0.0303381 -0.0220419 0 0.0278679 -0.0250924 0 0.0250924
            -0.0278679 0 0.0220419 -0.0303381 0 0.01875 -0.032476 0 0.0152526 -0.034258 0 0.0115881
            -0.0356646 0 0.0077967 -0.0366805 0 0.0039198 -0.0372946 0</float_array>
          <technique_common>
            <accessor count="60" source="#ID38" stride="3">
              <param name="X" type="float" />
              <param name="Y" type="float" />
              <param name="Z" type="float" />
            </accessor>
          </technique_common>
        </source>
        <source id="ID39">
          <float_array id="ID40" count="180">0 0 -1 0 0 -1 0 0 -1 0 0 -1 0 0 -1 0 0 -1 0 0 -1 0 0 -1
            0 0 -1 0 0 -1 0 0 -1 0 0 -1 0 0 -1 0 0 -1 0 0 -1 0 0 -1 0 0 -1 0 0 -1 0 0 -1 0 0 -1 0 0
            -1 0 0 -1 0 0 -1 0 0 -1 0 0 -1 0 0 -1 0 0 -1 0 0 -1 0 0 -1 0 0 -1 0 0 -1 0 0 -1 0 0 -1 0
            0 -1 0 0 -1 0 0 -1 0 0 -1 0 0 -1 0 0 -1 0 0 -1 0 0 -1 0 0 -1 0 0 -1 0 0 -1 0 0 -1 0 0 -1
            0 0 -1 0 0 -1 0 0 -1 0 0 -1 0 0 -1 0 0 -1 0 0 -1 0 0 -1 0 0 -1 0 0 -1 0 0 -1 0 0 -1 0 0
            -1 0 0 -1</float_array>
          <technique_common>
            <accessor count="60" source="#ID40" stride="3">
              <param name="X" type="float" />
              <param name="Y" type="float" />
              <param name="Z" type="float" />
            </accessor>
          </technique_common>
        </source>
        <source id="ID41">
          <float_array id="ID42" count="120">1 0.5 0.9972609 0.5522643 0.9890738 0.6039559 0.9755282
            0.6545085 0.9567727 0.7033683 0.9330127 0.75 0.9045085 0.7938926 0.8715725 0.8345653
            0.8345653 0.8715725 0.7938926 0.9045085 0.75 0.9330127 0.7033683 0.9567727 0.6545085
            0.9755282 0.6039559 0.9890738 0.5522643 0.9972609 0.5 1 0.4477358 0.9972609 0.3960442
            0.9890738 0.3454915 0.9755282 0.2966317 0.9567727 0.25 0.9330127 0.2061074 0.9045085
            0.1654347 0.8715725 0.1284276 0.8345653 0.0954915 0.7938926 0.0669873 0.75 0.0432273
            0.7033683 0.0244717 0.6545085 0.0109262 0.6039559 0.0027391 0.5522643 0 0.5 0.0027391
            0.4477358 0.0109262 0.3960442 0.0244717 0.3454915 0.0432273 0.2966317 0.0669873 0.25
            0.0954915 0.2061074 0.1284276 0.1654347 0.1654347 0.1284276 0.2061074 0.0954915 0.25
            0.0669873 0.2966317 0.0432273 0.3454915 0.0244717 0.3960442 0.0109262 0.4477358
            0.0027391 0.5 0 0.5522643 0.0027391 0.6039559 0.0109262 0.6545085 0.0244717 0.7033683
            0.0432273 0.75 0.0669873 0.7938926 0.0954915 0.8345653 0.1284276 0.8715725 0.1654347
            0.9045085 0.2061074 0.9330127 0.25 0.9567727 0.2966317 0.9755282 0.3454915 0.9890738
            0.3960442 0.9972609 0.4477358</float_array>
          <technique_common>
            <accessor count="60" source="#ID42" stride="2">
              <param name="S" type="float" />
              <param name="T" type="float" />
            </accessor>
          </technique_common>
        </source>
        <vertices id="ID43">
          <input semantic="POSITION" source="#ID37" />
        </vertices>
        <triangles count="58" material="ID44">
          <input semantic="VERTEX" source="#ID43" offset="0" />
          <input semantic="NORMAL" source="#ID39" offset="1" />
          <input semantic="TEXCOORD" source="#ID41" offset="2" set="0" />
          <p>14 14 14 16 16 16 13 13 13 14 14 14 15 15 15 16 16 16 13 13 13 17 17 17 12 12 12 13 13
            13 16 16 16 17 17 17 12 12 12 18 18 18 11 11 11 12 12 12 17 17 17 18 18 18 11 11 11 19
            19 19 10 10 10 11 11 11 18 18 18 19 19 19 10 10 10 20 20 20 9 9 9 10 10 10 19 19 19 20
            20 20 9 9 9 21 21 21 8 8 8 9 9 9 20 20 20 21 21 21 8 8 8 22 22 22 7 7 7 8 8 8 21 21 21
            22 22 22 22 22 22 23 23 23 7 7 7 7 7 7 23 23 23 6 6 6 6 6 6 23 23 23 24 24 24 5 5 5 24
            24 24 25 25 25 4 4 4 25 25 25 26 26 26 3 3 3 26 26 26 27 27 27 2 2 2 27 27 27 28 28 28 1
            1 1 28 28 28 29 29 29 0 0 0 29 29 29 30 30 30 59 59 59 30 30 30 31 31 31 58 58 58 31 31
            31 32 32 32 57 57 57 32 32 32 33 33 33 56 56 56 33 33 33 34 34 34 55 55 55 34 34 34 35
            35 35 54 54 54 35 35 35 36 36 36 53 53 53 36 36 36 37 37 37 52 52 52 37 37 37 38 38 38
            51 51 51 38 38 38 39 39 39 50 50 50 39 39 39 40 40 40 49 49 49 40 40 40 41 41 41 48 48
            48 41 41 41 42 42 42 47 47 47 42 42 42 43 43 43 46 46 46 43 43 43 44 44 44 45 45 45 46
            46 46 44 44 44 46 46 46 47 47 47 43 43 43 47 47 47 48 48 48 42 42 42 48 48 48 49 49 49
            41 41 41 49 49 49 50 50 50 40 40 40 50 50 50 51 51 51 39 39 39 51 51 51 52 52 52 38 38
            38 52 52 52 53 53 53 37 37 37 53 53 53 54 54 54 36 36 36 54 54 54 55 55 55 35 35 35 55
            55 55 56 56 56 34 34 34 56 56 56 57 57 57 33 33 33 57 57 57 58 58 58 32 32 32 58 58 58
            59 59 59 31 31 31 59 59 59 0 0 0 30 30 30 6 6 6 24 24 24 5 5 5 5 5 5 25 25 25 4 4 4 4 4
            4 26 26 26 3 3 3 3 3 3 27 27 27 2 2 2 2 2 2 28 28 28 1 1 1 1 1 1 29 29 29 0 0 0</p>
        </triangles>
      </mesh>
    </geometry>
    <geometry id="ID45">
      <mesh>
        <source id="ID46">
          <float_array id="ID47" count="114">0 0.0125 0.131 -0.0021706 0.0123101 0.131 -0.0042753
            0.0117462 0.131 -0.00625 0.0108253 0.131 -0.0080348 0.0095756 0.131 -0.0095756 0.0080348
            0.131 -0.0108253 0.00625 0.131 -0.0117462 0.0042753 0.131 -0.0123101 0.0021706 0.131
            -0.0125 0 0.131 -0.0123101 -0.0021706 0.131 -0.0117462 -0.0042753 0.131 -0.0108253
            -0.00625 0.131 -0.0095756 -0.0080348 0.131 -0.0080348 -0.0095756 0.131 -0.00625
            -0.0108253 0.131 -0.0042753 -0.0117462 0.131 -0.0021706 -0.0123101 0.131 0 -0.0125 0.131
            0 -0.0125 0.007 -0.0021706 -0.0123101 0.007 -0.0042753 -0.0117462 0.007 -0.00625
            -0.0108253 0.007 -0.0080348 -0.0095756 0.007 -0.0095756 -0.0080348 0.007 -0.0108253
            -0.00625 0.007 -0.0117462 -0.0042753 0.007 -0.0123101 -0.0021706 0.007 -0.0125 0 0.007
            -0.0123101 0.0021706 0.007 -0.0117462 0.0042753 0.007 -0.0108253 0.00625 0.007
            -0.0095756 0.0080348 0.007 -0.0080348 0.0095756 0.007 -0.00625 0.0108253 0.007
            -0.0042753 0.0117462 0.007 -0.0021706 0.0123101 0.007 0 0.0125 0.007</float_array>
          <technique_common>
            <accessor count="38" source="#ID47" stride="3">
              <param name="X" type="float" />
              <param name="Y" type="float" />
              <param name="Z" type="float" />
            </accessor>
          </technique_common>
        </source>
        <source id="ID48">
          <float_array id="ID49" count="114">0 -1 0 0.1736482 -0.9848077 0 0.3420202 -0.9396926 0
            0.5 -0.8660254 0 0.6427876 -0.7660444 0 0.7660444 -0.6427876 0 0.8660254 -0.5 0
            0.9396926 -0.3420202 0 0.9848077 -0.1736482 0 1 0 0 0.9848077 0.1736482 0 0.9396926
            0.3420202 0 0.8660254 0.5 0 0.7660444 0.6427876 0 0.6427876 0.7660444 0 0.5 0.8660254 0
            0.3420202 0.9396926 0 0.1736482 0.9848077 0 0 1 0 0 1 0 0.1736482 0.9848077 0 0.3420202
            0.9396926 0 0.5 0.8660254 0 0.6427876 0.7660444 0 0.7660444 0.6427876 0 0.8660254 0.5 0
            0.9396926 0.3420202 0 0.9848077 0.1736482 0 1 0 0 0.9848077 -0.1736482 0 0.9396926
            -0.3420202 0 0.8660254 -0.5 0 0.7660444 -0.6427876 0 0.6427876 -0.7660444 0 0.5
            -0.8660254 0 0.3420202 -0.9396926 0 0.1736482 -0.9848077 0 0 -1 0</float_array>
          <technique_common>
            <accessor count="38" source="#ID49" stride="3">
              <param name="X" type="float" />
              <param name="Y" type="float" />
              <param name="Z" type="float" />
            </accessor>
          </technique_common>
        </source>
        <source id="ID50">
          <float_array id="ID51" count="76">0 1 0 0.9444445 0 0.8888889 0 0.8333333 0 0.7777777 0
            0.7222222 0 0.6666667 0 0.6111111 0 0.5555556 0 0.5 0 0.4444444 0 0.3888889 0 0.3333333
            0 0.2777778 0 0.2222223 0 0.1666667 0 0.1111112 0 0.0555556 0 0 1 0 1 0.0555556 1
            0.1111112 1 0.1666667 1 0.2222223 1 0.2777778 1 0.3333333 1 0.3888889 1 0.4444444 1 0.5
            1 0.5555556 1 0.6111111 1 0.6666667 1 0.7222222 1 0.7777777 1 0.8333333 1 0.8888889 1
            0.9444445 1 1</float_array>
          <technique_common>
            <accessor count="38" source="#ID51" stride="2">
              <param name="S" type="float" />
              <param name="T" type="float" />
            </accessor>
          </technique_common>
        </source>
        <vertices id="ID52">
          <input semantic="POSITION" source="#ID46" />
        </vertices>
        <triangles count="36" material="ID53">
          <input semantic="VERTEX" source="#ID52" offset="0" />
          <input semantic="NORMAL" source="#ID48" offset="1" />
          <input semantic="TEXCOORD" source="#ID50" offset="2" set="0" />
          <p>0 0 0 1 1 1 37 37 37 37 37 37 1 1 1 36 36 36 36 36 36 1 1 1 2 2 2 35 35 35 2 2 2 3 3 3
            34 34 34 3 3 3 33 33 33 34 34 34 35 35 35 3 3 3 3 3 3 4 4 4 33 33 33 33 33 33 4 4 4 5 5
            5 32 32 32 5 5 5 6 6 6 31 31 31 6 6 6 7 7 7 30 30 30 7 7 7 8 8 8 29 29 29 8 8 8 9 9 9 28
            28 28 9 9 9 10 10 10 27 27 27 10 10 10 26 26 26 27 27 27 28 28 28 10 10 10 10 10 10 11
            11 11 26 26 26 26 26 26 11 11 11 12 12 12 25 25 25 12 12 12 13 13 13 24 24 24 13 13 13
            14 14 14 23 23 23 14 14 14 15 15 15 22 22 22 15 15 15 16 16 16 21 21 21 16 16 16 17 17
            17 20 20 20 17 17 17 19 19 19 20 20 20 21 21 21 17 17 17 17 17 17 18 18 18 19 19 19 21
            21 21 22 22 22 16 16 16 22 22 22 23 23 23 15 15 15 23 23 23 24 24 24 14 14 14 24 24 24
            25 25 25 13 13 13 25 25 25 26 26 26 12 12 12 28 28 28 29 29 29 9 9 9 29 29 29 30 30 30 8
            8 8 30 30 30 31 31 31 7 7 7 31 31 31 32 32 32 6 6 6 32 32 32 33 33 33 5 5 5 35 35 35 36
            36 36 2 2 2</p>
        </triangles>
      </mesh>
    </geometry>
    <geometry id="ID54">
      <mesh>
        <source id="ID55">
          <float_array id="ID56" count="114">0 0.015 0.131 0.0026047 0.0147721 0.131 0.0051303
            0.0140954 0.131 0.0075 0.0129904 0.131 0.0096418 0.0114907 0.131 0.0114907 0.0096418
            0.131 0.0129904 0.0075 0.131 0.0140954 0.0051303 0.131 0.0147721 0.0026047 0.131 0.015 0
            0.131 0.0147721 -0.0026047 0.131 0.0140954 -0.0051303 0.131 0.0129904 -0.0075 0.131
            0.0114907 -0.0096418 0.131 0.0096418 -0.0114907 0.131 0.0075 -0.0129904 0.131 0.0051303
            -0.0140954 0.131 0.0026047 -0.0147721 0.131 0 -0.015 0.131 0 -0.015 0.007 0.0026047
            -0.0147721 0.007 0.0051303 -0.0140954 0.007 0.0075 -0.0129904 0.007 0.0096418 -0.0114907
            0.007 0.0114907 -0.0096418 0.007 0.0129904 -0.0075 0.007 0.0140954 -0.0051303 0.007
            0.0147721 -0.0026047 0.007 0.015 0 0.007 0.0147721 0.0026047 0.007 0.0140954 0.0051303
            0.007 0.0129904 0.0075 0.007 0.0114907 0.0096418 0.007 0.0096418 0.0114907 0.007 0.0075
            0.0129904 0.007 0.0051303 0.0140954 0.007 0.0026047 0.0147721 0.007 0 0.015 0.007</float_array>
          <technique_common>
            <accessor count="38" source="#ID56" stride="3">
              <param name="X" type="float" />
              <param name="Y" type="float" />
              <param name="Z" type="float" />
            </accessor>
          </technique_common>
        </source>
        <source id="ID57">
          <float_array id="ID58" count="114">0 1 0 0.1736482 0.9848077 0 0.3420202 0.9396926 0 0.5
            0.8660254 0 0.6427876 0.7660444 0 0.7660444 0.6427876 0 0.8660254 0.5 0 0.9396926
            0.3420202 0 0.9848077 0.1736482 0 1 0 0 0.9848077 -0.1736482 0 0.9396926 -0.3420202 0
            0.8660254 -0.5 0 0.7660444 -0.6427876 0 0.6427876 -0.7660444 0 0.5 -0.8660254 0
            0.3420202 -0.9396926 0 0.1736482 -0.9848077 0 0 -1 0 0 -1 0 0.1736482 -0.9848077 0
            0.3420202 -0.9396926 0 0.5 -0.8660254 0 0.6427876 -0.7660444 0 0.7660444 -0.6427876 0
            0.8660254 -0.5 0 0.9396926 -0.3420202 0 0.9848077 -0.1736482 0 1 0 0 0.9848077 0.1736482
            0 0.9396926 0.3420202 0 0.8660254 0.5 0 0.7660444 0.6427876 0 0.6427876 0.7660444 0 0.5
            0.8660254 0 0.3420202 0.9396926 0 0.1736482 0.9848077 0 0 1 0</float_array>
          <technique_common>
            <accessor count="38" source="#ID58" stride="3">
              <param name="X" type="float" />
              <param name="Y" type="float" />
              <param name="Z" type="float" />
            </accessor>
          </technique_common>
        </source>
        <source id="ID59">
          <float_array id="ID60" count="76">0 0 0 0.0555555 0 0.1111111 0 0.1666667 0 0.2222223 0
            0.2777778 0 0.3333333 0 0.3888889 0 0.4444444 0 0.5 0 0.5555555 0 0.6111111 0 0.6666667
            0 0.7222222 0 0.7777777 0 0.8333333 0 0.8888888 0 0.9444444 0 1 1 1 1 0.9444444 1
            0.8888888 1 0.8333333 1 0.7777777 1 0.7222222 1 0.6666667 1 0.6111111 1 0.5555555 1 0.5
            1 0.4444444 1 0.3888889 1 0.3333333 1 0.2777778 1 0.2222223 1 0.1666667 1 0.1111111 1
            0.0555555 1 0</float_array>
          <technique_common>
            <accessor count="38" source="#ID60" stride="2">
              <param name="S" type="float" />
              <param name="T" type="float" />
            </accessor>
          </technique_common>
        </source>
        <vertices id="ID61">
          <input semantic="POSITION" source="#ID55" />
        </vertices>
        <triangles count="36" material="ID62">
          <input semantic="VERTEX" source="#ID61" offset="0" />
          <input semantic="NORMAL" source="#ID57" offset="1" />
          <input semantic="TEXCOORD" source="#ID59" offset="2" set="0" />
          <p>37 37 37 0 0 0 36 36 36 36 36 36 0 0 0 1 1 1 2 2 2 36 36 36 1 1 1 2 2 2 35 35 35 36 36
            36 2 2 2 3 3 3 35 35 35 35 35 35 3 3 3 34 34 34 34 34 34 3 3 3 4 4 4 33 33 33 4 4 4 5 5
            5 32 32 32 5 5 5 6 6 6 31 31 31 6 6 6 7 7 7 30 30 30 7 7 7 8 8 8 29 29 29 8 8 8 9 9 9 28
            28 28 9 9 9 10 10 10 27 27 27 10 10 10 11 11 11 26 26 26 11 11 11 12 12 12 25 25 25 12
            12 12 13 13 13 24 24 24 13 13 13 14 14 14 23 23 23 14 14 14 15 15 15 22 22 22 15 15 15
            16 16 16 21 21 21 16 16 16 17 17 17 20 20 20 17 17 17 19 19 19 20 20 20 21 21 21 17 17
            17 17 17 17 18 18 18 19 19 19 21 21 21 22 22 22 16 16 16 22 22 22 23 23 23 15 15 15 23
            23 23 24 24 24 14 14 14 24 24 24 25 25 25 13 13 13 25 25 25 26 26 26 12 12 12 26 26 26
            27 27 27 11 11 11 27 27 27 28 28 28 10 10 10 28 28 28 29 29 29 9 9 9 29 29 29 30 30 30 8
            8 8 30 30 30 31 31 31 7 7 7 31 31 31 32 32 32 6 6 6 32 32 32 33 33 33 5 5 5 33 33 33 34
            34 34 4 4 4</p>
        </triangles>
      </mesh>
    </geometry>
    <geometry id="ID63">
      <mesh>
        <source id="ID64">
          <float_array id="ID65" count="216">0 0.015 0.131 -0.0026047 0.0147721 0.131 -0.0051303
            0.0140954 0.131 -0.0075 0.0129904 0.131 -0.0096418 0.0114907 0.131 -0.0114907 0.0096418
            0.131 -0.0129904 0.0075 0.131 -0.0140954 0.0051303 0.131 -0.0147721 0.0026047 0.131
            -0.015 0 0.131 -0.0147721 -0.0026047 0.131 -0.0140954 -0.0051303 0.131 -0.0129904
            -0.0075 0.131 -0.0114907 -0.0096418 0.131 -0.0096418 -0.0114907 0.131 -0.0075 -0.0129904
            0.131 -0.0051303 -0.0140954 0.131 -0.0026047 -0.0147721 0.131 0 -0.015 0.131 0.0026047
            -0.0147721 0.131 0.0051303 -0.0140954 0.131 0.0075 -0.0129904 0.131 0.0096418 -0.0114907
            0.131 0.0114907 -0.0096418 0.131 0.0129904 -0.0075 0.131 0.0140954 -0.0051303 0.131
            0.0147721 -0.0026047 0.131 0.015 0 0.131 0.0147721 0.0026047 0.131 0.0140954 0.0051303
            0.131 0.0129904 0.0075 0.131 0.0114907 0.0096418 0.131 0.0096418 0.0114907 0.131 0.0075
            0.0129904 0.131 0.0051303 0.0140954 0.131 0.0026047 0.0147721 0.131 0 -0.0125 0.131
            -0.0021706 -0.0123101 0.131 -0.0042753 -0.0117462 0.131 -0.00625 -0.0108253 0.131
            -0.0080348 -0.0095756 0.131 -0.0095756 -0.0080348 0.131 -0.0108253 -0.00625 0.131
            -0.0117462 -0.0042753 0.131 -0.0123101 -0.0021706 0.131 -0.0125 0 0.131 -0.0123101
            0.0021706 0.131 -0.0117462 0.0042753 0.131 -0.0108253 0.00625 0.131 -0.0095756 0.0080348
            0.131 -0.0080348 0.0095756 0.131 -0.00625 0.0108253 0.131 -0.0042753 0.0117462 0.131
            -0.0021706 0.0123101 0.131 0 0.0125 0.131 0.0021706 0.0123101 0.131 0.0042753 0.0117462
            0.131 0.00625 0.0108253 0.131 0.0080348 0.0095756 0.131 0.0095756 0.0080348 0.131
            0.0108253 0.00625 0.131 0.0117462 0.0042753 0.131 0.0123101 0.0021706 0.131 0.0125 0
            0.131 0.0123101 -0.0021706 0.131 0.0117462 -0.0042753 0.131 0.0108253 -0.00625 0.131
            0.0095756 -0.0080348 0.131 0.0080348 -0.0095756 0.131 0.00625 -0.0108253 0.131 0.0042753
            -0.0117462 0.131 0.0021706 -0.0123101 0.131</float_array>
          <technique_common>
            <accessor count="72" source="#ID65" stride="3">
              <param name="X" type="float" />
              <param name="Y" type="float" />
              <param name="Z" type="float" />
            </accessor>
          </technique_common>
        </source>
        <source id="ID66">
          <float_array id="ID67" count="216">0 0 1 0 0 1 0 0 1 0 0 1 0 0 1 0 0 1 0 0 1 0 0 1 0 0 1 0
            0 1 0 0 1 0 0 1 0 0 1 0 0 1 0 0 1 0 0 1 0 0 1 0 0 1 0 0 1 0 0 1 0 0 1 0 0 1 0 0 1 0 0 1
            0 0 1 0 0 1 0 0 1 0 0 1 0 0 1 0 0 1 0 0 1 0 0 1 0 0 1 0 0 1 0 0 1 0 0 1 0 0 1 0 0 1 0 0
            1 0 0 1 0 0 1 0 0 1 0 0 1 0 0 1 0 0 1 0 0 1 0 0 1 0 0 1 0 0 1 0 0 1 0 0 1 0 0 1 0 0 1 0
            0 1 0 0 1 0 0 1 0 0 1 0 0 1 0 0 1 0 0 1 0 0 1 0 0 1 0 0 1 0 0 1 0 0 1 0 0 1 0 0 1 0 0 1
            0 0 1 0 0 1 0 0 1 0 0 1</float_array>
          <technique_common>
            <accessor count="72" source="#ID67" stride="3">
              <param name="X" type="float" />
              <param name="Y" type="float" />
              <param name="Z" type="float" />
            </accessor>
          </technique_common>
        </source>
        <source id="ID68">
          <float_array id="ID69" count="144">0 0.5 0.0075961 0.5868241 0.0301537 0.6710101 0.0669873
            0.75 0.1169778 0.8213938 0.1786062 0.8830222 0.25 0.9330127 0.3289899 0.9698464
            0.4131759 0.9924039 0.5 1 0.5868241 0.9924039 0.6710101 0.9698464 0.75 0.9330127
            0.8213938 0.8830222 0.8830222 0.8213938 0.9330127 0.75 0.9698464 0.6710101 0.9924039
            0.5868241 1 0.5 0.9924039 0.4131759 0.9698464 0.3289899 0.9330127 0.25 0.8830222
            0.1786062 0.8213938 0.1169778 0.75 0.0669873 0.6710101 0.0301537 0.5868241 0.0075961 0.5
            0 0.4131759 0.0075961 0.3289899 0.0301537 0.25 0.0669873 0.1786062 0.1169778 0.1169778
            0.1786062 0.0669873 0.25 0.0301537 0.3289899 0.0075961 0.4131759 0.9166667 0.5 0.9103366
            0.5723534 0.8915386 0.6425084 0.8608439 0.7083333 0.8191852 0.7678282 0.7678282
            0.8191852 0.7083333 0.8608439 0.6425084 0.8915386 0.5723534 0.9103366 0.5 0.9166667
            0.4276466 0.9103366 0.3574916 0.8915386 0.2916667 0.8608439 0.2321718 0.8191852
            0.1808148 0.7678282 0.1391561 0.7083333 0.1084614 0.6425084 0.0896634 0.5723534
            0.0833333 0.5 0.0896634 0.4276466 0.1084614 0.3574916 0.1391561 0.2916667 0.1808148
            0.2321718 0.2321718 0.1808148 0.2916667 0.1391561 0.3574916 0.1084614 0.4276466
            0.0896634 0.5 0.0833333 0.5723534 0.0896634 0.6425084 0.1084614 0.7083333 0.1391561
            0.7678282 0.1808148 0.8191852 0.2321718 0.8608439 0.2916667 0.8915386 0.3574916
            0.9103366 0.4276466</float_array>
          <technique_common>
            <accessor count="72" source="#ID69" stride="2">
              <param name="S" type="float" />
              <param name="T" type="float" />
            </accessor>
          </technique_common>
        </source>
        <vertices id="ID70">
          <input semantic="POSITION" source="#ID64" />
        </vertices>
        <triangles count="72" material="ID71">
          <input semantic="VERTEX" source="#ID70" offset="0" />
          <input semantic="NORMAL" source="#ID66" offset="1" />
          <input semantic="TEXCOORD" source="#ID68" offset="2" set="0" />
          <p>9 9 9 45 45 45 8 8 8 9 9 9 10 10 10 45 45 45 45 45 45 10 10 10 44 44 44 44 44 44 10 10
            10 11 11 11 43 43 43 11 11 11 12 12 12 42 42 42 12 12 12 13 13 13 41 41 41 13 13 13 14
            14 14 40 40 40 14 14 14 15 15 15 39 39 39 15 15 15 16 16 16 38 38 38 16 16 16 17 17 17
            37 37 37 17 17 17 36 36 36 37 37 37 38 38 38 17 17 17 8 8 8 46 46 46 7 7 7 8 8 8 45 45
            45 46 46 46 7 7 7 47 47 47 6 6 6 7 7 7 46 46 46 47 47 47 6 6 6 48 48 48 5 5 5 6 6 6 47
            47 47 48 48 48 5 5 5 49 49 49 4 4 4 5 5 5 48 48 48 49 49 49 17 17 17 18 18 18 36 36 36
            36 36 36 18 18 18 71 71 71 71 71 71 18 18 18 19 19 19 70 70 70 19 19 19 20 20 20 69 69
            69 20 20 20 21 21 21 68 68 68 21 21 21 22 22 22 67 67 67 22 22 22 23 23 23 66 66 66 23
            23 23 24 24 24 65 65 65 24 24 24 25 25 25 64 64 64 25 25 25 26 26 26 63 63 63 26 26 26
            27 27 27 28 28 28 63 63 63 27 27 27 28 28 28 62 62 62 63 63 63 28 28 28 29 29 29 62 62
            62 62 62 62 29 29 29 61 61 61 61 61 61 29 29 29 30 30 30 60 60 60 30 30 30 31 31 31 59
            59 59 31 31 31 32 32 32 58 58 58 32 32 32 33 33 33 57 57 57 33 33 33 34 34 34 56 56 56
            34 34 34 35 35 35 55 55 55 35 35 35 0 0 0 54 54 54 0 0 0 53 53 53 54 54 54 55 55 55 0 0
            0 38 38 38 39 39 39 16 16 16 39 39 39 40 40 40 15 15 15 40 40 40 41 41 41 14 14 14 41 41
            41 42 42 42 13 13 13 42 42 42 43 43 43 12 12 12 43 43 43 44 44 44 11 11 11 49 49 49 50
            50 50 4 4 4 4 4 4 50 50 50 3 3 3 3 3 3 50 50 50 51 51 51 2 2 2 51 51 51 52 52 52 1 1 1
            52 52 52 53 53 53 0 0 0 1 1 1 53 53 53 55 55 55 56 56 56 35 35 35 56 56 56 57 57 57 34
            34 34 57 57 57 58 58 58 33 33 33 58 58 58 59 59 59 32 32 32 59 59 59 60 60 60 31 31 31
            60 60 60 61 61 61 30 30 30 63 63 63 64 64 64 26 26 26 64 64 64 65 65 65 25 25 25 65 65
            65 66 66 66 24 24 24 66 66 66 67 67 67 23 23 23 67 67 67 68 68 68 22 22 22 68 68 68 69
            69 69 21 21 21 69 69 69 70 70 70 20 20 20 70 70 70 71 71 71 19 19 19 3 3 3 51 51 51 2 2
            2 2 2 2 52 52 52 1 1 1</p>
        </triangles>
      </mesh>
    </geometry>
    <geometry id="ID72">
      <mesh>
        <source id="ID73">
          <float_array id="ID74" count="216">0 -0.015 0.007 -0.0026047 -0.0147721 0.007 -0.0051303
            -0.0140954 0.007 -0.0075 -0.0129904 0.007 -0.0096418 -0.0114907 0.007 -0.0114907
            -0.0096418 0.007 -0.0129904 -0.0075 0.007 -0.0140954 -0.0051303 0.007 -0.0147721
            -0.0026047 0.007 -0.015 0 0.007 -0.0147721 0.0026047 0.007 -0.0140954 0.0051303 0.007
            -0.0129904 0.0075 0.007 -0.0114907 0.0096418 0.007 -0.0096418 0.0114907 0.007 -0.0075
            0.0129904 0.007 -0.0051303 0.0140954 0.007 -0.0026047 0.0147721 0.007 0 0.015 0.007
            0.0026047 0.0147721 0.007 0.0051303 0.0140954 0.007 0.0075 0.0129904 0.007 0.0096418
            0.0114907 0.007 0.0114907 0.0096418 0.007 0.0129904 0.0075 0.007 0.0140954 0.0051303
            0.007 0.0147721 0.0026047 0.007 0.015 0 0.007 0.0147721 -0.0026047 0.007 0.0140954
            -0.0051303 0.007 0.0129904 -0.0075 0.007 0.0114907 -0.0096418 0.007 0.0096418 -0.0114907
            0.007 0.0075 -0.0129904 0.007 0.0051303 -0.0140954 0.007 0.0026047 -0.0147721 0.007 0
            0.0125 0.007 -0.0021706 0.0123101 0.007 -0.0042753 0.0117462 0.007 -0.00625 0.0108253
            0.007 -0.0080348 0.0095756 0.007 -0.0095756 0.0080348 0.007 -0.0108253 0.00625 0.007
            -0.0117462 0.0042753 0.007 -0.0123101 0.0021706 0.007 -0.0125 0 0.007 -0.0123101
            -0.0021706 0.007 -0.0117462 -0.0042753 0.007 -0.0108253 -0.00625 0.007 -0.0095756
            -0.0080348 0.007 -0.0080348 -0.0095756 0.007 -0.00625 -0.0108253 0.007 -0.0042753
            -0.0117462 0.007 -0.0021706 -0.0123101 0.007 0 -0.0125 0.007 0.0021706 -0.0123101 0.007
            0.0042753 -0.0117462 0.007 0.00625 -0.0108253 0.007 0.0080348 -0.0095756 0.007 0.0095756
            -0.0080348 0.007 0.0108253 -0.00625 0.007 0.0117462 -0.0042753 0.007 0.0123101
            -0.0021706 0.007 0.0125 0 0.007 0.0123101 0.0021706 0.007 0.0117462 0.0042753 0.007
            0.0108253 0.00625 0.007 0.0095756 0.0080348 0.007 0.0080348 0.0095756 0.007 0.00625
            0.0108253 0.007 0.0042753 0.0117462 0.007 0.0021706 0.0123101 0.007</float_array>
          <technique_common>
            <accessor count="72" source="#ID74" stride="3">
              <param name="X" type="float" />
              <param name="Y" type="float" />
              <param name="Z" type="float" />
            </accessor>
          </technique_common>
        </source>
        <source id="ID75">
          <float_array id="ID76" count="216">0 0 -1 0 0 -1 0 0 -1 0 0 -1 0 0 -1 0 0 -1 0 0 -1 0 0 -1
            0 0 -1 0 0 -1 0 0 -1 0 0 -1 0 0 -1 0 0 -1 0 0 -1 0 0 -1 0 0 -1 0 0 -1 0 0 -1 0 0 -1 0 0
            -1 0 0 -1 0 0 -1 0 0 -1 0 0 -1 0 0 -1 0 0 -1 0 0 -1 0 0 -1 0 0 -1 0 0 -1 0 0 -1 0 0 -1 0
            0 -1 0 0 -1 0 0 -1 0 0 -1 0 0 -1 0 0 -1 0 0 -1 0 0 -1 0 0 -1 0 0 -1 0 0 -1 0 0 -1 0 0 -1
            0 0 -1 0 0 -1 0 0 -1 0 0 -1 0 0 -1 0 0 -1 0 0 -1 0 0 -1 0 0 -1 0 0 -1 0 0 -1 0 0 -1 0 0
            -1 0 0 -1 0 0 -1 0 0 -1 0 0 -1 0 0 -1 0 0 -1 0 0 -1 0 0 -1 0 0 -1 0 0 -1 0 0 -1 0 0 -1 0
            0 -1</float_array>
          <technique_common>
            <accessor count="72" source="#ID76" stride="3">
              <param name="X" type="float" />
              <param name="Y" type="float" />
              <param name="Z" type="float" />
            </accessor>
          </technique_common>
        </source>
        <source id="ID77">
          <float_array id="ID78" count="144">1 0.5 0.9924039 0.5868241 0.9698464 0.6710101 0.9330127
            0.75 0.8830222 0.8213938 0.8213938 0.8830222 0.75 0.9330127 0.6710101 0.9698464
            0.5868241 0.9924039 0.5 1 0.4131759 0.9924039 0.3289899 0.9698464 0.25 0.9330127
            0.1786062 0.8830222 0.1169778 0.8213938 0.0669873 0.75 0.0301537 0.6710101 0.0075961
            0.5868241 0 0.5 0.0075961 0.4131759 0.0301537 0.3289899 0.0669873 0.25 0.1169778
            0.1786062 0.1786062 0.1169778 0.25 0.0669873 0.3289899 0.0301537 0.4131759 0.0075961 0.5
            0 0.5868241 0.0075961 0.6710101 0.0301537 0.75 0.0669873 0.8213938 0.1169778 0.8830222
            0.1786062 0.9330127 0.25 0.9698464 0.3289899 0.9924039 0.4131759 0.0833333 0.5 0.0896634
            0.5723534 0.1084614 0.6425084 0.1391561 0.7083333 0.1808148 0.7678282 0.2321718
            0.8191852 0.2916667 0.8608439 0.3574916 0.8915386 0.4276466 0.9103366 0.5 0.9166667
            0.5723534 0.9103366 0.6425084 0.8915386 0.7083333 0.8608439 0.7678282 0.8191852
            0.8191852 0.7678282 0.8608439 0.7083333 0.8915386 0.6425084 0.9103366 0.5723534
            0.9166667 0.5 0.9103366 0.4276466 0.8915386 0.3574916 0.8608439 0.2916667 0.8191852
            0.2321718 0.7678282 0.1808148 0.7083333 0.1391561 0.6425084 0.1084614 0.5723534
            0.0896634 0.5 0.0833333 0.4276466 0.0896634 0.3574916 0.1084614 0.2916667 0.1391561
            0.2321718 0.1808148 0.1808148 0.2321718 0.1391561 0.2916667 0.1084614 0.3574916
            0.0896634 0.4276466</float_array>
          <technique_common>
            <accessor count="72" source="#ID78" stride="2">
              <param name="S" type="float" />
              <param name="T" type="float" />
            </accessor>
          </technique_common>
        </source>
        <vertices id="ID79">
          <input semantic="POSITION" source="#ID73" />
        </vertices>
        <triangles count="72" material="ID80">
          <input semantic="VERTEX" source="#ID79" offset="0" />
          <input semantic="NORMAL" source="#ID75" offset="1" />
          <input semantic="TEXCOORD" source="#ID77" offset="2" set="0" />
          <p>9 9 9 45 45 45 8 8 8 9 9 9 10 10 10 45 45 45 45 45 45 10 10 10 44 44 44 44 44 44 10 10
            10 11 11 11 43 43 43 11 11 11 12 12 12 42 42 42 12 12 12 13 13 13 41 41 41 13 13 13 14
            14 14 40 40 40 14 14 14 15 15 15 39 39 39 15 15 15 16 16 16 38 38 38 16 16 16 17 17 17
            37 37 37 17 17 17 36 36 36 37 37 37 38 38 38 17 17 17 8 8 8 46 46 46 7 7 7 8 8 8 45 45
            45 46 46 46 7 7 7 47 47 47 6 6 6 7 7 7 46 46 46 47 47 47 6 6 6 48 48 48 5 5 5 6 6 6 47
            47 47 48 48 48 5 5 5 49 49 49 4 4 4 5 5 5 48 48 48 49 49 49 17 17 17 18 18 18 36 36 36
            36 36 36 18 18 18 71 71 71 71 71 71 18 18 18 19 19 19 70 70 70 19 19 19 20 20 20 69 69
            69 20 20 20 21 21 21 68 68 68 21 21 21 22 22 22 67 67 67 22 22 22 23 23 23 66 66 66 23
            23 23 24 24 24 65 65 65 24 24 24 25 25 25 64 64 64 25 25 25 26 26 26 63 63 63 26 26 26
            27 27 27 28 28 28 63 63 63 27 27 27 28 28 28 62 62 62 63 63 63 28 28 28 29 29 29 62 62
            62 62 62 62 29 29 29 61 61 61 61 61 61 29 29 29 30 30 30 60 60 60 30 30 30 31 31 31 59
            59 59 31 31 31 32 32 32 58 58 58 32 32 32 33 33 33 57 57 57 33 33 33 34 34 34 56 56 56
            34 34 34 35 35 35 55 55 55 35 35 35 0 0 0 54 54 54 0 0 0 53 53 53 54 54 54 55 55 55 0 0
            0 38 38 38 39 39 39 16 16 16 39 39 39 40 40 40 15 15 15 40 40 40 41 41 41 14 14 14 41 41
            41 42 42 42 13 13 13 42 42 42 43 43 43 12 12 12 43 43 43 44 44 44 11 11 11 49 49 49 50
            50 50 4 4 4 4 4 4 50 50 50 3 3 3 3 3 3 50 50 50 51 51 51 2 2 2 51 51 51 52 52 52 1 1 1
            52 52 52 53 53 53 0 0 0 1 1 1 53 53 53 55 55 55 56 56 56 35 35 35 56 56 56 57 57 57 34
            34 34 57 57 57 58 58 58 33 33 33 58 58 58 59 59 59 32 32 32 59 59 59 60 60 60 31 31 31
            60 60 60 61 61 61 30 30 30 63 63 63 64 64 64 26 26 26 64 64 64 65 65 65 25 25 25 65 65
            65 66 66 66 24 24 24 66 66 66 67 67 67 23 23 23 67 67 67 68 68 68 22 22 22 68 68 68 69
            69 69 21 21 21 69 69 69 70 70 70 20 20 20 70 70 70 71 71 71 19 19 19 3 3 3 51 51 51 2 2
            2 2 2 2 52 52 52 1 1 1</p>
        </triangles>
      </mesh>
    </geometry>
    <geometry id="ID81">
      <mesh>
        <source id="ID82">
          <float_array id="ID83" count="114">0 -0.015 0.007 0 -0.015 0.131 -0.0026047 -0.0147721
            0.131 -0.0051303 -0.0140954 0.131 -0.0075 -0.0129904 0.131 -0.0096418 -0.0114907 0.131
            -0.0114907 -0.0096418 0.131 -0.0129904 -0.0075 0.131 -0.0140954 -0.0051303 0.131
            -0.0147721 -0.0026047 0.131 -0.015 0 0.131 -0.0147721 0.0026047 0.131 -0.0140954
            0.0051303 0.131 -0.0129904 0.0075 0.131 -0.0114907 0.0096418 0.131 -0.0096418 0.0114907
            0.131 -0.0075 0.0129904 0.131 -0.0051303 0.0140954 0.131 -0.0026047 0.0147721 0.131 0
            0.015 0.131 0 0.015 0.007 -0.0026047 0.0147721 0.007 -0.0051303 0.0140954 0.007 -0.0075
            0.0129904 0.007 -0.0096418 0.0114907 0.007 -0.0114907 0.0096418 0.007 -0.0129904 0.0075
            0.007 -0.0140954 0.0051303 0.007 -0.0147721 0.0026047 0.007 -0.015 0 0.007 -0.0147721
            -0.0026047 0.007 -0.0140954 -0.0051303 0.007 -0.0129904 -0.0075 0.007 -0.0114907
            -0.0096418 0.007 -0.0096418 -0.0114907 0.007 -0.0075 -0.0129904 0.007 -0.0051303
            -0.0140954 0.007 -0.0026047 -0.0147721 0.007</float_array>
          <technique_common>
            <accessor count="38" source="#ID83" stride="3">
              <param name="X" type="float" />
              <param name="Y" type="float" />
              <param name="Z" type="float" />
            </accessor>
          </technique_common>
        </source>
        <source id="ID84">
          <float_array id="ID85" count="114">0 -1 0 0 -1 0 -0.1736482 -0.9848077 0 -0.3420202
            -0.9396926 0 -0.5 -0.8660254 0 -0.6427876 -0.7660444 0 -0.7660444 -0.6427876 0
            -0.8660254 -0.5 0 -0.9396926 -0.3420202 0 -0.9848077 -0.1736482 0 -1 0 0 -0.9848077
            0.1736482 0 -0.9396926 0.3420202 0 -0.8660254 0.5 0 -0.7660444 0.6427876 0 -0.6427876
            0.7660444 0 -0.5 0.8660254 0 -0.3420202 0.9396926 0 -0.1736482 0.9848077 0 0 1 0 0 1 0
            -0.1736482 0.9848077 0 -0.3420202 0.9396926 0 -0.5 0.8660254 0 -0.6427876 0.7660444 0
            -0.7660444 0.6427876 0 -0.8660254 0.5 0 -0.9396926 0.3420202 0 -0.9848077 0.1736482 0 -1
            0 0 -0.9848077 -0.1736482 0 -0.9396926 -0.3420202 0 -0.8660254 -0.5 0 -0.7660444
            -0.6427876 0 -0.6427876 -0.7660444 0 -0.5 -0.8660254 0 -0.3420202 -0.9396926 0
            -0.1736482 -0.9848077 0</float_array>
          <technique_common>
            <accessor count="38" source="#ID85" stride="3">
              <param name="X" type="float" />
              <param name="Y" type="float" />
              <param name="Z" type="float" />
            </accessor>
          </technique_common>
        </source>
        <source id="ID86">
          <float_array id="ID87" count="76">1 0 0 0 0 0.0555556 0 0.1111112 0 0.1666667 0 0.2222223
            0 0.2777778 0 0.3333333 0 0.3888889 0 0.4444444 0 0.5 0 0.5555556 0 0.6111111 0
            0.6666667 0 0.7222222 0 0.7777777 0 0.8333333 0 0.8888889 0 0.9444445 0 1 1 1 1
            0.9444445 1 0.8888889 1 0.8333333 1 0.7777777 1 0.7222222 1 0.6666667 1 0.6111111 1
            0.5555556 1 0.5 1 0.4444444 1 0.3888889 1 0.3333333 1 0.2777778 1 0.2222223 1 0.1666667
            1 0.1111112 1 0.0555556</float_array>
          <technique_common>
            <accessor count="38" source="#ID87" stride="2">
              <param name="S" type="float" />
              <param name="T" type="float" />
            </accessor>
          </technique_common>
        </source>
        <vertices id="ID88">
          <input semantic="POSITION" source="#ID82" />
        </vertices>
        <triangles count="36" material="ID89">
          <input semantic="VERTEX" source="#ID88" offset="0" />
          <input semantic="NORMAL" source="#ID84" offset="1" />
          <input semantic="TEXCOORD" source="#ID86" offset="2" set="0" />
          <p>0 0 0 1 1 1 37 37 37 37 37 37 1 1 1 2 2 2 3 3 3 37 37 37 2 2 2 3 3 3 36 36 36 37 37 37
            3 3 3 4 4 4 36 36 36 36 36 36 4 4 4 35 35 35 35 35 35 4 4 4 5 5 5 34 34 34 5 5 5 6 6 6
            33 33 33 6 6 6 7 7 7 32 32 32 7 7 7 8 8 8 31 31 31 8 8 8 9 9 9 30 30 30 9 9 9 10 10 10
            29 29 29 10 10 10 11 11 11 28 28 28 11 11 11 12 12 12 27 27 27 12 12 12 13 13 13 26 26
            26 13 13 13 14 14 14 25 25 25 14 14 14 15 15 15 24 24 24 15 15 15 16 16 16 23 23 23 16
            16 16 17 17 17 22 22 22 17 17 17 18 18 18 21 21 21 18 18 18 20 20 20 21 21 21 22 22 22
            18 18 18 18 18 18 19 19 19 20 20 20 22 22 22 23 23 23 17 17 17 23 23 23 24 24 24 16 16
            16 24 24 24 25 25 25 15 15 15 25 25 25 26 26 26 14 14 14 26 26 26 27 27 27 13 13 13 27
            27 27 28 28 28 12 12 12 28 28 28 29 29 29 11 11 11 29 29 29 30 30 30 10 10 10 30 30 30
            31 31 31 9 9 9 31 31 31 32 32 32 8 8 8 32 32 32 33 33 33 7 7 7 33 33 33 34 34 34 6 6 6
            34 34 34 35 35 35 5 5 5</p>
        </triangles>
      </mesh>
    </geometry>
    <geometry id="ID90">
      <mesh>
        <source id="ID91">
          <float_array id="ID92" count="114">0 -0.0125 0.007 0 -0.0125 0.131 0.0021706 -0.0123101
            0.131 0.0042753 -0.0117462 0.131 0.00625 -0.0108253 0.131 0.0080348 -0.0095756 0.131
            0.0095756 -0.0080348 0.131 0.0108253 -0.00625 0.131 0.0117462 -0.0042753 0.131 0.0123101
            -0.0021706 0.131 0.0125 0 0.131 0.0123101 0.0021706 0.131 0.0117462 0.0042753 0.131
            0.0108253 0.00625 0.131 0.0095756 0.0080348 0.131 0.0080348 0.0095756 0.131 0.00625
            0.0108253 0.131 0.0042753 0.0117462 0.131 0.0021706 0.0123101 0.131 0 0.0125 0.131 0
            0.0125 0.007 0.0021706 0.0123101 0.007 0.0042753 0.0117462 0.007 0.00625 0.0108253 0.007
            0.0080348 0.0095756 0.007 0.0095756 0.0080348 0.007 0.0108253 0.00625 0.007 0.0117462
            0.0042753 0.007 0.0123101 0.0021706 0.007 0.0125 0 0.007 0.0123101 -0.0021706 0.007
            0.0117462 -0.0042753 0.007 0.0108253 -0.00625 0.007 0.0095756 -0.0080348 0.007 0.0080348
            -0.0095756 0.007 0.00625 -0.0108253 0.007 0.0042753 -0.0117462 0.007 0.0021706
            -0.0123101 0.007</float_array>
          <technique_common>
            <accessor count="38" source="#ID92" stride="3">
              <param name="X" type="float" />
              <param name="Y" type="float" />
              <param name="Z" type="float" />
            </accessor>
          </technique_common>
        </source>
        <source id="ID93">
          <float_array id="ID94" count="114">0 1 0 0 1 0 -0.1736482 0.9848077 0 -0.3420202 0.9396926
            0 -0.5 0.8660254 0 -0.6427876 0.7660444 0 -0.7660444 0.6427876 0 -0.8660254 0.5 0
            -0.9396926 0.3420202 0 -0.9848077 0.1736482 0 -1 0 0 -0.9848077 -0.1736482 0 -0.9396926
            -0.3420202 0 -0.8660254 -0.5 0 -0.7660444 -0.6427876 0 -0.6427876 -0.7660444 0 -0.5
            -0.8660254 0 -0.3420202 -0.9396926 0 -0.1736482 -0.9848077 0 0 -1 0 0 -1 0 -0.1736482
            -0.9848077 0 -0.3420202 -0.9396926 0 -0.5 -0.8660254 0 -0.6427876 -0.7660444 0
            -0.7660444 -0.6427876 0 -0.8660254 -0.5 0 -0.9396926 -0.3420202 0 -0.9848077 -0.1736482
            0 -1 0 0 -0.9848077 0.1736482 0 -0.9396926 0.3420202 0 -0.8660254 0.5 0 -0.7660444
            0.6427876 0 -0.6427876 0.7660444 0 -0.5 0.8660254 0 -0.3420202 0.9396926 0 -0.1736482
            0.9848077 0</float_array>
          <technique_common>
            <accessor count="38" source="#ID94" stride="3">
              <param name="X" type="float" />
              <param name="Y" type="float" />
              <param name="Z" type="float" />
            </accessor>
          </technique_common>
        </source>
        <source id="ID95">
          <float_array id="ID96" count="76">1 1 0 1 0 0.9444444 0 0.8888888 0 0.8333333 0 0.7777777
            0 0.7222222 0 0.6666667 0 0.6111111 0 0.5555555 0 0.5 0 0.4444444 0 0.3888889 0
            0.3333333 0 0.2777778 0 0.2222223 0 0.1666667 0 0.1111111 0 0.0555555 0 0 1 0 1
            0.0555555 1 0.1111111 1 0.1666667 1 0.2222223 1 0.2777778 1 0.3333333 1 0.3888889 1
            0.4444444 1 0.5 1 0.5555555 1 0.6111111 1 0.6666667 1 0.7222222 1 0.7777777 1 0.8333333
            1 0.8888888 1 0.9444444</float_array>
          <technique_common>
            <accessor count="38" source="#ID96" stride="2">
              <param name="S" type="float" />
              <param name="T" type="float" />
            </accessor>
          </technique_common>
        </source>
        <vertices id="ID97">
          <input semantic="POSITION" source="#ID91" />
        </vertices>
        <triangles count="36" material="ID98">
          <input semantic="VERTEX" source="#ID97" offset="0" />
          <input semantic="NORMAL" source="#ID93" offset="1" />
          <input semantic="TEXCOORD" source="#ID95" offset="2" set="0" />
          <p>0 0 0 1 1 1 37 37 37 37 37 37 1 1 1 2 2 2 3 3 3 37 37 37 2 2 2 3 3 3 36 36 36 37 37 37
            3 3 3 4 4 4 36 36 36 36 36 36 4 4 4 35 35 35 35 35 35 4 4 4 5 5 5 34 34 34 5 5 5 6 6 6
            33 33 33 6 6 6 7 7 7 32 32 32 7 7 7 8 8 8 31 31 31 8 8 8 30 30 30 31 31 31 32 32 32 8 8
            8 8 8 8 9 9 9 30 30 30 30 30 30 9 9 9 10 10 10 29 29 29 10 10 10 11 11 11 28 28 28 11 11
            11 12 12 12 27 27 27 12 12 12 13 13 13 26 26 26 13 13 13 14 14 14 25 25 25 14 14 14 15
            15 15 24 24 24 15 15 15 23 23 23 24 24 24 25 25 25 15 15 15 15 15 15 16 16 16 23 23 23
            23 23 23 16 16 16 17 17 17 22 22 22 17 17 17 18 18 18 21 21 21 18 18 18 19 19 19 20 20
            20 21 21 21 19 19 19 21 21 21 22 22 22 18 18 18 22 22 22 23 23 23 17 17 17 25 25 25 26
            26 26 14 14 14 26 26 26 27 27 27 13 13 13 27 27 27 28 28 28 12 12 12 28 28 28 29 29 29
            11 11 11 29 29 29 30 30 30 10 10 10 32 32 32 33 33 33 7 7 7 33 33 33 34 34 34 6 6 6 34
            34 34 35 35 35 5 5 5</p>
        </triangles>
      </mesh>
    </geometry>
    <geometry id="ID99">
      <mesh>
        <source id="ID100">
          <float_array id="ID101" count="24">0.075 -0.015 0.114 0.075 -0.015 0.084 0.075 0.015 0.084
            0.075 0.015 0.114 0.075 -0.0125 0.0865 0.075 -0.0125 0.1115 0.075 0.0125 0.1115 0.075
            0.0125 0.0865</float_array>
          <technique_common>
            <accessor count="8" source="#ID101" stride="3">
              <param name="X" type="float" />
              <param name="Y" type="float" />
              <param name="Z" type="float" />
            </accessor>
          </technique_common>
        </source>
        <source id="ID102">
          <float_array id="ID103" count="24">1 0 0 1 0 0 1 0 0 1 0 0 1 0 0 1 0 0 1 0 0 1 0 0</float_array>
          <technique_common>
            <accessor count="8" source="#ID103" stride="3">
              <param name="X" type="float" />
              <param name="Y" type="float" />
              <param name="Z" type="float" />
            </accessor>
          </technique_common>
        </source>
        <source id="ID104">
          <float_array id="ID105" count="16">1 1 0 1 0 0 1 0 0.0833333 0.9166667 0.9166667 0.9166667
            0.9166667 0.0833333 0.0833333 0.0833333</float_array>
          <technique_common>
            <accessor count="8" source="#ID105" stride="2">
              <param name="S" type="float" />
              <param name="T" type="float" />
            </accessor>
          </technique_common>
        </source>
        <vertices id="ID106">
          <input semantic="POSITION" source="#ID100" />
        </vertices>
        <triangles count="8" material="ID107">
          <input semantic="VERTEX" source="#ID106" offset="0" />
          <input semantic="NORMAL" source="#ID102" offset="1" />
          <input semantic="TEXCOORD" source="#ID104" offset="2" set="0" />
          <p>7 7 7 4 4 4 1 1 1 2 2 2 7 7 7 1 1 1 2 2 2 3 3 3 7 7 7 7 7 7 3 3 3 6 6 6 6 6 6 3 3 3 0 0
            0 5 5 5 0 0 0 1 1 1 4 4 4 5 5 5 1 1 1 5 5 5 6 6 6 0 0 0</p>
        </triangles>
      </mesh>
    </geometry>
    <geometry id="ID108">
      <mesh>
        <source id="ID109">
          <float_array id="ID110" count="12">0 -0.015 0.114 0 -0.015 0.084 0.075 -0.015 0.084 0.075
            -0.015 0.114</float_array>
          <technique_common>
            <accessor count="4" source="#ID110" stride="3">
              <param name="X" type="float" />
              <param name="Y" type="float" />
              <param name="Z" type="float" />
            </accessor>
          </technique_common>
        </source>
        <source id="ID111">
          <float_array id="ID112" count="12">0 -1 0 0 -1 0 0 -1 0 0 -1 0</float_array>
          <technique_common>
            <accessor count="4" source="#ID112" stride="3">
              <param name="X" type="float" />
              <param name="Y" type="float" />
              <param name="Z" type="float" />
            </accessor>
          </technique_common>
        </source>
        <source id="ID113">
          <float_array id="ID114" count="8">0 1 0 0 1 0 1 1</float_array>
          <technique_common>
            <accessor count="4" source="#ID114" stride="2">
              <param name="S" type="float" />
              <param name="T" type="float" />
            </accessor>
          </technique_common>
        </source>
        <vertices id="ID115">
          <input semantic="POSITION" source="#ID109" />
        </vertices>
        <triangles count="2" material="ID116">
          <input semantic="VERTEX" source="#ID115" offset="0" />
          <input semantic="NORMAL" source="#ID111" offset="1" />
          <input semantic="TEXCOORD" source="#ID113" offset="2" set="0" />
          <p>1 1 1 2 2 2 0 0 0 0 0 0 2 2 2 3 3 3</p>
        </triangles>
      </mesh>
    </geometry>
    <geometry id="ID117">
      <mesh>
        <source id="ID118">
          <float_array id="ID119" count="72">0.075 -0.015 0.084 0 -0.015 0.084 0.0022356 -0.0148325
            0.084 0.0044213 -0.0143336 0.084 0.0065083 -0.0135145 0.084 0.0084498 -0.0123936 0.084
            0.0102026 -0.0109958 0.084 0.0117275 -0.0093523 0.084 0.0129904 -0.0075 0.084 0.0139631
            -0.0054801 0.084 0.0146239 -0.0033378 0.084 0.0149581 -0.001121 0.084 0.0149581 0.001121
            0.084 0.0146239 0.0033378 0.084 0.0139631 0.0054801 0.084 0.0129904 0.0075 0.084
            0.0117275 0.0093523 0.084 0.0102026 0.0109958 0.084 0.0084498 0.0123936 0.084 0.0065083
            0.0135145 0.084 0.0044213 0.0143336 0.084 0.0022356 0.0148325 0.084 0 0.015 0.084 0.075
            0.015 0.084</float_array>
          <technique_common>
            <accessor count="24" source="#ID119" stride="3">
              <param name="X" type="float" />
              <param name="Y" type="float" />
              <param name="Z" type="float" />
            </accessor>
          </technique_common>
        </source>
        <source id="ID120">
          <float_array id="ID121" count="72">0 0 -1 0 0 -1 0 0 -1 0 0 -1 0 0 -1 0 0 -1 0 0 -1 0 0 -1
            0 0 -1 0 0 -1 0 0 -1 0 0 -1 0 0 -1 0 0 -1 0 0 -1 0 0 -1 0 0 -1 0 0 -1 0 0 -1 0 0 -1 0 0
            -1 0 0 -1 0 0 -1 0 0 -1</float_array>
          <technique_common>
            <accessor count="24" source="#ID121" stride="3">
              <param name="X" type="float" />
              <param name="Y" type="float" />
              <param name="Z" type="float" />
            </accessor>
          </technique_common>
        </source>
        <source id="ID122">
          <float_array id="ID123" count="48">0 0 1 0 0.9701915 0.0055846 0.941049 0.0222136
            0.9132233 0.0495156 0.887336 0.0868806 0.8639655 0.1334741 0.8436337 0.1882551 0.8267949
            0.25 0.8138252 0.3173295 0.8050144 0.3887395 0.8005592 0.462635 0.8005592 0.5373651
            0.8050144 0.6112605 0.8138252 0.6826705 0.8267949 0.75 0.8436337 0.8117449 0.8639655
            0.8665259 0.887336 0.9131194 0.9132233 0.9504845 0.941049 0.9777864 0.9701915 0.9944154
            1 1 0 1</float_array>
          <technique_common>
            <accessor count="24" source="#ID123" stride="2">
              <param name="S" type="float" />
              <param name="T" type="float" />
            </accessor>
          </technique_common>
        </source>
        <vertices id="ID124">
          <input semantic="POSITION" source="#ID118" />
        </vertices>
        <triangles count="22" material="ID125">
          <input semantic="VERTEX" source="#ID124" offset="0" />
          <input semantic="NORMAL" source="#ID120" offset="1" />
          <input semantic="TEXCOORD" source="#ID122" offset="2" set="0" />
          <p>1 1 1 2 2 2 0 0 0 0 0 0 2 2 2 3 3 3 4 4 4 0 0 0 3 3 3 4 4 4 5 5 5 0 0 0 0 0 0 5 5 5 6 6
            6 7 7 7 0 0 0 6 6 6 7 7 7 8 8 8 0 0 0 0 0 0 8 8 8 9 9 9 10 10 10 0 0 0 9 9 9 10 10 10 11
            11 11 0 0 0 0 0 0 11 11 11 23 23 23 23 23 23 11 11 11 12 12 12 13 13 13 23 23 23 12 12
            12 13 13 13 14 14 14 23 23 23 23 23 23 14 14 14 15 15 15 16 16 16 23 23 23 15 15 15 16
            16 16 17 17 17 23 23 23 23 23 23 17 17 17 18 18 18 19 19 19 23 23 23 18 18 18 19 19 19
            20 20 20 23 23 23 23 23 23 20 20 20 21 21 21 22 22 22 23 23 23 21 21 21</p>
        </triangles>
      </mesh>
    </geometry>
    <geometry id="ID126">
      <mesh>
        <source id="ID127">
          <float_array id="ID128" count="12">0 0.015 0.084 0 0.015 0.114 0.075 0.015 0.114 0.075
            0.015 0.084</float_array>
          <technique_common>
            <accessor count="4" source="#ID128" stride="3">
              <param name="X" type="float" />
              <param name="Y" type="float" />
              <param name="Z" type="float" />
            </accessor>
          </technique_common>
        </source>
        <source id="ID129">
          <float_array id="ID130" count="12">0 1 0 0 1 0 0 1 0 0 1 0</float_array>
          <technique_common>
            <accessor count="4" source="#ID130" stride="3">
              <param name="X" type="float" />
              <param name="Y" type="float" />
              <param name="Z" type="float" />
            </accessor>
          </technique_common>
        </source>
        <source id="ID131">
          <float_array id="ID132" count="8">1 1 0 1 0 0 1 0</float_array>
          <technique_common>
            <accessor count="4" source="#ID132" stride="2">
              <param name="S" type="float" />
              <param name="T" type="float" />
            </accessor>
          </technique_common>
        </source>
        <vertices id="ID133">
          <input semantic="POSITION" source="#ID127" />
        </vertices>
        <triangles count="2" material="ID134">
          <input semantic="VERTEX" source="#ID133" offset="0" />
          <input semantic="NORMAL" source="#ID129" offset="1" />
          <input semantic="TEXCOORD" source="#ID131" offset="2" set="0" />
          <p>0 0 0 1 1 1 3 3 3 3 3 3 1 1 1 2 2 2</p>
        </triangles>
      </mesh>
    </geometry>
    <geometry id="ID135">
      <mesh>
        <source id="ID136">
          <float_array id="ID137" count="72">0.075 0.015 0.114 0 0.015 0.114 0.0022356 0.0148325
            0.114 0.0044213 0.0143336 0.114 0.0065083 0.0135145 0.114 0.0084498 0.0123936 0.114
            0.0102026 0.0109958 0.114 0.0117275 0.0093523 0.114 0.0129904 0.0075 0.114 0.0139631
            0.0054801 0.114 0.0146239 0.0033378 0.114 0.0149581 0.001121 0.114 0.0149581 -0.001121
            0.114 0.0146239 -0.0033378 0.114 0.0139631 -0.0054801 0.114 0.0129904 -0.0075 0.114
            0.0117275 -0.0093523 0.114 0.0102026 -0.0109958 0.114 0.0084498 -0.0123936 0.114
            0.0065083 -0.0135145 0.114 0.0044213 -0.0143336 0.114 0.0022356 -0.0148325 0.114 0
            -0.015 0.114 0.075 -0.015 0.114</float_array>
          <technique_common>
            <accessor count="24" source="#ID137" stride="3">
              <param name="X" type="float" />
              <param name="Y" type="float" />
              <param name="Z" type="float" />
            </accessor>
          </technique_common>
        </source>
        <source id="ID138">
          <float_array id="ID139" count="72">0 0 1 0 0 1 0 0 1 0 0 1 0 0 1 0 0 1 0 0 1 0 0 1 0 0 1 0
            0 1 0 0 1 0 0 1 0 0 1 0 0 1 0 0 1 0 0 1 0 0 1 0 0 1 0 0 1 0 0 1 0 0 1 0 0 1 0 0 1 0 0 1</float_array>
          <technique_common>
            <accessor count="24" source="#ID139" stride="3">
              <param name="X" type="float" />
              <param name="Y" type="float" />
              <param name="Z" type="float" />
            </accessor>
          </technique_common>
        </source>
        <source id="ID140">
          <float_array id="ID141" count="48">0 1 0 0 0.0055846 0.0298085 0.0222136 0.058951
            0.0495156 0.0867767 0.0868806 0.112664 0.1334741 0.1360345 0.1882551 0.1563663 0.25
            0.1732051 0.3173295 0.1861748 0.3887395 0.1949856 0.462635 0.1994408 0.537365 0.1994408
            0.6112605 0.1949856 0.6826705 0.1861748 0.75 0.1732051 0.8117449 0.1563663 0.8665259
            0.1360345 0.9131194 0.112664 0.9504844 0.0867767 0.9777864 0.058951 0.9944154 0.0298085
            1 0 1 1</float_array>
          <technique_common>
            <accessor count="24" source="#ID141" stride="2">
              <param name="S" type="float" />
              <param name="T" type="float" />
            </accessor>
          </technique_common>
        </source>
        <vertices id="ID142">
          <input semantic="POSITION" source="#ID136" />
        </vertices>
        <triangles count="22" material="ID143">
          <input semantic="VERTEX" source="#ID142" offset="0" />
          <input semantic="NORMAL" source="#ID138" offset="1" />
          <input semantic="TEXCOORD" source="#ID140" offset="2" set="0" />
          <p>1 1 1 2 2 2 0 0 0 0 0 0 2 2 2 3 3 3 4 4 4 0 0 0 3 3 3 4 4 4 5 5 5 0 0 0 0 0 0 5 5 5 6 6
            6 7 7 7 0 0 0 6 6 6 7 7 7 8 8 8 0 0 0 0 0 0 8 8 8 9 9 9 10 10 10 0 0 0 9 9 9 10 10 10 11
            11 11 0 0 0 0 0 0 11 11 11 12 12 12 23 23 23 12 12 12 13 13 13 14 14 14 23 23 23 13 13
            13 14 14 14 15 15 15 23 23 23 23 23 23 15 15 15 16 16 16 17 17 17 23 23 23 16 16 16 17
            17 17 18 18 18 23 23 23 23 23 23 18 18 18 19 19 19 20 20 20 23 23 23 19 19 19 20 20 20
            21 21 21 23 23 23 23 23 23 21 21 21 22 22 22 23 23 23 0 0 0 12 12 12</p>
        </triangles>
      </mesh>
    </geometry>
    <geometry id="ID144">
      <mesh>
        <source id="ID145">
          <float_array id="ID146" count="12">0.0082916 -0.0125 0.0865 0.0082916 -0.0125 0.1115 0.075
            -0.0125 0.1115 0.075 -0.0125 0.0865</float_array>
          <technique_common>
            <accessor count="4" source="#ID146" stride="3">
              <param name="X" type="float" />
              <param name="Y" type="float" />
              <param name="Z" type="float" />
            </accessor>
          </technique_common>
        </source>
        <source id="ID147">
          <float_array id="ID148" count="12">0 1 0 0 1 0 0 1 0 0 1 0</float_array>
          <technique_common>
            <accessor count="4" source="#ID148" stride="3">
              <param name="X" type="float" />
              <param name="Y" type="float" />
              <param name="Z" type="float" />
            </accessor>
          </technique_common>
        </source>
        <source id="ID149">
          <float_array id="ID150" count="8">0 0 0 1 1 1 1 0</float_array>
          <technique_common>
            <accessor count="4" source="#ID150" stride="2">
              <param name="S" type="float" />
              <param name="T" type="float" />
            </accessor>
          </technique_common>
        </source>
        <vertices id="ID151">
          <input semantic="POSITION" source="#ID145" />
        </vertices>
        <triangles count="2" material="ID152">
          <input semantic="VERTEX" source="#ID151" offset="0" />
          <input semantic="NORMAL" source="#ID147" offset="1" />
          <input semantic="TEXCOORD" source="#ID149" offset="2" set="0" />
          <p>1 1 1 2 2 2 0 0 0 0 0 0 2 2 2 3 3 3</p>
        </triangles>
      </mesh>
    </geometry>
    <geometry id="ID153">
      <mesh>
        <source id="ID154">
          <float_array id="ID155" count="48">0.0082916 0.0125 0.0865 0.0100837 0.0111049 0.0865
            0.0116447 0.0094552 0.0865 0.0129387 0.0075887 0.0865 0.0139361 0.0055483 0.0865
            0.0146141 0.0033807 0.0865 0.014957 0.0011356 0.0865 0.014957 -0.0011356 0.0865
            0.0146141 -0.0033807 0.0865 0.0139361 -0.0055483 0.0865 0.0129387 -0.0075887 0.0865
            0.0116447 -0.0094552 0.0865 0.0100837 -0.0111049 0.0865 0.0082916 -0.0125 0.0865 0.075
            -0.0125 0.0865 0.075 0.0125 0.0865</float_array>
          <technique_common>
            <accessor count="16" source="#ID155" stride="3">
              <param name="X" type="float" />
              <param name="Y" type="float" />
              <param name="Z" type="float" />
            </accessor>
          </technique_common>
        </source>
        <source id="ID156">
          <float_array id="ID157" count="48">0 0 1 0 0 1 0 0 1 0 0 1 0 0 1 0 0 1 0 0 1 0 0 1 0 0 1 0
            0 1 0 0 1 0 0 1 0 0 1 0 0 1 0 0 1 0 0 1</float_array>
          <technique_common>
            <accessor count="16" source="#ID157" stride="3">
              <param name="X" type="float" />
              <param name="Y" type="float" />
              <param name="Z" type="float" />
            </accessor>
          </technique_common>
        </source>
        <source id="ID158">
          <float_array id="ID159" count="32">1 1 0.9731345 0.9441956 0.9497344 0.878208 0.9303361
            0.8035499 0.9153844 0.721933 0.9052219 0.6352281 0.9000818 0.5454232 0.9000818 0.4545768
            0.9052219 0.3647719 0.9153844 0.278067 0.9303361 0.19645 0.9497344 0.121792 0.9731345
            0.0558044 1 0 0 0 0 1</float_array>
          <technique_common>
            <accessor count="16" source="#ID159" stride="2">
              <param name="S" type="float" />
              <param name="T" type="float" />
            </accessor>
          </technique_common>
        </source>
        <vertices id="ID160">
          <input semantic="POSITION" source="#ID154" />
        </vertices>
        <triangles count="14" material="ID161">
          <input semantic="VERTEX" source="#ID160" offset="0" />
          <input semantic="NORMAL" source="#ID156" offset="1" />
          <input semantic="TEXCOORD" source="#ID158" offset="2" set="0" />
          <p>0 0 0 1 1 1 15 15 15 15 15 15 1 1 1 2 2 2 3 3 3 15 15 15 2 2 2 3 3 3 4 4 4 15 15 15 15
            15 15 4 4 4 5 5 5 6 6 6 15 15 15 5 5 5 6 6 6 7 7 7 15 15 15 15 15 15 7 7 7 14 14 14 14
            14 14 7 7 7 8 8 8 9 9 9 14 14 14 8 8 8 9 9 9 10 10 10 14 14 14 14 14 14 10 10 10 11 11
            11 12 12 12 14 14 14 11 11 11 12 12 12 13 13 13 14 14 14</p>
        </triangles>
      </mesh>
    </geometry>
    <geometry id="ID162">
      <mesh>
        <source id="ID163">
          <float_array id="ID164" count="12">0.0082916 0.0125 0.1115 0.0082916 0.0125 0.0865 0.075
            0.0125 0.0865 0.075 0.0125 0.1115</float_array>
          <technique_common>
            <accessor count="4" source="#ID164" stride="3">
              <param name="X" type="float" />
              <param name="Y" type="float" />
              <param name="Z" type="float" />
            </accessor>
          </technique_common>
        </source>
        <source id="ID165">
          <float_array id="ID166" count="12">0 -1 0 0 -1 0 0 -1 0 0 -1 0</float_array>
          <technique_common>
            <accessor count="4" source="#ID166" stride="3">
              <param name="X" type="float" />
              <param name="Y" type="float" />
              <param name="Z" type="float" />
            </accessor>
          </technique_common>
        </source>
        <source id="ID167">
          <float_array id="ID168" count="8">0 1 1 1 1 0 0 0</float_array>
          <technique_common>
            <accessor count="4" source="#ID168" stride="2">
              <param name="S" type="float" />
              <param name="T" type="float" />
            </accessor>
          </technique_common>
        </source>
        <vertices id="ID169">
          <input semantic="POSITION" source="#ID163" />
        </vertices>
        <triangles count="2" material="ID170">
          <input semantic="VERTEX" source="#ID169" offset="0" />
          <input semantic="NORMAL" source="#ID165" offset="1" />
          <input semantic="TEXCOORD" source="#ID167" offset="2" set="0" />
          <p>0 0 0 1 1 1 3 3 3 3 3 3 1 1 1 2 2 2</p>
        </triangles>
      </mesh>
    </geometry>
    <geometry id="ID171">
      <mesh>
        <source id="ID172">
          <float_array id="ID173" count="48">0.0082916 -0.0125 0.1115 0.0100837 -0.0111049 0.1115
            0.0116447 -0.0094552 0.1115 0.0129387 -0.0075887 0.1115 0.0139361 -0.0055483 0.1115
            0.0146141 -0.0033807 0.1115 0.014957 -0.0011356 0.1115 0.014957 0.0011356 0.1115
            0.0146141 0.0033807 0.1115 0.0139361 0.0055483 0.1115 0.0129387 0.0075887 0.1115
            0.0116447 0.0094552 0.1115 0.0100837 0.0111049 0.1115 0.0082916 0.0125 0.1115 0.075
            0.0125 0.1115 0.075 -0.0125 0.1115</float_array>
          <technique_common>
            <accessor count="16" source="#ID173" stride="3">
              <param name="X" type="float" />
              <param name="Y" type="float" />
              <param name="Z" type="float" />
            </accessor>
          </technique_common>
        </source>
        <source id="ID174">
          <float_array id="ID175" count="48">0 0 -1 0 0 -1 0 0 -1 0 0 -1 0 0 -1 0 0 -1 0 0 -1 0 0 -1
            0 0 -1 0 0 -1 0 0 -1 0 0 -1 0 0 -1 0 0 -1 0 0 -1 0 0 -1</float_array>
          <technique_common>
            <accessor count="16" source="#ID175" stride="3">
              <param name="X" type="float" />
              <param name="Y" type="float" />
              <param name="Z" type="float" />
            </accessor>
          </technique_common>
        </source>
        <source id="ID176">
          <float_array id="ID177" count="32">1 0 0.9441956 0.0268655 0.878208 0.0502656 0.8035499
            0.0696639 0.721933 0.0846156 0.6352281 0.0947781 0.5454232 0.0999182 0.4545768 0.0999182
            0.3647719 0.0947781 0.278067 0.0846156 0.19645 0.0696639 0.121792 0.0502656 0.0558044
            0.0268655 0 0 0 1 1 1</float_array>
          <technique_common>
            <accessor count="16" source="#ID177" stride="2">
              <param name="S" type="float" />
              <param name="T" type="float" />
            </accessor>
          </technique_common>
        </source>
        <vertices id="ID178">
          <input semantic="POSITION" source="#ID172" />
        </vertices>
        <triangles count="14" material="ID179">
          <input semantic="VERTEX" source="#ID178" offset="0" />
          <input semantic="NORMAL" source="#ID174" offset="1" />
          <input semantic="TEXCOORD" source="#ID176" offset="2" set="0" />
          <p>0 0 0 1 1 1 15 15 15 15 15 15 1 1 1 2 2 2 3 3 3 15 15 15 2 2 2 3 3 3 4 4 4 15 15 15 15
            15 15 4 4 4 5 5 5 6 6 6 15 15 15 5 5 5 6 6 6 7 7 7 15 15 15 15 15 15 7 7 7 14 14 14 14
            14 14 7 7 7 8 8 8 9 9 9 14 14 14 8 8 8 9 9 9 10 10 10 14 14 14 14 14 14 10 10 10 11 11
            11 12 12 12 14 14 14 11 11 11 12 12 12 13 13 13 14 14 14</p>
        </triangles>
      </mesh>
    </geometry>
    <geometry id="ID180">
      <mesh>
        <source id="ID181">
          <float_array id="ID182" count="228">0 -0.015 0.084 0 -0.015 0.114 0.0022356 -0.0148325
            0.114 0.0044213 -0.0143336 0.114 0.0065083 -0.0135145 0.114 0.0084498 -0.0123936 0.114
            0.0102026 -0.0109958 0.114 0.0117275 -0.0093523 0.114 0.0129904 -0.0075 0.114 0.0139631
            -0.0054801 0.114 0.0146239 -0.0033378 0.114 0.0149581 -0.001121 0.114 0.0149581 0.001121
            0.114 0.0146239 0.0033378 0.114 0.0139631 0.0054801 0.114 0.0129904 0.0075 0.114
            0.0117275 0.0093523 0.114 0.0102026 0.0109958 0.114 0.0084498 0.0123936 0.114 0.0065083
            0.0135145 0.114 0.0044213 0.0143336 0.114 0.0022356 0.0148325 0.114 0 0.015 0.114 0
            0.015 0.084 0.0022356 0.0148325 0.084 0.0044213 0.0143336 0.084 0.0065083 0.0135145
            0.084 0.0084498 0.0123936 0.084 0.0102026 0.0109958 0.084 0.0117275 0.0093523 0.084
            0.0129904 0.0075 0.084 0.0139631 0.0054801 0.084 0.0146239 0.0033378 0.084 0.0149581
            0.001121 0.084 0.0149581 -0.001121 0.084 0.0146239 -0.0033378 0.084 0.0139631 -0.0054801
            0.084 0.0129904 -0.0075 0.084 0.0117275 -0.0093523 0.084 0.0102026 -0.0109958 0.084
            0.0084498 -0.0123936 0.084 0.0065083 -0.0135145 0.084 0.0044213 -0.0143336 0.084
            0.0022356 -0.0148325 0.084 0.0082916 -0.0125 0.1115 0.0082916 -0.0125 0.0865 0.0100837
            -0.0111049 0.0865 0.0116447 -0.0094552 0.0865 0.0129387 -0.0075887 0.0865 0.0139361
            -0.0055483 0.0865 0.0146141 -0.0033807 0.0865 0.014957 -0.0011356 0.0865 0.014957
            0.0011356 0.0865 0.0146141 0.0033807 0.0865 0.0139361 0.0055483 0.0865 0.0129387
            0.0075887 0.0865 0.0116447 0.0094552 0.0865 0.0100837 0.0111049 0.0865 0.0082916 0.0125
            0.0865 0.0082916 0.0125 0.1115 0.0100837 0.0111049 0.1115 0.0116447 0.0094552 0.1115
            0.0129387 0.0075887 0.1115 0.0139361 0.0055483 0.1115 0.0146141 0.0033807 0.1115
            0.014957 0.0011356 0.1115 0.014957 -0.0011356 0.1115 0.0146141 -0.0033807 0.1115
            0.0139361 -0.0055483 0.1115 0.0129387 -0.0075887 0.1115 0.0116447 -0.0094552 0.1115
            0.0100837 -0.0111049 0.1115 0.014957 -0.0011356 0.0865 0.0149581 0.001121 0.114 0.014957
            0.0011356 0.1115 0.0149581 -0.001121 0.084</float_array>
          <technique_common>
            <accessor count="76" source="#ID182" stride="3">
              <param name="X" type="float" />
              <param name="Y" type="float" />
              <param name="Z" type="float" />
            </accessor>
          </technique_common>
        </source>
        <source id="ID183">
          <float_array id="ID184" count="228">0 1 0 0 1 0 -0.1490423 0.9888308 0 -0.2947552
            0.9555728 0 -0.4338837 0.9009688 0 -0.56332 0.8262388 0 -0.6801727 0.7330519 0
            -0.7818315 0.6234898 0 -0.8660254 0.5 0 -0.9308738 0.365341 0 -0.9749279 0.2225209 0
            -0.9972038 0.0747301 0 -0.9972038 -0.0747301 0 -0.9749279 -0.2225209 0 -0.9308738
            -0.365341 0 -0.8660254 -0.5 0 -0.7818315 -0.6234898 0 -0.6801727 -0.7330519 0 -0.56332
            -0.8262388 0 -0.4338837 -0.9009688 0 -0.2947552 -0.9555728 0 -0.1490423 -0.9888308 0 0
            -1 0 0 -1 0 -0.1490423 -0.9888308 0 -0.2947552 -0.9555728 0 -0.4338837 -0.9009688 0
            -0.56332 -0.8262388 0 -0.6801727 -0.7330519 0 -0.7818315 -0.6234898 0 -0.8660254 -0.5 0
            -0.9308738 -0.365341 0 -0.9749279 -0.2225209 0 -0.9972038 -0.0747301 0 -0.9972038
            0.0747301 0 -0.9749279 0.2225209 0 -0.9308738 0.365341 0 -0.8660254 0.5 0 -0.7818315
            0.6234898 0 -0.6801727 0.7330519 0 -0.56332 0.8262388 0 -0.4338837 0.9009688 0
            -0.2947552 0.9555728 0 -0.1490423 0.9888308 0 -0.5527708 0.8333333 0 -0.5527708
            0.8333333 0 -0.6722479 0.740326 0 -0.7763137 0.6303467 0 -0.8625824 0.5059166 0
            -0.9290763 0.3698883 0 -0.9742709 0.2253802 0 -0.9971302 0.0757053 0 -0.9971302
            -0.0757053 0 -0.9742709 -0.2253802 0 -0.9290763 -0.3698883 0 -0.8625824 -0.5059166 0
            -0.7763137 -0.6303467 0 -0.6722479 -0.740326 0 -0.5527708 -0.8333333 0 -0.5527708
            -0.8333333 0 -0.6722479 -0.740326 0 -0.7763137 -0.6303467 0 -0.8625824 -0.5059166 0
            -0.9290763 -0.3698883 0 -0.9742709 -0.2253802 0 -0.9971302 -0.0757053 0 -0.9971302
            0.0757053 0 -0.9742709 0.2253802 0 -0.9290763 0.3698883 0 -0.8625824 0.5059166 0
            -0.7763137 0.6303467 0 -0.6722479 0.740326 0 -0.9971302 0.0757053 0 -0.9972038
            -0.0747301 0 -0.9971302 -0.0757053 0 -0.9972038 0.0747301 0</float_array>
          <technique_common>
            <accessor count="76" source="#ID184" stride="3">
              <param name="X" type="float" />
              <param name="Y" type="float" />
              <param name="Z" type="float" />
            </accessor>
          </technique_common>
        </source>
        <source id="ID185">
          <float_array id="ID186" count="152">0 0.7441118 1 0.7441118 1 0.7673606 1 0.7906093 1
            0.8138581 1 0.8371068 1 0.8603556 1 0.8836043 1 0.906853 1 0.9301018 1 0.9533505 1
            0.9765993 1 0.0234008 1 0.0466495 1 0.0698982 1 0.093147 1 0.1163957 1 0.1396445 1
            0.1628932 1 0.1861419 1 0.2093907 1 0.2326394 1 0.2558882 0 0.2558882 0 0.2326394 0
            0.2093907 0 0.1861419 0 0.1628932 0 0.1396445 0 0.1163957 0 0.093147 0 0.0698982 0
            0.0466495 0 0.0234008 0 0.9765993 0 0.9533505 0 0.9301018 0 0.906853 0 0.8836043 0
            0.8603556 0 0.8371068 0 0.8138581 0 0.7906093 0 0.7673606 0.9166667 0.8351312 0.0833333
            0.8351312 0.0833333 0.8586838 0.0833333 0.8822365 0.0833333 0.9057892 0.0833333
            0.9293419 0.0833333 0.9528946 0.0833333 0 0.0833333 0.0235527 0.0833333 0.0471054
            0.0833333 0.0706581 0.0833333 0.0942108 0.0833333 0.1177635 0.0833333 0.1413162
            0.0833333 0.1648689 0.9166667 0.1648689 0.9166667 0.1413162 0.9166667 0.1177635
            0.9166667 0.0942108 0.9166667 0.0706581 0.9166667 0.0471054 0.9166667 1 0.9166667
            0.9764473 0.9166667 0.9528946 0.9166667 0.9293419 0.9166667 0.9057892 0.9166667
            0.8822365 0.9166667 0.8586838 0.0833333 0.9764473 1 0.999848 0.9166667 0.0235527 0
            0.000152</float_array>
          <technique_common>
            <accessor count="76" source="#ID186" stride="2">
              <param name="S" type="float" />
              <param name="T" type="float" />
            </accessor>
          </technique_common>
        </source>
        <vertices id="ID187">
          <input semantic="POSITION" source="#ID181" />
        </vertices>
        <triangles count="72" material="ID188">
          <input semantic="VERTEX" source="#ID187" offset="0" />
          <input semantic="NORMAL" source="#ID183" offset="1" />
          <input semantic="TEXCOORD" source="#ID185" offset="2" set="0" />
          <p>1 1 1 2 2 2 0 0 0 0 0 0 2 2 2 43 43 43 43 43 43 2 2 2 3 3 3 42 42 42 3 3 3 4 4 4 41 41
            41 4 4 4 44 44 44 45 45 45 41 41 41 44 44 44 45 45 45 40 40 40 41 41 41 45 45 45 46 46
            46 40 40 40 40 40 40 46 46 46 39 39 39 39 39 39 46 46 46 47 47 47 38 38 38 47 47 47 48
            48 48 37 37 37 48 48 48 49 49 49 36 36 36 49 49 49 50 50 50 35 35 35 50 50 50 72 72 72
            75 75 75 51 51 51 52 52 52 33 33 33 52 52 52 53 53 53 32 32 32 53 53 53 31 31 31 32 32
            32 33 33 33 53 53 53 4 4 4 5 5 5 44 44 44 44 44 44 5 5 5 71 71 71 71 71 71 5 5 5 6 6 6
            70 70 70 6 6 6 7 7 7 69 69 69 7 7 7 8 8 8 68 68 68 8 8 8 9 9 9 67 67 67 9 9 9 10 10 10
            11 11 11 67 67 67 10 10 10 11 11 11 66 66 66 67 67 67 11 11 11 65 65 65 66 66 66 11 11
            11 73 73 73 65 65 65 74 74 74 12 12 12 13 13 13 64 64 64 13 13 13 14 14 14 63 63 63 14
            14 14 15 15 15 62 62 62 15 15 15 16 16 16 61 61 61 16 16 16 17 17 17 60 60 60 17 17 17
            18 18 18 59 59 59 18 18 18 19 19 19 58 58 58 19 19 19 26 26 26 27 27 27 58 58 58 26 26
            26 27 27 27 57 57 57 58 58 58 27 27 27 28 28 28 57 57 57 57 57 57 28 28 28 56 56 56 56
            56 56 28 28 28 29 29 29 55 55 55 29 29 29 30 30 30 54 54 54 30 30 30 31 31 31 53 53 53
            54 54 54 31 31 31 19 19 19 20 20 20 26 26 26 26 26 26 20 20 20 25 25 25 25 25 25 20 20
            20 21 21 21 24 24 24 21 21 21 22 22 22 23 23 23 24 24 24 22 22 22 24 24 24 25 25 25 21
            21 21 33 33 33 75 75 75 52 52 52 34 34 34 35 35 35 72 72 72 35 35 35 36 36 36 50 50 50
            36 36 36 37 37 37 49 49 49 37 37 37 38 38 38 48 48 48 38 38 38 39 39 39 47 47 47 41 41
            41 42 42 42 4 4 4 42 42 42 43 43 43 3 3 3 54 54 54 55 55 55 30 30 30 55 55 55 56 56 56
            29 29 29 58 58 58 59 59 59 19 19 19 59 59 59 60 60 60 18 18 18 60 60 60 61 61 61 17 17
            17 61 61 61 62 62 62 16 16 16 62 62 62 63 63 63 15 15 15 63 63 63 64 64 64 14 14 14 64
            64 64 74 74 74 13 13 13 67 67 67 68 68 68 9 9 9 68 68 68 69 69 69 8 8 8 69 69 69 70 70
            70 7 7 7 70 70 70 71 71 71 6 6 6</p>
        </triangles>
      </mesh>
    </geometry>
    <geometry id="ID189">
      <mesh>
        <source id="ID190">
          <float_array id="ID191" count="12">0.0115 0.016 0.055 0.0115 0.034 0.055 0.082 0.034 0.055
            0.082 0.016 0.055</float_array>
          <technique_common>
            <accessor count="4" source="#ID191" stride="3">
              <param name="X" type="float" />
              <param name="Y" type="float" />
              <param name="Z" type="float" />
            </accessor>
          </technique_common>
        </source>
        <source id="ID192">
          <float_array id="ID193" count="12">0 0 -1 0 0 -1 0 0 -1 0 0 -1</float_array>
          <technique_common>
            <accessor count="4" source="#ID193" stride="3">
              <param name="X" type="float" />
              <param name="Y" type="float" />
              <param name="Z" type="float" />
            </accessor>
          </technique_common>
        </source>
        <source id="ID194">
          <float_array id="ID195" count="8">0 1 0 0 1 0 1 1</float_array>
          <technique_common>
            <accessor count="4" source="#ID195" stride="2">
              <param name="S" type="float" />
              <param name="T" type="float" />
            </accessor>
          </technique_common>
        </source>
        <vertices id="ID196">
          <input semantic="POSITION" source="#ID190" />
        </vertices>
        <triangles count="2" material="ID197">
          <input semantic="VERTEX" source="#ID196" offset="0" />
          <input semantic="NORMAL" source="#ID192" offset="1" />
          <input semantic="TEXCOORD" source="#ID194" offset="2" set="0" />
          <p>1 1 1 2 2 2 0 0 0 0 0 0 2 2 2 3 3 3</p>
        </triangles>
      </mesh>
    </geometry>
    <geometry id="ID198">
      <mesh>
        <source id="ID199">
          <float_array id="ID200" count="12">0.0055 0.016 0.061 0.0055 0.034 0.061 0.0115 0.034
            0.055 0.0115 0.016 0.055</float_array>
          <technique_common>
            <accessor count="4" source="#ID200" stride="3">
              <param name="X" type="float" />
              <param name="Y" type="float" />
              <param name="Z" type="float" />
            </accessor>
          </technique_common>
        </source>
        <source id="ID201">
          <float_array id="ID202" count="12">-0.7071068 0 -0.7071068 -0.7071068 0 -0.7071068
            -0.7071068 0 -0.7071068 -0.7071068 0 -0.7071068</float_array>
          <technique_common>
            <accessor count="4" source="#ID202" stride="3">
              <param name="X" type="float" />
              <param name="Y" type="float" />
              <param name="Z" type="float" />
            </accessor>
          </technique_common>
        </source>
        <source id="ID203">
          <float_array id="ID204" count="8">1 1 0 1 0 0 1 0</float_array>
          <technique_common>
            <accessor count="4" source="#ID204" stride="2">
              <param name="S" type="float" />
              <param name="T" type="float" />
            </accessor>
          </technique_common>
        </source>
        <vertices id="ID205">
          <input semantic="POSITION" source="#ID199" />
        </vertices>
        <triangles count="2" material="ID206">
          <input semantic="VERTEX" source="#ID205" offset="0" />
          <input semantic="NORMAL" source="#ID201" offset="1" />
          <input semantic="TEXCOORD" source="#ID203" offset="2" set="0" />
          <p>0 0 0 1 1 1 3 3 3 3 3 3 1 1 1 2 2 2</p>
        </triangles>
      </mesh>
    </geometry>
    <geometry id="ID207">
      <mesh>
        <source id="ID208">
          <float_array id="ID209" count="12">0.0055 0.016 0.143 0.0055 0.034 0.143 0.0055 0.034
            0.061 0.0055 0.016 0.061</float_array>
          <technique_common>
            <accessor count="4" source="#ID209" stride="3">
              <param name="X" type="float" />
              <param name="Y" type="float" />
              <param name="Z" type="float" />
            </accessor>
          </technique_common>
        </source>
        <source id="ID210">
          <float_array id="ID211" count="12">-1 0 0 -1 0 0 -1 0 0 -1 0 0</float_array>
          <technique_common>
            <accessor count="4" source="#ID211" stride="3">
              <param name="X" type="float" />
              <param name="Y" type="float" />
              <param name="Z" type="float" />
            </accessor>
          </technique_common>
        </source>
        <source id="ID212">
          <float_array id="ID213" count="8">1 0 1 1 0 1 0 0</float_array>
          <technique_common>
            <accessor count="4" source="#ID213" stride="2">
              <param name="S" type="float" />
              <param name="T" type="float" />
            </accessor>
          </technique_common>
        </source>
        <vertices id="ID214">
          <input semantic="POSITION" source="#ID208" />
        </vertices>
        <triangles count="2" material="ID215">
          <input semantic="VERTEX" source="#ID214" offset="0" />
          <input semantic="NORMAL" source="#ID210" offset="1" />
          <input semantic="TEXCOORD" source="#ID212" offset="2" set="0" />
          <p>1 1 1 2 2 2 0 0 0 0 0 0 2 2 2 3 3 3</p>
        </triangles>
      </mesh>
    </geometry>
    <geometry id="ID216">
      <mesh>
        <source id="ID217">
          <float_array id="ID218" count="12">0.0115 0.016 0.149 0.0115 0.034 0.149 0.0055 0.034
            0.143 0.0055 0.016 0.143</float_array>
          <technique_common>
            <accessor count="4" source="#ID218" stride="3">
              <param name="X" type="float" />
              <param name="Y" type="float" />
              <param name="Z" type="float" />
            </accessor>
          </technique_common>
        </source>
        <source id="ID219">
          <float_array id="ID220" count="12">-0.7071068 0 0.7071068 -0.7071068 0 0.7071068
            -0.7071068 0 0.7071068 -0.7071068 0 0.7071068</float_array>
          <technique_common>
            <accessor count="4" source="#ID220" stride="3">
              <param name="X" type="float" />
              <param name="Y" type="float" />
              <param name="Z" type="float" />
            </accessor>
          </technique_common>
        </source>
        <source id="ID221">
          <float_array id="ID222" count="8">0 0 1 0 1 1 0 1</float_array>
          <technique_common>
            <accessor count="4" source="#ID222" stride="2">
              <param name="S" type="float" />
              <param name="T" type="float" />
            </accessor>
          </technique_common>
        </source>
        <vertices id="ID223">
          <input semantic="POSITION" source="#ID217" />
        </vertices>
        <triangles count="2" material="ID224">
          <input semantic="VERTEX" source="#ID223" offset="0" />
          <input semantic="NORMAL" source="#ID219" offset="1" />
          <input semantic="TEXCOORD" source="#ID221" offset="2" set="0" />
          <p>0 0 0 1 1 1 3 3 3 3 3 3 1 1 1 2 2 2</p>
        </triangles>
      </mesh>
    </geometry>
    <geometry id="ID225">
      <mesh>
        <source id="ID226">
          <float_array id="ID227" count="12">0.082 0.016 0.149 0.082 0.034 0.149 0.0115 0.034 0.149
            0.0115 0.016 0.149</float_array>
          <technique_common>
            <accessor count="4" source="#ID227" stride="3">
              <param name="X" type="float" />
              <param name="Y" type="float" />
              <param name="Z" type="float" />
            </accessor>
          </technique_common>
        </source>
        <source id="ID228">
          <float_array id="ID229" count="12">0 0 1 0 0 1 0 0 1 0 0 1</float_array>
          <technique_common>
            <accessor count="4" source="#ID229" stride="3">
              <param name="X" type="float" />
              <param name="Y" type="float" />
              <param name="Z" type="float" />
            </accessor>
          </technique_common>
        </source>
        <source id="ID230">
          <float_array id="ID231" count="8">1 0 1 1 0 1 0 0</float_array>
          <technique_common>
            <accessor count="4" source="#ID231" stride="2">
              <param name="S" type="float" />
              <param name="T" type="float" />
            </accessor>
          </technique_common>
        </source>
        <vertices id="ID232">
          <input semantic="POSITION" source="#ID226" />
        </vertices>
        <triangles count="2" material="ID233">
          <input semantic="VERTEX" source="#ID232" offset="0" />
          <input semantic="NORMAL" source="#ID228" offset="1" />
          <input semantic="TEXCOORD" source="#ID230" offset="2" set="0" />
          <p>1 1 1 2 2 2 0 0 0 0 0 0 2 2 2 3 3 3</p>
        </triangles>
      </mesh>
    </geometry>
    <geometry id="ID234">
      <mesh>
        <source id="ID235">
          <float_array id="ID236" count="12">0.088 0.016 0.143 0.088 0.034 0.143 0.082 0.034 0.149
            0.082 0.016 0.149</float_array>
          <technique_common>
            <accessor count="4" source="#ID236" stride="3">
              <param name="X" type="float" />
              <param name="Y" type="float" />
              <param name="Z" type="float" />
            </accessor>
          </technique_common>
        </source>
        <source id="ID237">
          <float_array id="ID238" count="12">0.7071068 0 0.7071068 0.7071068 0 0.7071068 0.7071068 0
            0.7071068 0.7071068 0 0.7071068</float_array>
          <technique_common>
            <accessor count="4" source="#ID238" stride="3">
              <param name="X" type="float" />
              <param name="Y" type="float" />
              <param name="Z" type="float" />
            </accessor>
          </technique_common>
        </source>
        <source id="ID239">
          <float_array id="ID240" count="8">1 0 1 1 0 1 0 0</float_array>
          <technique_common>
            <accessor count="4" source="#ID240" stride="2">
              <param name="S" type="float" />
              <param name="T" type="float" />
            </accessor>
          </technique_common>
        </source>
        <vertices id="ID241">
          <input semantic="POSITION" source="#ID235" />
        </vertices>
        <triangles count="2" material="ID242">
          <input semantic="VERTEX" source="#ID241" offset="0" />
          <input semantic="NORMAL" source="#ID237" offset="1" />
          <input semantic="TEXCOORD" source="#ID239" offset="2" set="0" />
          <p>1 1 1 2 2 2 0 0 0 0 0 0 2 2 2 3 3 3</p>
        </triangles>
      </mesh>
    </geometry>
    <geometry id="ID243">
      <mesh>
        <source id="ID244">
          <float_array id="ID245" count="12">0.088 0.016 0.061 0.088 0.034 0.061 0.088 0.034 0.143
            0.088 0.016 0.143</float_array>
          <technique_common>
            <accessor count="4" source="#ID245" stride="3">
              <param name="X" type="float" />
              <param name="Y" type="float" />
              <param name="Z" type="float" />
            </accessor>
          </technique_common>
        </source>
        <source id="ID246">
          <float_array id="ID247" count="12">1 0 0 1 0 0 1 0 0 1 0 0</float_array>
          <technique_common>
            <accessor count="4" source="#ID247" stride="3">
              <param name="X" type="float" />
              <param name="Y" type="float" />
              <param name="Z" type="float" />
            </accessor>
          </technique_common>
        </source>
        <source id="ID248">
          <float_array id="ID249" count="8">1 1 0 1 0 0 1 0</float_array>
          <technique_common>
            <accessor count="4" source="#ID249" stride="2">
              <param name="S" type="float" />
              <param name="T" type="float" />
            </accessor>
          </technique_common>
        </source>
        <vertices id="ID250">
          <input semantic="POSITION" source="#ID244" />
        </vertices>
        <triangles count="2" material="ID251">
          <input semantic="VERTEX" source="#ID250" offset="0" />
          <input semantic="NORMAL" source="#ID246" offset="1" />
          <input semantic="TEXCOORD" source="#ID248" offset="2" set="0" />
          <p>0 0 0 1 1 1 3 3 3 3 3 3 1 1 1 2 2 2</p>
        </triangles>
      </mesh>
    </geometry>
    <geometry id="ID252">
      <mesh>
        <source id="ID253">
          <float_array id="ID254" count="12">0.082 0.016 0.055 0.082 0.034 0.055 0.088 0.034 0.061
            0.088 0.016 0.061</float_array>
          <technique_common>
            <accessor count="4" source="#ID254" stride="3">
              <param name="X" type="float" />
              <param name="Y" type="float" />
              <param name="Z" type="float" />
            </accessor>
          </technique_common>
        </source>
        <source id="ID255">
          <float_array id="ID256" count="12">0.7071068 0 -0.7071068 0.7071068 0 -0.7071068 0.7071068
            0 -0.7071068 0.7071068 0 -0.7071068</float_array>
          <technique_common>
            <accessor count="4" source="#ID256" stride="3">
              <param name="X" type="float" />
              <param name="Y" type="float" />
              <param name="Z" type="float" />
            </accessor>
          </technique_common>
        </source>
        <source id="ID257">
          <float_array id="ID258" count="8">1 1 0 1 0 0 1 0</float_array>
          <technique_common>
            <accessor count="4" source="#ID258" stride="2">
              <param name="S" type="float" />
              <param name="T" type="float" />
            </accessor>
          </technique_common>
        </source>
        <vertices id="ID259">
          <input semantic="POSITION" source="#ID253" />
        </vertices>
        <triangles count="2" material="ID260">
          <input semantic="VERTEX" source="#ID259" offset="0" />
          <input semantic="NORMAL" source="#ID255" offset="1" />
          <input semantic="TEXCOORD" source="#ID257" offset="2" set="0" />
          <p>0 0 0 1 1 1 3 3 3 3 3 3 1 1 1 2 2 2</p>
        </triangles>
      </mesh>
    </geometry>
    <geometry id="ID261">
      <mesh>
        <source id="ID262">
          <float_array id="ID263" count="24">0.087 0.035 0.1425858 0.087 0.035 0.0614142 0.0815858
            0.035 0.056 0.0119142 0.035 0.056 0.0065 0.035 0.0614142 0.0065 0.035 0.1425858
            0.0119142 0.035 0.148 0.0815858 0.035 0.148</float_array>
          <technique_common>
            <accessor count="8" source="#ID263" stride="3">
              <param name="X" type="float" />
              <param name="Y" type="float" />
              <param name="Z" type="float" />
            </accessor>
          </technique_common>
        </source>
        <source id="ID264">
          <float_array id="ID265" count="24">0 1 0 0 1 0 0 1 0 0 1 0 0 1 0 0 1 0 0 1 0 0 1 0</float_array>
          <technique_common>
            <accessor count="8" source="#ID265" stride="3">
              <param name="X" type="float" />
              <param name="Y" type="float" />
              <param name="Z" type="float" />
            </accessor>
          </technique_common>
        </source>
        <source id="ID266">
          <float_array id="ID267" count="16">0 0.9411498 0 0.0588502 0.0672573 0 0.9327427 0 1
            0.0588502 1 0.9411498 0.9327427 1 0.0672573 1</float_array>
          <technique_common>
            <accessor count="8" source="#ID267" stride="2">
              <param name="S" type="float" />
              <param name="T" type="float" />
            </accessor>
          </technique_common>
        </source>
        <vertices id="ID268">
          <input semantic="POSITION" source="#ID262" />
        </vertices>
        <triangles count="6" material="ID269">
          <input semantic="VERTEX" source="#ID268" offset="0" />
          <input semantic="NORMAL" source="#ID264" offset="1" />
          <input semantic="TEXCOORD" source="#ID266" offset="2" set="0" />
          <p>2 2 2 3 3 3 1 1 1 1 1 1 3 3 3 4 4 4 0 0 0 4 4 4 5 5 5 7 7 7 5 5 5 6 6 6 7 7 7 0 0 0 5 5
            5 4 4 4 0 0 0 1 1 1</p>
        </triangles>
      </mesh>
    </geometry>
    <geometry id="ID270">
      <mesh>
        <source id="ID271">
          <float_array id="ID272" count="24">0.0119142 0.015 0.056 0.0815858 0.015 0.056 0.087 0.015
            0.0614142 0.087 0.015 0.1425858 0.0815858 0.015 0.148 0.0119142 0.015 0.148 0.0065 0.015
            0.1425858 0.0065 0.015 0.0614142</float_array>
          <technique_common>
            <accessor count="8" source="#ID272" stride="3">
              <param name="X" type="float" />
              <param name="Y" type="float" />
              <param name="Z" type="float" />
            </accessor>
          </technique_common>
        </source>
        <source id="ID273">
          <float_array id="ID274" count="24">0 -1 0 0 -1 0 0 -1 0 0 -1 0 0 -1 0 0 -1 0 0 -1 0 0 -1 0</float_array>
          <technique_common>
            <accessor count="8" source="#ID274" stride="3">
              <param name="X" type="float" />
              <param name="Y" type="float" />
              <param name="Z" type="float" />
            </accessor>
          </technique_common>
        </source>
        <source id="ID275">
          <float_array id="ID276" count="16">0.9327427 0 0.0672573 0 0 0.0588502 0 0.9411498
            0.0672573 1 0.9327427 1 1 0.9411498 1 0.0588502</float_array>
          <technique_common>
            <accessor count="8" source="#ID276" stride="2">
              <param name="S" type="float" />
              <param name="T" type="float" />
            </accessor>
          </technique_common>
        </source>
        <vertices id="ID277">
          <input semantic="POSITION" source="#ID271" />
        </vertices>
        <triangles count="6" material="ID278">
          <input semantic="VERTEX" source="#ID277" offset="0" />
          <input semantic="NORMAL" source="#ID273" offset="1" />
          <input semantic="TEXCOORD" source="#ID275" offset="2" set="0" />
          <p>0 0 0 1 1 1 7 7 7 7 7 7 1 1 1 2 2 2 6 6 6 2 2 2 3 3 3 5 5 5 3 3 3 4 4 4 5 5 5 6 6 6 3 3
            3 6 6 6 7 7 7 2 2 2</p>
        </triangles>
      </mesh>
    </geometry>
    <geometry id="ID279">
      <mesh>
        <source id="ID280">
          <float_array id="ID281" count="12">0.0065 0.035 0.1425858 0.0055 0.034 0.143 0.0115 0.034
            0.149 0.0119142 0.035 0.148</float_array>
          <technique_common>
            <accessor count="4" source="#ID281" stride="3">
              <param name="X" type="float" />
              <param name="Y" type="float" />
              <param name="Z" type="float" />
            </accessor>
          </technique_common>
        </source>
        <source id="ID282">
          <float_array id="ID283" count="12">-0.5 0.7071068 0.5 -0.5 0.7071068 0.5 -0.5 0.7071068
            0.5 -0.5 0.7071068 0.5</float_array>
          <technique_common>
            <accessor count="4" source="#ID283" stride="3">
              <param name="X" type="float" />
              <param name="Y" type="float" />
              <param name="Z" type="float" />
            </accessor>
          </technique_common>
        </source>
        <source id="ID284">
          <float_array id="ID285" count="8">1 0.8440962 0.8425404 1 0 0.0645774 0.2397177 0</float_array>
          <technique_common>
            <accessor count="4" source="#ID285" stride="2">
              <param name="S" type="float" />
              <param name="T" type="float" />
            </accessor>
          </technique_common>
        </source>
        <vertices id="ID286">
          <input semantic="POSITION" source="#ID280" />
        </vertices>
        <triangles count="2" material="ID287">
          <input semantic="VERTEX" source="#ID286" offset="0" />
          <input semantic="NORMAL" source="#ID282" offset="1" />
          <input semantic="TEXCOORD" source="#ID284" offset="2" set="0" />
          <p>1 1 1 2 2 2 0 0 0 0 0 0 2 2 2 3 3 3</p>
        </triangles>
      </mesh>
    </geometry>
    <geometry id="ID288">
      <mesh>
        <source id="ID289">
          <float_array id="ID290" count="12">0.0119142 0.035 0.148 0.0115 0.034 0.149 0.082 0.034
            0.149 0.0815858 0.035 0.148</float_array>
          <technique_common>
            <accessor count="4" source="#ID290" stride="3">
              <param name="X" type="float" />
              <param name="Y" type="float" />
              <param name="Z" type="float" />
            </accessor>
          </technique_common>
        </source>
        <source id="ID291">
          <float_array id="ID292" count="12">0 0.7071068 0.7071068 0 0.7071068 0.7071068 0 0.7071068
            0.7071068 0 0.7071068 0.7071068</float_array>
          <technique_common>
            <accessor count="4" source="#ID292" stride="3">
              <param name="X" type="float" />
              <param name="Y" type="float" />
              <param name="Z" type="float" />
            </accessor>
          </technique_common>
        </source>
        <source id="ID293">
          <float_array id="ID294" count="8">1 0.9941246 0 1 0 0 1 0.0058754</float_array>
          <technique_common>
            <accessor count="4" source="#ID294" stride="2">
              <param name="S" type="float" />
              <param name="T" type="float" />
            </accessor>
          </technique_common>
        </source>
        <vertices id="ID295">
          <input semantic="POSITION" source="#ID289" />
        </vertices>
        <triangles count="2" material="ID296">
          <input semantic="VERTEX" source="#ID295" offset="0" />
          <input semantic="NORMAL" source="#ID291" offset="1" />
          <input semantic="TEXCOORD" source="#ID293" offset="2" set="0" />
          <p>0 0 0 1 1 1 3 3 3 3 3 3 1 1 1 2 2 2</p>
        </triangles>
      </mesh>
    </geometry>
    <geometry id="ID297">
      <mesh>
        <source id="ID298">
          <float_array id="ID299" count="12">0.0055 0.034 0.143 0.0065 0.035 0.1425858 0.0065 0.035
            0.0614142 0.0055 0.034 0.061</float_array>
          <technique_common>
            <accessor count="4" source="#ID299" stride="3">
              <param name="X" type="float" />
              <param name="Y" type="float" />
              <param name="Z" type="float" />
            </accessor>
          </technique_common>
        </source>
        <source id="ID300">
          <float_array id="ID301" count="12">-0.7071068 0.7071068 0 -0.7071068 0.7071068 0
            -0.7071068 0.7071068 0 -0.7071068 0.7071068 0</float_array>
          <technique_common>
            <accessor count="4" source="#ID301" stride="3">
              <param name="X" type="float" />
              <param name="Y" type="float" />
              <param name="Z" type="float" />
            </accessor>
          </technique_common>
        </source>
        <source id="ID302">
          <float_array id="ID303" count="8">0 1 0.0050514 0 0.9949486 0 1 1</float_array>
          <technique_common>
            <accessor count="4" source="#ID303" stride="2">
              <param name="S" type="float" />
              <param name="T" type="float" />
            </accessor>
          </technique_common>
        </source>
        <vertices id="ID304">
          <input semantic="POSITION" source="#ID298" />
        </vertices>
        <triangles count="2" material="ID305">
          <input semantic="VERTEX" source="#ID304" offset="0" />
          <input semantic="NORMAL" source="#ID300" offset="1" />
          <input semantic="TEXCOORD" source="#ID302" offset="2" set="0" />
          <p>1 1 1 2 2 2 0 0 0 0 0 0 2 2 2 3 3 3</p>
        </triangles>
      </mesh>
    </geometry>
    <geometry id="ID306">
      <mesh>
        <source id="ID307">
          <float_array id="ID308" count="12">0.0815858 0.035 0.148 0.082 0.034 0.149 0.088 0.034
            0.143 0.087 0.035 0.1425858</float_array>
          <technique_common>
            <accessor count="4" source="#ID308" stride="3">
              <param name="X" type="float" />
              <param name="Y" type="float" />
              <param name="Z" type="float" />
            </accessor>
          </technique_common>
        </source>
        <source id="ID309">
          <float_array id="ID310" count="12">0.5 0.7071068 0.5 0.5 0.7071068 0.5 0.5 0.7071068 0.5
            0.5 0.7071068 0.5</float_array>
          <technique_common>
            <accessor count="4" source="#ID310" stride="3">
              <param name="X" type="float" />
              <param name="Y" type="float" />
              <param name="Z" type="float" />
            </accessor>
          </technique_common>
        </source>
        <source id="ID311">
          <float_array id="ID312" count="8">1 0.8440962 0.8425404 1 0 0.0645775 0.2397177 0</float_array>
          <technique_common>
            <accessor count="4" source="#ID312" stride="2">
              <param name="S" type="float" />
              <param name="T" type="float" />
            </accessor>
          </technique_common>
        </source>
        <vertices id="ID313">
          <input semantic="POSITION" source="#ID307" />
        </vertices>
        <triangles count="2" material="ID314">
          <input semantic="VERTEX" source="#ID313" offset="0" />
          <input semantic="NORMAL" source="#ID309" offset="1" />
          <input semantic="TEXCOORD" source="#ID311" offset="2" set="0" />
          <p>1 1 1 2 2 2 0 0 0 0 0 0 2 2 2 3 3 3</p>
        </triangles>
      </mesh>
    </geometry>
    <geometry id="ID315">
      <mesh>
        <source id="ID316">
          <float_array id="ID317" count="12">0.0055 0.034 0.061 0.0065 0.035 0.0614142 0.0119142
            0.035 0.056 0.0115 0.034 0.055</float_array>
          <technique_common>
            <accessor count="4" source="#ID317" stride="3">
              <param name="X" type="float" />
              <param name="Y" type="float" />
              <param name="Z" type="float" />
            </accessor>
          </technique_common>
        </source>
        <source id="ID318">
          <float_array id="ID319" count="12">-0.5 0.7071068 -0.5 -0.5 0.7071068 -0.5 -0.5 0.7071068
            -0.5 -0.5 0.7071068 -0.5</float_array>
          <technique_common>
            <accessor count="4" source="#ID319" stride="3">
              <param name="X" type="float" />
              <param name="Y" type="float" />
              <param name="Z" type="float" />
            </accessor>
          </technique_common>
        </source>
        <source id="ID320">
          <float_array id="ID321" count="8">1 0.9354226 0.7602822 1 0 0.1559038 0.1574596 0</float_array>
          <technique_common>
            <accessor count="4" source="#ID321" stride="2">
              <param name="S" type="float" />
              <param name="T" type="float" />
            </accessor>
          </technique_common>
        </source>
        <vertices id="ID322">
          <input semantic="POSITION" source="#ID316" />
        </vertices>
        <triangles count="2" material="ID323">
          <input semantic="VERTEX" source="#ID322" offset="0" />
          <input semantic="NORMAL" source="#ID318" offset="1" />
          <input semantic="TEXCOORD" source="#ID320" offset="2" set="0" />
          <p>1 1 1 2 2 2 0 0 0 0 0 0 2 2 2 3 3 3</p>
        </triangles>
      </mesh>
    </geometry>
    <geometry id="ID324">
      <mesh>
        <source id="ID325">
          <float_array id="ID326" count="12">0.087 0.035 0.1425858 0.088 0.034 0.143 0.088 0.034
            0.061 0.087 0.035 0.0614142</float_array>
          <technique_common>
            <accessor count="4" source="#ID326" stride="3">
              <param name="X" type="float" />
              <param name="Y" type="float" />
              <param name="Z" type="float" />
            </accessor>
          </technique_common>
        </source>
        <source id="ID327">
          <float_array id="ID328" count="12">0.7071068 0.7071068 0 0.7071068 0.7071068 0 0.7071068
            0.7071068 0 0.7071068 0.7071068 0</float_array>
          <technique_common>
            <accessor count="4" source="#ID328" stride="3">
              <param name="X" type="float" />
              <param name="Y" type="float" />
              <param name="Z" type="float" />
            </accessor>
          </technique_common>
        </source>
        <source id="ID329">
          <float_array id="ID330" count="8">0 0.0050514 1 0 1 1 0 0.9949486</float_array>
          <technique_common>
            <accessor count="4" source="#ID330" stride="2">
              <param name="S" type="float" />
              <param name="T" type="float" />
            </accessor>
          </technique_common>
        </source>
        <vertices id="ID331">
          <input semantic="POSITION" source="#ID325" />
        </vertices>
        <triangles count="2" material="ID332">
          <input semantic="VERTEX" source="#ID331" offset="0" />
          <input semantic="NORMAL" source="#ID327" offset="1" />
          <input semantic="TEXCOORD" source="#ID329" offset="2" set="0" />
          <p>1 1 1 2 2 2 0 0 0 0 0 0 2 2 2 3 3 3</p>
        </triangles>
      </mesh>
    </geometry>
    <geometry id="ID333">
      <mesh>
        <source id="ID334">
          <float_array id="ID335" count="12">0.0115 0.034 0.055 0.0119142 0.035 0.056 0.0815858
            0.035 0.056 0.082 0.034 0.055</float_array>
          <technique_common>
            <accessor count="4" source="#ID335" stride="3">
              <param name="X" type="float" />
              <param name="Y" type="float" />
              <param name="Z" type="float" />
            </accessor>
          </technique_common>
        </source>
        <source id="ID336">
          <float_array id="ID337" count="12">0 0.7071068 -0.7071068 0 0.7071068 -0.7071068 0
            0.7071068 -0.7071068 0 0.7071068 -0.7071068</float_array>
          <technique_common>
            <accessor count="4" source="#ID337" stride="3">
              <param name="X" type="float" />
              <param name="Y" type="float" />
              <param name="Z" type="float" />
            </accessor>
          </technique_common>
        </source>
        <source id="ID338">
          <float_array id="ID339" count="8">1 0 0.9941246 1 0.0058754 1 0 0</float_array>
          <technique_common>
            <accessor count="4" source="#ID339" stride="2">
              <param name="S" type="float" />
              <param name="T" type="float" />
            </accessor>
          </technique_common>
        </source>
        <vertices id="ID340">
          <input semantic="POSITION" source="#ID334" />
        </vertices>
        <triangles count="2" material="ID341">
          <input semantic="VERTEX" source="#ID340" offset="0" />
          <input semantic="NORMAL" source="#ID336" offset="1" />
          <input semantic="TEXCOORD" source="#ID338" offset="2" set="0" />
          <p>1 1 1 2 2 2 0 0 0 0 0 0 2 2 2 3 3 3</p>
        </triangles>
      </mesh>
    </geometry>
    <geometry id="ID342">
      <mesh>
        <source id="ID343">
          <float_array id="ID344" count="12">0.087 0.035 0.0614142 0.088 0.034 0.061 0.082 0.034
            0.055 0.0815858 0.035 0.056</float_array>
          <technique_common>
            <accessor count="4" source="#ID344" stride="3">
              <param name="X" type="float" />
              <param name="Y" type="float" />
              <param name="Z" type="float" />
            </accessor>
          </technique_common>
        </source>
        <source id="ID345">
          <float_array id="ID346" count="12">0.5 0.7071068 -0.5 0.5 0.7071068 -0.5 0.5 0.7071068
            -0.5 0.5 0.7071068 -0.5</float_array>
          <technique_common>
            <accessor count="4" source="#ID346" stride="3">
              <param name="X" type="float" />
              <param name="Y" type="float" />
              <param name="Z" type="float" />
            </accessor>
          </technique_common>
        </source>
        <source id="ID347">
          <float_array id="ID348" count="8">0.2397177 1 0 0.9354226 0.8425404 0 1 0.1559038</float_array>
          <technique_common>
            <accessor count="4" source="#ID348" stride="2">
              <param name="S" type="float" />
              <param name="T" type="float" />
            </accessor>
          </technique_common>
        </source>
        <vertices id="ID349">
          <input semantic="POSITION" source="#ID343" />
        </vertices>
        <triangles count="2" material="ID350">
          <input semantic="VERTEX" source="#ID349" offset="0" />
          <input semantic="NORMAL" source="#ID345" offset="1" />
          <input semantic="TEXCOORD" source="#ID347" offset="2" set="0" />
          <p>0 0 0 1 1 1 3 3 3 3 3 3 1 1 1 2 2 2</p>
        </triangles>
      </mesh>
    </geometry>
    <geometry id="ID351">
      <mesh>
        <source id="ID352">
          <float_array id="ID353" count="12">0.0055 0.016 0.143 0.0065 0.015 0.1425858 0.0119142
            0.015 0.148 0.0115 0.016 0.149</float_array>
          <technique_common>
            <accessor count="4" source="#ID353" stride="3">
              <param name="X" type="float" />
              <param name="Y" type="float" />
              <param name="Z" type="float" />
            </accessor>
          </technique_common>
        </source>
        <source id="ID354">
          <float_array id="ID355" count="12">-0.5 -0.7071068 0.5 -0.5 -0.7071068 0.5 -0.5 -0.7071068
            0.5 -0.5 -0.7071068 0.5</float_array>
          <technique_common>
            <accessor count="4" source="#ID355" stride="3">
              <param name="X" type="float" />
              <param name="Y" type="float" />
              <param name="Z" type="float" />
            </accessor>
          </technique_common>
        </source>
        <source id="ID356">
          <float_array id="ID357" count="8">1 0.0645774 0.7602822 0 0 0.8440962 0.1574596 1</float_array>
          <technique_common>
            <accessor count="4" source="#ID357" stride="2">
              <param name="S" type="float" />
              <param name="T" type="float" />
            </accessor>
          </technique_common>
        </source>
        <vertices id="ID358">
          <input semantic="POSITION" source="#ID352" />
        </vertices>
        <triangles count="2" material="ID359">
          <input semantic="VERTEX" source="#ID358" offset="0" />
          <input semantic="NORMAL" source="#ID354" offset="1" />
          <input semantic="TEXCOORD" source="#ID356" offset="2" set="0" />
          <p>1 1 1 2 2 2 0 0 0 0 0 0 2 2 2 3 3 3</p>
        </triangles>
      </mesh>
    </geometry>
    <geometry id="ID360">
      <mesh>
        <source id="ID361">
          <float_array id="ID362" count="12">0.0115 0.016 0.149 0.0119142 0.015 0.148 0.0815858
            0.015 0.148 0.082 0.016 0.149</float_array>
          <technique_common>
            <accessor count="4" source="#ID362" stride="3">
              <param name="X" type="float" />
              <param name="Y" type="float" />
              <param name="Z" type="float" />
            </accessor>
          </technique_common>
        </source>
        <source id="ID363">
          <float_array id="ID364" count="12">0 -0.7071068 0.7071068 0 -0.7071068 0.7071068 0
            -0.7071068 0.7071068 0 -0.7071068 0.7071068</float_array>
          <technique_common>
            <accessor count="4" source="#ID364" stride="3">
              <param name="X" type="float" />
              <param name="Y" type="float" />
              <param name="Z" type="float" />
            </accessor>
          </technique_common>
        </source>
        <source id="ID365">
          <float_array id="ID366" count="8">1 1 0.9941246 0 0.0058754 0 0 1</float_array>
          <technique_common>
            <accessor count="4" source="#ID366" stride="2">
              <param name="S" type="float" />
              <param name="T" type="float" />
            </accessor>
          </technique_common>
        </source>
        <vertices id="ID367">
          <input semantic="POSITION" source="#ID361" />
        </vertices>
        <triangles count="2" material="ID368">
          <input semantic="VERTEX" source="#ID367" offset="0" />
          <input semantic="NORMAL" source="#ID363" offset="1" />
          <input semantic="TEXCOORD" source="#ID365" offset="2" set="0" />
          <p>1 1 1 2 2 2 0 0 0 0 0 0 2 2 2 3 3 3</p>
        </triangles>
      </mesh>
    </geometry>
    <geometry id="ID369">
      <mesh>
        <source id="ID370">
          <float_array id="ID371" count="12">0.0065 0.015 0.1425858 0.0055 0.016 0.143 0.0055 0.016
            0.061 0.0065 0.015 0.0614142</float_array>
          <technique_common>
            <accessor count="4" source="#ID371" stride="3">
              <param name="X" type="float" />
              <param name="Y" type="float" />
              <param name="Z" type="float" />
            </accessor>
          </technique_common>
        </source>
        <source id="ID372">
          <float_array id="ID373" count="12">-0.7071068 -0.7071068 0 -0.7071068 -0.7071068 0
            -0.7071068 -0.7071068 0 -0.7071068 -0.7071068 0</float_array>
          <technique_common>
            <accessor count="4" source="#ID373" stride="3">
              <param name="X" type="float" />
              <param name="Y" type="float" />
              <param name="Z" type="float" />
            </accessor>
          </technique_common>
        </source>
        <source id="ID374">
          <float_array id="ID375" count="8">1 0.0050514 0 0 0 1 1 0.9949486</float_array>
          <technique_common>
            <accessor count="4" source="#ID375" stride="2">
              <param name="S" type="float" />
              <param name="T" type="float" />
            </accessor>
          </technique_common>
        </source>
        <vertices id="ID376">
          <input semantic="POSITION" source="#ID370" />
        </vertices>
        <triangles count="2" material="ID377">
          <input semantic="VERTEX" source="#ID376" offset="0" />
          <input semantic="NORMAL" source="#ID372" offset="1" />
          <input semantic="TEXCOORD" source="#ID374" offset="2" set="0" />
          <p>1 1 1 2 2 2 0 0 0 0 0 0 2 2 2 3 3 3</p>
        </triangles>
      </mesh>
    </geometry>
    <geometry id="ID378">
      <mesh>
        <source id="ID379">
          <float_array id="ID380" count="12">0.082 0.016 0.149 0.0815858 0.015 0.148 0.087 0.015
            0.1425858 0.088 0.016 0.143</float_array>
          <technique_common>
            <accessor count="4" source="#ID380" stride="3">
              <param name="X" type="float" />
              <param name="Y" type="float" />
              <param name="Z" type="float" />
            </accessor>
          </technique_common>
        </source>
        <source id="ID381">
          <float_array id="ID382" count="12">0.5 -0.7071068 0.5 0.5 -0.7071068 0.5 0.5 -0.7071068
            0.5 0.5 -0.7071068 0.5</float_array>
          <technique_common>
            <accessor count="4" source="#ID382" stride="3">
              <param name="X" type="float" />
              <param name="Y" type="float" />
              <param name="Z" type="float" />
            </accessor>
          </technique_common>
        </source>
        <source id="ID383">
          <float_array id="ID384" count="8">0.8425404 1 1 0.8440962 0.2397177 0 0 0.0645774</float_array>
          <technique_common>
            <accessor count="4" source="#ID384" stride="2">
              <param name="S" type="float" />
              <param name="T" type="float" />
            </accessor>
          </technique_common>
        </source>
        <vertices id="ID385">
          <input semantic="POSITION" source="#ID379" />
        </vertices>
        <triangles count="2" material="ID386">
          <input semantic="VERTEX" source="#ID385" offset="0" />
          <input semantic="NORMAL" source="#ID381" offset="1" />
          <input semantic="TEXCOORD" source="#ID383" offset="2" set="0" />
          <p>0 0 0 1 1 1 3 3 3 3 3 3 1 1 1 2 2 2</p>
        </triangles>
      </mesh>
    </geometry>
    <geometry id="ID387">
      <mesh>
        <source id="ID388">
          <float_array id="ID389" count="12">0.0065 0.015 0.0614142 0.0055 0.016 0.061 0.0115 0.016
            0.055 0.0119142 0.015 0.056</float_array>
          <technique_common>
            <accessor count="4" source="#ID389" stride="3">
              <param name="X" type="float" />
              <param name="Y" type="float" />
              <param name="Z" type="float" />
            </accessor>
          </technique_common>
        </source>
        <source id="ID390">
          <float_array id="ID391" count="12">-0.5 -0.7071068 -0.5 -0.5 -0.7071068 -0.5 -0.5
            -0.7071068 -0.5 -0.5 -0.7071068 -0.5</float_array>
          <technique_common>
            <accessor count="4" source="#ID391" stride="3">
              <param name="X" type="float" />
              <param name="Y" type="float" />
              <param name="Z" type="float" />
            </accessor>
          </technique_common>
        </source>
        <source id="ID392">
          <float_array id="ID393" count="8">0.7602822 1 1 0.9354225 0.1574596 0 0 0.1559037</float_array>
          <technique_common>
            <accessor count="4" source="#ID393" stride="2">
              <param name="S" type="float" />
              <param name="T" type="float" />
            </accessor>
          </technique_common>
        </source>
        <vertices id="ID394">
          <input semantic="POSITION" source="#ID388" />
        </vertices>
        <triangles count="2" material="ID395">
          <input semantic="VERTEX" source="#ID394" offset="0" />
          <input semantic="NORMAL" source="#ID390" offset="1" />
          <input semantic="TEXCOORD" source="#ID392" offset="2" set="0" />
          <p>0 0 0 1 1 1 3 3 3 3 3 3 1 1 1 2 2 2</p>
        </triangles>
      </mesh>
    </geometry>
    <geometry id="ID396">
      <mesh>
        <source id="ID397">
          <float_array id="ID398" count="12">0.088 0.016 0.143 0.087 0.015 0.1425858 0.087 0.015
            0.0614142 0.088 0.016 0.061</float_array>
          <technique_common>
            <accessor count="4" source="#ID398" stride="3">
              <param name="X" type="float" />
              <param name="Y" type="float" />
              <param name="Z" type="float" />
            </accessor>
          </technique_common>
        </source>
        <source id="ID399">
          <float_array id="ID400" count="12">0.7071068 -0.7071068 0 0.7071068 -0.7071068 0 0.7071068
            -0.7071068 0 0.7071068 -0.7071068 0</float_array>
          <technique_common>
            <accessor count="4" source="#ID400" stride="3">
              <param name="X" type="float" />
              <param name="Y" type="float" />
              <param name="Z" type="float" />
            </accessor>
          </technique_common>
        </source>
        <source id="ID401">
          <float_array id="ID402" count="8">0 0 0.0050514 1 0.9949486 1 1 0</float_array>
          <technique_common>
            <accessor count="4" source="#ID402" stride="2">
              <param name="S" type="float" />
              <param name="T" type="float" />
            </accessor>
          </technique_common>
        </source>
        <vertices id="ID403">
          <input semantic="POSITION" source="#ID397" />
        </vertices>
        <triangles count="2" material="ID404">
          <input semantic="VERTEX" source="#ID403" offset="0" />
          <input semantic="NORMAL" source="#ID399" offset="1" />
          <input semantic="TEXCOORD" source="#ID401" offset="2" set="0" />
          <p>1 1 1 2 2 2 0 0 0 0 0 0 2 2 2 3 3 3</p>
        </triangles>
      </mesh>
    </geometry>
    <geometry id="ID405">
      <mesh>
        <source id="ID406">
          <float_array id="ID407" count="12">0.0119142 0.015 0.056 0.0115 0.016 0.055 0.082 0.016
            0.055 0.0815858 0.015 0.056</float_array>
          <technique_common>
            <accessor count="4" source="#ID407" stride="3">
              <param name="X" type="float" />
              <param name="Y" type="float" />
              <param name="Z" type="float" />
            </accessor>
          </technique_common>
        </source>
        <source id="ID408">
          <float_array id="ID409" count="12">0 -0.7071068 -0.7071068 0 -0.7071068 -0.7071068 0
            -0.7071068 -0.7071068 0 -0.7071068 -0.7071068</float_array>
          <technique_common>
            <accessor count="4" source="#ID409" stride="3">
              <param name="X" type="float" />
              <param name="Y" type="float" />
              <param name="Z" type="float" />
            </accessor>
          </technique_common>
        </source>
        <source id="ID410">
          <float_array id="ID411" count="8">0 0.9941246 1 1 1 0 0 0.0058754</float_array>
          <technique_common>
            <accessor count="4" source="#ID411" stride="2">
              <param name="S" type="float" />
              <param name="T" type="float" />
            </accessor>
          </technique_common>
        </source>
        <vertices id="ID412">
          <input semantic="POSITION" source="#ID406" />
        </vertices>
        <triangles count="2" material="ID413">
          <input semantic="VERTEX" source="#ID412" offset="0" />
          <input semantic="NORMAL" source="#ID408" offset="1" />
          <input semantic="TEXCOORD" source="#ID410" offset="2" set="0" />
          <p>0 0 0 1 1 1 3 3 3 3 3 3 1 1 1 2 2 2</p>
        </triangles>
      </mesh>
    </geometry>
    <geometry id="ID414">
      <mesh>
        <source id="ID415">
          <float_array id="ID416" count="12">0.088 0.016 0.061 0.087 0.015 0.0614142 0.0815858 0.015
            0.056 0.082 0.016 0.055</float_array>
          <technique_common>
            <accessor count="4" source="#ID416" stride="3">
              <param name="X" type="float" />
              <param name="Y" type="float" />
              <param name="Z" type="float" />
            </accessor>
          </technique_common>
        </source>
        <source id="ID417">
          <float_array id="ID418" count="12">0.5 -0.7071068 -0.5 0.5 -0.7071068 -0.5 0.5 -0.7071068
            -0.5 0.5 -0.7071068 -0.5</float_array>
          <technique_common>
            <accessor count="4" source="#ID418" stride="3">
              <param name="X" type="float" />
              <param name="Y" type="float" />
              <param name="Z" type="float" />
            </accessor>
          </technique_common>
        </source>
        <source id="ID419">
          <float_array id="ID420" count="8">0.1574596 0 0 0.1559037 0.7602822 1 1 0.9354225</float_array>
          <technique_common>
            <accessor count="4" source="#ID420" stride="2">
              <param name="S" type="float" />
              <param name="T" type="float" />
            </accessor>
          </technique_common>
        </source>
        <vertices id="ID421">
          <input semantic="POSITION" source="#ID415" />
        </vertices>
        <triangles count="2" material="ID422">
          <input semantic="VERTEX" source="#ID421" offset="0" />
          <input semantic="NORMAL" source="#ID417" offset="1" />
          <input semantic="TEXCOORD" source="#ID419" offset="2" set="0" />
          <p>0 0 0 1 1 1 3 3 3 3 3 3 1 1 1 2 2 2</p>
        </triangles>
      </mesh>
    </geometry>
    <geometry id="ID423">
      <mesh>
        <source id="ID424">
          <float_array id="ID425" count="12">0.0115 -0.034 0.055 0.0115 -0.016 0.055 0.082 -0.016
            0.055 0.082 -0.034 0.055</float_array>
          <technique_common>
            <accessor count="4" source="#ID425" stride="3">
              <param name="X" type="float" />
              <param name="Y" type="float" />
              <param name="Z" type="float" />
            </accessor>
          </technique_common>
        </source>
        <source id="ID426">
          <float_array id="ID427" count="12">0 0 -1 0 0 -1 0 0 -1 0 0 -1</float_array>
          <technique_common>
            <accessor count="4" source="#ID427" stride="3">
              <param name="X" type="float" />
              <param name="Y" type="float" />
              <param name="Z" type="float" />
            </accessor>
          </technique_common>
        </source>
        <source id="ID428">
          <float_array id="ID429" count="8">0 1 0 0 1 0 1 1</float_array>
          <technique_common>
            <accessor count="4" source="#ID429" stride="2">
              <param name="S" type="float" />
              <param name="T" type="float" />
            </accessor>
          </technique_common>
        </source>
        <vertices id="ID430">
          <input semantic="POSITION" source="#ID424" />
        </vertices>
        <triangles count="2" material="ID431">
          <input semantic="VERTEX" source="#ID430" offset="0" />
          <input semantic="NORMAL" source="#ID426" offset="1" />
          <input semantic="TEXCOORD" source="#ID428" offset="2" set="0" />
          <p>1 1 1 2 2 2 0 0 0 0 0 0 2 2 2 3 3 3</p>
        </triangles>
      </mesh>
    </geometry>
    <geometry id="ID432">
      <mesh>
        <source id="ID433">
          <float_array id="ID434" count="12">0.0055 -0.034 0.061 0.0055 -0.016 0.061 0.0115 -0.016
            0.055 0.0115 -0.034 0.055</float_array>
          <technique_common>
            <accessor count="4" source="#ID434" stride="3">
              <param name="X" type="float" />
              <param name="Y" type="float" />
              <param name="Z" type="float" />
            </accessor>
          </technique_common>
        </source>
        <source id="ID435">
          <float_array id="ID436" count="12">-0.7071068 0 -0.7071068 -0.7071068 0 -0.7071068
            -0.7071068 0 -0.7071068 -0.7071068 0 -0.7071068</float_array>
          <technique_common>
            <accessor count="4" source="#ID436" stride="3">
              <param name="X" type="float" />
              <param name="Y" type="float" />
              <param name="Z" type="float" />
            </accessor>
          </technique_common>
        </source>
        <source id="ID437">
          <float_array id="ID438" count="8">1 1 0 1 0 0 1 0</float_array>
          <technique_common>
            <accessor count="4" source="#ID438" stride="2">
              <param name="S" type="float" />
              <param name="T" type="float" />
            </accessor>
          </technique_common>
        </source>
        <vertices id="ID439">
          <input semantic="POSITION" source="#ID433" />
        </vertices>
        <triangles count="2" material="ID440">
          <input semantic="VERTEX" source="#ID439" offset="0" />
          <input semantic="NORMAL" source="#ID435" offset="1" />
          <input semantic="TEXCOORD" source="#ID437" offset="2" set="0" />
          <p>0 0 0 1 1 1 3 3 3 3 3 3 1 1 1 2 2 2</p>
        </triangles>
      </mesh>
    </geometry>
    <geometry id="ID441">
      <mesh>
        <source id="ID442">
          <float_array id="ID443" count="12">0.0055 -0.034 0.143 0.0055 -0.016 0.143 0.0055 -0.016
            0.061 0.0055 -0.034 0.061</float_array>
          <technique_common>
            <accessor count="4" source="#ID443" stride="3">
              <param name="X" type="float" />
              <param name="Y" type="float" />
              <param name="Z" type="float" />
            </accessor>
          </technique_common>
        </source>
        <source id="ID444">
          <float_array id="ID445" count="12">-1 0 0 -1 0 0 -1 0 0 -1 0 0</float_array>
          <technique_common>
            <accessor count="4" source="#ID445" stride="3">
              <param name="X" type="float" />
              <param name="Y" type="float" />
              <param name="Z" type="float" />
            </accessor>
          </technique_common>
        </source>
        <source id="ID446">
          <float_array id="ID447" count="8">1 0 1 1 0 1 0 0</float_array>
          <technique_common>
            <accessor count="4" source="#ID447" stride="2">
              <param name="S" type="float" />
              <param name="T" type="float" />
            </accessor>
          </technique_common>
        </source>
        <vertices id="ID448">
          <input semantic="POSITION" source="#ID442" />
        </vertices>
        <triangles count="2" material="ID449">
          <input semantic="VERTEX" source="#ID448" offset="0" />
          <input semantic="NORMAL" source="#ID444" offset="1" />
          <input semantic="TEXCOORD" source="#ID446" offset="2" set="0" />
          <p>1 1 1 2 2 2 0 0 0 0 0 0 2 2 2 3 3 3</p>
        </triangles>
      </mesh>
    </geometry>
    <geometry id="ID450">
      <mesh>
        <source id="ID451">
          <float_array id="ID452" count="12">0.0115 -0.034 0.149 0.0115 -0.016 0.149 0.0055 -0.016
            0.143 0.0055 -0.034 0.143</float_array>
          <technique_common>
            <accessor count="4" source="#ID452" stride="3">
              <param name="X" type="float" />
              <param name="Y" type="float" />
              <param name="Z" type="float" />
            </accessor>
          </technique_common>
        </source>
        <source id="ID453">
          <float_array id="ID454" count="12">-0.7071068 0 0.7071068 -0.7071068 0 0.7071068
            -0.7071068 0 0.7071068 -0.7071068 0 0.7071068</float_array>
          <technique_common>
            <accessor count="4" source="#ID454" stride="3">
              <param name="X" type="float" />
              <param name="Y" type="float" />
              <param name="Z" type="float" />
            </accessor>
          </technique_common>
        </source>
        <source id="ID455">
          <float_array id="ID456" count="8">0 0 1 0 1 1 0 1</float_array>
          <technique_common>
            <accessor count="4" source="#ID456" stride="2">
              <param name="S" type="float" />
              <param name="T" type="float" />
            </accessor>
          </technique_common>
        </source>
        <vertices id="ID457">
          <input semantic="POSITION" source="#ID451" />
        </vertices>
        <triangles count="2" material="ID458">
          <input semantic="VERTEX" source="#ID457" offset="0" />
          <input semantic="NORMAL" source="#ID453" offset="1" />
          <input semantic="TEXCOORD" source="#ID455" offset="2" set="0" />
          <p>0 0 0 1 1 1 3 3 3 3 3 3 1 1 1 2 2 2</p>
        </triangles>
      </mesh>
    </geometry>
    <geometry id="ID459">
      <mesh>
        <source id="ID460">
          <float_array id="ID461" count="12">0.082 -0.034 0.149 0.082 -0.016 0.149 0.0115 -0.016
            0.149 0.0115 -0.034 0.149</float_array>
          <technique_common>
            <accessor count="4" source="#ID461" stride="3">
              <param name="X" type="float" />
              <param name="Y" type="float" />
              <param name="Z" type="float" />
            </accessor>
          </technique_common>
        </source>
        <source id="ID462">
          <float_array id="ID463" count="12">0 0 1 0 0 1 0 0 1 0 0 1</float_array>
          <technique_common>
            <accessor count="4" source="#ID463" stride="3">
              <param name="X" type="float" />
              <param name="Y" type="float" />
              <param name="Z" type="float" />
            </accessor>
          </technique_common>
        </source>
        <source id="ID464">
          <float_array id="ID465" count="8">1 0 1 1 0 1 0 0</float_array>
          <technique_common>
            <accessor count="4" source="#ID465" stride="2">
              <param name="S" type="float" />
              <param name="T" type="float" />
            </accessor>
          </technique_common>
        </source>
        <vertices id="ID466">
          <input semantic="POSITION" source="#ID460" />
        </vertices>
        <triangles count="2" material="ID467">
          <input semantic="VERTEX" source="#ID466" offset="0" />
          <input semantic="NORMAL" source="#ID462" offset="1" />
          <input semantic="TEXCOORD" source="#ID464" offset="2" set="0" />
          <p>1 1 1 2 2 2 0 0 0 0 0 0 2 2 2 3 3 3</p>
        </triangles>
      </mesh>
    </geometry>
    <geometry id="ID468">
      <mesh>
        <source id="ID469">
          <float_array id="ID470" count="12">0.088 -0.034 0.143 0.088 -0.016 0.143 0.082 -0.016
            0.149 0.082 -0.034 0.149</float_array>
          <technique_common>
            <accessor count="4" source="#ID470" stride="3">
              <param name="X" type="float" />
              <param name="Y" type="float" />
              <param name="Z" type="float" />
            </accessor>
          </technique_common>
        </source>
        <source id="ID471">
          <float_array id="ID472" count="12">0.7071068 0 0.7071068 0.7071068 0 0.7071068 0.7071068 0
            0.7071068 0.7071068 0 0.7071068</float_array>
          <technique_common>
            <accessor count="4" source="#ID472" stride="3">
              <param name="X" type="float" />
              <param name="Y" type="float" />
              <param name="Z" type="float" />
            </accessor>
          </technique_common>
        </source>
        <source id="ID473">
          <float_array id="ID474" count="8">1 0 1 1 0 1 0 0</float_array>
          <technique_common>
            <accessor count="4" source="#ID474" stride="2">
              <param name="S" type="float" />
              <param name="T" type="float" />
            </accessor>
          </technique_common>
        </source>
        <vertices id="ID475">
          <input semantic="POSITION" source="#ID469" />
        </vertices>
        <triangles count="2" material="ID476">
          <input semantic="VERTEX" source="#ID475" offset="0" />
          <input semantic="NORMAL" source="#ID471" offset="1" />
          <input semantic="TEXCOORD" source="#ID473" offset="2" set="0" />
          <p>1 1 1 2 2 2 0 0 0 0 0 0 2 2 2 3 3 3</p>
        </triangles>
      </mesh>
    </geometry>
    <geometry id="ID477">
      <mesh>
        <source id="ID478">
          <float_array id="ID479" count="12">0.088 -0.034 0.061 0.088 -0.016 0.061 0.088 -0.016
            0.143 0.088 -0.034 0.143</float_array>
          <technique_common>
            <accessor count="4" source="#ID479" stride="3">
              <param name="X" type="float" />
              <param name="Y" type="float" />
              <param name="Z" type="float" />
            </accessor>
          </technique_common>
        </source>
        <source id="ID480">
          <float_array id="ID481" count="12">1 0 0 1 0 0 1 0 0 1 0 0</float_array>
          <technique_common>
            <accessor count="4" source="#ID481" stride="3">
              <param name="X" type="float" />
              <param name="Y" type="float" />
              <param name="Z" type="float" />
            </accessor>
          </technique_common>
        </source>
        <source id="ID482">
          <float_array id="ID483" count="8">1 1 0 1 0 0 1 0</float_array>
          <technique_common>
            <accessor count="4" source="#ID483" stride="2">
              <param name="S" type="float" />
              <param name="T" type="float" />
            </accessor>
          </technique_common>
        </source>
        <vertices id="ID484">
          <input semantic="POSITION" source="#ID478" />
        </vertices>
        <triangles count="2" material="ID485">
          <input semantic="VERTEX" source="#ID484" offset="0" />
          <input semantic="NORMAL" source="#ID480" offset="1" />
          <input semantic="TEXCOORD" source="#ID482" offset="2" set="0" />
          <p>0 0 0 1 1 1 3 3 3 3 3 3 1 1 1 2 2 2</p>
        </triangles>
      </mesh>
    </geometry>
    <geometry id="ID486">
      <mesh>
        <source id="ID487">
          <float_array id="ID488" count="12">0.082 -0.034 0.055 0.082 -0.016 0.055 0.088 -0.016
            0.061 0.088 -0.034 0.061</float_array>
          <technique_common>
            <accessor count="4" source="#ID488" stride="3">
              <param name="X" type="float" />
              <param name="Y" type="float" />
              <param name="Z" type="float" />
            </accessor>
          </technique_common>
        </source>
        <source id="ID489">
          <float_array id="ID490" count="12">0.7071068 0 -0.7071068 0.7071068 0 -0.7071068 0.7071068
            0 -0.7071068 0.7071068 0 -0.7071068</float_array>
          <technique_common>
            <accessor count="4" source="#ID490" stride="3">
              <param name="X" type="float" />
              <param name="Y" type="float" />
              <param name="Z" type="float" />
            </accessor>
          </technique_common>
        </source>
        <source id="ID491">
          <float_array id="ID492" count="8">1 1 0 1 0 0 1 0</float_array>
          <technique_common>
            <accessor count="4" source="#ID492" stride="2">
              <param name="S" type="float" />
              <param name="T" type="float" />
            </accessor>
          </technique_common>
        </source>
        <vertices id="ID493">
          <input semantic="POSITION" source="#ID487" />
        </vertices>
        <triangles count="2" material="ID494">
          <input semantic="VERTEX" source="#ID493" offset="0" />
          <input semantic="NORMAL" source="#ID489" offset="1" />
          <input semantic="TEXCOORD" source="#ID491" offset="2" set="0" />
          <p>0 0 0 1 1 1 3 3 3 3 3 3 1 1 1 2 2 2</p>
        </triangles>
      </mesh>
    </geometry>
    <geometry id="ID495">
      <mesh>
        <source id="ID496">
          <float_array id="ID497" count="24">0.087 -0.015 0.1425858 0.087 -0.015 0.0614142 0.0815858
            -0.015 0.056 0.0119142 -0.015 0.056 0.0065 -0.015 0.0614142 0.0065 -0.015 0.1425858
            0.0119142 -0.015 0.148 0.0815858 -0.015 0.148</float_array>
          <technique_common>
            <accessor count="8" source="#ID497" stride="3">
              <param name="X" type="float" />
              <param name="Y" type="float" />
              <param name="Z" type="float" />
            </accessor>
          </technique_common>
        </source>
        <source id="ID498">
          <float_array id="ID499" count="24">0 1 0 0 1 0 0 1 0 0 1 0 0 1 0 0 1 0 0 1 0 0 1 0</float_array>
          <technique_common>
            <accessor count="8" source="#ID499" stride="3">
              <param name="X" type="float" />
              <param name="Y" type="float" />
              <param name="Z" type="float" />
            </accessor>
          </technique_common>
        </source>
        <source id="ID500">
          <float_array id="ID501" count="16">0 0.9411498 0 0.0588502 0.0672573 0 0.9327427 0 1
            0.0588502 1 0.9411498 0.9327427 1 0.0672573 1</float_array>
          <technique_common>
            <accessor count="8" source="#ID501" stride="2">
              <param name="S" type="float" />
              <param name="T" type="float" />
            </accessor>
          </technique_common>
        </source>
        <vertices id="ID502">
          <input semantic="POSITION" source="#ID496" />
        </vertices>
        <triangles count="6" material="ID503">
          <input semantic="VERTEX" source="#ID502" offset="0" />
          <input semantic="NORMAL" source="#ID498" offset="1" />
          <input semantic="TEXCOORD" source="#ID500" offset="2" set="0" />
          <p>2 2 2 3 3 3 1 1 1 1 1 1 3 3 3 4 4 4 0 0 0 4 4 4 5 5 5 7 7 7 5 5 5 6 6 6 7 7 7 0 0 0 5 5
            5 4 4 4 0 0 0 1 1 1</p>
        </triangles>
      </mesh>
    </geometry>
    <geometry id="ID504">
      <mesh>
        <source id="ID505">
          <float_array id="ID506" count="24">0.0119142 -0.035 0.056 0.0815858 -0.035 0.056 0.087
            -0.035 0.0614142 0.087 -0.035 0.1425858 0.0815858 -0.035 0.148 0.0119142 -0.035 0.148
            0.0065 -0.035 0.1425858 0.0065 -0.035 0.0614142</float_array>
          <technique_common>
            <accessor count="8" source="#ID506" stride="3">
              <param name="X" type="float" />
              <param name="Y" type="float" />
              <param name="Z" type="float" />
            </accessor>
          </technique_common>
        </source>
        <source id="ID507">
          <float_array id="ID508" count="24">0 -1 0 0 -1 0 0 -1 0 0 -1 0 0 -1 0 0 -1 0 0 -1 0 0 -1 0</float_array>
          <technique_common>
            <accessor count="8" source="#ID508" stride="3">
              <param name="X" type="float" />
              <param name="Y" type="float" />
              <param name="Z" type="float" />
            </accessor>
          </technique_common>
        </source>
        <source id="ID509">
          <float_array id="ID510" count="16">0.9327427 0 0.0672573 0 0 0.0588502 0 0.9411498
            0.0672573 1 0.9327427 1 1 0.9411498 1 0.0588502</float_array>
          <technique_common>
            <accessor count="8" source="#ID510" stride="2">
              <param name="S" type="float" />
              <param name="T" type="float" />
            </accessor>
          </technique_common>
        </source>
        <vertices id="ID511">
          <input semantic="POSITION" source="#ID505" />
        </vertices>
        <triangles count="6" material="ID512">
          <input semantic="VERTEX" source="#ID511" offset="0" />
          <input semantic="NORMAL" source="#ID507" offset="1" />
          <input semantic="TEXCOORD" source="#ID509" offset="2" set="0" />
          <p>0 0 0 1 1 1 7 7 7 7 7 7 1 1 1 2 2 2 6 6 6 2 2 2 3 3 3 5 5 5 3 3 3 4 4 4 5 5 5 6 6 6 3 3
            3 6 6 6 7 7 7 2 2 2</p>
        </triangles>
      </mesh>
    </geometry>
    <geometry id="ID513">
      <mesh>
        <source id="ID514">
          <float_array id="ID515" count="12">0.0065 -0.015 0.1425858 0.0055 -0.016 0.143 0.0115
            -0.016 0.149 0.0119142 -0.015 0.148</float_array>
          <technique_common>
            <accessor count="4" source="#ID515" stride="3">
              <param name="X" type="float" />
              <param name="Y" type="float" />
              <param name="Z" type="float" />
            </accessor>
          </technique_common>
        </source>
        <source id="ID516">
          <float_array id="ID517" count="12">-0.5 0.7071068 0.5 -0.5 0.7071068 0.5 -0.5 0.7071068
            0.5 -0.5 0.7071068 0.5</float_array>
          <technique_common>
            <accessor count="4" source="#ID517" stride="3">
              <param name="X" type="float" />
              <param name="Y" type="float" />
              <param name="Z" type="float" />
            </accessor>
          </technique_common>
        </source>
        <source id="ID518">
          <float_array id="ID519" count="8">1 0.8440962 0.8425404 1 0 0.0645774 0.2397177 0</float_array>
          <technique_common>
            <accessor count="4" source="#ID519" stride="2">
              <param name="S" type="float" />
              <param name="T" type="float" />
            </accessor>
          </technique_common>
        </source>
        <vertices id="ID520">
          <input semantic="POSITION" source="#ID514" />
        </vertices>
        <triangles count="2" material="ID521">
          <input semantic="VERTEX" source="#ID520" offset="0" />
          <input semantic="NORMAL" source="#ID516" offset="1" />
          <input semantic="TEXCOORD" source="#ID518" offset="2" set="0" />
          <p>1 1 1 2 2 2 0 0 0 0 0 0 2 2 2 3 3 3</p>
        </triangles>
      </mesh>
    </geometry>
    <geometry id="ID522">
      <mesh>
        <source id="ID523">
          <float_array id="ID524" count="12">0.0119142 -0.015 0.148 0.0115 -0.016 0.149 0.082 -0.016
            0.149 0.0815858 -0.015 0.148</float_array>
          <technique_common>
            <accessor count="4" source="#ID524" stride="3">
              <param name="X" type="float" />
              <param name="Y" type="float" />
              <param name="Z" type="float" />
            </accessor>
          </technique_common>
        </source>
        <source id="ID525">
          <float_array id="ID526" count="12">0 0.7071068 0.7071068 0 0.7071068 0.7071068 0 0.7071068
            0.7071068 0 0.7071068 0.7071068</float_array>
          <technique_common>
            <accessor count="4" source="#ID526" stride="3">
              <param name="X" type="float" />
              <param name="Y" type="float" />
              <param name="Z" type="float" />
            </accessor>
          </technique_common>
        </source>
        <source id="ID527">
          <float_array id="ID528" count="8">1 0.9941246 0 1 0 0 1 0.0058754</float_array>
          <technique_common>
            <accessor count="4" source="#ID528" stride="2">
              <param name="S" type="float" />
              <param name="T" type="float" />
            </accessor>
          </technique_common>
        </source>
        <vertices id="ID529">
          <input semantic="POSITION" source="#ID523" />
        </vertices>
        <triangles count="2" material="ID530">
          <input semantic="VERTEX" source="#ID529" offset="0" />
          <input semantic="NORMAL" source="#ID525" offset="1" />
          <input semantic="TEXCOORD" source="#ID527" offset="2" set="0" />
          <p>0 0 0 1 1 1 3 3 3 3 3 3 1 1 1 2 2 2</p>
        </triangles>
      </mesh>
    </geometry>
    <geometry id="ID531">
      <mesh>
        <source id="ID532">
          <float_array id="ID533" count="12">0.0055 -0.016 0.143 0.0065 -0.015 0.1425858 0.0065
            -0.015 0.0614142 0.0055 -0.016 0.061</float_array>
          <technique_common>
            <accessor count="4" source="#ID533" stride="3">
              <param name="X" type="float" />
              <param name="Y" type="float" />
              <param name="Z" type="float" />
            </accessor>
          </technique_common>
        </source>
        <source id="ID534">
          <float_array id="ID535" count="12">-0.7071068 0.7071068 0 -0.7071068 0.7071068 0
            -0.7071068 0.7071068 0 -0.7071068 0.7071068 0</float_array>
          <technique_common>
            <accessor count="4" source="#ID535" stride="3">
              <param name="X" type="float" />
              <param name="Y" type="float" />
              <param name="Z" type="float" />
            </accessor>
          </technique_common>
        </source>
        <source id="ID536">
          <float_array id="ID537" count="8">0 1 0.0050514 0 0.9949486 0 1 1</float_array>
          <technique_common>
            <accessor count="4" source="#ID537" stride="2">
              <param name="S" type="float" />
              <param name="T" type="float" />
            </accessor>
          </technique_common>
        </source>
        <vertices id="ID538">
          <input semantic="POSITION" source="#ID532" />
        </vertices>
        <triangles count="2" material="ID539">
          <input semantic="VERTEX" source="#ID538" offset="0" />
          <input semantic="NORMAL" source="#ID534" offset="1" />
          <input semantic="TEXCOORD" source="#ID536" offset="2" set="0" />
          <p>1 1 1 2 2 2 0 0 0 0 0 0 2 2 2 3 3 3</p>
        </triangles>
      </mesh>
    </geometry>
    <geometry id="ID540">
      <mesh>
        <source id="ID541">
          <float_array id="ID542" count="12">0.0815858 -0.015 0.148 0.082 -0.016 0.149 0.088 -0.016
            0.143 0.087 -0.015 0.1425858</float_array>
          <technique_common>
            <accessor count="4" source="#ID542" stride="3">
              <param name="X" type="float" />
              <param name="Y" type="float" />
              <param name="Z" type="float" />
            </accessor>
          </technique_common>
        </source>
        <source id="ID543">
          <float_array id="ID544" count="12">0.5 0.7071068 0.5 0.5 0.7071068 0.5 0.5 0.7071068 0.5
            0.5 0.7071068 0.5</float_array>
          <technique_common>
            <accessor count="4" source="#ID544" stride="3">
              <param name="X" type="float" />
              <param name="Y" type="float" />
              <param name="Z" type="float" />
            </accessor>
          </technique_common>
        </source>
        <source id="ID545">
          <float_array id="ID546" count="8">1 0.8440962 0.8425404 1 0 0.0645775 0.2397177 0</float_array>
          <technique_common>
            <accessor count="4" source="#ID546" stride="2">
              <param name="S" type="float" />
              <param name="T" type="float" />
            </accessor>
          </technique_common>
        </source>
        <vertices id="ID547">
          <input semantic="POSITION" source="#ID541" />
        </vertices>
        <triangles count="2" material="ID548">
          <input semantic="VERTEX" source="#ID547" offset="0" />
          <input semantic="NORMAL" source="#ID543" offset="1" />
          <input semantic="TEXCOORD" source="#ID545" offset="2" set="0" />
          <p>1 1 1 2 2 2 0 0 0 0 0 0 2 2 2 3 3 3</p>
        </triangles>
      </mesh>
    </geometry>
    <geometry id="ID549">
      <mesh>
        <source id="ID550">
          <float_array id="ID551" count="12">0.0055 -0.016 0.061 0.0065 -0.015 0.0614142 0.0119142
            -0.015 0.056 0.0115 -0.016 0.055</float_array>
          <technique_common>
            <accessor count="4" source="#ID551" stride="3">
              <param name="X" type="float" />
              <param name="Y" type="float" />
              <param name="Z" type="float" />
            </accessor>
          </technique_common>
        </source>
        <source id="ID552">
          <float_array id="ID553" count="12">-0.5 0.7071068 -0.5 -0.5 0.7071068 -0.5 -0.5 0.7071068
            -0.5 -0.5 0.7071068 -0.5</float_array>
          <technique_common>
            <accessor count="4" source="#ID553" stride="3">
              <param name="X" type="float" />
              <param name="Y" type="float" />
              <param name="Z" type="float" />
            </accessor>
          </technique_common>
        </source>
        <source id="ID554">
          <float_array id="ID555" count="8">1 0.9354226 0.7602822 1 0 0.1559038 0.1574596 0</float_array>
          <technique_common>
            <accessor count="4" source="#ID555" stride="2">
              <param name="S" type="float" />
              <param name="T" type="float" />
            </accessor>
          </technique_common>
        </source>
        <vertices id="ID556">
          <input semantic="POSITION" source="#ID550" />
        </vertices>
        <triangles count="2" material="ID557">
          <input semantic="VERTEX" source="#ID556" offset="0" />
          <input semantic="NORMAL" source="#ID552" offset="1" />
          <input semantic="TEXCOORD" source="#ID554" offset="2" set="0" />
          <p>1 1 1 2 2 2 0 0 0 0 0 0 2 2 2 3 3 3</p>
        </triangles>
      </mesh>
    </geometry>
    <geometry id="ID558">
      <mesh>
        <source id="ID559">
          <float_array id="ID560" count="12">0.087 -0.015 0.1425858 0.088 -0.016 0.143 0.088 -0.016
            0.061 0.087 -0.015 0.0614142</float_array>
          <technique_common>
            <accessor count="4" source="#ID560" stride="3">
              <param name="X" type="float" />
              <param name="Y" type="float" />
              <param name="Z" type="float" />
            </accessor>
          </technique_common>
        </source>
        <source id="ID561">
          <float_array id="ID562" count="12">0.7071068 0.7071068 0 0.7071068 0.7071068 0 0.7071068
            0.7071068 0 0.7071068 0.7071068 0</float_array>
          <technique_common>
            <accessor count="4" source="#ID562" stride="3">
              <param name="X" type="float" />
              <param name="Y" type="float" />
              <param name="Z" type="float" />
            </accessor>
          </technique_common>
        </source>
        <source id="ID563">
          <float_array id="ID564" count="8">0 0.0050514 1 0 1 1 0 0.9949486</float_array>
          <technique_common>
            <accessor count="4" source="#ID564" stride="2">
              <param name="S" type="float" />
              <param name="T" type="float" />
            </accessor>
          </technique_common>
        </source>
        <vertices id="ID565">
          <input semantic="POSITION" source="#ID559" />
        </vertices>
        <triangles count="2" material="ID566">
          <input semantic="VERTEX" source="#ID565" offset="0" />
          <input semantic="NORMAL" source="#ID561" offset="1" />
          <input semantic="TEXCOORD" source="#ID563" offset="2" set="0" />
          <p>1 1 1 2 2 2 0 0 0 0 0 0 2 2 2 3 3 3</p>
        </triangles>
      </mesh>
    </geometry>
    <geometry id="ID567">
      <mesh>
        <source id="ID568">
          <float_array id="ID569" count="12">0.0115 -0.016 0.055 0.0119142 -0.015 0.056 0.0815858
            -0.015 0.056 0.082 -0.016 0.055</float_array>
          <technique_common>
            <accessor count="4" source="#ID569" stride="3">
              <param name="X" type="float" />
              <param name="Y" type="float" />
              <param name="Z" type="float" />
            </accessor>
          </technique_common>
        </source>
        <source id="ID570">
          <float_array id="ID571" count="12">0 0.7071068 -0.7071068 0 0.7071068 -0.7071068 0
            0.7071068 -0.7071068 0 0.7071068 -0.7071068</float_array>
          <technique_common>
            <accessor count="4" source="#ID571" stride="3">
              <param name="X" type="float" />
              <param name="Y" type="float" />
              <param name="Z" type="float" />
            </accessor>
          </technique_common>
        </source>
        <source id="ID572">
          <float_array id="ID573" count="8">1 0 0.9941246 1 0.0058754 1 0 0</float_array>
          <technique_common>
            <accessor count="4" source="#ID573" stride="2">
              <param name="S" type="float" />
              <param name="T" type="float" />
            </accessor>
          </technique_common>
        </source>
        <vertices id="ID574">
          <input semantic="POSITION" source="#ID568" />
        </vertices>
        <triangles count="2" material="ID575">
          <input semantic="VERTEX" source="#ID574" offset="0" />
          <input semantic="NORMAL" source="#ID570" offset="1" />
          <input semantic="TEXCOORD" source="#ID572" offset="2" set="0" />
          <p>1 1 1 2 2 2 0 0 0 0 0 0 2 2 2 3 3 3</p>
        </triangles>
      </mesh>
    </geometry>
    <geometry id="ID576">
      <mesh>
        <source id="ID577">
          <float_array id="ID578" count="12">0.087 -0.015 0.0614142 0.088 -0.016 0.061 0.082 -0.016
            0.055 0.0815858 -0.015 0.056</float_array>
          <technique_common>
            <accessor count="4" source="#ID578" stride="3">
              <param name="X" type="float" />
              <param name="Y" type="float" />
              <param name="Z" type="float" />
            </accessor>
          </technique_common>
        </source>
        <source id="ID579">
          <float_array id="ID580" count="12">0.5 0.7071068 -0.5 0.5 0.7071068 -0.5 0.5 0.7071068
            -0.5 0.5 0.7071068 -0.5</float_array>
          <technique_common>
            <accessor count="4" source="#ID580" stride="3">
              <param name="X" type="float" />
              <param name="Y" type="float" />
              <param name="Z" type="float" />
            </accessor>
          </technique_common>
        </source>
        <source id="ID581">
          <float_array id="ID582" count="8">0.2397177 1 0 0.9354226 0.8425404 0 1 0.1559038</float_array>
          <technique_common>
            <accessor count="4" source="#ID582" stride="2">
              <param name="S" type="float" />
              <param name="T" type="float" />
            </accessor>
          </technique_common>
        </source>
        <vertices id="ID583">
          <input semantic="POSITION" source="#ID577" />
        </vertices>
        <triangles count="2" material="ID584">
          <input semantic="VERTEX" source="#ID583" offset="0" />
          <input semantic="NORMAL" source="#ID579" offset="1" />
          <input semantic="TEXCOORD" source="#ID581" offset="2" set="0" />
          <p>0 0 0 1 1 1 3 3 3 3 3 3 1 1 1 2 2 2</p>
        </triangles>
      </mesh>
    </geometry>
    <geometry id="ID585">
      <mesh>
        <source id="ID586">
          <float_array id="ID587" count="12">0.0055 -0.034 0.143 0.0065 -0.035 0.1425858 0.0119142
            -0.035 0.148 0.0115 -0.034 0.149</float_array>
          <technique_common>
            <accessor count="4" source="#ID587" stride="3">
              <param name="X" type="float" />
              <param name="Y" type="float" />
              <param name="Z" type="float" />
            </accessor>
          </technique_common>
        </source>
        <source id="ID588">
          <float_array id="ID589" count="12">-0.5 -0.7071068 0.5 -0.5 -0.7071068 0.5 -0.5 -0.7071068
            0.5 -0.5 -0.7071068 0.5</float_array>
          <technique_common>
            <accessor count="4" source="#ID589" stride="3">
              <param name="X" type="float" />
              <param name="Y" type="float" />
              <param name="Z" type="float" />
            </accessor>
          </technique_common>
        </source>
        <source id="ID590">
          <float_array id="ID591" count="8">1 0.0645774 0.7602822 0 0 0.8440962 0.1574596 1</float_array>
          <technique_common>
            <accessor count="4" source="#ID591" stride="2">
              <param name="S" type="float" />
              <param name="T" type="float" />
            </accessor>
          </technique_common>
        </source>
        <vertices id="ID592">
          <input semantic="POSITION" source="#ID586" />
        </vertices>
        <triangles count="2" material="ID593">
          <input semantic="VERTEX" source="#ID592" offset="0" />
          <input semantic="NORMAL" source="#ID588" offset="1" />
          <input semantic="TEXCOORD" source="#ID590" offset="2" set="0" />
          <p>1 1 1 2 2 2 0 0 0 0 0 0 2 2 2 3 3 3</p>
        </triangles>
      </mesh>
    </geometry>
    <geometry id="ID594">
      <mesh>
        <source id="ID595">
          <float_array id="ID596" count="12">0.0115 -0.034 0.149 0.0119142 -0.035 0.148 0.0815858
            -0.035 0.148 0.082 -0.034 0.149</float_array>
          <technique_common>
            <accessor count="4" source="#ID596" stride="3">
              <param name="X" type="float" />
              <param name="Y" type="float" />
              <param name="Z" type="float" />
            </accessor>
          </technique_common>
        </source>
        <source id="ID597">
          <float_array id="ID598" count="12">0 -0.7071068 0.7071068 0 -0.7071068 0.7071068 0
            -0.7071068 0.7071068 0 -0.7071068 0.7071068</float_array>
          <technique_common>
            <accessor count="4" source="#ID598" stride="3">
              <param name="X" type="float" />
              <param name="Y" type="float" />
              <param name="Z" type="float" />
            </accessor>
          </technique_common>
        </source>
        <source id="ID599">
          <float_array id="ID600" count="8">1 1 0.9941246 0 0.0058754 0 0 1</float_array>
          <technique_common>
            <accessor count="4" source="#ID600" stride="2">
              <param name="S" type="float" />
              <param name="T" type="float" />
            </accessor>
          </technique_common>
        </source>
        <vertices id="ID601">
          <input semantic="POSITION" source="#ID595" />
        </vertices>
        <triangles count="2" material="ID602">
          <input semantic="VERTEX" source="#ID601" offset="0" />
          <input semantic="NORMAL" source="#ID597" offset="1" />
          <input semantic="TEXCOORD" source="#ID599" offset="2" set="0" />
          <p>1 1 1 2 2 2 0 0 0 0 0 0 2 2 2 3 3 3</p>
        </triangles>
      </mesh>
    </geometry>
    <geometry id="ID603">
      <mesh>
        <source id="ID604">
          <float_array id="ID605" count="12">0.0065 -0.035 0.1425858 0.0055 -0.034 0.143 0.0055
            -0.034 0.061 0.0065 -0.035 0.0614142</float_array>
          <technique_common>
            <accessor count="4" source="#ID605" stride="3">
              <param name="X" type="float" />
              <param name="Y" type="float" />
              <param name="Z" type="float" />
            </accessor>
          </technique_common>
        </source>
        <source id="ID606">
          <float_array id="ID607" count="12">-0.7071068 -0.7071068 0 -0.7071068 -0.7071068 0
            -0.7071068 -0.7071068 0 -0.7071068 -0.7071068 0</float_array>
          <technique_common>
            <accessor count="4" source="#ID607" stride="3">
              <param name="X" type="float" />
              <param name="Y" type="float" />
              <param name="Z" type="float" />
            </accessor>
          </technique_common>
        </source>
        <source id="ID608">
          <float_array id="ID609" count="8">1 0.0050514 0 0 0 1 1 0.9949486</float_array>
          <technique_common>
            <accessor count="4" source="#ID609" stride="2">
              <param name="S" type="float" />
              <param name="T" type="float" />
            </accessor>
          </technique_common>
        </source>
        <vertices id="ID610">
          <input semantic="POSITION" source="#ID604" />
        </vertices>
        <triangles count="2" material="ID611">
          <input semantic="VERTEX" source="#ID610" offset="0" />
          <input semantic="NORMAL" source="#ID606" offset="1" />
          <input semantic="TEXCOORD" source="#ID608" offset="2" set="0" />
          <p>1 1 1 2 2 2 0 0 0 0 0 0 2 2 2 3 3 3</p>
        </triangles>
      </mesh>
    </geometry>
    <geometry id="ID612">
      <mesh>
        <source id="ID613">
          <float_array id="ID614" count="12">0.082 -0.034 0.149 0.0815858 -0.035 0.148 0.087 -0.035
            0.1425858 0.088 -0.034 0.143</float_array>
          <technique_common>
            <accessor count="4" source="#ID614" stride="3">
              <param name="X" type="float" />
              <param name="Y" type="float" />
              <param name="Z" type="float" />
            </accessor>
          </technique_common>
        </source>
        <source id="ID615">
          <float_array id="ID616" count="12">0.5 -0.7071068 0.5 0.5 -0.7071068 0.5 0.5 -0.7071068
            0.5 0.5 -0.7071068 0.5</float_array>
          <technique_common>
            <accessor count="4" source="#ID616" stride="3">
              <param name="X" type="float" />
              <param name="Y" type="float" />
              <param name="Z" type="float" />
            </accessor>
          </technique_common>
        </source>
        <source id="ID617">
          <float_array id="ID618" count="8">0.8425404 1 1 0.8440962 0.2397177 0 0 0.0645774</float_array>
          <technique_common>
            <accessor count="4" source="#ID618" stride="2">
              <param name="S" type="float" />
              <param name="T" type="float" />
            </accessor>
          </technique_common>
        </source>
        <vertices id="ID619">
          <input semantic="POSITION" source="#ID613" />
        </vertices>
        <triangles count="2" material="ID620">
          <input semantic="VERTEX" source="#ID619" offset="0" />
          <input semantic="NORMAL" source="#ID615" offset="1" />
          <input semantic="TEXCOORD" source="#ID617" offset="2" set="0" />
          <p>0 0 0 1 1 1 3 3 3 3 3 3 1 1 1 2 2 2</p>
        </triangles>
      </mesh>
    </geometry>
    <geometry id="ID621">
      <mesh>
        <source id="ID622">
          <float_array id="ID623" count="12">0.0065 -0.035 0.0614142 0.0055 -0.034 0.061 0.0115
            -0.034 0.055 0.0119142 -0.035 0.056</float_array>
          <technique_common>
            <accessor count="4" source="#ID623" stride="3">
              <param name="X" type="float" />
              <param name="Y" type="float" />
              <param name="Z" type="float" />
            </accessor>
          </technique_common>
        </source>
        <source id="ID624">
          <float_array id="ID625" count="12">-0.5 -0.7071068 -0.5 -0.5 -0.7071068 -0.5 -0.5
            -0.7071068 -0.5 -0.5 -0.7071068 -0.5</float_array>
          <technique_common>
            <accessor count="4" source="#ID625" stride="3">
              <param name="X" type="float" />
              <param name="Y" type="float" />
              <param name="Z" type="float" />
            </accessor>
          </technique_common>
        </source>
        <source id="ID626">
          <float_array id="ID627" count="8">0.7602822 1 1 0.9354225 0.1574596 0 0 0.1559037</float_array>
          <technique_common>
            <accessor count="4" source="#ID627" stride="2">
              <param name="S" type="float" />
              <param name="T" type="float" />
            </accessor>
          </technique_common>
        </source>
        <vertices id="ID628">
          <input semantic="POSITION" source="#ID622" />
        </vertices>
        <triangles count="2" material="ID629">
          <input semantic="VERTEX" source="#ID628" offset="0" />
          <input semantic="NORMAL" source="#ID624" offset="1" />
          <input semantic="TEXCOORD" source="#ID626" offset="2" set="0" />
          <p>0 0 0 1 1 1 3 3 3 3 3 3 1 1 1 2 2 2</p>
        </triangles>
      </mesh>
    </geometry>
    <geometry id="ID630">
      <mesh>
        <source id="ID631">
          <float_array id="ID632" count="12">0.088 -0.034 0.143 0.087 -0.035 0.1425858 0.087 -0.035
            0.0614142 0.088 -0.034 0.061</float_array>
          <technique_common>
            <accessor count="4" source="#ID632" stride="3">
              <param name="X" type="float" />
              <param name="Y" type="float" />
              <param name="Z" type="float" />
            </accessor>
          </technique_common>
        </source>
        <source id="ID633">
          <float_array id="ID634" count="12">0.7071068 -0.7071068 0 0.7071068 -0.7071068 0 0.7071068
            -0.7071068 0 0.7071068 -0.7071068 0</float_array>
          <technique_common>
            <accessor count="4" source="#ID634" stride="3">
              <param name="X" type="float" />
              <param name="Y" type="float" />
              <param name="Z" type="float" />
            </accessor>
          </technique_common>
        </source>
        <source id="ID635">
          <float_array id="ID636" count="8">0 0 0.0050514 1 0.9949486 1 1 0</float_array>
          <technique_common>
            <accessor count="4" source="#ID636" stride="2">
              <param name="S" type="float" />
              <param name="T" type="float" />
            </accessor>
          </technique_common>
        </source>
        <vertices id="ID637">
          <input semantic="POSITION" source="#ID631" />
        </vertices>
        <triangles count="2" material="ID638">
          <input semantic="VERTEX" source="#ID637" offset="0" />
          <input semantic="NORMAL" source="#ID633" offset="1" />
          <input semantic="TEXCOORD" source="#ID635" offset="2" set="0" />
          <p>1 1 1 2 2 2 0 0 0 0 0 0 2 2 2 3 3 3</p>
        </triangles>
      </mesh>
    </geometry>
    <geometry id="ID639">
      <mesh>
        <source id="ID640">
          <float_array id="ID641" count="12">0.0119142 -0.035 0.056 0.0115 -0.034 0.055 0.082 -0.034
            0.055 0.0815858 -0.035 0.056</float_array>
          <technique_common>
            <accessor count="4" source="#ID641" stride="3">
              <param name="X" type="float" />
              <param name="Y" type="float" />
              <param name="Z" type="float" />
            </accessor>
          </technique_common>
        </source>
        <source id="ID642">
          <float_array id="ID643" count="12">0 -0.7071068 -0.7071068 0 -0.7071068 -0.7071068 0
            -0.7071068 -0.7071068 0 -0.7071068 -0.7071068</float_array>
          <technique_common>
            <accessor count="4" source="#ID643" stride="3">
              <param name="X" type="float" />
              <param name="Y" type="float" />
              <param name="Z" type="float" />
            </accessor>
          </technique_common>
        </source>
        <source id="ID644">
          <float_array id="ID645" count="8">0 0.9941246 1 1 1 0 0 0.0058754</float_array>
          <technique_common>
            <accessor count="4" source="#ID645" stride="2">
              <param name="S" type="float" />
              <param name="T" type="float" />
            </accessor>
          </technique_common>
        </source>
        <vertices id="ID646">
          <input semantic="POSITION" source="#ID640" />
        </vertices>
        <triangles count="2" material="ID647">
          <input semantic="VERTEX" source="#ID646" offset="0" />
          <input semantic="NORMAL" source="#ID642" offset="1" />
          <input semantic="TEXCOORD" source="#ID644" offset="2" set="0" />
          <p>0 0 0 1 1 1 3 3 3 3 3 3 1 1 1 2 2 2</p>
        </triangles>
      </mesh>
    </geometry>
    <geometry id="ID648">
      <mesh>
        <source id="ID649">
          <float_array id="ID650" count="12">0.088 -0.034 0.061 0.087 -0.035 0.0614142 0.0815858
            -0.035 0.056 0.082 -0.034 0.055</float_array>
          <technique_common>
            <accessor count="4" source="#ID650" stride="3">
              <param name="X" type="float" />
              <param name="Y" type="float" />
              <param name="Z" type="float" />
            </accessor>
          </technique_common>
        </source>
        <source id="ID651">
          <float_array id="ID652" count="12">0.5 -0.7071068 -0.5 0.5 -0.7071068 -0.5 0.5 -0.7071068
            -0.5 0.5 -0.7071068 -0.5</float_array>
          <technique_common>
            <accessor count="4" source="#ID652" stride="3">
              <param name="X" type="float" />
              <param name="Y" type="float" />
              <param name="Z" type="float" />
            </accessor>
          </technique_common>
        </source>
        <source id="ID653">
          <float_array id="ID654" count="8">0.1574596 0 0 0.1559037 0.7602822 1 1 0.9354225</float_array>
          <technique_common>
            <accessor count="4" source="#ID654" stride="2">
              <param name="S" type="float" />
              <param name="T" type="float" />
            </accessor>
          </technique_common>
        </source>
        <vertices id="ID655">
          <input semantic="POSITION" source="#ID649" />
        </vertices>
        <triangles count="2" material="ID656">
          <input semantic="VERTEX" source="#ID655" offset="0" />
          <input semantic="NORMAL" source="#ID651" offset="1" />
          <input semantic="TEXCOORD" source="#ID653" offset="2" set="0" />
          <p>0 0 0 1 1 1 3 3 3 3 3 3 1 1 1 2 2 2</p>
        </triangles>
      </mesh>
    </geometry>
    <geometry id="ID657">
      <mesh>
        <source id="ID658">
          <float_array id="ID659" count="12">0.0115 -0.05 0.055 0.0115 -0.036 0.055 0.082 -0.036
            0.055 0.082 -0.05 0.055</float_array>
          <technique_common>
            <accessor count="4" source="#ID659" stride="3">
              <param name="X" type="float" />
              <param name="Y" type="float" />
              <param name="Z" type="float" />
            </accessor>
          </technique_common>
        </source>
        <source id="ID660">
          <float_array id="ID661" count="12">0 0 -1 0 0 -1 0 0 -1 0 0 -1</float_array>
          <technique_common>
            <accessor count="4" source="#ID661" stride="3">
              <param name="X" type="float" />
              <param name="Y" type="float" />
              <param name="Z" type="float" />
            </accessor>
          </technique_common>
        </source>
        <source id="ID662">
          <float_array id="ID663" count="8">0 1 0 0 1 0 1 1</float_array>
          <technique_common>
            <accessor count="4" source="#ID663" stride="2">
              <param name="S" type="float" />
              <param name="T" type="float" />
            </accessor>
          </technique_common>
        </source>
        <vertices id="ID664">
          <input semantic="POSITION" source="#ID658" />
        </vertices>
        <triangles count="2" material="ID665">
          <input semantic="VERTEX" source="#ID664" offset="0" />
          <input semantic="NORMAL" source="#ID660" offset="1" />
          <input semantic="TEXCOORD" source="#ID662" offset="2" set="0" />
          <p>1 1 1 2 2 2 0 0 0 0 0 0 2 2 2 3 3 3</p>
        </triangles>
      </mesh>
    </geometry>
    <geometry id="ID666">
      <mesh>
        <source id="ID667">
          <float_array id="ID668" count="12">0.0055 -0.05 0.061 0.0055 -0.036 0.061 0.0115 -0.036
            0.055 0.0115 -0.05 0.055</float_array>
          <technique_common>
            <accessor count="4" source="#ID668" stride="3">
              <param name="X" type="float" />
              <param name="Y" type="float" />
              <param name="Z" type="float" />
            </accessor>
          </technique_common>
        </source>
        <source id="ID669">
          <float_array id="ID670" count="12">-0.7071068 0 -0.7071068 -0.7071068 0 -0.7071068
            -0.7071068 0 -0.7071068 -0.7071068 0 -0.7071068</float_array>
          <technique_common>
            <accessor count="4" source="#ID670" stride="3">
              <param name="X" type="float" />
              <param name="Y" type="float" />
              <param name="Z" type="float" />
            </accessor>
          </technique_common>
        </source>
        <source id="ID671">
          <float_array id="ID672" count="8">1 1 0 1 0 0 1 0</float_array>
          <technique_common>
            <accessor count="4" source="#ID672" stride="2">
              <param name="S" type="float" />
              <param name="T" type="float" />
            </accessor>
          </technique_common>
        </source>
        <vertices id="ID673">
          <input semantic="POSITION" source="#ID667" />
        </vertices>
        <triangles count="2" material="ID674">
          <input semantic="VERTEX" source="#ID673" offset="0" />
          <input semantic="NORMAL" source="#ID669" offset="1" />
          <input semantic="TEXCOORD" source="#ID671" offset="2" set="0" />
          <p>0 0 0 1 1 1 3 3 3 3 3 3 1 1 1 2 2 2</p>
        </triangles>
      </mesh>
    </geometry>
    <geometry id="ID675">
      <mesh>
        <source id="ID676">
          <float_array id="ID677" count="12">0.0055 -0.05 0.143 0.0055 -0.036 0.143 0.0055 -0.036
            0.061 0.0055 -0.05 0.061</float_array>
          <technique_common>
            <accessor count="4" source="#ID677" stride="3">
              <param name="X" type="float" />
              <param name="Y" type="float" />
              <param name="Z" type="float" />
            </accessor>
          </technique_common>
        </source>
        <source id="ID678">
          <float_array id="ID679" count="12">-1 0 0 -1 0 0 -1 0 0 -1 0 0</float_array>
          <technique_common>
            <accessor count="4" source="#ID679" stride="3">
              <param name="X" type="float" />
              <param name="Y" type="float" />
              <param name="Z" type="float" />
            </accessor>
          </technique_common>
        </source>
        <source id="ID680">
          <float_array id="ID681" count="8">1 0 1 1 0 1 0 0</float_array>
          <technique_common>
            <accessor count="4" source="#ID681" stride="2">
              <param name="S" type="float" />
              <param name="T" type="float" />
            </accessor>
          </technique_common>
        </source>
        <vertices id="ID682">
          <input semantic="POSITION" source="#ID676" />
        </vertices>
        <triangles count="2" material="ID683">
          <input semantic="VERTEX" source="#ID682" offset="0" />
          <input semantic="NORMAL" source="#ID678" offset="1" />
          <input semantic="TEXCOORD" source="#ID680" offset="2" set="0" />
          <p>1 1 1 2 2 2 0 0 0 0 0 0 2 2 2 3 3 3</p>
        </triangles>
      </mesh>
    </geometry>
    <geometry id="ID684">
      <mesh>
        <source id="ID685">
          <float_array id="ID686" count="12">0.0115 -0.05 0.149 0.0115 -0.036 0.149 0.0055 -0.036
            0.143 0.0055 -0.05 0.143</float_array>
          <technique_common>
            <accessor count="4" source="#ID686" stride="3">
              <param name="X" type="float" />
              <param name="Y" type="float" />
              <param name="Z" type="float" />
            </accessor>
          </technique_common>
        </source>
        <source id="ID687">
          <float_array id="ID688" count="12">-0.7071068 0 0.7071068 -0.7071068 0 0.7071068
            -0.7071068 0 0.7071068 -0.7071068 0 0.7071068</float_array>
          <technique_common>
            <accessor count="4" source="#ID688" stride="3">
              <param name="X" type="float" />
              <param name="Y" type="float" />
              <param name="Z" type="float" />
            </accessor>
          </technique_common>
        </source>
        <source id="ID689">
          <float_array id="ID690" count="8">0 0 1 0 1 1 0 1</float_array>
          <technique_common>
            <accessor count="4" source="#ID690" stride="2">
              <param name="S" type="float" />
              <param name="T" type="float" />
            </accessor>
          </technique_common>
        </source>
        <vertices id="ID691">
          <input semantic="POSITION" source="#ID685" />
        </vertices>
        <triangles count="2" material="ID692">
          <input semantic="VERTEX" source="#ID691" offset="0" />
          <input semantic="NORMAL" source="#ID687" offset="1" />
          <input semantic="TEXCOORD" source="#ID689" offset="2" set="0" />
          <p>0 0 0 1 1 1 3 3 3 3 3 3 1 1 1 2 2 2</p>
        </triangles>
      </mesh>
    </geometry>
    <geometry id="ID693">
      <mesh>
        <source id="ID694">
          <float_array id="ID695" count="12">0.082 -0.05 0.149 0.082 -0.036 0.149 0.0115 -0.036
            0.149 0.0115 -0.05 0.149</float_array>
          <technique_common>
            <accessor count="4" source="#ID695" stride="3">
              <param name="X" type="float" />
              <param name="Y" type="float" />
              <param name="Z" type="float" />
            </accessor>
          </technique_common>
        </source>
        <source id="ID696">
          <float_array id="ID697" count="12">0 0 1 0 0 1 0 0 1 0 0 1</float_array>
          <technique_common>
            <accessor count="4" source="#ID697" stride="3">
              <param name="X" type="float" />
              <param name="Y" type="float" />
              <param name="Z" type="float" />
            </accessor>
          </technique_common>
        </source>
        <source id="ID698">
          <float_array id="ID699" count="8">1 0 1 1 0 1 0 0</float_array>
          <technique_common>
            <accessor count="4" source="#ID699" stride="2">
              <param name="S" type="float" />
              <param name="T" type="float" />
            </accessor>
          </technique_common>
        </source>
        <vertices id="ID700">
          <input semantic="POSITION" source="#ID694" />
        </vertices>
        <triangles count="2" material="ID701">
          <input semantic="VERTEX" source="#ID700" offset="0" />
          <input semantic="NORMAL" source="#ID696" offset="1" />
          <input semantic="TEXCOORD" source="#ID698" offset="2" set="0" />
          <p>1 1 1 2 2 2 0 0 0 0 0 0 2 2 2 3 3 3</p>
        </triangles>
      </mesh>
    </geometry>
    <geometry id="ID702">
      <mesh>
        <source id="ID703">
          <float_array id="ID704" count="12">0.088 -0.05 0.143 0.088 -0.036 0.143 0.082 -0.036 0.149
            0.082 -0.05 0.149</float_array>
          <technique_common>
            <accessor count="4" source="#ID704" stride="3">
              <param name="X" type="float" />
              <param name="Y" type="float" />
              <param name="Z" type="float" />
            </accessor>
          </technique_common>
        </source>
        <source id="ID705">
          <float_array id="ID706" count="12">0.7071068 0 0.7071068 0.7071068 0 0.7071068 0.7071068 0
            0.7071068 0.7071068 0 0.7071068</float_array>
          <technique_common>
            <accessor count="4" source="#ID706" stride="3">
              <param name="X" type="float" />
              <param name="Y" type="float" />
              <param name="Z" type="float" />
            </accessor>
          </technique_common>
        </source>
        <source id="ID707">
          <float_array id="ID708" count="8">1 0 1 1 0 1 0 0</float_array>
          <technique_common>
            <accessor count="4" source="#ID708" stride="2">
              <param name="S" type="float" />
              <param name="T" type="float" />
            </accessor>
          </technique_common>
        </source>
        <vertices id="ID709">
          <input semantic="POSITION" source="#ID703" />
        </vertices>
        <triangles count="2" material="ID710">
          <input semantic="VERTEX" source="#ID709" offset="0" />
          <input semantic="NORMAL" source="#ID705" offset="1" />
          <input semantic="TEXCOORD" source="#ID707" offset="2" set="0" />
          <p>1 1 1 2 2 2 0 0 0 0 0 0 2 2 2 3 3 3</p>
        </triangles>
      </mesh>
    </geometry>
    <geometry id="ID711">
      <mesh>
        <source id="ID712">
          <float_array id="ID713" count="12">0.088 -0.05 0.061 0.088 -0.036 0.061 0.088 -0.036 0.143
            0.088 -0.05 0.143</float_array>
          <technique_common>
            <accessor count="4" source="#ID713" stride="3">
              <param name="X" type="float" />
              <param name="Y" type="float" />
              <param name="Z" type="float" />
            </accessor>
          </technique_common>
        </source>
        <source id="ID714">
          <float_array id="ID715" count="12">1 0 0 1 0 0 1 0 0 1 0 0</float_array>
          <technique_common>
            <accessor count="4" source="#ID715" stride="3">
              <param name="X" type="float" />
              <param name="Y" type="float" />
              <param name="Z" type="float" />
            </accessor>
          </technique_common>
        </source>
        <source id="ID716">
          <float_array id="ID717" count="8">1 1 0 1 0 0 1 0</float_array>
          <technique_common>
            <accessor count="4" source="#ID717" stride="2">
              <param name="S" type="float" />
              <param name="T" type="float" />
            </accessor>
          </technique_common>
        </source>
        <vertices id="ID718">
          <input semantic="POSITION" source="#ID712" />
        </vertices>
        <triangles count="2" material="ID719">
          <input semantic="VERTEX" source="#ID718" offset="0" />
          <input semantic="NORMAL" source="#ID714" offset="1" />
          <input semantic="TEXCOORD" source="#ID716" offset="2" set="0" />
          <p>0 0 0 1 1 1 3 3 3 3 3 3 1 1 1 2 2 2</p>
        </triangles>
      </mesh>
    </geometry>
    <geometry id="ID720">
      <mesh>
        <source id="ID721">
          <float_array id="ID722" count="12">0.082 -0.05 0.055 0.082 -0.036 0.055 0.088 -0.036 0.061
            0.088 -0.05 0.061</float_array>
          <technique_common>
            <accessor count="4" source="#ID722" stride="3">
              <param name="X" type="float" />
              <param name="Y" type="float" />
              <param name="Z" type="float" />
            </accessor>
          </technique_common>
        </source>
        <source id="ID723">
          <float_array id="ID724" count="12">0.7071068 0 -0.7071068 0.7071068 0 -0.7071068 0.7071068
            0 -0.7071068 0.7071068 0 -0.7071068</float_array>
          <technique_common>
            <accessor count="4" source="#ID724" stride="3">
              <param name="X" type="float" />
              <param name="Y" type="float" />
              <param name="Z" type="float" />
            </accessor>
          </technique_common>
        </source>
        <source id="ID725">
          <float_array id="ID726" count="8">1 1 0 1 0 0 1 0</float_array>
          <technique_common>
            <accessor count="4" source="#ID726" stride="2">
              <param name="S" type="float" />
              <param name="T" type="float" />
            </accessor>
          </technique_common>
        </source>
        <vertices id="ID727">
          <input semantic="POSITION" source="#ID721" />
        </vertices>
        <triangles count="2" material="ID728">
          <input semantic="VERTEX" source="#ID727" offset="0" />
          <input semantic="NORMAL" source="#ID723" offset="1" />
          <input semantic="TEXCOORD" source="#ID725" offset="2" set="0" />
          <p>0 0 0 1 1 1 3 3 3 3 3 3 1 1 1 2 2 2</p>
        </triangles>
      </mesh>
    </geometry>
    <geometry id="ID729">
      <mesh>
        <source id="ID730">
          <float_array id="ID731" count="24">0.087 -0.035 0.1425858 0.087 -0.035 0.0614142 0.0815858
            -0.035 0.056 0.0119142 -0.035 0.056 0.0065 -0.035 0.0614142 0.0065 -0.035 0.1425858
            0.0119142 -0.035 0.148 0.0815858 -0.035 0.148</float_array>
          <technique_common>
            <accessor count="8" source="#ID731" stride="3">
              <param name="X" type="float" />
              <param name="Y" type="float" />
              <param name="Z" type="float" />
            </accessor>
          </technique_common>
        </source>
        <source id="ID732">
          <float_array id="ID733" count="24">0 1 0 0 1 0 0 1 0 0 1 0 0 1 0 0 1 0 0 1 0 0 1 0</float_array>
          <technique_common>
            <accessor count="8" source="#ID733" stride="3">
              <param name="X" type="float" />
              <param name="Y" type="float" />
              <param name="Z" type="float" />
            </accessor>
          </technique_common>
        </source>
        <source id="ID734">
          <float_array id="ID735" count="16">0 0.9411498 0 0.0588502 0.0672573 0 0.9327427 0 1
            0.0588502 1 0.9411498 0.9327427 1 0.0672573 1</float_array>
          <technique_common>
            <accessor count="8" source="#ID735" stride="2">
              <param name="S" type="float" />
              <param name="T" type="float" />
            </accessor>
          </technique_common>
        </source>
        <vertices id="ID736">
          <input semantic="POSITION" source="#ID730" />
        </vertices>
        <triangles count="6" material="ID737">
          <input semantic="VERTEX" source="#ID736" offset="0" />
          <input semantic="NORMAL" source="#ID732" offset="1" />
          <input semantic="TEXCOORD" source="#ID734" offset="2" set="0" />
          <p>2 2 2 3 3 3 1 1 1 1 1 1 3 3 3 4 4 4 0 0 0 4 4 4 5 5 5 7 7 7 5 5 5 6 6 6 7 7 7 0 0 0 5 5
            5 4 4 4 0 0 0 1 1 1</p>
        </triangles>
      </mesh>
    </geometry>
    <geometry id="ID738">
      <mesh>
        <source id="ID739">
          <float_array id="ID740" count="24">0.0119142 -0.051 0.056 0.0815858 -0.051 0.056 0.087
            -0.051 0.0614142 0.087 -0.051 0.1425858 0.0815858 -0.051 0.148 0.0119142 -0.051 0.148
            0.0065 -0.051 0.1425858 0.0065 -0.051 0.0614142</float_array>
          <technique_common>
            <accessor count="8" source="#ID740" stride="3">
              <param name="X" type="float" />
              <param name="Y" type="float" />
              <param name="Z" type="float" />
            </accessor>
          </technique_common>
        </source>
        <source id="ID741">
          <float_array id="ID742" count="24">0 -1 0 0 -1 0 0 -1 0 0 -1 0 0 -1 0 0 -1 0 0 -1 0 0 -1 0</float_array>
          <technique_common>
            <accessor count="8" source="#ID742" stride="3">
              <param name="X" type="float" />
              <param name="Y" type="float" />
              <param name="Z" type="float" />
            </accessor>
          </technique_common>
        </source>
        <source id="ID743">
          <float_array id="ID744" count="16">0.9327427 0 0.0672573 0 0 0.0588502 0 0.9411498
            0.0672573 1 0.9327427 1 1 0.9411498 1 0.0588502</float_array>
          <technique_common>
            <accessor count="8" source="#ID744" stride="2">
              <param name="S" type="float" />
              <param name="T" type="float" />
            </accessor>
          </technique_common>
        </source>
        <vertices id="ID745">
          <input semantic="POSITION" source="#ID739" />
        </vertices>
        <triangles count="6" material="ID746">
          <input semantic="VERTEX" source="#ID745" offset="0" />
          <input semantic="NORMAL" source="#ID741" offset="1" />
          <input semantic="TEXCOORD" source="#ID743" offset="2" set="0" />
          <p>0 0 0 1 1 1 7 7 7 7 7 7 1 1 1 2 2 2 6 6 6 2 2 2 3 3 3 5 5 5 3 3 3 4 4 4 5 5 5 6 6 6 3 3
            3 6 6 6 7 7 7 2 2 2</p>
        </triangles>
      </mesh>
    </geometry>
    <geometry id="ID747">
      <mesh>
        <source id="ID748">
          <float_array id="ID749" count="12">0.0065 -0.035 0.1425858 0.0055 -0.036 0.143 0.0115
            -0.036 0.149 0.0119142 -0.035 0.148</float_array>
          <technique_common>
            <accessor count="4" source="#ID749" stride="3">
              <param name="X" type="float" />
              <param name="Y" type="float" />
              <param name="Z" type="float" />
            </accessor>
          </technique_common>
        </source>
        <source id="ID750">
          <float_array id="ID751" count="12">-0.5 0.7071068 0.5 -0.5 0.7071068 0.5 -0.5 0.7071068
            0.5 -0.5 0.7071068 0.5</float_array>
          <technique_common>
            <accessor count="4" source="#ID751" stride="3">
              <param name="X" type="float" />
              <param name="Y" type="float" />
              <param name="Z" type="float" />
            </accessor>
          </technique_common>
        </source>
        <source id="ID752">
          <float_array id="ID753" count="8">1 0.8440962 0.8425404 1 0 0.0645774 0.2397177 0</float_array>
          <technique_common>
            <accessor count="4" source="#ID753" stride="2">
              <param name="S" type="float" />
              <param name="T" type="float" />
            </accessor>
          </technique_common>
        </source>
        <vertices id="ID754">
          <input semantic="POSITION" source="#ID748" />
        </vertices>
        <triangles count="2" material="ID755">
          <input semantic="VERTEX" source="#ID754" offset="0" />
          <input semantic="NORMAL" source="#ID750" offset="1" />
          <input semantic="TEXCOORD" source="#ID752" offset="2" set="0" />
          <p>1 1 1 2 2 2 0 0 0 0 0 0 2 2 2 3 3 3</p>
        </triangles>
      </mesh>
    </geometry>
    <geometry id="ID756">
      <mesh>
        <source id="ID757">
          <float_array id="ID758" count="12">0.0119142 -0.035 0.148 0.0115 -0.036 0.149 0.082 -0.036
            0.149 0.0815858 -0.035 0.148</float_array>
          <technique_common>
            <accessor count="4" source="#ID758" stride="3">
              <param name="X" type="float" />
              <param name="Y" type="float" />
              <param name="Z" type="float" />
            </accessor>
          </technique_common>
        </source>
        <source id="ID759">
          <float_array id="ID760" count="12">0 0.7071068 0.7071068 0 0.7071068 0.7071068 0 0.7071068
            0.7071068 0 0.7071068 0.7071068</float_array>
          <technique_common>
            <accessor count="4" source="#ID760" stride="3">
              <param name="X" type="float" />
              <param name="Y" type="float" />
              <param name="Z" type="float" />
            </accessor>
          </technique_common>
        </source>
        <source id="ID761">
          <float_array id="ID762" count="8">1 0.9941246 0 1 0 0 1 0.0058754</float_array>
          <technique_common>
            <accessor count="4" source="#ID762" stride="2">
              <param name="S" type="float" />
              <param name="T" type="float" />
            </accessor>
          </technique_common>
        </source>
        <vertices id="ID763">
          <input semantic="POSITION" source="#ID757" />
        </vertices>
        <triangles count="2" material="ID764">
          <input semantic="VERTEX" source="#ID763" offset="0" />
          <input semantic="NORMAL" source="#ID759" offset="1" />
          <input semantic="TEXCOORD" source="#ID761" offset="2" set="0" />
          <p>0 0 0 1 1 1 3 3 3 3 3 3 1 1 1 2 2 2</p>
        </triangles>
      </mesh>
    </geometry>
    <geometry id="ID765">
      <mesh>
        <source id="ID766">
          <float_array id="ID767" count="12">0.0055 -0.036 0.143 0.0065 -0.035 0.1425858 0.0065
            -0.035 0.0614142 0.0055 -0.036 0.061</float_array>
          <technique_common>
            <accessor count="4" source="#ID767" stride="3">
              <param name="X" type="float" />
              <param name="Y" type="float" />
              <param name="Z" type="float" />
            </accessor>
          </technique_common>
        </source>
        <source id="ID768">
          <float_array id="ID769" count="12">-0.7071068 0.7071068 0 -0.7071068 0.7071068 0
            -0.7071068 0.7071068 0 -0.7071068 0.7071068 0</float_array>
          <technique_common>
            <accessor count="4" source="#ID769" stride="3">
              <param name="X" type="float" />
              <param name="Y" type="float" />
              <param name="Z" type="float" />
            </accessor>
          </technique_common>
        </source>
        <source id="ID770">
          <float_array id="ID771" count="8">0 1 0.0050514 0 0.9949486 0 1 1</float_array>
          <technique_common>
            <accessor count="4" source="#ID771" stride="2">
              <param name="S" type="float" />
              <param name="T" type="float" />
            </accessor>
          </technique_common>
        </source>
        <vertices id="ID772">
          <input semantic="POSITION" source="#ID766" />
        </vertices>
        <triangles count="2" material="ID773">
          <input semantic="VERTEX" source="#ID772" offset="0" />
          <input semantic="NORMAL" source="#ID768" offset="1" />
          <input semantic="TEXCOORD" source="#ID770" offset="2" set="0" />
          <p>1 1 1 2 2 2 0 0 0 0 0 0 2 2 2 3 3 3</p>
        </triangles>
      </mesh>
    </geometry>
    <geometry id="ID774">
      <mesh>
        <source id="ID775">
          <float_array id="ID776" count="12">0.0815858 -0.035 0.148 0.082 -0.036 0.149 0.088 -0.036
            0.143 0.087 -0.035 0.1425858</float_array>
          <technique_common>
            <accessor count="4" source="#ID776" stride="3">
              <param name="X" type="float" />
              <param name="Y" type="float" />
              <param name="Z" type="float" />
            </accessor>
          </technique_common>
        </source>
        <source id="ID777">
          <float_array id="ID778" count="12">0.5 0.7071068 0.5 0.5 0.7071068 0.5 0.5 0.7071068 0.5
            0.5 0.7071068 0.5</float_array>
          <technique_common>
            <accessor count="4" source="#ID778" stride="3">
              <param name="X" type="float" />
              <param name="Y" type="float" />
              <param name="Z" type="float" />
            </accessor>
          </technique_common>
        </source>
        <source id="ID779">
          <float_array id="ID780" count="8">1 0.8440962 0.8425404 1 0 0.0645775 0.2397177 0</float_array>
          <technique_common>
            <accessor count="4" source="#ID780" stride="2">
              <param name="S" type="float" />
              <param name="T" type="float" />
            </accessor>
          </technique_common>
        </source>
        <vertices id="ID781">
          <input semantic="POSITION" source="#ID775" />
        </vertices>
        <triangles count="2" material="ID782">
          <input semantic="VERTEX" source="#ID781" offset="0" />
          <input semantic="NORMAL" source="#ID777" offset="1" />
          <input semantic="TEXCOORD" source="#ID779" offset="2" set="0" />
          <p>1 1 1 2 2 2 0 0 0 0 0 0 2 2 2 3 3 3</p>
        </triangles>
      </mesh>
    </geometry>
    <geometry id="ID783">
      <mesh>
        <source id="ID784">
          <float_array id="ID785" count="12">0.0055 -0.036 0.061 0.0065 -0.035 0.0614142 0.0119142
            -0.035 0.056 0.0115 -0.036 0.055</float_array>
          <technique_common>
            <accessor count="4" source="#ID785" stride="3">
              <param name="X" type="float" />
              <param name="Y" type="float" />
              <param name="Z" type="float" />
            </accessor>
          </technique_common>
        </source>
        <source id="ID786">
          <float_array id="ID787" count="12">-0.5 0.7071068 -0.5 -0.5 0.7071068 -0.5 -0.5 0.7071068
            -0.5 -0.5 0.7071068 -0.5</float_array>
          <technique_common>
            <accessor count="4" source="#ID787" stride="3">
              <param name="X" type="float" />
              <param name="Y" type="float" />
              <param name="Z" type="float" />
            </accessor>
          </technique_common>
        </source>
        <source id="ID788">
          <float_array id="ID789" count="8">1 0.9354226 0.7602822 1 0 0.1559038 0.1574596 0</float_array>
          <technique_common>
            <accessor count="4" source="#ID789" stride="2">
              <param name="S" type="float" />
              <param name="T" type="float" />
            </accessor>
          </technique_common>
        </source>
        <vertices id="ID790">
          <input semantic="POSITION" source="#ID784" />
        </vertices>
        <triangles count="2" material="ID791">
          <input semantic="VERTEX" source="#ID790" offset="0" />
          <input semantic="NORMAL" source="#ID786" offset="1" />
          <input semantic="TEXCOORD" source="#ID788" offset="2" set="0" />
          <p>1 1 1 2 2 2 0 0 0 0 0 0 2 2 2 3 3 3</p>
        </triangles>
      </mesh>
    </geometry>
    <geometry id="ID792">
      <mesh>
        <source id="ID793">
          <float_array id="ID794" count="12">0.087 -0.035 0.1425858 0.088 -0.036 0.143 0.088 -0.036
            0.061 0.087 -0.035 0.0614142</float_array>
          <technique_common>
            <accessor count="4" source="#ID794" stride="3">
              <param name="X" type="float" />
              <param name="Y" type="float" />
              <param name="Z" type="float" />
            </accessor>
          </technique_common>
        </source>
        <source id="ID795">
          <float_array id="ID796" count="12">0.7071068 0.7071068 0 0.7071068 0.7071068 0 0.7071068
            0.7071068 0 0.7071068 0.7071068 0</float_array>
          <technique_common>
            <accessor count="4" source="#ID796" stride="3">
              <param name="X" type="float" />
              <param name="Y" type="float" />
              <param name="Z" type="float" />
            </accessor>
          </technique_common>
        </source>
        <source id="ID797">
          <float_array id="ID798" count="8">1 0.9949486 0 1 0 0 1 0.0050514</float_array>
          <technique_common>
            <accessor count="4" source="#ID798" stride="2">
              <param name="S" type="float" />
              <param name="T" type="float" />
            </accessor>
          </technique_common>
        </source>
        <vertices id="ID799">
          <input semantic="POSITION" source="#ID793" />
        </vertices>
        <triangles count="2" material="ID800">
          <input semantic="VERTEX" source="#ID799" offset="0" />
          <input semantic="NORMAL" source="#ID795" offset="1" />
          <input semantic="TEXCOORD" source="#ID797" offset="2" set="0" />
          <p>0 0 0 1 1 1 3 3 3 3 3 3 1 1 1 2 2 2</p>
        </triangles>
      </mesh>
    </geometry>
    <geometry id="ID801">
      <mesh>
        <source id="ID802">
          <float_array id="ID803" count="12">0.0115 -0.036 0.055 0.0119142 -0.035 0.056 0.0815858
            -0.035 0.056 0.082 -0.036 0.055</float_array>
          <technique_common>
            <accessor count="4" source="#ID803" stride="3">
              <param name="X" type="float" />
              <param name="Y" type="float" />
              <param name="Z" type="float" />
            </accessor>
          </technique_common>
        </source>
        <source id="ID804">
          <float_array id="ID805" count="12">0 0.7071068 -0.7071068 0 0.7071068 -0.7071068 0
            0.7071068 -0.7071068 0 0.7071068 -0.7071068</float_array>
          <technique_common>
            <accessor count="4" source="#ID805" stride="3">
              <param name="X" type="float" />
              <param name="Y" type="float" />
              <param name="Z" type="float" />
            </accessor>
          </technique_common>
        </source>
        <source id="ID806">
          <float_array id="ID807" count="8">1 0 0.9941246 1 0.0058754 1 0 0</float_array>
          <technique_common>
            <accessor count="4" source="#ID807" stride="2">
              <param name="S" type="float" />
              <param name="T" type="float" />
            </accessor>
          </technique_common>
        </source>
        <vertices id="ID808">
          <input semantic="POSITION" source="#ID802" />
        </vertices>
        <triangles count="2" material="ID809">
          <input semantic="VERTEX" source="#ID808" offset="0" />
          <input semantic="NORMAL" source="#ID804" offset="1" />
          <input semantic="TEXCOORD" source="#ID806" offset="2" set="0" />
          <p>1 1 1 2 2 2 0 0 0 0 0 0 2 2 2 3 3 3</p>
        </triangles>
      </mesh>
    </geometry>
    <geometry id="ID810">
      <mesh>
        <source id="ID811">
          <float_array id="ID812" count="12">0.087 -0.035 0.0614142 0.088 -0.036 0.061 0.082 -0.036
            0.055 0.0815858 -0.035 0.056</float_array>
          <technique_common>
            <accessor count="4" source="#ID812" stride="3">
              <param name="X" type="float" />
              <param name="Y" type="float" />
              <param name="Z" type="float" />
            </accessor>
          </technique_common>
        </source>
        <source id="ID813">
          <float_array id="ID814" count="12">0.5 0.7071068 -0.5 0.5 0.7071068 -0.5 0.5 0.7071068
            -0.5 0.5 0.7071068 -0.5</float_array>
          <technique_common>
            <accessor count="4" source="#ID814" stride="3">
              <param name="X" type="float" />
              <param name="Y" type="float" />
              <param name="Z" type="float" />
            </accessor>
          </technique_common>
        </source>
        <source id="ID815">
          <float_array id="ID816" count="8">0.2397177 1 0 0.9354226 0.8425404 0 1 0.1559038</float_array>
          <technique_common>
            <accessor count="4" source="#ID816" stride="2">
              <param name="S" type="float" />
              <param name="T" type="float" />
            </accessor>
          </technique_common>
        </source>
        <vertices id="ID817">
          <input semantic="POSITION" source="#ID811" />
        </vertices>
        <triangles count="2" material="ID818">
          <input semantic="VERTEX" source="#ID817" offset="0" />
          <input semantic="NORMAL" source="#ID813" offset="1" />
          <input semantic="TEXCOORD" source="#ID815" offset="2" set="0" />
          <p>0 0 0 1 1 1 3 3 3 3 3 3 1 1 1 2 2 2</p>
        </triangles>
      </mesh>
    </geometry>
    <geometry id="ID819">
      <mesh>
        <source id="ID820">
          <float_array id="ID821" count="12">0.0055 -0.05 0.143 0.0065 -0.051 0.1425858 0.0119142
            -0.051 0.148 0.0115 -0.05 0.149</float_array>
          <technique_common>
            <accessor count="4" source="#ID821" stride="3">
              <param name="X" type="float" />
              <param name="Y" type="float" />
              <param name="Z" type="float" />
            </accessor>
          </technique_common>
        </source>
        <source id="ID822">
          <float_array id="ID823" count="12">-0.5 -0.7071068 0.5 -0.5 -0.7071068 0.5 -0.5 -0.7071068
            0.5 -0.5 -0.7071068 0.5</float_array>
          <technique_common>
            <accessor count="4" source="#ID823" stride="3">
              <param name="X" type="float" />
              <param name="Y" type="float" />
              <param name="Z" type="float" />
            </accessor>
          </technique_common>
        </source>
        <source id="ID824">
          <float_array id="ID825" count="8">1 0.0645774 0.7602822 0 0 0.8440962 0.1574596 1</float_array>
          <technique_common>
            <accessor count="4" source="#ID825" stride="2">
              <param name="S" type="float" />
              <param name="T" type="float" />
            </accessor>
          </technique_common>
        </source>
        <vertices id="ID826">
          <input semantic="POSITION" source="#ID820" />
        </vertices>
        <triangles count="2" material="ID827">
          <input semantic="VERTEX" source="#ID826" offset="0" />
          <input semantic="NORMAL" source="#ID822" offset="1" />
          <input semantic="TEXCOORD" source="#ID824" offset="2" set="0" />
          <p>1 1 1 2 2 2 0 0 0 0 0 0 2 2 2 3 3 3</p>
        </triangles>
      </mesh>
    </geometry>
    <geometry id="ID828">
      <mesh>
        <source id="ID829">
          <float_array id="ID830" count="12">0.0115 -0.05 0.149 0.0119142 -0.051 0.148 0.0815858
            -0.051 0.148 0.082 -0.05 0.149</float_array>
          <technique_common>
            <accessor count="4" source="#ID830" stride="3">
              <param name="X" type="float" />
              <param name="Y" type="float" />
              <param name="Z" type="float" />
            </accessor>
          </technique_common>
        </source>
        <source id="ID831">
          <float_array id="ID832" count="12">0 -0.7071068 0.7071068 0 -0.7071068 0.7071068 0
            -0.7071068 0.7071068 0 -0.7071068 0.7071068</float_array>
          <technique_common>
            <accessor count="4" source="#ID832" stride="3">
              <param name="X" type="float" />
              <param name="Y" type="float" />
              <param name="Z" type="float" />
            </accessor>
          </technique_common>
        </source>
        <source id="ID833">
          <float_array id="ID834" count="8">1 1 0.9941246 0 0.0058754 0 0 1</float_array>
          <technique_common>
            <accessor count="4" source="#ID834" stride="2">
              <param name="S" type="float" />
              <param name="T" type="float" />
            </accessor>
          </technique_common>
        </source>
        <vertices id="ID835">
          <input semantic="POSITION" source="#ID829" />
        </vertices>
        <triangles count="2" material="ID836">
          <input semantic="VERTEX" source="#ID835" offset="0" />
          <input semantic="NORMAL" source="#ID831" offset="1" />
          <input semantic="TEXCOORD" source="#ID833" offset="2" set="0" />
          <p>1 1 1 2 2 2 0 0 0 0 0 0 2 2 2 3 3 3</p>
        </triangles>
      </mesh>
    </geometry>
    <geometry id="ID837">
      <mesh>
        <source id="ID838">
          <float_array id="ID839" count="12">0.0065 -0.051 0.1425858 0.0055 -0.05 0.143 0.0055 -0.05
            0.061 0.0065 -0.051 0.0614142</float_array>
          <technique_common>
            <accessor count="4" source="#ID839" stride="3">
              <param name="X" type="float" />
              <param name="Y" type="float" />
              <param name="Z" type="float" />
            </accessor>
          </technique_common>
        </source>
        <source id="ID840">
          <float_array id="ID841" count="12">-0.7071068 -0.7071068 0 -0.7071068 -0.7071068 0
            -0.7071068 -0.7071068 0 -0.7071068 -0.7071068 0</float_array>
          <technique_common>
            <accessor count="4" source="#ID841" stride="3">
              <param name="X" type="float" />
              <param name="Y" type="float" />
              <param name="Z" type="float" />
            </accessor>
          </technique_common>
        </source>
        <source id="ID842">
          <float_array id="ID843" count="8">0 0.9949486 1 1 1 0 0 0.0050514</float_array>
          <technique_common>
            <accessor count="4" source="#ID843" stride="2">
              <param name="S" type="float" />
              <param name="T" type="float" />
            </accessor>
          </technique_common>
        </source>
        <vertices id="ID844">
          <input semantic="POSITION" source="#ID838" />
        </vertices>
        <triangles count="2" material="ID845">
          <input semantic="VERTEX" source="#ID844" offset="0" />
          <input semantic="NORMAL" source="#ID840" offset="1" />
          <input semantic="TEXCOORD" source="#ID842" offset="2" set="0" />
          <p>0 0 0 1 1 1 3 3 3 3 3 3 1 1 1 2 2 2</p>
        </triangles>
      </mesh>
    </geometry>
    <geometry id="ID846">
      <mesh>
        <source id="ID847">
          <float_array id="ID848" count="12">0.082 -0.05 0.149 0.0815858 -0.051 0.148 0.087 -0.051
            0.1425858 0.088 -0.05 0.143</float_array>
          <technique_common>
            <accessor count="4" source="#ID848" stride="3">
              <param name="X" type="float" />
              <param name="Y" type="float" />
              <param name="Z" type="float" />
            </accessor>
          </technique_common>
        </source>
        <source id="ID849">
          <float_array id="ID850" count="12">0.5 -0.7071068 0.5 0.5 -0.7071068 0.5 0.5 -0.7071068
            0.5 0.5 -0.7071068 0.5</float_array>
          <technique_common>
            <accessor count="4" source="#ID850" stride="3">
              <param name="X" type="float" />
              <param name="Y" type="float" />
              <param name="Z" type="float" />
            </accessor>
          </technique_common>
        </source>
        <source id="ID851">
          <float_array id="ID852" count="8">0.8425404 1 1 0.8440962 0.2397177 0 0 0.0645774</float_array>
          <technique_common>
            <accessor count="4" source="#ID852" stride="2">
              <param name="S" type="float" />
              <param name="T" type="float" />
            </accessor>
          </technique_common>
        </source>
        <vertices id="ID853">
          <input semantic="POSITION" source="#ID847" />
        </vertices>
        <triangles count="2" material="ID854">
          <input semantic="VERTEX" source="#ID853" offset="0" />
          <input semantic="NORMAL" source="#ID849" offset="1" />
          <input semantic="TEXCOORD" source="#ID851" offset="2" set="0" />
          <p>0 0 0 1 1 1 3 3 3 3 3 3 1 1 1 2 2 2</p>
        </triangles>
      </mesh>
    </geometry>
    <geometry id="ID855">
      <mesh>
        <source id="ID856">
          <float_array id="ID857" count="12">0.0065 -0.051 0.0614142 0.0055 -0.05 0.061 0.0115 -0.05
            0.055 0.0119142 -0.051 0.056</float_array>
          <technique_common>
            <accessor count="4" source="#ID857" stride="3">
              <param name="X" type="float" />
              <param name="Y" type="float" />
              <param name="Z" type="float" />
            </accessor>
          </technique_common>
        </source>
        <source id="ID858">
          <float_array id="ID859" count="12">-0.5 -0.7071068 -0.5 -0.5 -0.7071068 -0.5 -0.5
            -0.7071068 -0.5 -0.5 -0.7071068 -0.5</float_array>
          <technique_common>
            <accessor count="4" source="#ID859" stride="3">
              <param name="X" type="float" />
              <param name="Y" type="float" />
              <param name="Z" type="float" />
            </accessor>
          </technique_common>
        </source>
        <source id="ID860">
          <float_array id="ID861" count="8">0.7602822 1 1 0.9354225 0.1574596 0 0 0.1559037</float_array>
          <technique_common>
            <accessor count="4" source="#ID861" stride="2">
              <param name="S" type="float" />
              <param name="T" type="float" />
            </accessor>
          </technique_common>
        </source>
        <vertices id="ID862">
          <input semantic="POSITION" source="#ID856" />
        </vertices>
        <triangles count="2" material="ID863">
          <input semantic="VERTEX" source="#ID862" offset="0" />
          <input semantic="NORMAL" source="#ID858" offset="1" />
          <input semantic="TEXCOORD" source="#ID860" offset="2" set="0" />
          <p>0 0 0 1 1 1 3 3 3 3 3 3 1 1 1 2 2 2</p>
        </triangles>
      </mesh>
    </geometry>
    <geometry id="ID864">
      <mesh>
        <source id="ID865">
          <float_array id="ID866" count="12">0.088 -0.05 0.143 0.087 -0.051 0.1425858 0.087 -0.051
            0.0614142 0.088 -0.05 0.061</float_array>
          <technique_common>
            <accessor count="4" source="#ID866" stride="3">
              <param name="X" type="float" />
              <param name="Y" type="float" />
              <param name="Z" type="float" />
            </accessor>
          </technique_common>
        </source>
        <source id="ID867">
          <float_array id="ID868" count="12">0.7071068 -0.7071068 0 0.7071068 -0.7071068 0 0.7071068
            -0.7071068 0 0.7071068 -0.7071068 0</float_array>
          <technique_common>
            <accessor count="4" source="#ID868" stride="3">
              <param name="X" type="float" />
              <param name="Y" type="float" />
              <param name="Z" type="float" />
            </accessor>
          </technique_common>
        </source>
        <source id="ID869">
          <float_array id="ID870" count="8">0 0 0.0050514 1 0.9949486 1 1 0</float_array>
          <technique_common>
            <accessor count="4" source="#ID870" stride="2">
              <param name="S" type="float" />
              <param name="T" type="float" />
            </accessor>
          </technique_common>
        </source>
        <vertices id="ID871">
          <input semantic="POSITION" source="#ID865" />
        </vertices>
        <triangles count="2" material="ID872">
          <input semantic="VERTEX" source="#ID871" offset="0" />
          <input semantic="NORMAL" source="#ID867" offset="1" />
          <input semantic="TEXCOORD" source="#ID869" offset="2" set="0" />
          <p>1 1 1 2 2 2 0 0 0 0 0 0 2 2 2 3 3 3</p>
        </triangles>
      </mesh>
    </geometry>
    <geometry id="ID873">
      <mesh>
        <source id="ID874">
          <float_array id="ID875" count="12">0.0119142 -0.051 0.056 0.0115 -0.05 0.055 0.082 -0.05
            0.055 0.0815858 -0.051 0.056</float_array>
          <technique_common>
            <accessor count="4" source="#ID875" stride="3">
              <param name="X" type="float" />
              <param name="Y" type="float" />
              <param name="Z" type="float" />
            </accessor>
          </technique_common>
        </source>
        <source id="ID876">
          <float_array id="ID877" count="12">0 -0.7071068 -0.7071068 0 -0.7071068 -0.7071068 0
            -0.7071068 -0.7071068 0 -0.7071068 -0.7071068</float_array>
          <technique_common>
            <accessor count="4" source="#ID877" stride="3">
              <param name="X" type="float" />
              <param name="Y" type="float" />
              <param name="Z" type="float" />
            </accessor>
          </technique_common>
        </source>
        <source id="ID878">
          <float_array id="ID879" count="8">0 0.9941246 1 1 1 0 0 0.0058754</float_array>
          <technique_common>
            <accessor count="4" source="#ID879" stride="2">
              <param name="S" type="float" />
              <param name="T" type="float" />
            </accessor>
          </technique_common>
        </source>
        <vertices id="ID880">
          <input semantic="POSITION" source="#ID874" />
        </vertices>
        <triangles count="2" material="ID881">
          <input semantic="VERTEX" source="#ID880" offset="0" />
          <input semantic="NORMAL" source="#ID876" offset="1" />
          <input semantic="TEXCOORD" source="#ID878" offset="2" set="0" />
          <p>0 0 0 1 1 1 3 3 3 3 3 3 1 1 1 2 2 2</p>
        </triangles>
      </mesh>
    </geometry>
    <geometry id="ID882">
      <mesh>
        <source id="ID883">
          <float_array id="ID884" count="12">0.088 -0.05 0.061 0.087 -0.051 0.0614142 0.0815858
            -0.051 0.056 0.082 -0.05 0.055</float_array>
          <technique_common>
            <accessor count="4" source="#ID884" stride="3">
              <param name="X" type="float" />
              <param name="Y" type="float" />
              <param name="Z" type="float" />
            </accessor>
          </technique_common>
        </source>
        <source id="ID885">
          <float_array id="ID886" count="12">0.5 -0.7071068 -0.5 0.5 -0.7071068 -0.5 0.5 -0.7071068
            -0.5 0.5 -0.7071068 -0.5</float_array>
          <technique_common>
            <accessor count="4" source="#ID886" stride="3">
              <param name="X" type="float" />
              <param name="Y" type="float" />
              <param name="Z" type="float" />
            </accessor>
          </technique_common>
        </source>
        <source id="ID887">
          <float_array id="ID888" count="8">0.1574596 0 0 0.1559037 0.7602822 1 1 0.9354225</float_array>
          <technique_common>
            <accessor count="4" source="#ID888" stride="2">
              <param name="S" type="float" />
              <param name="T" type="float" />
            </accessor>
          </technique_common>
        </source>
        <vertices id="ID889">
          <input semantic="POSITION" source="#ID883" />
        </vertices>
        <triangles count="2" material="ID890">
          <input semantic="VERTEX" source="#ID889" offset="0" />
          <input semantic="NORMAL" source="#ID885" offset="1" />
          <input semantic="TEXCOORD" source="#ID887" offset="2" set="0" />
          <p>0 0 0 1 1 1 3 3 3 3 3 3 1 1 1 2 2 2</p>
        </triangles>
      </mesh>
    </geometry>
  </library_geometries>
  <library_visual_scenes>
    <visual_scene id="ID891">
      <node id="ID892" name="tool">
        <instance_geometry url="#ID9">
          <bind_material>
            <technique_common>
              <instance_material symbol="ID17" target="#ID6" />
            </technique_common>
          </bind_material>
        </instance_geometry>
        <instance_geometry url="#ID18">
          <bind_material>
            <technique_common>
              <instance_material symbol="ID26" target="#ID6" />
            </technique_common>
          </bind_material>
        </instance_geometry>
        <instance_geometry url="#ID27">
          <bind_material>
            <technique_common>
              <instance_material symbol="ID35" target="#ID6" />
            </technique_common>
          </bind_material>
        </instance_geometry>
        <instance_geometry url="#ID36">
          <bind_material>
            <technique_common>
              <instance_material symbol="ID44" target="#ID6" />
            </technique_common>
          </bind_material>
        </instance_geometry>
        <instance_geometry url="#ID45">
          <bind_material>
            <technique_common>
              <instance_material symbol="ID53" target="#ID6" />
            </technique_common>
          </bind_material>
        </instance_geometry>
        <instance_geometry url="#ID54">
          <bind_material>
            <technique_common>
              <instance_material symbol="ID62" target="#ID6" />
            </technique_common>
          </bind_material>
        </instance_geometry>
        <instance_geometry url="#ID63">
          <bind_material>
            <technique_common>
              <instance_material symbol="ID71" target="#ID6" />
            </technique_common>
          </bind_material>
        </instance_geometry>
        <instance_geometry url="#ID72">
          <bind_material>
            <technique_common>
              <instance_material symbol="ID80" target="#ID6" />
            </technique_common>
          </bind_material>
        </instance_geometry>
        <instance_geometry url="#ID81">
          <bind_material>
            <technique_common>
              <instance_material symbol="ID89" target="#ID6" />
            </technique_common>
          </bind_material>
        </instance_geometry>
        <instance_geometry url="#ID90">
          <bind_material>
            <technique_common>
              <instance_material symbol="ID98" target="#ID6" />
            </technique_common>
          </bind_material>
        </instance_geometry>
        <instance_geometry url="#ID99">
          <bind_material>
            <technique_common>
              <instance_material symbol="ID107" target="#ID6" />
            </technique_common>
          </bind_material>
        </instance_geometry>
        <instance_geometry url="#ID108">
          <bind_material>
            <technique_common>
              <instance_material symbol="ID116" target="#ID6" />
            </technique_common>
          </bind_material>
        </instance_geometry>
        <instance_geometry url="#ID117">
          <bind_material>
            <technique_common>
              <instance_material symbol="ID125" target="#ID6" />
            </technique_common>
          </bind_material>
        </instance_geometry>
        <instance_geometry url="#ID126">
          <bind_material>
            <technique_common>
              <instance_material symbol="ID134" target="#ID6" />
            </technique_common>
          </bind_material>
        </instance_geometry>
        <instance_geometry url="#ID135">
          <bind_material>
            <technique_common>
              <instance_material symbol="ID143" target="#ID6" />
            </technique_common>
          </bind_material>
        </instance_geometry>
        <instance_geometry url="#ID144">
          <bind_material>
            <technique_common>
              <instance_material symbol="ID152" target="#ID6" />
            </technique_common>
          </bind_material>
        </instance_geometry>
        <instance_geometry url="#ID153">
          <bind_material>
            <technique_common>
              <instance_material symbol="ID161" target="#ID6" />
            </technique_common>
          </bind_material>
        </instance_geometry>
        <instance_geometry url="#ID162">
          <bind_material>
            <technique_common>
              <instance_material symbol="ID170" target="#ID6" />
            </technique_common>
          </bind_material>
        </instance_geometry>
        <instance_geometry url="#ID171">
          <bind_material>
            <technique_common>
              <instance_material symbol="ID179" target="#ID6" />
            </technique_common>
          </bind_material>
        </instance_geometry>
        <instance_geometry url="#ID180">
          <bind_material>
            <technique_common>
              <instance_material symbol="ID188" target="#ID6" />
            </technique_common>
          </bind_material>
        </instance_geometry>
        <instance_geometry url="#ID189">
          <bind_material>
            <technique_common>
              <instance_material symbol="ID197" target="#ID6" />
            </technique_common>
          </bind_material>
        </instance_geometry>
        <instance_geometry url="#ID198">
          <bind_material>
            <technique_common>
              <instance_material symbol="ID206" target="#ID6" />
            </technique_common>
          </bind_material>
        </instance_geometry>
        <instance_geometry url="#ID207">
          <bind_material>
            <technique_common>
              <instance_material symbol="ID215" target="#ID6" />
            </technique_common>
          </bind_material>
        </instance_geometry>
        <instance_geometry url="#ID216">
          <bind_material>
            <technique_common>
              <instance_material symbol="ID224" target="#ID6" />
            </technique_common>
          </bind_material>
        </instance_geometry>
        <instance_geometry url="#ID225">
          <bind_material>
            <technique_common>
              <instance_material symbol="ID233" target="#ID6" />
            </technique_common>
          </bind_material>
        </instance_geometry>
        <instance_geometry url="#ID234">
          <bind_material>
            <technique_common>
              <instance_material symbol="ID242" target="#ID6" />
            </technique_common>
          </bind_material>
        </instance_geometry>
        <instance_geometry url="#ID243">
          <bind_material>
            <technique_common>
              <instance_material symbol="ID251" target="#ID6" />
            </technique_common>
          </bind_material>
        </instance_geometry>
        <instance_geometry url="#ID252">
          <bind_material>
            <technique_common>
              <instance_material symbol="ID260" target="#ID6" />
            </technique_common>
          </bind_material>
        </instance_geometry>
        <instance_geometry url="#ID261">
          <bind_material>
            <technique_common>
              <instance_material symbol="ID269" target="#ID7" />
            </technique_common>
          </bind_material>
        </instance_geometry>
        <instance_geometry url="#ID270">
          <bind_material>
            <technique_common>
              <instance_material symbol="ID278" target="#ID6" />
            </technique_common>
          </bind_material>
        </instance_geometry>
        <instance_geometry url="#ID279">
          <bind_material>
            <technique_common>
              <instance_material symbol="ID287" target="#ID6" />
            </technique_common>
          </bind_material>
        </instance_geometry>
        <instance_geometry url="#ID288">
          <bind_material>
            <technique_common>
              <instance_material symbol="ID296" target="#ID6" />
            </technique_common>
          </bind_material>
        </instance_geometry>
        <instance_geometry url="#ID297">
          <bind_material>
            <technique_common>
              <instance_material symbol="ID305" target="#ID6" />
            </technique_common>
          </bind_material>
        </instance_geometry>
        <instance_geometry url="#ID306">
          <bind_material>
            <technique_common>
              <instance_material symbol="ID314" target="#ID6" />
            </technique_common>
          </bind_material>
        </instance_geometry>
        <instance_geometry url="#ID315">
          <bind_material>
            <technique_common>
              <instance_material symbol="ID323" target="#ID6" />
            </technique_common>
          </bind_material>
        </instance_geometry>
        <instance_geometry url="#ID324">
          <bind_material>
            <technique_common>
              <instance_material symbol="ID332" target="#ID6" />
            </technique_common>
          </bind_material>
        </instance_geometry>
        <instance_geometry url="#ID333">
          <bind_material>
            <technique_common>
              <instance_material symbol="ID341" target="#ID6" />
            </technique_common>
          </bind_material>
        </instance_geometry>
        <instance_geometry url="#ID342">
          <bind_material>
            <technique_common>
              <instance_material symbol="ID350" target="#ID6" />
            </technique_common>
          </bind_material>
        </instance_geometry>
        <instance_geometry url="#ID351">
          <bind_material>
            <technique_common>
              <instance_material symbol="ID359" target="#ID6" />
            </technique_common>
          </bind_material>
        </instance_geometry>
        <instance_geometry url="#ID360">
          <bind_material>
            <technique_common>
              <instance_material symbol="ID368" target="#ID6" />
            </technique_common>
          </bind_material>
        </instance_geometry>
        <instance_geometry url="#ID369">
          <bind_material>
            <technique_common>
              <instance_material symbol="ID377" target="#ID6" />
            </technique_common>
          </bind_material>
        </instance_geometry>
        <instance_geometry url="#ID378">
          <bind_material>
            <technique_common>
              <instance_material symbol="ID386" target="#ID6" />
            </technique_common>
          </bind_material>
        </instance_geometry>
        <instance_geometry url="#ID387">
          <bind_material>
            <technique_common>
              <instance_material symbol="ID395" target="#ID6" />
            </technique_common>
          </bind_material>
        </instance_geometry>
        <instance_geometry url="#ID396">
          <bind_material>
            <technique_common>
              <instance_material symbol="ID404" target="#ID6" />
            </technique_common>
          </bind_material>
        </instance_geometry>
        <instance_geometry url="#ID405">
          <bind_material>
            <technique_common>
              <instance_material symbol="ID413" target="#ID6" />
            </technique_common>
          </bind_material>
        </instance_geometry>
        <instance_geometry url="#ID414">
          <bind_material>
            <technique_common>
              <instance_material symbol="ID422" target="#ID6" />
            </technique_common>
          </bind_material>
        </instance_geometry>
        <instance_geometry url="#ID423">
          <bind_material>
            <technique_common>
              <instance_material symbol="ID431" target="#ID6" />
            </technique_common>
          </bind_material>
        </instance_geometry>
        <instance_geometry url="#ID432">
          <bind_material>
            <technique_common>
              <instance_material symbol="ID440" target="#ID6" />
            </technique_common>
          </bind_material>
        </instance_geometry>
        <instance_geometry url="#ID441">
          <bind_material>
            <technique_common>
              <instance_material symbol="ID449" target="#ID6" />
            </technique_common>
          </bind_material>
        </instance_geometry>
        <instance_geometry url="#ID450">
          <bind_material>
            <technique_common>
              <instance_material symbol="ID458" target="#ID6" />
            </technique_common>
          </bind_material>
        </instance_geometry>
        <instance_geometry url="#ID459">
          <bind_material>
            <technique_common>
              <instance_material symbol="ID467" target="#ID6" />
            </technique_common>
          </bind_material>
        </instance_geometry>
        <instance_geometry url="#ID468">
          <bind_material>
            <technique_common>
              <instance_material symbol="ID476" target="#ID6" />
            </technique_common>
          </bind_material>
        </instance_geometry>
        <instance_geometry url="#ID477">
          <bind_material>
            <technique_common>
              <instance_material symbol="ID485" target="#ID6" />
            </technique_common>
          </bind_material>
        </instance_geometry>
        <instance_geometry url="#ID486">
          <bind_material>
            <technique_common>
              <instance_material symbol="ID494" target="#ID6" />
            </technique_common>
          </bind_material>
        </instance_geometry>
        <instance_geometry url="#ID495">
          <bind_material>
            <technique_common>
              <instance_material symbol="ID503" target="#ID6" />
            </technique_common>
          </bind_material>
        </instance_geometry>
        <instance_geometry url="#ID504">
          <bind_material>
            <technique_common>
              <instance_material symbol="ID512" target="#ID6" />
            </technique_common>
          </bind_material>
        </instance_geometry>
        <instance_geometry url="#ID513">
          <bind_material>
            <technique_common>
              <instance_material symbol="ID521" target="#ID6" />
            </technique_common>
          </bind_material>
        </instance_geometry>
        <instance_geometry url="#ID522">
          <bind_material>
            <technique_common>
              <instance_material symbol="ID530" target="#ID6" />
            </technique_common>
          </bind_material>
        </instance_geometry>
        <instance_geometry url="#ID531">
          <bind_material>
            <technique_common>
              <instance_material symbol="ID539" target="#ID6" />
            </technique_common>
          </bind_material>
        </instance_geometry>
        <instance_geometry url="#ID540">
          <bind_material>
            <technique_common>
              <instance_material symbol="ID548" target="#ID6" />
            </technique_common>
          </bind_material>
        </instance_geometry>
        <instance_geometry url="#ID549">
          <bind_material>
            <technique_common>
              <instance_material symbol="ID557" target="#ID6" />
            </technique_common>
          </bind_material>
        </instance_geometry>
        <instance_geometry url="#ID558">
          <bind_material>
            <technique_common>
              <instance_material symbol="ID566" target="#ID6" />
            </technique_common>
          </bind_material>
        </instance_geometry>
        <instance_geometry url="#ID567">
          <bind_material>
            <technique_common>
              <instance_material symbol="ID575" target="#ID6" />
            </technique_common>
          </bind_material>
        </instance_geometry>
        <instance_geometry url="#ID576">
          <bind_material>
            <technique_common>
              <instance_material symbol="ID584" target="#ID6" />
            </technique_common>
          </bind_material>
        </instance_geometry>
        <instance_geometry url="#ID585">
          <bind_material>
            <technique_common>
              <instance_material symbol="ID593" target="#ID6" />
            </technique_common>
          </bind_material>
        </instance_geometry>
        <instance_geometry url="#ID594">
          <bind_material>
            <technique_common>
              <instance_material symbol="ID602" target="#ID6" />
            </technique_common>
          </bind_material>
        </instance_geometry>
        <instance_geometry url="#ID603">
          <bind_material>
            <technique_common>
              <instance_material symbol="ID611" target="#ID6" />
            </technique_common>
          </bind_material>
        </instance_geometry>
        <instance_geometry url="#ID612">
          <bind_material>
            <technique_common>
              <instance_material symbol="ID620" target="#ID6" />
            </technique_common>
          </bind_material>
        </instance_geometry>
        <instance_geometry url="#ID621">
          <bind_material>
            <technique_common>
              <instance_material symbol="ID629" target="#ID6" />
            </technique_common>
          </bind_material>
        </instance_geometry>
        <instance_geometry url="#ID630">
          <bind_material>
            <technique_common>
              <instance_material symbol="ID638" target="#ID6" />
            </technique_common>
          </bind_material>
        </instance_geometry>
        <instance_geometry url="#ID639">
          <bind_material>
            <technique_common>
              <instance_material symbol="ID647" target="#ID6" />
            </technique_common>
          </bind_material>
        </instance_geometry>
        <instance_geometry url="#ID648">
          <bind_material>
            <technique_common>
              <instance_material symbol="ID656" target="#ID6" />
            </technique_common>
          </bind_material>
        </instance_geometry>
        <instance_geometry url="#ID657">
          <bind_material>
            <technique_common>
              <instance_material symbol="ID665" target="#ID6" />
            </technique_common>
          </bind_material>
        </instance_geometry>
        <instance_geometry url="#ID666">
          <bind_material>
            <technique_common>
              <instance_material symbol="ID674" target="#ID6" />
            </technique_common>
          </bind_material>
        </instance_geometry>
        <instance_geometry url="#ID675">
          <bind_material>
            <technique_common>
              <instance_material symbol="ID683" target="#ID6" />
            </technique_common>
          </bind_material>
        </instance_geometry>
        <instance_geometry url="#ID684">
          <bind_material>
            <technique_common>
              <instance_material symbol="ID692" target="#ID6" />
            </technique_common>
          </bind_material>
        </instance_geometry>
        <instance_geometry url="#ID693">
          <bind_material>
            <technique_common>
              <instance_material symbol="ID701" target="#ID6" />
            </technique_common>
          </bind_material>
        </instance_geometry>
        <instance_geometry url="#ID702">
          <bind_material>
            <technique_common>
              <instance_material symbol="ID710" target="#ID6" />
            </technique_common>
          </bind_material>
        </instance_geometry>
        <instance_geometry url="#ID711">
          <bind_material>
            <technique_common>
              <instance_material symbol="ID719" target="#ID6" />
            </technique_common>
          </bind_material>
        </instance_geometry>
        <instance_geometry url="#ID720">
          <bind_material>
            <technique_common>
              <instance_material symbol="ID728" target="#ID6" />
            </technique_common>
          </bind_material>
        </instance_geometry>
        <instance_geometry url="#ID729">
          <bind_material>
            <technique_common>
              <instance_material symbol="ID737" target="#ID6" />
            </technique_common>
          </bind_material>
        </instance_geometry>
        <instance_geometry url="#ID738">
          <bind_material>
            <technique_common>
              <instance_material symbol="ID746" target="#ID8" />
            </technique_common>
          </bind_material>
        </instance_geometry>
        <instance_geometry url="#ID747">
          <bind_material>
            <technique_common>
              <instance_material symbol="ID755" target="#ID6" />
            </technique_common>
          </bind_material>
        </instance_geometry>
        <instance_geometry url="#ID756">
          <bind_material>
            <technique_common>
              <instance_material symbol="ID764" target="#ID6" />
            </technique_common>
          </bind_material>
        </instance_geometry>
        <instance_geometry url="#ID765">
          <bind_material>
            <technique_common>
              <instance_material symbol="ID773" target="#ID6" />
            </technique_common>
          </bind_material>
        </instance_geometry>
        <instance_geometry url="#ID774">
          <bind_material>
            <technique_common>
              <instance_material symbol="ID782" target="#ID6" />
            </technique_common>
          </bind_material>
        </instance_geometry>
        <instance_geometry url="#ID783">
          <bind_material>
            <technique_common>
              <instance_material symbol="ID791" target="#ID6" />
            </technique_common>
          </bind_material>
        </instance_geometry>
        <instance_geometry url="#ID792">
          <bind_material>
            <technique_common>
              <instance_material symbol="ID800" target="#ID6" />
            </technique_common>
          </bind_material>
        </instance_geometry>
        <instance_geometry url="#ID801">
          <bind_material>
            <technique_common>
              <instance_material symbol="ID809" target="#ID6" />
            </technique_common>
          </bind_material>
        </instance_geometry>
        <instance_geometry url="#ID810">
          <bind_material>
            <technique_common>
              <instance_material symbol="ID818" target="#ID6" />
            </technique_common>
          </bind_material>
        </instance_geometry>
        <instance_geometry url="#ID819">
          <bind_material>
            <technique_common>
              <instance_material symbol="ID827" target="#ID6" />
            </technique_common>
          </bind_material>
        </instance_geometry>
        <instance_geometry url="#ID828">
          <bind_material>
            <technique_common>
              <instance_material symbol="ID836" target="#ID6" />
            </technique_common>
          </bind_material>
        </instance_geometry>
        <instance_geometry url="#ID837">
          <bind_material>
            <technique_common>
              <instance_material symbol="ID845" target="#ID6" />
            </technique_common>
          </bind_material>
        </instance_geometry>
        <instance_geometry url="#ID846">
          <bind_material>
            <technique_common>
              <instance_material symbol="ID854" target="#ID6" />
            </technique_common>
          </bind_material>
        </instance_geometry>
        <instance_geometry url="#ID855">
          <bind_material>
            <technique_common>
              <instance_material symbol="ID863" target="#ID6" />
            </technique_common>
          </bind_material>
        </instance_geometry>
        <instance_geometry url="#ID864">
          <bind_material>
            <technique_common>
              <instance_material symbol="ID872" target="#ID6" />
            </technique_common>
          </bind_material>
        </instance_geometry>
        <instance_geometry url="#ID873">
          <bind_material>
            <technique_common>
              <instance_material symbol="ID881" target="#ID6" />
            </technique_common>
          </bind_material>
        </instance_geometry>
        <instance_geometry url="#ID882">
          <bind_material>
            <technique_common>
              <instance_material symbol="ID890" target="#ID6" />
            </technique_common>
          </bind_material>
        </instance_geometry>
      </node>
    </visual_scene>
  </library_visual_scenes>
  <scene>
    <instance_visual_scene url="#ID891" />
  </scene>
</COLLADA>