<?xml version="1.0" encoding="utf-8"?>
<COLLADA version="1.4.1" xmlns="http://www.collada.org/2005/11/COLLADASchema">
  <asset>
    <contributor>
      <authoring_tool>ABB RobotStudio</authoring_tool>
    </contributor>
    <created>2025-08-23T00:54:06Z</created>
    <modified>2025-08-23T00:54:06Z</modified>
    <unit meter="1" name="meter" />
    <up_axis>Z_UP</up_axis>
  </asset>
  <library_effects>
    <effect id="ID1">
      <profile_COMMON>
        <technique sid="COMMON">
          <phong>
            <emission>
              <color>0 0 0 1</color>
            </emission>
            <ambient>
              <color>0.4392157 0.4392157 0.4392157 1</color>
            </ambient>
            <diffuse>
              <color>0.4392157 0.4392157 0.4392157 1</color>
            </diffuse>
            <specular>
              <color>0.7490196 0.7490196 0.7490196 1</color>
            </specular>
          </phong>
        </technique>
      </profile_COMMON>
    </effect>
  </library_effects>
  <library_materials>
    <material id="ID2">
      <instance_effect url="#ID1" />
    </material>
  </library_materials>
  <library_geometries>
    <geometry id="ID3">
      <mesh>
        <source id="ID4">
          <float_array id="ID5" count="435">0 0.0046603 0.1969704 0.0007625 0.0045975 0.1969704
            0.0013955 0.0044464 0.1969704 0.0020013 0.0042087 0.1969704 0.0025586 0.0038951
            0.1969704 0.003036 0.0035357 0.1969704 0.0034634 0.0031181 0.1969704 0.0037417 0.002778
            0.1969704 0.0039868 0.0024133 0.1969704 0.0042988 0.0017996 0.1969704 0.0045114
            0.0011686 0.1969704 0.0046319 0.0005137 0.1969704 0.0046578 -0.0001503 0.1969704
            0.0046169 -0.0006346 0.1969704 0.0045256 -0.0011121 0.1969704 0.0043615 -0.0016418
            0.1969704 0.0041356 -0.0021483 0.1969704 0.0037974 -0.0027014 0.1969704 0.0033771
            -0.0032114 0.1969704 0.0028889 -0.0036569 0.1969704 0.0022899 -0.0040588 0.1969704
            0.001553 -0.0043939 0.1969704 0.000952 -0.004562 0.1969704 0.0003339 -0.0046483
            0.1969704 0 -0.0046603 0.1969704 0 -0.0180917 0.196543 0 -0.0314002 0.1955892 0
            -0.0445885 0.1940861 0 -0.0553055 0.192429 0.0005713 -0.0553447 0.1924216 0.0011271
            -0.0554605 0.1924 0.0016636 -0.0556516 0.1923643 0.0021685 -0.055913 0.1923155 0.0026301
            -0.0562383 0.1922546 0.0030458 -0.0566254 0.1921821 0.0034019 -0.0570606 0.1921005
            0.0036966 -0.057541 0.1920103 0.0049313 -0.0574484 0.1920103 0.00902 -0.0569497
            0.1920103 0.0172765 -0.0550105 0.1920103 0.0178178 -0.0548375 0.1920103 0.0261769
            -0.0513751 0.1920103 0.0288599 -0.0499173 0.1920103 0.0338915 -0.0466476 0.1920103
            0.038788 -0.0426629 0.1920103 0.0407715 -0.0407715 0.1920103 0.0462948 -0.0343718
            0.1920103 0.0466476 -0.0338915 0.1920103 0.0510165 -0.0268691 0.1920103 0.0513751
            -0.0261769 0.1920103 0.0548376 -0.0178178 0.1920103 0.0554964 -0.0156454 0.1920103
            0.0569497 -0.00902 0.1920103 0.057541 -0.0036966 0.1920103 0.0569548 -0.0033237
            0.1921204 0.0564409 -0.0028618 0.1922167 0.0561863 -0.0025646 0.1922643 0.0559586
            -0.0022419 0.1923069 0.0557629 -0.0019001 0.1923435 0.0556008 -0.0015427 0.1923738
            0.0554726 -0.0011694 0.1923978 0.0553797 -0.0007841 0.1924151 0.055324 -0.0003938
            0.1924255 0.0553055 0.0000001 0.192429 0.0553448 0.0005714 0.1924216 0.0554605 0.0011271
            0.1924 0.0556516 0.0016636 0.1923643 0.055913 0.0021685 0.1923155 0.0562383 0.0026301
            0.1922546 0.0566255 0.0030458 0.1921821 0.0570606 0.0034019 0.1921005 0.057541 0.0036966
            0.1920103 0.0572246 0.0070693 0.1920103 0.0569497 0.00902 0.1920103 0.0548376 0.0178178
            0.1920103 0.0544868 0.0188631 0.1920103 0.0513751 0.0261769 0.1920103 0.0491153
            0.0302046 0.1920103 0.0466476 0.0338915 0.1920103 0.0413345 0.0402006 0.1920103
            0.0407715 0.0407715 0.1920103 0.0338915 0.0466476 0.1920103 0.0317731 0.0481155
            0.1920103 0.0261769 0.0513751 0.1920103 0.0213039 0.0535796 0.1920103 0.0178178
            0.0548375 0.1920103 0.0131946 0.0561296 0.1920103 0.00902 0.0569497 0.1920103 0.0036966
            0.057541 0.1920103 0.0033995 0.0570578 0.192101 0.0030414 0.0566207 0.192183 0.0026289
            0.0562374 0.1922548 0.0021638 0.0559101 0.192316 0.0016608 0.0556499 0.1923646 0.001125
            0.0554599 0.1924001 0.0005669 0.0553441 0.1924218 0 0.0553055 0.192429 0 0.0445885
            0.1940861 0 0.0314002 0.1955892 0 0.0180917 0.196543 0.0036418 0.0177214 0.196543
            0.0063208 0.0307574 0.1955892 0.0089756 0.0436758 0.1940861 0.0071346 0.0166255 0.196543
            0.0123829 0.0288555 0.1955892 0.0175837 0.040975 0.1940861 0.0103353 0.0148491 0.196543
            0.0179379 0.0257722 0.1955892 0.025472 0.0365966 0.1940861 0.0131128 0.0124646 0.196543
            0.0227586 0.0216337 0.1955892 0.0323174 0.03072 0.1940861 0.0153535 0.0095699 0.196543
            0.0266476 0.0166096 0.1955892 0.0378398 0.0235857 0.1940861 0.0169656 0.0062834 0.196543
            0.0294456 0.0109055 0.1955892 0.041813 0.0154858 0.1940861 0.0178831 0.0027396 0.196543
            0.0310381 0.0047549 0.1955892 0.0440743 0.006752 0.1940861 0.0180685 -0.0009163 0.196543
            0.0313599 -0.0015904 0.1955892 0.0445313 -0.0022584 0.1940861 0.0175142 -0.0045347
            0.196543 0.0303978 -0.0078705 0.1955892 0.0431651 -0.0111762 0.1940861 0.0162429
            -0.0079675 0.196543 0.0281912 -0.0138285 0.1955892 0.0400318 -0.0196365 0.1940861
            0.0143065 -0.0110741 0.196543 0.0248305 -0.0192203 0.1955892 0.0352595 -0.0272929
            0.1940861 0.0117845 -0.0137273 0.196543 0.0204532 -0.0238251 0.1955892 0.0290437
            -0.0338319 0.1940861 0.00878 -0.0158185 0.196543 0.0152386 -0.0274547 0.1955892
            0.0216389 -0.0389858 0.1940861 0.005416 -0.0172621 0.196543 0.0094001 -0.0299601
            0.1955892 0.0133482 -0.0425436 0.1940861 0.0018303 -0.017999 0.196543 0.0031767
            -0.0312391 0.1955892 0.0045109 -0.0443597 0.1940861</float_array>
          <technique_common>
            <accessor count="145" source="#ID5" stride="3">
              <param name="X" type="float" />
              <param name="Y" type="float" />
              <param name="Z" type="float" />
            </accessor>
          </technique_common>
        </source>
        <source id="ID6">
          <float_array id="ID7" count="435">0 0.0127507 0.9999187 0.0025667 0.0124897 0.9999187
            0.0035408 0.0122492 0.9999187 0.0050283 0.0117173 0.9999187 0.0072841 0.0104653
            0.9999187 0.0086368 0.0093801 0.9999187 0.0092416 0.0087848 0.9999187 0.0099028
            0.0080321 0.9999187 0.0108208 0.0067446 0.9999187 0.011957 0.0044284 0.9999187 0.0123265
            0.0032616 0.9999187 0.0126036 0.0019308 0.9999187 0.0127343 -0.0006458 0.9999187
            0.0125468 -0.002271 0.9999187 0.0123436 -0.003196 0.9999187 0.0121013 -0.0040173
            0.9999187 0.0114476 -0.0056153 0.9999187 0.0100829 -0.0078048 0.9999187 0.0091108
            -0.0089204 0.9999187 0.0083054 -0.0096747 0.9999187 0.0061879 -0.0111485 0.9999187
            0.0038171 -0.0121659 0.9999187 0.0029602 -0.0124023 0.9999187 0.00129 -0.0126853
            0.9999187 0 -0.0127507 0.9999187 0 -0.0512967 0.9986835 0 -0.0920418 0.9957551 0
            -0.1347614 0.990878 0 -0.1710261 0.9852665 0.0017633 -0.1711618 0.9852414 0.0034879
            -0.1715645 0.9851667 0.005149 -0.1722274 0.9850438 0.0067148 -0.1731346 0.9848753
            0.0081501 -0.1742646 0.9846652 0.0094404 -0.1756027 0.9844158 0.0105585 -0.1771196
            0.9841327 0.011486 -0.1787919 0.9838198 0.0153225 -0.178504 0.9838198 0.0315769
            -0.1763558 0.9838198 0.053634 -0.170944 0.9838198 0.0553636 -0.1703917 0.9838198
            0.0813371 -0.1596331 0.9838198 0.0869469 -0.1566483 0.9838198 0.1088128 -0.1423314
            0.9838198 0.1205223 -0.1325626 0.9838198 0.1266856 -0.1266856 0.9838198 0.1438475
            -0.1068005 0.9838198 0.1449438 -0.1053079 0.9838198 0.1585189 -0.0834878 0.9838198
            0.1596331 -0.0813371 0.9838198 0.1699046 -0.0568409 0.9838198 0.1724389 -0.0486135
            0.9838198 0.1763463 -0.0316295 0.9838198 0.1787919 -0.011486 0.9838198 0.1767495
            -0.0103148 0.9842018 0.1749699 -0.0088735 0.9845338 0.1740748 -0.0079372 0.9847004
            0.173288 -0.0069398 0.9848468 0.172614 -0.0058862 0.9849719 0.1720516 -0.0047751
            0.9850764 0.1716027 -0.0036114 0.9851596 0.171282 -0.0024283 0.9852191 0.17109
            -0.0012253 0.9852546 0.1710261 0.0000003 0.9852665 0.1711595 0.0017634 0.9852418
            0.1715607 0.0034799 0.9851674 0.1722277 0.0051501 0.9850437 0.1731292 0.0067096
            0.9848763 0.1742613 0.0081468 0.9846658 0.1756014 0.0094402 0.9844161 0.1771096
            0.0105532 0.9841346 0.1787919 0.011486 0.9838198 0.1778088 0.0219656 0.9838198 0.1769547
            0.0280269 0.9838198 0.1699046 0.0568409 0.9838198 0.1693019 0.0586117 0.9838198
            0.1617961 0.0769448 0.9838198 0.1520435 0.0947694 0.9838198 0.1422805 0.1088793
            0.9838198 0.1284349 0.1249117 0.9838198 0.1266856 0.1266856 0.9838198 0.1053079
            0.1449438 0.9838198 0.0987256 0.1495049 0.9838198 0.0768296 0.1618508 0.9838198 0.070653
            0.1646409 0.9838198 0.0567102 0.1699483 0.9838198 0.0360647 0.175493 0.9838198 0.0315769
            0.1763558 0.9838198 0.011486 0.1787919 0.9838198 0.0105522 0.1771113 0.9841343 0.009431
            0.1755915 0.9844179 0.0081414 0.1742567 0.9846666 0.0067001 0.1731246 0.9848772 0.005138
            0.1722205 0.985045 0.0034785 0.1715612 0.9851673 0.0017534 0.17116 0.9852417 0 0.1710261
            0.9852665 0 0.1347614 0.990878 0 0.0920418 0.9957551 0 0.0512967 0.9986835 0.010326
            0.0502467 0.9986835 0.0185279 0.0901577 0.9957551 0.0271273 0.1320029 0.990878 0.0202292
            0.0471395 0.9986835 0.0362972 0.0845826 0.9957551 0.053144 0.1238401 0.990878 0.0293042
            0.0421025 0.9986835 0.0525806 0.0755446 0.9957551 0.0769849 0.1106073 0.990878 0.0371795
            0.0353418 0.9986835 0.0667112 0.0634138 0.9957551 0.0976741 0.0928462 0.990878 0.0435327
            0.0271341 0.9986835 0.0781108 0.0486868 0.9957551 0.1143645 0.071284 0.990878 0.0481036
            0.0178156 0.9986835 0.0863124 0.0319666 0.9957551 0.1263728 0.0468034 0.990878 0.0507052
            0.0077678 0.9986835 0.0909804 0.0139377 0.9957551 0.1332074 0.0204066 0.990878 0.0512309
            -0.0025981 0.9986835 0.0919237 -0.0046618 0.9957551 0.1345885 -0.0068256 0.990878
            0.0496592 -0.0128577 0.9986835 0.0891036 -0.0230705 0.9957551 0.1304595 -0.0337783
            0.990878 0.0460544 -0.0225908 0.9986835 0.0826356 -0.0405347 0.9957551 0.1209894
            -0.0593482 0.990878 0.0405642 -0.031399 0.9986835 0.0727844 -0.0563393 0.9957551
            0.1065661 -0.0824883 0.990878 0.0334133 -0.0389218 0.9986835 0.0599535 -0.0698375
            0.9957551 0.0877799 -0.1022513 0.990878 0.0248944 -0.0448511 0.9986835 0.0446681
            -0.0804765 0.9957551 0.0654 -0.1178282 0.990878 0.0153564 -0.0489442 0.9986835 0.0275539
            -0.0878207 0.9957551 0.0403426 -0.1285812 0.990878 0.0051896 -0.0510336 0.9986835
            0.0093117 -0.0915696 0.9957551 0.0136336 -0.13407 0.990878</float_array>
          <technique_common>
            <accessor count="145" source="#ID7" stride="3">
              <param name="X" type="float" />
              <param name="Y" type="float" />
              <param name="Z" type="float" />
            </accessor>
          </technique_common>
        </source>
        <source id="ID8">
          <float_array id="ID9" count="290">0 0 0 0.0923037 0 0.1240605 0 0.1704723 0 0.2388213 0
            0.2807103 0 0.3002754 0 0.3227172 0 0.3569319 0 0.4103845 0 0.4349682 0 0.4619235 0
            0.5126704 0 0.5448852 0 0.5636796 0 0.580825 0 0.6160272 0 0.6709052 0 0.7040201 0
            0.7297356 0 0.794333 0 0.8671565 0 0.8947035 0 0.9517335 0 1 0.25 1 0.5 1 0.75 1
            0.9548106 1 0.9556168 0.9948756 0.9580067 0.9899384 0.9619284 0.985275 0.9672717
            0.9809842 0.9738901 0.9771623 0.9816736 0.973842 0.9904293 0.9710814 1 0.9689096 1
            0.9589195 1 0.9184256 1 0.8671565 1 0.8632712 1 0.8064004 1 0.794333 1 0.7471261 1
            0.7211715 1 0.7071068 1 0.6653218 1 0.6624599 1 0.6236199 1 0.6200393 1 0.5814189 1
            0.569132 1 0.5444851 1 0.516044 0.9883004 0.5145772 0.9779998 0.5126704 0.9727818
            0.5113932 0.9681736 0.510008 0.9642098 0.5085226 0.9608904 0.5069371 0.9582335 0.5052608
            0.9563317 0.5035441 0.9551907 0.5017904 0.9548106 0.4999996 0.9556044 0.4974245
            0.9579847 0.4949295 0.9619301 0.492526 0.9672409 0.4903149 0.9738708 0.4883187 0.9816661
            0.4865698 0.9903724 0.4851167 1 0.483956 1 0.4692332 1 0.4606491 1 0.4185812 1 0.4158996
            1 0.3871634 1 0.3569319 1 0.3306387 1 0.2969545 1 0.2928932 1 0.2452373 1 0.2309959 1
            0.1838729 1 0.1704723 1 0.1397426 1 0.0923037 1 0.0815745 1 0.0310904 0.9903818
            0.0289032 0.9816089 0.0261341 0.973844 0.022815 0.9672131 0.0189762 0.9618881 0.0146944
            0.9579874 0.010035 0.9556062 0.0050959 0.9548106 0 0.75 0 0.5 0 0.25 0 0.25 0.0923037
            0.5 0.0923037 0.75 0.0923037 0.25 0.1704723 0.5 0.1704723 0.75 0.1704723 0.25 0.2388213
            0.5 0.2388213 0.75 0.2388213 0.25 0.3002754 0.5 0.3002754 0.75 0.3002754 0.25 0.3569319
            0.5 0.3569319 0.75 0.3569319 0.25 0.4103845 0.5 0.4103845 0.75 0.4103845 0.25 0.4619235
            0.5 0.4619235 0.75 0.4619235 0.25 0.5126704 0.5 0.5126704 0.75 0.5126704 0.25 0.5636796
            0.5 0.5636796 0.75 0.5636796 0.25 0.6160272 0.5 0.6160272 0.75 0.6160272 0.25 0.6709052
            0.5 0.6709052 0.75 0.6709052 0.25 0.7297356 0.5 0.7297356 0.75 0.7297356 0.25 0.794333
            0.5 0.794333 0.75 0.794333 0.25 0.8671565 0.5 0.8671565 0.75 0.8671565 0.25 0.9517335
            0.5 0.9517335 0.75 0.9517335</float_array>
          <technique_common>
            <accessor count="145" source="#ID9" stride="2">
              <param name="S" type="float" />
              <param name="T" type="float" />
            </accessor>
          </technique_common>
        </source>
        <vertices id="ID10">
          <input semantic="POSITION" source="#ID4" />
        </vertices>
        <triangles count="188" material="ID11">
          <input semantic="VERTEX" source="#ID10" offset="0" />
          <input semantic="NORMAL" source="#ID6" offset="1" />
          <input semantic="TEXCOORD" source="#ID8" offset="2" set="0" />
          <p>0 0 0 1 1 1 99 99 99 99 99 99 1 1 1 100 100 100 101 101 101 100 100 100 104 104 104 105
            105 105 104 104 104 108 108 108 83 83 83 108 108 108 82 82 82 83 83 83 105 105 105 108
            108 108 83 83 83 84 84 84 105 105 105 105 105 105 84 84 84 85 85 85 102 102 102 85 85 85
            86 86 86 87 87 87 102 102 102 86 86 86 87 87 87 91 91 91 102 102 102 87 87 87 90 90 90
            91 91 91 87 87 87 89 89 89 90 90 90 87 87 87 88 88 88 89 89 89 1 1 1 2 2 2 100 100 100
            100 100 100 2 2 2 103 103 103 104 104 104 103 103 103 107 107 107 108 108 108 107 107
            107 111 111 111 80 80 80 111 111 111 79 79 79 80 80 80 108 108 108 111 111 111 80 80 80
            81 81 81 108 108 108 108 108 108 81 81 81 82 82 82 2 2 2 3 3 3 103 103 103 103 103 103 3
            3 3 106 106 106 107 107 107 106 106 106 110 110 110 111 111 111 110 110 110 114 114 114
            78 78 78 114 114 114 77 77 77 78 78 78 111 111 111 114 114 114 78 78 78 79 79 79 111 111
            111 3 3 3 4 4 4 106 106 106 106 106 106 4 4 4 5 5 5 109 109 109 5 5 5 6 6 6 7 7 7 109
            109 109 6 6 6 7 7 7 112 112 112 109 109 109 7 7 7 8 8 8 112 112 112 112 112 112 8 8 8 9
            9 9 115 115 115 9 9 9 10 10 10 118 118 118 10 10 10 11 11 11 121 121 121 11 11 11 12 12
            12 13 13 13 121 121 121 12 12 12 13 13 13 124 124 124 121 121 121 13 13 13 14 14 14 124
            124 124 124 124 124 14 14 14 15 15 15 127 127 127 15 15 15 16 16 16 17 17 17 127 127 127
            16 16 16 17 17 17 130 130 130 127 127 127 17 17 17 18 18 18 130 130 130 130 130 130 18
            18 18 133 133 133 134 134 134 133 133 133 137 137 137 138 138 138 137 137 137 141 141
            141 41 41 41 141 141 141 40 40 40 41 41 41 138 138 138 141 141 141 41 41 41 42 42 42 138
            138 138 138 138 138 42 42 42 43 43 43 135 135 135 43 43 43 44 44 44 45 45 45 135 135 135
            44 44 44 45 45 45 132 132 132 135 135 135 45 45 45 46 46 46 132 132 132 132 132 132 46
            46 46 47 47 47 129 129 129 47 47 47 48 48 48 49 49 49 129 129 129 48 48 48 49 49 49 50
            50 50 129 129 129 129 129 129 50 50 50 126 126 126 125 125 125 126 126 126 122 122 122
            121 121 121 122 122 122 118 118 118 11 11 11 121 121 121 118 118 118 18 18 18 19 19 19
            133 133 133 133 133 133 19 19 19 136 136 136 137 137 137 136 136 136 140 140 140 141 141
            141 140 140 140 144 144 144 38 38 38 144 144 144 37 37 37 38 38 38 141 141 141 144 144
            144 38 38 38 39 39 39 141 141 141 141 141 141 39 39 39 40 40 40 19 19 19 20 20 20 136
            136 136 136 136 136 20 20 20 21 21 21 139 139 139 21 21 21 22 22 22 142 142 142 22 22 22
            23 23 23 25 25 25 23 23 23 24 24 24 25 25 25 142 142 142 23 23 23 25 25 25 26 26 26 142
            142 142 142 142 142 26 26 26 143 143 143 139 139 139 143 143 143 140 140 140 136 136 136
            139 139 139 140 140 140 136 136 136 21 21 21 139 139 139 26 26 26 27 27 27 143 143 143
            143 143 143 27 27 27 144 144 144 140 140 140 143 143 143 144 144 144 28 28 28 29 29 29
            27 27 27 27 27 27 29 29 29 30 30 30 144 144 144 30 30 30 31 31 31 32 32 32 144 144 144
            31 31 31 32 32 32 33 33 33 144 144 144 144 144 144 33 33 33 34 34 34 37 37 37 34 34 34
            35 35 35 36 36 36 37 37 37 35 35 35 50 50 50 51 51 51 126 126 126 126 126 126 51 51 51
            52 52 52 123 123 123 52 52 52 55 55 55 56 56 56 123 123 123 55 55 55 56 56 56 57 57 57
            123 123 123 123 123 123 57 57 57 58 58 58 59 59 59 123 123 123 58 58 58 59 59 59 60 60
            60 123 123 123 123 123 123 60 60 60 61 61 61 62 62 62 123 123 123 61 61 61 62 62 62 63
            63 63 123 123 123 123 123 123 63 63 63 64 64 64 65 65 65 123 123 123 64 64 64 65 65 65
            120 120 120 123 123 123 65 65 65 66 66 66 120 120 120 120 120 120 66 66 66 67 67 67 68
            68 68 120 120 120 67 67 67 68 68 68 69 69 69 120 120 120 120 120 120 69 69 69 72 72 72
            73 73 73 120 120 120 72 72 72 73 73 73 74 74 74 120 120 120 120 120 120 74 74 74 117 117
            117 116 116 116 117 117 117 113 113 113 112 112 112 113 113 113 109 109 109 112 112 112
            116 116 116 113 113 113 112 112 112 115 115 115 116 116 116 112 112 112 9 9 9 115 115
            115 53 53 53 54 54 54 52 52 52 52 52 52 54 54 54 55 55 55 69 69 69 70 70 70 72 72 72 72
            72 72 70 70 70 71 71 71 74 74 74 75 75 75 117 117 117 117 117 117 75 75 75 76 76 76 114
            114 114 76 76 76 77 77 77 114 114 114 117 117 117 76 76 76 114 114 114 113 113 113 117
            117 117 114 114 114 110 110 110 113 113 113 113 113 113 110 110 110 109 109 109 109 109
            109 110 110 110 106 106 106 5 5 5 109 109 109 106 106 106 91 91 91 92 92 92 102 102 102
            102 102 102 92 92 92 93 93 93 97 97 97 93 93 93 94 94 94 95 95 95 97 97 97 94 94 94 95
            95 95 96 96 96 97 97 97 93 93 93 97 97 97 102 102 102 102 102 102 97 97 97 98 98 98 101
            101 101 98 98 98 99 99 99 100 100 100 101 101 101 99 99 99 98 98 98 101 101 101 102 102
            102 102 102 102 101 101 101 105 105 105 85 85 85 102 102 102 105 105 105 103 103 103 104
            104 104 100 100 100 104 104 104 105 105 105 101 101 101 106 106 106 107 107 107 103 103
            103 107 107 107 108 108 108 104 104 104 110 110 110 111 111 111 107 107 107 116 116 116
            115 115 115 119 119 119 120 120 120 119 119 119 123 123 123 120 120 120 116 116 116 119
            119 119 120 120 120 117 117 117 116 116 116 10 10 10 118 118 118 115 115 115 115 115 115
            118 118 118 119 119 119 119 119 119 118 118 118 122 122 122 123 123 123 122 122 122 126
            126 126 52 52 52 123 123 123 126 126 126 122 122 122 123 123 123 119 119 119 122 122 122
            121 121 121 125 125 125 125 125 125 121 121 121 124 124 124 128 128 128 124 124 124 127
            127 127 131 131 131 127 127 127 130 130 130 134 134 134 130 130 130 133 133 133 134 134
            134 131 131 131 130 130 130 134 134 134 135 135 135 131 131 131 134 134 134 138 138 138
            135 135 135 134 134 134 137 137 137 138 138 138 124 124 124 128 128 128 125 125 125 125
            125 125 128 128 128 129 129 129 126 126 126 125 125 125 129 129 129 127 127 127 131 131
            131 128 128 128 128 128 128 131 131 131 132 132 132 129 129 129 132 132 132 47 47 47 129
            129 129 128 128 128 132 132 132 127 127 127 124 124 124 15 15 15 132 132 132 131 131 131
            135 135 135 136 136 136 137 137 137 133 133 133 135 135 135 138 138 138 43 43 43 140 140
            140 141 141 141 137 137 137 22 22 22 142 142 142 139 139 139 139 139 139 142 142 142 143
            143 143 144 144 144 27 27 27 30 30 30 37 37 37 144 144 144 34 34 34</p>
        </triangles>
      </mesh>
    </geometry>
    <geometry id="ID12">
      <mesh>
        <source id="ID13">
          <float_array id="ID14" count="141">0.0191 -0.0755 0.0378 0.0190529 -0.0749617 0.0378
            0.018913 -0.0744398 0.0378 0.0186847 -0.07395 0.0378 0.0183747 -0.0735074 0.0378
            0.0179926 -0.0731252 0.0378 0.01755 -0.0728153 0.0378 0.0170603 -0.072587 0.0378
            0.0165383 -0.0724471 0.0378 0.016 -0.0724 0.0378 0.0154617 -0.0724471 0.0378 0.0149397
            -0.072587 0.0378 0.01445 -0.0728153 0.0378 0.0140074 -0.0731252 0.0378 0.0136253
            -0.0735074 0.0378 0.0133153 -0.07395 0.0378 0.013087 -0.0744398 0.0378 0.0129471
            -0.0749617 0.0378 0.0129 -0.0755 0.0378 0.0128686 -0.0755 0.0359999 0.0128914 -0.0751022
            0.0358519 0.0129631 -0.0747144 0.0356897 0.0130804 -0.0743448 0.0355192 0.0132421
            -0.0739929 0.0353424 0.0135097 -0.073576 0.035114 0.0138405 -0.0732057 0.0348914
            0.0142317 -0.0728878 0.034681 0.0146745 -0.0726339 0.0344919 0.0151633 -0.0724522
            0.0343294 0.0154197 -0.072392 0.0342604 0.0156835 -0.0723531 0.0341997 0.0159515
            -0.0723366 0.0341478 0.0162198 -0.0723431 0.0341052 0.0164879 -0.0723727 0.0340713
            0.0167549 -0.0724259 0.0340458 0.0171655 -0.0725564 0.0340217 0.0175536 -0.0727413
            0.0340159 0.0179152 -0.0729791 0.034026 0.0182379 -0.0732612 0.0340498 0.0184479
            -0.0734939 0.0340747 0.0186336 -0.0737456 0.0341054 0.0187923 -0.0740122 0.0341412
            0.0189238 -0.074293 0.0341821 0.0190275 -0.0745866 0.034228 0.0191015 -0.0748873
            0.0342785 0.0191455 -0.0751916 0.0343333 0.0191595 -0.0755 0.0343932</float_array>
          <technique_common>
            <accessor count="47" source="#ID14" stride="3">
              <param name="X" type="float" />
              <param name="Y" type="float" />
              <param name="Z" type="float" />
            </accessor>
          </technique_common>
        </source>
        <source id="ID15">
          <float_array id="ID16" count="141">-0.9998477 0 -0.0174524 -0.9846578 -0.1736217
            -0.0174524 -0.9395495 -0.3419681 -0.0174524 -0.8658935 -0.4999239 -0.0174524 -0.7659278
            -0.6426897 -0.0174524 -0.6426897 -0.7659278 -0.0174524 -0.4999239 -0.8658935 -0.0174524
            -0.3419681 -0.9395495 -0.0174524 -0.1736217 -0.9846578 -0.0174524 0 -0.9998477
            -0.0174524 0.1736217 -0.9846578 -0.0174524 0.3419681 -0.9395495 -0.0174524 0.4999239
            -0.8658935 -0.0174524 0.6426897 -0.7659278 -0.0174524 0.7659278 -0.6426897 -0.0174524
            0.8658935 -0.4999239 -0.0174524 0.9395495 -0.3419681 -0.0174524 0.9846578 -0.1736217
            -0.0174524 0.9998477 0 -0.0174524 0.9998477 0 -0.0174524 0.991761 -0.1269073 -0.0174524
            0.9679795 -0.2504219 -0.0174524 0.9297159 -0.3678638 -0.0174524 0.8773875 -0.479465
            -0.0174524 0.7912192 -0.6112836 -0.0174524 0.6852901 -0.728061 -0.0174524 0.5604723
            -0.8279892 -0.0174524 0.4196974 -0.9074963 -0.0174524 0.2646917 -0.9641752 -0.0174524
            0.1834991 -0.9828649 -0.0174524 0.1000425 -0.9948301 -0.0174524 0.0153306 -0.9997302
            -0.0174524 -0.0694599 -0.9974321 -0.0174524 -0.1541165 -0.9878985 -0.0174524 -0.2384456
            -0.9709991 -0.0174524 -0.3680823 -0.9296294 -0.0174524 -0.4906268 -0.871195 -0.0174524
            -0.6048431 -0.7961534 -0.0174524 -0.7068574 -0.7071407 -0.0174524 -0.7733295 -0.6337641
            -0.0174524 -0.8321204 -0.5543205 -0.0174524 -0.8824047 -0.4701674 -0.0174524 -0.9241992
            -0.3815118 -0.0174524 -0.9572342 -0.2887873 -0.0174524 -0.9808927 -0.1937652 -0.0174524
            -0.9950768 -0.0975578 -0.0174524 -0.9998477 0 -0.0174524</float_array>
          <technique_common>
            <accessor count="47" source="#ID16" stride="3">
              <param name="X" type="float" />
              <param name="Y" type="float" />
              <param name="Z" type="float" />
            </accessor>
          </technique_common>
        </source>
        <source id="ID17">
          <float_array id="ID18" count="94">0 1 0 0.9444445 0 0.8888889 0 0.8333333 0 0.7777777 0
            0.7222222 0 0.6666667 0 0.6111111 0 0.5555556 0 0.5 0 0.4444444 0 0.3888889 0 0.3333333
            0 0.2777778 0 0.2222223 0 0.1666667 0 0.1111112 0 0.0555556 0 0 0.4756927 0 0.5148135
            0.0405113 0.5576748 0.0805819 0.6027299 0.1199299 0.6494538 0.1591958 0.7098163 0.209384
            0.7686302 0.2596298 0.8242322 0.3105868 0.8742126 0.3621138 0.9171565 0.4147165
            0.9353932 0.4412485 0.9514383 0.4680973 0.965137 0.4951192 0.9764053 0.522131 0.9853607
            0.5492607 0.992111 0.5766498 0.9984626 0.6200048 1 0.6632594 0.9973295 0.706801
            0.9910559 0.7499362 0.9844605 0.7814692 0.9763473 0.812946 0.9668897 0.8441677 0.9560945
            0.8753836 0.9439581 0.9067333 0.9306218 0.9379204 0.9161296 0.9688922 0.9003071 1</float_array>
          <technique_common>
            <accessor count="47" source="#ID18" stride="2">
              <param name="S" type="float" />
              <param name="T" type="float" />
            </accessor>
          </technique_common>
        </source>
        <vertices id="ID19">
          <input semantic="POSITION" source="#ID13" />
        </vertices>
        <triangles count="45" material="ID20">
          <input semantic="VERTEX" source="#ID19" offset="0" />
          <input semantic="NORMAL" source="#ID15" offset="1" />
          <input semantic="TEXCOORD" source="#ID17" offset="2" set="0" />
          <p>46 46 46 0 0 0 45 45 45 45 45 45 0 0 0 1 1 1 44 44 44 1 1 1 43 43 43 44 44 44 45 45 45
            1 1 1 1 1 1 2 2 2 43 43 43 43 43 43 2 2 2 42 42 42 42 42 42 2 2 2 3 3 3 41 41 41 3 3 3
            40 40 40 41 41 41 42 42 42 3 3 3 3 3 3 4 4 4 40 40 40 40 40 40 4 4 4 39 39 39 39 39 39 4
            4 4 38 38 38 38 38 38 4 4 4 5 5 5 37 37 37 5 5 5 6 6 6 36 36 36 6 6 6 35 35 35 36 36 36
            37 37 37 6 6 6 6 6 6 7 7 7 35 35 35 35 35 35 7 7 7 34 34 34 34 34 34 7 7 7 8 8 8 33 33
            33 8 8 8 32 32 32 33 33 33 34 34 34 8 8 8 8 8 8 9 9 9 32 32 32 32 32 32 9 9 9 31 31 31
            31 31 31 9 9 9 30 30 30 30 30 30 9 9 9 10 10 10 29 29 29 10 10 10 28 28 28 29 29 29 30
            30 30 10 10 10 10 10 10 11 11 11 28 28 28 28 28 28 11 11 11 27 27 27 27 27 27 11 11 11
            12 12 12 26 26 26 12 12 12 13 13 13 25 25 25 13 13 13 14 14 14 24 24 24 14 14 14 15 15
            15 23 23 23 15 15 15 22 22 22 23 23 23 24 24 24 15 15 15 15 15 15 16 16 16 22 22 22 22
            22 22 16 16 16 21 21 21 21 21 21 16 16 16 17 17 17 20 20 20 17 17 17 18 18 18 19 19 19
            20 20 20 18 18 18 20 20 20 21 21 21 17 17 17 24 24 24 25 25 25 14 14 14 25 25 25 26 26
            26 13 13 13 26 26 26 27 27 27 12 12 12 37 37 37 38 38 38 5 5 5</p>
        </triangles>
      </mesh>
    </geometry>
    <geometry id="ID21">
      <mesh>
        <source id="ID22">
          <float_array id="ID23" count="201">-0.0634639 0 0 -0.0626825 -0.0099279 0 -0.0603577
            -0.0196114 0 -0.0565467 -0.028812 0 -0.0513433 -0.0373031 0 -0.0448757 -0.0448757 0
            -0.0373031 -0.0513433 0 -0.028812 -0.0565467 0 -0.0196114 -0.0603577 0 -0.0099279
            -0.0626825 0 0 -0.0634639 0 0.0099279 -0.0626825 0 0.0196114 -0.0603577 0 0.028812
            -0.0565467 0 0.0373031 -0.0513433 0 0.0448757 -0.0448757 0 0.0513433 -0.0373031 0
            0.0565467 -0.028812 0 0.0603577 -0.0196114 0 0.0626825 -0.0099279 0 0.0634639 0 0
            0.063753 0 0.016 0.0636854 -0.0029344 0.016 0.0632851 -0.0077094 0.016 0.0628646
            -0.0106058 0.016 0.0612461 -0.0177019 0.016 0.0589366 -0.0243088 0.016 0.0560604
            -0.0303591 0.016 0.0559967 -0.0304763 0.016 0.0524687 -0.0362144 0.016 0.0483525
            -0.0415509 0.016 0.044057 -0.0460806 0.016 0.0436566 -0.0464601 0.016 0.0383348 -0.05094
            0.016 0.0323465 -0.0549376 0.016 0.0290683 -0.0567404 0.016 0.0269433 -0.0577797
            0.0160001 0.020805 -0.0602626 0.016 0.0138447 -0.0622315 0.016 0.0069512 -0.0633729
            0.016 0.000116 -0.0637528 0.016 -0.0066672 -0.0634033 0.016 -0.0133919 -0.0623306 0.016
            -0.0200642 -0.0605134 0.016 -0.0266739 -0.0579045 0.016 -0.0332181 -0.054415 0.016
            -0.0384805 -0.05083 0.016 -0.0396845 -0.0498958 0.016 -0.046061 -0.0440775 0.016
            -0.0478219 -0.0421606 0.016 -0.0480043 -0.0422456 0.0266843 -0.0480124 -0.0422494
            0.0271601 -0.0482244 -0.0423482 0.0395769 -0.0484362 -0.042447 0.0519937 -0.048496
            -0.0424749 0.0554983 -0.048648 -0.0425457 0.0644105 -0.0488232 -0.0426274 0.0746888
            -0.0489522 -0.0426875 0.0822524 -0.048999 -0.0427094 0.085 -0.0526246 -0.0381528 0.085
            -0.055828 -0.0332901 0.085 -0.0585832 -0.0281601 0.085 -0.0608685 -0.0228042 0.085
            -0.0626649 -0.0172652 0.085 -0.0639588 -0.0115877 0.085 -0.064739 -0.0058172 0.085
            -0.065 0 0.085</float_array>
          <technique_common>
            <accessor count="67" source="#ID23" stride="3">
              <param name="X" type="float" />
              <param name="Y" type="float" />
              <param name="Z" type="float" />
            </accessor>
          </technique_common>
        </source>
        <source id="ID24">
          <float_array id="ID25" count="201">-0.9998367 0 -0.0180693 -0.9875271 -0.1564089
            -0.0180693 -0.9509013 -0.3089665 -0.0180693 -0.890861 -0.4539164 -0.0180693 -0.8088849
            -0.5876893 -0.0180693 -0.7069913 -0.7069913 -0.0180693 -0.5876893 -0.8088849 -0.0180693
            -0.4539164 -0.890861 -0.0180693 -0.3089665 -0.9509013 -0.0180693 -0.1564089 -0.9875271
            -0.0180693 0 -0.9998367 -0.0180693 0.1564089 -0.9875271 -0.0180693 0.3089665 -0.9509013
            -0.0180693 0.4539164 -0.890861 -0.0180693 0.5876893 -0.8088849 -0.0180693 0.7069913
            -0.7069913 -0.0180693 0.8088849 -0.5876893 -0.0180693 0.890861 -0.4539164 -0.0180693
            0.9509013 -0.3089665 -0.0180693 0.9875271 -0.1564089 -0.0180693 0.9998367 0 -0.0180693
            0.9998367 0 -0.0180693 0.9987771 -0.0460198 -0.0180693 0.9924994 -0.1209067 -0.0180693
            0.9859045 -0.1663307 -0.0180693 0.9605216 -0.2776181 -0.0180693 0.9243019 -0.3812343
            -0.0180693 0.8791938 -0.4761215 -0.0180693 0.8781962 -0.477959 -0.0180693 0.822865
            -0.5679495 -0.0180693 0.7583116 -0.6516418 -0.0180693 0.6909457 -0.7226807 -0.0180693
            0.6846653 -0.7286336 -0.0180693 0.6012041 -0.7988912 -0.0180693 0.5072903 -0.8615858
            -0.0180693 0.4558785 -0.8898585 -0.0180693 0.4225515 -0.9061588 -0.0180693 0.3262851
            -0.9450987 -0.0180693 0.2171264 -0.9759762 -0.0180693 0.109015 -0.9938759 -0.0180693
            0.0018199 -0.9998351 -0.0180693 -0.1045611 -0.9943543 -0.0180693 -0.210025 -0.977529
            -0.0180693 -0.314667 -0.9490301 -0.0180693 -0.4183263 -0.9081171 -0.0180693 -0.5209592
            -0.8533903 -0.0180693 -0.6034895 -0.7971662 -0.0180693 -0.6223706 -0.7825141 -0.0180693
            -0.7223741 -0.6912663 -0.0180693 -0.7499897 -0.6612027 -0.0180693 -0.750577 -0.6605359
            -0.0180693 -0.7506031 -0.6605063 -0.0180693 -0.75128 -0.6597362 -0.0180693 -0.7519513
            -0.658971 -0.0180693 -0.7521397 -0.6587559 -0.0180693 -0.7526169 -0.6582106 -0.0180693
            -0.7531638 -0.6575848 -0.0180693 -0.7535638 -0.6571264 -0.0180693 -0.7537082 -0.6569608
            -0.0180693 -0.8094787 -0.5868711 -0.0180693 -0.8587527 -0.5120715 -0.0180693 -0.9011348
            -0.4331622 -0.0180693 -0.9362848 -0.3507766 -0.0180693 -0.9639207 -0.2655757 -0.0180693
            -0.9838205 -0.1782435 -0.0180693 -0.9958246 -0.0894808 -0.0180693 -0.9998367 0
            -0.0180693</float_array>
          <technique_common>
            <accessor count="67" source="#ID25" stride="3">
              <param name="X" type="float" />
              <param name="Y" type="float" />
              <param name="Z" type="float" />
            </accessor>
          </technique_common>
        </source>
        <source id="ID26">
          <float_array id="ID27" count="134">0 0 0 0.05 0 0.1 0 0.15 0 0.2 0 0.25 0 0.3 0 0.35 0 0.4
            0 0.45 0 0.5 0 0.55 0 0.6 0 0.65 0 0.7 0 0.75 0 0.8 0 0.85 0 0.9 0 0.95 0 1 0.1882354 1
            0.1882353 0.9853439 0.1882353 0.9614134 0.1882353 0.9467993 0.1882353 0.91044 0.1882353
            0.8754777 0.1882353 0.8420141 0.1882353 0.8413485 0.1882353 0.807701 0.1882353 0.7740359
            0.1882353 0.7428553 0.1882353 0.7401004 0.1882353 0.7053512 0.1882353 0.6693834
            0.1882356 0.6507015 0.188236 0.6388897 0.1882353 0.6058149 0.1882353 0.5696799 0.1882353
            0.5347753 0.1882353 0.5005794 0.1882353 0.4666508 0.1882353 0.4326343 0.1882353
            0.3980899 0.1882353 0.362593 0.1882353 0.3255427 0.1882353 0.2937372 0.1882353 0.2861284
            0.1882351 0.2429966 0.1882349 0.2299995 0.3139325 0.2297166 0.3195307 0.229704 0.4656104
            0.2293776 0.6116902 0.2290536 0.6529214 0.2289625 0.7577704 0.2287318 0.8786921
            0.2284672 0.9676756 0.2282735 1 0.2282036 1 0.1996782 1 0.1711527 1 0.1426273 1
            0.1141018 1 0.0855763 1 0.0570509 1 0.0285254 1 0</float_array>
          <technique_common>
            <accessor count="67" source="#ID27" stride="2">
              <param name="S" type="float" />
              <param name="T" type="float" />
            </accessor>
          </technique_common>
        </source>
        <vertices id="ID28">
          <input semantic="POSITION" source="#ID22" />
        </vertices>
        <triangles count="65" material="ID29">
          <input semantic="VERTEX" source="#ID28" offset="0" />
          <input semantic="NORMAL" source="#ID24" offset="1" />
          <input semantic="TEXCOORD" source="#ID26" offset="2" set="0" />
          <p>66 66 66 0 0 0 65 65 65 65 65 65 0 0 0 1 1 1 64 64 64 1 1 1 63 63 63 64 64 64 65 65 65
            1 1 1 1 1 1 2 2 2 63 63 63 63 63 63 2 2 2 62 62 62 62 62 62 2 2 2 3 3 3 61 61 61 3 3 3
            60 60 60 61 61 61 62 62 62 3 3 3 3 3 3 4 4 4 60 60 60 60 60 60 4 4 4 59 59 59 59 59 59 4
            4 4 53 53 53 54 54 54 59 59 59 53 53 53 54 54 54 55 55 55 59 59 59 59 59 59 55 55 55 56
            56 56 57 57 57 59 59 59 56 56 56 57 57 57 58 58 58 59 59 59 47 47 47 48 48 48 5 5 5 6 6
            6 47 47 47 5 5 5 6 6 6 46 46 46 47 47 47 6 6 6 45 45 45 46 46 46 6 6 6 7 7 7 45 45 45 45
            45 45 7 7 7 44 44 44 44 44 44 7 7 7 8 8 8 43 43 43 8 8 8 42 42 42 43 43 43 44 44 44 8 8
            8 8 8 8 9 9 9 42 42 42 42 42 42 9 9 9 41 41 41 41 41 41 9 9 9 10 10 10 40 40 40 10 10 10
            39 39 39 40 40 40 41 41 41 10 10 10 10 10 10 11 11 11 39 39 39 39 39 39 11 11 11 38 38
            38 38 38 38 11 11 11 12 12 12 37 37 37 12 12 12 36 36 36 37 37 37 38 38 38 12 12 12 12
            12 12 13 13 13 36 36 36 36 36 36 13 13 13 35 35 35 35 35 35 13 13 13 34 34 34 34 34 34
            13 13 13 14 14 14 33 33 33 14 14 14 32 32 32 33 33 33 34 34 34 14 14 14 14 14 14 15 15
            15 32 32 32 32 32 32 15 15 15 31 31 31 31 31 31 15 15 15 30 30 30 30 30 30 15 15 15 16
            16 16 29 29 29 16 16 16 17 17 17 28 28 28 17 17 17 27 27 27 28 28 28 29 29 29 17 17 17
            27 27 27 17 17 17 26 26 26 26 26 26 17 17 17 18 18 18 25 25 25 18 18 18 19 19 19 24 24
            24 19 19 19 23 23 23 24 24 24 25 25 25 19 19 19 23 23 23 19 19 19 22 22 22 22 22 22 19
            19 19 20 20 20 21 21 21 22 22 22 20 20 20 25 25 25 26 26 26 18 18 18 29 29 29 30 30 30
            16 16 16 48 48 48 49 49 49 5 5 5 5 5 5 49 49 49 4 4 4 4 4 4 49 49 49 50 50 50 51 51 51 4
            4 4 50 50 50 51 51 51 52 52 52 4 4 4 4 4 4 52 52 52 53 53 53</p>
        </triangles>
      </mesh>
    </geometry>
    <geometry id="ID30">
      <mesh>
        <source id="ID31">
          <float_array id="ID32" count="156">0.0841 -0.118 0.0378 0.0840529 -0.1174617 0.0378
            0.083913 -0.1169398 0.0378 0.0836847 -0.11645 0.0378 0.0833747 -0.1160074 0.0378
            0.0829926 -0.1156252 0.0378 0.08255 -0.1153153 0.0378 0.0820603 -0.115087 0.0378
            0.0815383 -0.1149471 0.0378 0.081 -0.1149 0.0378 0.0804617 -0.1149471 0.0378 0.0799397
            -0.115087 0.0378 0.07945 -0.1153153 0.0378 0.0790074 -0.1156252 0.0378 0.0786253
            -0.1160074 0.0378 0.0783153 -0.11645 0.0378 0.078087 -0.1169398 0.0378 0.0779471
            -0.1174617 0.0378 0.0779 -0.118 0.0378 0.0778223 -0.118 0.0333491 0.0778363 -0.1176923
            0.0332946 0.0778802 -0.1173865 0.0332413 0.0779543 -0.117084 0.0331894 0.0780579
            -0.1167896 0.0331397 0.0781901 -0.1165066 0.0330929 0.0783488 -0.1162387 0.0330492
            0.0785323 -0.1159885 0.0330091 0.0787412 -0.1157556 0.0329722 0.0789723 -0.115544
            0.0329389 0.0792217 -0.1153572 0.0329095 0.0794898 -0.1151949 0.0328838 0.0797736
            -0.1150593 0.0328618 0.0800678 -0.1149528 0.0328436 0.0803709 -0.1148759 0.0328291
            0.0806824 -0.114829 0.0328182 0.0809968 -0.1148129 0.0328109 0.0813092 -0.1148278
            0.0328071 0.0816202 -0.1148738 0.0328069 0.0819259 -0.1149504 0.0328102 0.082221
            -0.1150562 0.0328171 0.0825045 -0.1151907 0.0328275 0.0827744 -0.1153531 0.0328416
            0.0830255 -0.1155404 0.0328593 0.0832562 -0.1157507 0.0328807 0.0834662 -0.115984
            0.032906 0.0836522 -0.1162366 0.032935 0.0838111 -0.1165041 0.0329676 0.0839432
            -0.1167861 0.0330039 0.0840474 -0.1170809 0.0330439 0.0841219 -0.1173831 0.033087
            0.0841663 -0.1176893 0.0331331 0.0841806 -0.118 0.0331822</float_array>
          <technique_common>
            <accessor count="52" source="#ID32" stride="3">
              <param name="X" type="float" />
              <param name="Y" type="float" />
              <param name="Z" type="float" />
            </accessor>
          </technique_common>
        </source>
        <source id="ID33">
          <float_array id="ID34" count="156">-0.9998477 0 -0.0174524 -0.9846578 -0.1736217
            -0.0174524 -0.9395495 -0.3419681 -0.0174524 -0.8658935 -0.4999239 -0.0174524 -0.7659278
            -0.6426897 -0.0174524 -0.6426897 -0.7659278 -0.0174524 -0.4999239 -0.8658935 -0.0174524
            -0.3419681 -0.9395495 -0.0174524 -0.1736217 -0.9846578 -0.0174524 0 -0.9998477
            -0.0174524 0.1736217 -0.9846578 -0.0174524 0.3419681 -0.9395495 -0.0174524 0.4999239
            -0.8658935 -0.0174524 0.6426897 -0.7659278 -0.0174524 0.7659278 -0.6426897 -0.0174524
            0.8658935 -0.4999239 -0.0174524 0.9395495 -0.3419681 -0.0174524 0.9846578 -0.1736217
            -0.0174524 0.9998477 0 -0.0174524 0.9998477 0 -0.0174524 0.9951525 -0.0967833 -0.0174524
            0.9810563 -0.1929348 -0.0174524 0.9574829 -0.2879617 -0.0174524 0.9246452 -0.3804295
            -0.0174524 0.882896 -0.4692442 -0.0174524 0.8328229 -0.5532643 -0.0174524 0.7749927
            -0.6317292 -0.0174524 0.7092626 -0.7047283 -0.0174524 0.6365765 -0.7710161 -0.0174524
            0.5581874 -0.8295313 -0.0174524 0.4739825 -0.8803613 -0.0174524 0.3848622 -0.9228091
            -0.0174524 0.2924946 -0.9561079 -0.0174524 0.1973682 -0.9801741 -0.0174524 0.0996294
            -0.9948716 -0.0174524 0.001015 -0.9998472 -0.0174524 -0.0970038 -0.995131 -0.0174524
            -0.1945607 -0.9807352 -0.0174524 -0.2904865 -0.9567199 -0.0174524 -0.383058 -0.9235594
            -0.0174524 -0.4720316 -0.8814089 -0.0174524 -0.5567414 -0.8305026 -0.0174524 -0.635612
            -0.7718114 -0.0174524 -0.708071 -0.7059256 -0.0174524 -0.7741213 -0.6327966 -0.0174524
            -0.8326169 -0.5535744 -0.0174524 -0.8826581 -0.4696914 -0.0174524 -0.9243162 -0.3812283
            -0.0174524 -0.9572623 -0.2886941 -0.0174524 -0.9808813 -0.1938226 -0.0174524 -0.9950668
            -0.0976598 -0.0174524 -0.9998477 0 -0.0174524</float_array>
          <technique_common>
            <accessor count="52" source="#ID34" stride="3">
              <param name="X" type="float" />
              <param name="Y" type="float" />
              <param name="Z" type="float" />
            </accessor>
          </technique_common>
        </source>
        <source id="ID35">
          <float_array id="ID36" count="104">0 1 0 0.9444445 0 0.8888889 0 0.8333333 0 0.7777777 0
            0.7222222 0 0.6666667 0 0.6111111 0 0.5555556 0 0.5 0 0.4444444 0 0.3888889 0 0.3333333
            0 0.2777778 0 0.2222223 0 0.1666667 0 0.1111112 0 0.0555556 0 0 0.8914067 0 0.9023251
            0.0308602 0.9130101 0.0618102 0.9233989 0.0929922 0.9333403 0.1242438 0.9427257
            0.1554993 0.9514644 0.1866502 0.9595069 0.2176941 0.9669005 0.2489793 0.9735662 0.28031
            0.9794441 0.3114644 0.9845957 0.3427899 0.9890084 0.3742288 0.9926484 0.4054998
            0.9955479 0.4367508 0.9977363 0.4682294 0.999204 0.4996769 0.9999546 0.5309306 1
            0.5623378 0.9993367 0.5938319 0.9979675 0.6251492 0.9958797 0.6565052 0.9930542
            0.6879811 0.9895054 0.719292 0.9852247 0.750483 0.9801592 0.7818673 0.9743405 0.8132312
            0.967819 0.8443394 0.9605548 0.8754812 0.9525415 0.9067643 0.9438937 0.9379018 0.9346755
            0.9688595 0.9248431 1</float_array>
          <technique_common>
            <accessor count="52" source="#ID36" stride="2">
              <param name="S" type="float" />
              <param name="T" type="float" />
            </accessor>
          </technique_common>
        </source>
        <vertices id="ID37">
          <input semantic="POSITION" source="#ID31" />
        </vertices>
        <triangles count="50" material="ID38">
          <input semantic="VERTEX" source="#ID37" offset="0" />
          <input semantic="NORMAL" source="#ID33" offset="1" />
          <input semantic="TEXCOORD" source="#ID35" offset="2" set="0" />
          <p>51 51 51 0 0 0 50 50 50 50 50 50 0 0 0 1 1 1 49 49 49 1 1 1 48 48 48 49 49 49 50 50 50
            1 1 1 1 1 1 2 2 2 48 48 48 48 48 48 2 2 2 47 47 47 47 47 47 2 2 2 3 3 3 46 46 46 3 3 3
            45 45 45 46 46 46 47 47 47 3 3 3 3 3 3 4 4 4 45 45 45 45 45 45 4 4 4 44 44 44 44 44 44 4
            4 4 43 43 43 43 43 43 4 4 4 5 5 5 42 42 42 5 5 5 41 41 41 42 42 42 43 43 43 5 5 5 5 5 5
            6 6 6 41 41 41 41 41 41 6 6 6 40 40 40 40 40 40 6 6 6 39 39 39 39 39 39 6 6 6 7 7 7 38
            38 38 7 7 7 8 8 8 37 37 37 8 8 8 36 36 36 37 37 37 38 38 38 8 8 8 8 8 8 9 9 9 36 36 36
            36 36 36 9 9 9 35 35 35 35 35 35 9 9 9 34 34 34 34 34 34 9 9 9 10 10 10 33 33 33 10 10
            10 32 32 32 33 33 33 34 34 34 10 10 10 10 10 10 11 11 11 32 32 32 32 32 32 11 11 11 31
            31 31 31 31 31 11 11 11 12 12 12 30 30 30 12 12 12 29 29 29 30 30 30 31 31 31 12 12 12
            12 12 12 13 13 13 29 29 29 29 29 29 13 13 13 28 28 28 28 28 28 13 13 13 27 27 27 27 27
            27 13 13 13 14 14 14 26 26 26 14 14 14 25 25 25 26 26 26 27 27 27 14 14 14 14 14 14 15
            15 15 25 25 25 25 25 25 15 15 15 24 24 24 24 24 24 15 15 15 16 16 16 23 23 23 16 16 16
            22 22 22 23 23 23 24 24 24 16 16 16 16 16 16 17 17 17 22 22 22 22 22 22 17 17 17 21 21
            21 21 21 21 17 17 17 20 20 20 20 20 20 17 17 17 18 18 18 19 19 19 20 20 20 18 18 18 38
            38 38 39 39 39 7 7 7</p>
        </triangles>
      </mesh>
    </geometry>
    <geometry id="ID39">
      <mesh>
        <source id="ID40">
          <float_array id="ID41" count="132">0.0191 -0.0755 0.1322 0.0190529 -0.0760383 0.1322
            0.018913 -0.0765602 0.1322 0.0186847 -0.07705 0.1322 0.0183747 -0.0774926 0.1322
            0.0179926 -0.0778748 0.1322 0.01755 -0.0781847 0.1322 0.0170603 -0.078413 0.1322
            0.0165383 -0.0785529 0.1322 0.016 -0.0786 0.1322 0.0154617 -0.0785529 0.1322 0.0149397
            -0.078413 0.1322 0.01445 -0.0781847 0.1322 0.0140074 -0.0778748 0.1322 0.0136253
            -0.0774926 0.1322 0.0133153 -0.07705 0.1322 0.013087 -0.0765602 0.1322 0.0129471
            -0.0760383 0.1322 0.0129 -0.0755 0.1322 0.0128693 -0.0755 0.133959 0.0129146 -0.0760142
            0.1338027 0.0129702 -0.076273 0.1337376 0.013048 -0.0765279 0.133683 0.0131471
            -0.0767757 0.1336398 0.0132679 -0.0770162 0.1336084 0.0134104 -0.0772479 0.133589
            0.0135725 -0.0774666 0.133582 0.0137343 -0.0776511 0.1335863 0.0139103 -0.0778227
            0.1336003 0.0142995 -0.0781223 0.1336558 0.0147247 -0.078355 0.1337432 0.0151766
            -0.0785187 0.1338572 0.0156413 -0.0786106 0.1339909 0.0161121 -0.0786318 0.1341396
            0.0165751 -0.0785834 0.1342965 0.0170268 -0.0784667 0.134459 0.017515 -0.0782532
            0.1346453 0.0179623 -0.0779585 0.1348279 0.0183536 -0.0775919 0.1350014 0.0186802
            -0.0771583 0.1351642 0.0188833 -0.076778 0.1352828 0.0190334 -0.0763699 0.135392
            0.0191266 -0.0759404 0.1354917 0.019159 -0.0755 0.1355809</float_array>
          <technique_common>
            <accessor count="44" source="#ID41" stride="3">
              <param name="X" type="float" />
              <param name="Y" type="float" />
              <param name="Z" type="float" />
            </accessor>
          </technique_common>
        </source>
        <source id="ID42">
          <float_array id="ID43" count="132">-0.9998477 0 0.0174524 -0.9846578 0.1736217 0.0174524
            -0.9395495 0.3419681 0.0174524 -0.8658935 0.4999239 0.0174524 -0.7659278 0.6426897
            0.0174524 -0.6426897 0.7659278 0.0174524 -0.4999239 0.8658935 0.0174524 -0.3419681
            0.9395495 0.0174524 -0.1736217 0.9846578 0.0174524 0 0.9998477 0.0174524 0.1736217
            0.9846578 0.0174524 0.3419681 0.9395495 0.0174524 0.4999239 0.8658935 0.0174524
            0.6426897 0.7659278 0.0174524 0.7659278 0.6426897 0.0174524 0.8658935 0.4999239
            0.0174524 0.9395495 0.3419681 0.0174524 0.9846578 0.1736217 0.0174524 0.9998477 0
            0.0174524 0.9998477 0 0.0174524 0.9862441 0.1643713 0.0174524 0.9688141 0.2471733
            0.0174524 0.9442449 0.3287811 0.0174524 0.9127548 0.4081348 0.0174524 0.8742502
            0.4851619 0.0174524 0.8287306 0.5593755 0.0174524 0.776895 0.6293882 0.0174524 0.7250999
            0.6884224 0.0174524 0.6687392 0.7432922 0.0174524 0.5439913 0.8389094 0.0174524
            0.4077774 0.9129146 0.0174524 0.2631222 0.9646046 0.0174524 0.114531 0.9932663 0.0174524
            -0.0357508 0.9992083 0.0174524 -0.1833134 0.9828996 0.0174524 -0.3270156 0.9448578
            0.0174524 -0.4820341 0.8759786 0.0174524 -0.6237347 0.7814412 0.0174524 -0.7473377
            0.6642151 0.0174524 -0.8502579 0.526077 0.0174524 -0.9140824 0.4051527 0.0174524
            -0.9611107 0.2756114 0.0174524 -0.9900718 0.1394752 0.0174524 -0.9998477 0 0.0174524</float_array>
          <technique_common>
            <accessor count="44" source="#ID43" stride="3">
              <param name="X" type="float" />
              <param name="Y" type="float" />
              <param name="Z" type="float" />
            </accessor>
          </technique_common>
        </source>
        <source id="ID44">
          <float_array id="ID45" count="88">0 1 0 0.9444445 0 0.8888889 0 0.8333333 0 0.7777777 0
            0.7222222 0 0.6666667 0 0.6111111 0 0.5555556 0 0.5 0 0.4444444 0 0.3888889 0 0.3333333
            0 0.2777778 0 0.2222223 0 0.1666667 0 0.1111112 0 0.0555556 0 0 0.5202687 0 0.4740642
            0.0525676 0.4547864 0.0795141 0.4386337 0.1066548 0.4258741 0.1338423 0.4165746
            0.1612662 0.4108388 0.1889918 0.4087833 0.2167337 0.4100433 0.2417425 0.4141809
            0.2667907 0.4305927 0.3168811 0.4564584 0.3662823 0.4901671 0.4152345 0.5297236
            0.4634579 0.5736852 0.511384 0.620109 0.5586914 0.6681663 0.6060597 0.7232651 0.6601285
            0.7772693 0.7144241 0.8286183 0.7687228 0.8767723 0.8236324 0.9118375 0.8671969
            0.9441478 0.9111058 0.9736146 0.9554516 1 1</float_array>
          <technique_common>
            <accessor count="44" source="#ID45" stride="2">
              <param name="S" type="float" />
              <param name="T" type="float" />
            </accessor>
          </technique_common>
        </source>
        <vertices id="ID46">
          <input semantic="POSITION" source="#ID40" />
        </vertices>
        <triangles count="42" material="ID47">
          <input semantic="VERTEX" source="#ID46" offset="0" />
          <input semantic="NORMAL" source="#ID42" offset="1" />
          <input semantic="TEXCOORD" source="#ID44" offset="2" set="0" />
          <p>43 43 43 0 0 0 42 42 42 42 42 42 0 0 0 1 1 1 41 41 41 1 1 1 2 2 2 40 40 40 2 2 2 3 3 3
            39 39 39 3 3 3 4 4 4 38 38 38 4 4 4 5 5 5 37 37 37 5 5 5 6 6 6 36 36 36 6 6 6 7 7 7 35
            35 35 7 7 7 34 34 34 35 35 35 36 36 36 7 7 7 7 7 7 8 8 8 34 34 34 34 34 34 8 8 8 33 33
            33 33 33 33 8 8 8 9 9 9 32 32 32 9 9 9 10 10 10 31 31 31 10 10 10 11 11 11 30 30 30 11
            11 11 12 12 12 29 29 29 12 12 12 13 13 13 28 28 28 13 13 13 27 27 27 28 28 28 29 29 29
            13 13 13 13 13 13 14 14 14 27 27 27 27 27 27 14 14 14 26 26 26 26 26 26 14 14 14 25 25
            25 25 25 25 14 14 14 15 15 15 24 24 24 15 15 15 23 23 23 24 24 24 25 25 25 15 15 15 15
            15 15 16 16 16 23 23 23 23 23 23 16 16 16 22 22 22 22 22 22 16 16 16 21 21 21 21 21 21
            16 16 16 17 17 17 20 20 20 17 17 17 18 18 18 19 19 19 20 20 20 18 18 18 20 20 20 21 21
            21 17 17 17 29 29 29 30 30 30 12 12 12 30 30 30 31 31 31 11 11 11 31 31 31 32 32 32 10
            10 10 32 32 32 33 33 33 9 9 9 36 36 36 37 37 37 6 6 6 37 37 37 38 38 38 5 5 5 38 38 38
            39 39 39 4 4 4 39 39 39 40 40 40 3 3 3 40 40 40 41 41 41 2 2 2 41 41 41 42 42 42 1 1 1</p>
        </triangles>
      </mesh>
    </geometry>
    <geometry id="ID48">
      <mesh>
        <source id="ID49">
          <float_array id="ID50" count="198">0 -0.0635 0.16 -0.0099336 -0.0627182 0.16 -0.0196226
            -0.0603921 0.16 -0.0288284 -0.0565789 0.16 -0.0373244 -0.0513726 0.16 -0.0449013
            -0.0449013 0.16 -0.0513726 -0.0373243 0.16 -0.0565789 -0.0288284 0.16 -0.0603921
            -0.0196226 0.16 -0.0627182 -0.0099336 0.16 -0.0635 0 0.16 -0.065 0 0.085 -0.064739
            -0.0058172 0.085 -0.0639588 -0.0115877 0.085 -0.0626649 -0.0172652 0.085 -0.0608685
            -0.0228042 0.085 -0.0585832 -0.0281601 0.085 -0.055828 -0.0332901 0.085 -0.0526246
            -0.0381528 0.085 -0.048999 -0.0427094 0.085 -0.0489472 -0.0426852 0.0877476 -0.0486109
            -0.0425284 0.1055689 -0.0484288 -0.0424435 0.1152166 -0.0483764 -0.0424191 0.1179905
            -0.0481419 -0.0423098 0.130412 -0.0479072 -0.0422003 0.1428335 -0.0478655 -0.0421808
            0.1450458 -0.0476963 -0.0421019 0.154 -0.0452142 -0.0447568 0.154 -0.0388924 -0.0503476
            0.154 -0.0324805 -0.0547039 0.154 -0.0259875 -0.0580701 0.154 -0.0238456 -0.0589821
            0.154 -0.0194248 -0.0605819 0.154 -0.0128011 -0.0623188 0.154 -0.006116 -0.0633253 0.154
            0.0006255 -0.0636168 0.154 0.0074259 -0.0631851 0.154 0.0142866 -0.0619951 0.154
            0.0212153 -0.0599783 0.154 0.0247117 -0.0586245 0.154 0.0268867 -0.0576594 0.1539999
            0.0287661 -0.0567451 0.154 0.0320706 -0.0549452 0.154 0.0351836 -0.0530059 0.154
            0.0381086 -0.0509434 0.154 0.0430939 -0.0468019 0.154 0.0434631 -0.0464593 0.154
            0.0481833 -0.0415436 0.154 0.0523166 -0.0362004 0.154 0.0558562 -0.0304562 0.154
            0.0588031 -0.0242837 0.154 0.0611158 -0.017674 0.154 0.0627344 -0.0105782 0.154
            0.0635533 -0.0029116 0.154 0.06362 0 0.154 0.0635 0 0.16 0.0627182 -0.0099336 0.16
            0.0603921 -0.0196226 0.16 0.0565789 -0.0288284 0.16 0.0513726 -0.0373243 0.16 0.0449013
            -0.0449013 0.16 0.0373244 -0.0513726 0.16 0.0288284 -0.0565789 0.16 0.0196226 -0.0603921
            0.16 0.0099336 -0.0627182 0.16</float_array>
          <technique_common>
            <accessor count="66" source="#ID50" stride="3">
              <param name="X" type="float" />
              <param name="Y" type="float" />
              <param name="Z" type="float" />
            </accessor>
          </technique_common>
        </source>
        <source id="ID51">
          <float_array id="ID52" count="198">0 -0.9998001 0.019996 -0.1564032 -0.9874908 0.019996
            -0.3089552 -0.9508663 0.019996 -0.4538997 -0.8908284 0.019996 -0.5876677 -0.8088552
            0.019996 -0.7069654 -0.7069654 0.019996 -0.8088552 -0.5876677 0.019996 -0.8908284
            -0.4538997 0.019996 -0.9508663 -0.3089552 0.019996 -0.9874908 -0.1564032 0.019996
            -0.9998001 0 0.019996 -0.9998001 0 0.019996 -0.9957881 -0.0894776 0.019996 -0.9837844
            -0.178237 0.019996 -0.9638853 -0.265566 0.019996 -0.9362505 -0.3507637 0.019996
            -0.9011018 -0.4331463 0.019996 -0.8587213 -0.5120527 0.019996 -0.809449 -0.5868496
            0.019996 -0.7536805 -0.6569367 0.019996 -0.7535206 -0.6571202 0.019996 -0.7524732
            -0.6583193 0.019996 -0.7519004 -0.6589735 0.019996 -0.7517349 -0.6591622 0.019996
            -0.7509897 -0.6600111 0.019996 -0.7502375 -0.660866 0.019996 -0.7501028 -0.6610189
            0.019996 -0.7495552 -0.6616398 0.019996 -0.7105504 -0.7033621 0.019996 -0.6112016
            -0.7912223 0.019996 -0.510437 -0.8596827 0.019996 -0.4083996 -0.9125842 0.019996
            -0.3747379 -0.9269152 0.019996 -0.3052648 -0.9520575 0.019996 -0.2011709 -0.9793521
            0.019996 -0.0961143 -0.9951695 0.019996 0.0098298 -0.9997517 0.019996 0.116699 -0.992966
            0.019996 0.2245168 -0.974265 0.019996 0.333403 -0.9425723 0.019996 0.3883502 -0.9212949
            0.019996 0.4225294 -0.9061286 0.019996 0.4520644 -0.8917612 0.019996 0.5039952
            -0.8634749 0.019996 0.5529162 -0.8329969 0.019996 0.598884 -0.8005861 0.019996 0.677229
            -0.7355005 0.019996 0.6830302 -0.7301164 0.019996 0.7572095 -0.6528659 0.019996
            0.8221657 -0.5688969 0.019996 0.8777916 -0.4786252 0.019996 0.9241019 -0.3816226
            0.019996 0.9604454 -0.2777495 0.019996 0.9858829 -0.166238 0.019996 0.9987524 -0.0457571
            0.019996 0.9998001 0 0.019996 0.9998001 0 0.019996 0.9874908 -0.1564032 0.019996
            0.9508663 -0.3089552 0.019996 0.8908284 -0.4538997 0.019996 0.8088552 -0.5876677
            0.019996 0.7069654 -0.7069654 0.019996 0.5876677 -0.8088552 0.019996 0.4538997
            -0.8908284 0.019996 0.3089552 -0.9508663 0.019996 0.1564032 -0.9874908 0.019996</float_array>
          <technique_common>
            <accessor count="66" source="#ID52" stride="3">
              <param name="X" type="float" />
              <param name="Y" type="float" />
              <param name="Z" type="float" />
            </accessor>
          </technique_common>
        </source>
        <source id="ID53">
          <float_array id="ID54" count="132">0 0.5 0 0.55 0 0.6 0 0.65 0 0.7 0 0.75 0 0.8 0 0.85 0
            0.9 0 0.95 0 1 1 1 1 0.9714745 1 0.9429491 1 0.9144236 1 0.8858982 1 0.8573728 1
            0.8288473 1 0.8003219 1 0.7717964 0.9633655 0.7717189 0.7257475 0.771212 0.5971121
            0.7709351 0.5601269 0.7708552 0.3945065 0.7704957 0.2288861 0.7701331 0.1993891
            0.7700682 0.0799997 0.7698047 0.0799999 0.7516183 0.08 0.7093627 0.08 0.6705541 0.08
            0.6339415 0.08 0.622293 0.08 0.5987654 0.08 0.5644877 0.08 0.5306476 0.08 0.4968704 0.08
            0.4627613 0.08 0.427905 0.08 0.3917805 0.0800005 0.3730182 0.080001 0.3611126 0.0800005
            0.3506555 0.08 0.3318258 0.08 0.3134727 0.08 0.2955635 0.08 0.263122 0.08 0.2606021 0.08
            0.2264884 0.08 0.1926737 0.08 0.1588994 0.08 0.1246609 0.08 0.0896069 0.08 0.0531727
            0.08 0.014573 0.0799999 0 0 0 0 0.05 0 0.1 0 0.15 0 0.2 0 0.25 0 0.3 0 0.35 0 0.4 0 0.45</float_array>
          <technique_common>
            <accessor count="66" source="#ID54" stride="2">
              <param name="S" type="float" />
              <param name="T" type="float" />
            </accessor>
          </technique_common>
        </source>
        <vertices id="ID55">
          <input semantic="POSITION" source="#ID49" />
        </vertices>
        <triangles count="64" material="ID56">
          <input semantic="VERTEX" source="#ID55" offset="0" />
          <input semantic="NORMAL" source="#ID51" offset="1" />
          <input semantic="TEXCOORD" source="#ID53" offset="2" set="0" />
          <p>32 32 32 33 33 33 2 2 2 3 3 3 32 32 32 2 2 2 3 3 3 31 31 31 32 32 32 3 3 3 30 30 30 31
            31 31 3 3 3 4 4 4 30 30 30 30 30 30 4 4 4 29 29 29 29 29 29 4 4 4 5 5 5 28 28 28 5 5 5
            27 27 27 28 28 28 29 29 29 5 5 5 2 2 2 34 34 34 1 1 1 2 2 2 33 33 33 34 34 34 5 5 5 6 6
            6 27 27 27 27 27 27 6 6 6 26 26 26 26 26 26 6 6 6 25 25 25 25 25 25 6 6 6 24 24 24 24 24
            24 6 6 6 23 23 23 23 23 23 6 6 6 18 18 18 22 22 22 18 18 18 21 21 21 22 22 22 23 23 23
            18 18 18 18 18 18 6 6 6 17 17 17 17 17 17 6 6 6 7 7 7 16 16 16 7 7 7 15 15 15 16 16 16
            17 17 17 7 7 7 7 7 7 8 8 8 15 15 15 15 15 15 8 8 8 14 14 14 14 14 14 8 8 8 9 9 9 13 13
            13 9 9 9 12 12 12 13 13 13 14 14 14 9 9 9 9 9 9 10 10 10 12 12 12 12 12 12 10 10 10 11
            11 11 19 19 19 20 20 20 18 18 18 18 18 18 20 20 20 21 21 21 34 34 34 35 35 35 1 1 1 1 1
            1 35 35 35 0 0 0 0 0 0 35 35 35 36 36 36 37 37 37 0 0 0 36 36 36 37 37 37 65 65 65 0 0 0
            37 37 37 38 38 38 65 65 65 65 65 65 38 38 38 64 64 64 64 64 64 38 38 38 39 39 39 40 40
            40 64 64 64 39 39 39 40 40 40 63 63 63 64 64 64 40 40 40 41 41 41 63 63 63 63 63 63 41
            41 41 42 42 42 43 43 43 63 63 63 42 42 42 43 43 43 62 62 62 63 63 63 43 43 43 44 44 44
            62 62 62 62 62 62 44 44 44 45 45 45 46 46 46 62 62 62 45 45 45 46 46 46 61 61 61 62 62
            62 46 46 46 47 47 47 61 61 61 61 61 61 47 47 47 48 48 48 60 60 60 48 48 48 49 49 49 50
            50 50 60 60 60 49 49 49 50 50 50 59 59 59 60 60 60 50 50 50 51 51 51 59 59 59 59 59 59
            51 51 51 58 58 58 58 58 58 51 51 51 52 52 52 57 57 57 52 52 52 53 53 53 54 54 54 57 57
            57 53 53 53 54 54 54 56 56 56 57 57 57 54 54 54 55 55 55 56 56 56 57 57 57 58 58 58 52
            52 52 60 60 60 61 61 61 48 48 48</p>
        </triangles>
      </mesh>
    </geometry>
    <geometry id="ID57">
      <mesh>
        <source id="ID58">
          <float_array id="ID59" count="156">0.0841 -0.118 0.1322 0.0840529 -0.1185383 0.1322
            0.083913 -0.1190602 0.1322 0.0836847 -0.11955 0.1322 0.0833747 -0.1199926 0.1322
            0.0829926 -0.1203748 0.1322 0.08255 -0.1206847 0.1322 0.0820603 -0.120913 0.1322
            0.0815383 -0.1210529 0.1322 0.081 -0.1211 0.1322 0.0804617 -0.1210529 0.1322 0.0799397
            -0.120913 0.1322 0.07945 -0.1206847 0.1322 0.0790074 -0.1203748 0.1322 0.0786253
            -0.1199926 0.1322 0.0783153 -0.11955 0.1322 0.078087 -0.1190602 0.1322 0.0779471
            -0.1185383 0.1322 0.0779 -0.118 0.1322 0.0778223 -0.118 0.1366509 0.0778382 -0.1183076
            0.1365956 0.0778841 -0.1186136 0.1365399 0.0779599 -0.1189147 0.1364846 0.0780641
            -0.1192056 0.1364309 0.0781962 -0.1194854 0.136379 0.0783561 -0.1197526 0.1363295
            0.078541 -0.1200026 0.1362834 0.0787488 -0.1202326 0.1362416 0.0789801 -0.1204429
            0.1362042 0.0792317 -0.1206302 0.136172 0.0794992 -0.120791 0.1361458 0.0797816
            -0.1209249 0.1361259 0.0800783 -0.1210312 0.1361125 0.0803836 -0.1211076 0.136106
            0.0806932 -0.1211533 0.1361064 0.0810077 -0.1211683 0.1361139 0.0813222 -0.1211522
            0.1361282 0.0816314 -0.1211054 0.136149 0.0819352 -0.1210282 0.1361761 0.0822303
            -0.1209215 0.1362091 0.0825112 -0.1207874 0.1362471 0.082777 -0.1206268 0.1362896
            0.0830269 -0.1204401 0.1363363 0.0832567 -0.1202306 0.1363861 0.0834635 -0.1200013
            0.1364382 0.0836477 -0.1197521 0.1364924 0.083807 -0.1194857 0.1365478 0.0839388
            -0.1192065 0.1366033 0.084043 -0.1189156 0.1366587 0.0841188 -0.1186144 0.1367135
            0.0841648 -0.1183082 0.1367667 0.0841806 -0.118 0.1368178</float_array>
          <technique_common>
            <accessor count="52" source="#ID59" stride="3">
              <param name="X" type="float" />
              <param name="Y" type="float" />
              <param name="Z" type="float" />
            </accessor>
          </technique_common>
        </source>
        <source id="ID60">
          <float_array id="ID61" count="156">-0.9998477 0 0.0174524 -0.9846578 0.1736217 0.0174524
            -0.9395495 0.3419681 0.0174524 -0.8658935 0.4999239 0.0174524 -0.7659278 0.6426897
            0.0174524 -0.6426897 0.7659278 0.0174524 -0.4999239 0.8658935 0.0174524 -0.3419681
            0.9395495 0.0174524 -0.1736217 0.9846578 0.0174524 0 0.9998477 0.0174524 0.1736217
            0.9846578 0.0174524 0.3419681 0.9395495 0.0174524 0.4999239 0.8658935 0.0174524
            0.6426897 0.7659278 0.0174524 0.7659278 0.6426897 0.0174524 0.8658935 0.4999239
            0.0174524 0.9395495 0.3419681 0.0174524 0.9846578 0.1736217 0.0174524 0.9998477 0
            0.0174524 0.9998477 0 0.0174524 0.9951488 0.0968203 0.0174524 0.9810064 0.1931884
            0.0174524 0.9574496 0.2880725 0.0174524 0.9248982 0.3798141 0.0174524 0.8835218
            0.4680648 0.0174524 0.8333707 0.5524389 0.0174524 0.7752723 0.631386 0.0174524 0.7099229
            0.7040632 0.0174524 0.6371468 0.7705448 0.0174524 0.5578532 0.8297561 0.0174524
            0.4735356 0.8806018 0.0174524 0.3844705 0.9229723 0.0174524 0.2908879 0.956598 0.0174524
            0.1945442 0.9807385 0.0174524 0.096833 0.9951476 0.0174524 -0.0024145 0.9998448
            0.0174524 -0.10168 0.9946641 0.0174524 -0.1992127 0.9798008 0.0174524 -0.2950346
            0.9553272 0.0174524 -0.3880433 0.9214759 0.0174524 -0.4765578 0.8789699 0.0174524
            -0.5602409 0.8281459 0.0174524 -0.6388825 0.7691063 0.0174524 -0.7111046 0.7028695
            0.0174524 -0.776032 0.630452 0.0174524 -0.8338098 0.5517759 0.0174524 -0.8837062
            0.4677166 0.0174524 -0.9249281 0.3797412 0.0174524 -0.9574443 0.28809 0.0174524
            -0.9809933 0.193255 0.0174524 -0.9951388 0.0969234 0.0174524 -0.9998477 0 0.0174524</float_array>
          <technique_common>
            <accessor count="52" source="#ID61" stride="3">
              <param name="X" type="float" />
              <param name="Y" type="float" />
              <param name="Z" type="float" />
            </accessor>
          </technique_common>
        </source>
        <source id="ID62">
          <float_array id="ID63" count="104">0 1 0 0.9444445 0 0.8888889 0 0.8333333 0 0.7777777 0
            0.7222222 0 0.6666667 0 0.6111111 0 0.5555556 0 0.5 0 0.4444444 0 0.3888889 0 0.3333333
            0 0.2777778 0 0.2222223 0 0.1666667 0 0.1111112 0 0.0555556 0 0 0.9638465 0 0.9518763
            0.0308719 0.939825 0.0618924 0.9278508 0.0930291 0.9162022 0.124032 0.9049672 0.1550743
            0.894242 0.1863349 0.8842733 0.2175531 0.8752189 0.248681 0.86712 0.2800744 0.8601487
            0.3115926 0.8544821 0.3429514 0.8501651 0.3743639 0.8472601 0.4060346 0.8458448
            0.4376677 0.8459444 0.469124 0.847559 0.5007687 0.8506634 0.5324267 0.8551705 0.5638483
            0.8610439 0.5953462 0.8681793 0.6268693 0.8763984 0.658142 0.8856003 0.6893242 0.8957149
            0.7206433 0.9065134 0.7518538 0.9177931 0.7828301 0.9295219 0.8139182 0.9415205
            0.8450512 0.9535471 0.8759931 0.9655406 0.9069651 0.977412 0.938086 0.9889339 0.9690951
            1 1</float_array>
          <technique_common>
            <accessor count="52" source="#ID63" stride="2">
              <param name="S" type="float" />
              <param name="T" type="float" />
            </accessor>
          </technique_common>
        </source>
        <vertices id="ID64">
          <input semantic="POSITION" source="#ID58" />
        </vertices>
        <triangles count="50" material="ID65">
          <input semantic="VERTEX" source="#ID64" offset="0" />
          <input semantic="NORMAL" source="#ID60" offset="1" />
          <input semantic="TEXCOORD" source="#ID62" offset="2" set="0" />
          <p>51 51 51 0 0 0 50 50 50 50 50 50 0 0 0 1 1 1 49 49 49 1 1 1 48 48 48 49 49 49 50 50 50
            1 1 1 1 1 1 2 2 2 48 48 48 48 48 48 2 2 2 47 47 47 47 47 47 2 2 2 3 3 3 46 46 46 3 3 3
            45 45 45 46 46 46 47 47 47 3 3 3 3 3 3 4 4 4 45 45 45 45 45 45 4 4 4 44 44 44 44 44 44 4
            4 4 43 43 43 43 43 43 4 4 4 5 5 5 42 42 42 5 5 5 41 41 41 42 42 42 43 43 43 5 5 5 5 5 5
            6 6 6 41 41 41 41 41 41 6 6 6 40 40 40 40 40 40 6 6 6 39 39 39 39 39 39 6 6 6 7 7 7 38
            38 38 7 7 7 8 8 8 37 37 37 8 8 8 36 36 36 37 37 37 38 38 38 8 8 8 8 8 8 9 9 9 36 36 36
            36 36 36 9 9 9 35 35 35 35 35 35 9 9 9 34 34 34 34 34 34 9 9 9 10 10 10 33 33 33 10 10
            10 32 32 32 33 33 33 34 34 34 10 10 10 10 10 10 11 11 11 32 32 32 32 32 32 11 11 11 31
            31 31 31 31 31 11 11 11 12 12 12 30 30 30 12 12 12 29 29 29 30 30 30 31 31 31 12 12 12
            12 12 12 13 13 13 29 29 29 29 29 29 13 13 13 28 28 28 28 28 28 13 13 13 27 27 27 27 27
            27 13 13 13 14 14 14 26 26 26 14 14 14 25 25 25 26 26 26 27 27 27 14 14 14 14 14 14 15
            15 15 25 25 25 25 25 25 15 15 15 24 24 24 24 24 24 15 15 15 16 16 16 23 23 23 16 16 16
            22 22 22 23 23 23 24 24 24 16 16 16 16 16 16 17 17 17 22 22 22 22 22 22 17 17 17 21 21
            21 21 21 21 17 17 17 20 20 20 20 20 20 17 17 17 18 18 18 19 19 19 20 20 20 18 18 18 38
            38 38 39 39 39 7 7 7</p>
        </triangles>
      </mesh>
    </geometry>
    <geometry id="ID66">
      <mesh>
        <source id="ID67">
          <float_array id="ID68" count="165">0.004 -0.0624991 0.185 0.0026677 -0.0625701 0.185
            0.0013341 -0.0626128 0.185 0 -0.062627 0.185 0 -0.0635 0.16 0.0099336 -0.0627182 0.16
            0.0196226 -0.0603921 0.16 0.0288284 -0.0565789 0.16 0.0373244 -0.0513726 0.16 0.0449013
            -0.0449013 0.16 0.0513726 -0.0373243 0.16 0.0565789 -0.0288284 0.16 0.0603921 -0.0196226
            0.16 0.0627182 -0.0099336 0.16 0.0635 0 0.16 0.0627182 0.0099336 0.16 0.0603921
            0.0196226 0.16 0.0565789 0.0288284 0.16 0.0513726 0.0373243 0.16 0.0449013 0.0449013
            0.16 0.0373244 0.0513726 0.16 0.0288284 0.0565789 0.16 0.0196226 0.0603921 0.16
            0.0099336 0.0627182 0.16 0 0.0635 0.16 0 0.062627 0.185 0.0013341 0.0626128 0.185
            0.0026677 0.0625701 0.185 0.004 0.0624991 0.185 0.0040345 0.0624508 0.1863168 0.0097898
            0.0618105 0.1863168 0.0193386 0.0595181 0.1863168 0.0284112 0.0557601 0.1863168
            0.0367842 0.0506291 0.1863168 0.0442514 0.0442515 0.1863168 0.0506291 0.0367842
            0.1863168 0.0557601 0.0284112 0.1863168 0.0595181 0.0193386 0.1863168 0.0618105
            0.0097898 0.1863168 0.0624508 0.0040345 0.1863168 0.0624991 0.004 0.185 0.0626128
            0.0013342 0.185 0.0626128 -0.0013342 0.185 0.0624991 -0.004 0.185 0.0624508 -0.0040345
            0.1863168 0.0618105 -0.0097898 0.1863168 0.0595181 -0.0193386 0.1863168 0.0557601
            -0.0284112 0.1863168 0.0506291 -0.0367842 0.1863168 0.0442514 -0.0442515 0.1863168
            0.0367842 -0.0506291 0.1863168 0.0284112 -0.0557601 0.1863168 0.0193386 -0.0595181
            0.1863168 0.0097898 -0.0618105 0.1863168 0.0040345 -0.0624508 0.1863168</float_array>
          <technique_common>
            <accessor count="55" source="#ID68" stride="3">
              <param name="X" type="float" />
              <param name="Y" type="float" />
              <param name="Z" type="float" />
            </accessor>
          </technique_common>
        </source>
        <source id="ID69">
          <float_array id="ID70" count="165">0.0638313 -0.9973503 0.0348995 0.0425703 -0.9984837
            0.0348995 0.02129 -0.999164 0.0348995 0 -0.9993908 0.0348995 0 -0.9993908 0.0348995
            0.1563392 -0.9870867 0.0348995 0.3088287 -0.9504772 0.0348995 0.453714 -0.8904638
            0.0348995 0.5874272 -0.8085242 0.0348995 0.706676 -0.706676 0.0348995 0.8085242
            -0.5874272 0.0348995 0.8904638 -0.453714 0.0348995 0.9504772 -0.3088287 0.0348995
            0.9870867 -0.1563392 0.0348995 0.9993908 0 0.0348995 0.9870867 0.1563392 0.0348995
            0.9504772 0.3088287 0.0348995 0.8904638 0.453714 0.0348995 0.8085242 0.5874272 0.0348995
            0.706676 0.706676 0.0348995 0.5874272 0.8085242 0.0348995 0.453714 0.8904638 0.0348995
            0.3088287 0.9504772 0.0348995 0.1563392 0.9870867 0.0348995 0 0.9993908 0.0348995 0
            0.9993908 0.0348995 0.02129 0.999164 0.0348995 0.0425703 0.9984837 0.0348995 0.0638313
            0.9973503 0.0348995 0.0644289 0.9973118 0.0348995 0.1563392 0.9870867 0.0348995
            0.3088287 0.9504772 0.0348995 0.453714 0.8904638 0.0348995 0.5874272 0.8085242 0.0348995
            0.706676 0.706676 0.0348995 0.8085242 0.5874272 0.0348995 0.8904638 0.453714 0.0348995
            0.9504772 0.3088287 0.0348995 0.9870867 0.1563392 0.0348995 0.9973118 0.0644289
            0.0348995 0.9973503 0.0638313 0.0348995 0.999164 0.02129 0.0348995 0.999164 -0.02129
            0.0348995 0.9973503 -0.0638313 0.0348995 0.9973118 -0.0644289 0.0348995 0.9870867
            -0.1563392 0.0348995 0.9504772 -0.3088287 0.0348995 0.8904638 -0.453714 0.0348995
            0.8085242 -0.5874272 0.0348995 0.706676 -0.706676 0.0348995 0.5874272 -0.8085242
            0.0348995 0.453714 -0.8904638 0.0348995 0.3088287 -0.9504772 0.0348995 0.1563392
            -0.9870867 0.0348995 0.0644289 -0.9973118 0.0348995</float_array>
          <technique_common>
            <accessor count="55" source="#ID70" stride="3">
              <param name="X" type="float" />
              <param name="Y" type="float" />
              <param name="Z" type="float" />
            </accessor>
          </technique_common>
        </source>
        <source id="ID71">
          <float_array id="ID72" count="110">0.0500363 0.9796556 0.0500363 0.9864371 0.0500363
            0.9932185 0.0500363 1 1 1 1 0.95 1 0.9 1 0.85 1 0.8 1 0.75 1 0.7 1 0.65 1 0.6 1 0.55 1
            0.5 1 0.45 1 0.4 1 0.35 1 0.3 1 0.25 1 0.2 1 0.15 1 0.1 1 0.05 1 0 0.0500363 0 0.0500363
            0.0067815 0.0500363 0.0135629 0.0500363 0.0203444 0 0.0205351 0 0.05 0 0.1 0 0.15 0 0.2
            0 0.25 0 0.3 0 0.35 0 0.4 0 0.45 0 0.4794649 0.0500363 0.4796556 0.0500363 0.4932185
            0.0500363 0.5067814 0.0500363 0.5203444 0 0.5205351 0 0.55 0 0.6 0 0.65 0 0.7 0 0.75 0
            0.8 0 0.85 0 0.9 0 0.95 0 0.9794649</float_array>
          <technique_common>
            <accessor count="55" source="#ID72" stride="2">
              <param name="S" type="float" />
              <param name="T" type="float" />
            </accessor>
          </technique_common>
        </source>
        <vertices id="ID73">
          <input semantic="POSITION" source="#ID67" />
        </vertices>
        <triangles count="53" material="ID74">
          <input semantic="VERTEX" source="#ID73" offset="0" />
          <input semantic="NORMAL" source="#ID69" offset="1" />
          <input semantic="TEXCOORD" source="#ID71" offset="2" set="0" />
          <p>1 1 1 4 4 4 0 0 0 1 1 1 2 2 2 4 4 4 4 4 4 2 2 2 3 3 3 4 4 4 5 5 5 0 0 0 0 0 0 5 5 5 53
            53 53 54 54 54 0 0 0 53 53 53 53 53 53 5 5 5 52 52 52 52 52 52 5 5 5 6 6 6 51 51 51 6 6
            6 7 7 7 50 50 50 7 7 7 8 8 8 49 49 49 8 8 8 9 9 9 48 48 48 9 9 9 10 10 10 47 47 47 10 10
            10 11 11 11 46 46 46 11 11 11 12 12 12 45 45 45 12 12 12 13 13 13 43 43 43 13 13 13 14
            14 14 42 42 42 14 14 14 41 41 41 42 42 42 43 43 43 14 14 14 41 41 41 14 14 14 40 40 40
            40 40 40 14 14 14 15 15 15 38 38 38 15 15 15 37 37 37 38 38 38 40 40 40 15 15 15 38 38
            38 39 39 39 40 40 40 15 15 15 16 16 16 37 37 37 37 37 37 16 16 16 36 36 36 36 36 36 16
            16 16 17 17 17 35 35 35 17 17 17 18 18 18 34 34 34 18 18 18 19 19 19 33 33 33 19 19 19
            20 20 20 32 32 32 20 20 20 21 21 21 31 31 31 21 21 21 22 22 22 30 30 30 22 22 22 23 23
            23 28 28 28 23 23 23 24 24 24 27 27 27 24 24 24 26 26 26 27 27 27 28 28 28 24 24 24 24
            24 24 25 25 25 26 26 26 29 29 29 30 30 30 28 28 28 28 28 28 30 30 30 23 23 23 30 30 30
            31 31 31 22 22 22 31 31 31 32 32 32 21 21 21 32 32 32 33 33 33 20 20 20 33 33 33 34 34
            34 19 19 19 34 34 34 35 35 35 18 18 18 35 35 35 36 36 36 17 17 17 44 44 44 45 45 45 43
            43 43 43 43 43 45 45 45 13 13 13 45 45 45 46 46 46 12 12 12 46 46 46 47 47 47 11 11 11
            47 47 47 48 48 48 10 10 10 48 48 48 49 49 49 9 9 9 49 49 49 50 50 50 8 8 8 50 50 50 51
            51 51 7 7 7 51 51 51 52 52 52 6 6 6</p>
        </triangles>
      </mesh>
    </geometry>
    <geometry id="ID75">
      <mesh>
        <source id="ID76">
          <float_array id="ID77" count="114">0.081 -0.12075 0.0348 0.0814775 -0.1207082 0.0348
            0.0819406 -0.1205842 0.0348 0.082375 -0.1203816 0.0348 0.0827677 -0.1201066 0.0348
            0.0831066 -0.1197676 0.0348 0.0833816 -0.119375 0.0348 0.0835842 -0.1189406 0.0348
            0.0837082 -0.1184775 0.0348 0.08375 -0.118 0.0348 0.0837082 -0.1175225 0.0348 0.0835842
            -0.1170594 0.0348 0.0833816 -0.116625 0.0348 0.0831066 -0.1162324 0.0348 0.0827677
            -0.1158934 0.0348 0.082375 -0.1156184 0.0348 0.0819406 -0.1154158 0.0348 0.0814775
            -0.1152918 0.0348 0.081 -0.11525 0.0348 0.081 -0.11525 0.0378 0.0814775 -0.1152918
            0.0378 0.0819406 -0.1154158 0.0378 0.082375 -0.1156184 0.0378 0.0827677 -0.1158934
            0.0378 0.0831066 -0.1162324 0.0378 0.0833816 -0.116625 0.0378 0.0835842 -0.1170594
            0.0378 0.0837082 -0.1175225 0.0378 0.08375 -0.118 0.0378 0.0837082 -0.1184775 0.0378
            0.0835842 -0.1189406 0.0378 0.0833816 -0.119375 0.0378 0.0831066 -0.1197676 0.0378
            0.0827677 -0.1201066 0.0378 0.082375 -0.1203816 0.0378 0.0819406 -0.1205842 0.0378
            0.0814775 -0.1207082 0.0378 0.081 -0.12075 0.0378</float_array>
          <technique_common>
            <accessor count="38" source="#ID77" stride="3">
              <param name="X" type="float" />
              <param name="Y" type="float" />
              <param name="Z" type="float" />
            </accessor>
          </technique_common>
        </source>
        <source id="ID78">
          <float_array id="ID79" count="114">0 -1 0 0.1736482 -0.9848077 0 0.3420202 -0.9396926 0
            0.5 -0.8660254 0 0.6427876 -0.7660444 0 0.7660444 -0.6427876 0 0.8660254 -0.5 0
            0.9396926 -0.3420202 0 0.9848077 -0.1736482 0 1 0 0 0.9848077 0.1736482 0 0.9396926
            0.3420202 0 0.8660254 0.5 0 0.7660444 0.6427876 0 0.6427876 0.7660444 0 0.5 0.8660254 0
            0.3420202 0.9396926 0 0.1736482 0.9848077 0 0 1 0 0 1 0 0.1736482 0.9848077 0 0.3420202
            0.9396926 0 0.5 0.8660254 0 0.6427876 0.7660444 0 0.7660444 0.6427876 0 0.8660254 0.5 0
            0.9396926 0.3420202 0 0.9848077 0.1736482 0 1 0 0 0.9848077 -0.1736482 0 0.9396926
            -0.3420202 0 0.8660254 -0.5 0 0.7660444 -0.6427876 0 0.6427876 -0.7660444 0 0.5
            -0.8660254 0 0.3420202 -0.9396926 0 0.1736482 -0.9848077 0 0 -1 0</float_array>
          <technique_common>
            <accessor count="38" source="#ID79" stride="3">
              <param name="X" type="float" />
              <param name="Y" type="float" />
              <param name="Z" type="float" />
            </accessor>
          </technique_common>
        </source>
        <source id="ID80">
          <float_array id="ID81" count="76">0 0 0 0.0555555 0 0.1111111 0 0.1666667 0 0.2222223 0
            0.2777778 0 0.3333333 0 0.3888889 0 0.4444444 0 0.5 0 0.5555555 0 0.6111111 0 0.6666667
            0 0.7222222 0 0.7777777 0 0.8333333 0 0.8888888 0 0.9444444 0 1 1 1 1 0.9444444 1
            0.8888888 1 0.8333333 1 0.7777777 1 0.7222222 1 0.6666667 1 0.6111111 1 0.5555555 1 0.5
            1 0.4444444 1 0.3888889 1 0.3333333 1 0.2777778 1 0.2222223 1 0.1666667 1 0.1111111 1
            0.0555555 1 0</float_array>
          <technique_common>
            <accessor count="38" source="#ID81" stride="2">
              <param name="S" type="float" />
              <param name="T" type="float" />
            </accessor>
          </technique_common>
        </source>
        <vertices id="ID82">
          <input semantic="POSITION" source="#ID76" />
        </vertices>
        <triangles count="36" material="ID83">
          <input semantic="VERTEX" source="#ID82" offset="0" />
          <input semantic="NORMAL" source="#ID78" offset="1" />
          <input semantic="TEXCOORD" source="#ID80" offset="2" set="0" />
          <p>37 37 37 0 0 0 36 36 36 36 36 36 0 0 0 1 1 1 2 2 2 36 36 36 1 1 1 2 2 2 35 35 35 36 36
            36 2 2 2 3 3 3 35 35 35 35 35 35 3 3 3 34 34 34 34 34 34 3 3 3 33 33 33 33 33 33 3 3 3 4
            4 4 5 5 5 33 33 33 4 4 4 5 5 5 32 32 32 33 33 33 5 5 5 6 6 6 32 32 32 32 32 32 6 6 6 31
            31 31 31 31 31 6 6 6 7 7 7 30 30 30 7 7 7 29 29 29 30 30 30 31 31 31 7 7 7 7 7 7 8 8 8
            29 29 29 29 29 29 8 8 8 9 9 9 28 28 28 9 9 9 10 10 10 27 27 27 10 10 10 26 26 26 27 27
            27 28 28 28 10 10 10 10 10 10 11 11 11 26 26 26 26 26 26 11 11 11 12 12 12 25 25 25 12
            12 12 13 13 13 24 24 24 13 13 13 14 14 14 23 23 23 14 14 14 22 22 22 23 23 23 24 24 24
            14 14 14 14 14 14 15 15 15 22 22 22 22 22 22 15 15 15 16 16 16 21 21 21 16 16 16 17 17
            17 20 20 20 17 17 17 19 19 19 20 20 20 21 21 21 17 17 17 17 17 17 18 18 18 19 19 19 21
            21 21 22 22 22 16 16 16 24 24 24 25 25 25 13 13 13 25 25 25 26 26 26 12 12 12 28 28 28
            29 29 29 9 9 9</p>
        </triangles>
      </mesh>
    </geometry>
    <geometry id="ID84">
      <mesh>
        <source id="ID85">
          <float_array id="ID86" count="114">0.081 -0.12075 0.1322 0.0814775 -0.1207082 0.1322
            0.0819406 -0.1205842 0.1322 0.082375 -0.1203816 0.1322 0.0827677 -0.1201066 0.1322
            0.0831066 -0.1197676 0.1322 0.0833816 -0.119375 0.1322 0.0835842 -0.1189406 0.1322
            0.0837082 -0.1184775 0.1322 0.08375 -0.118 0.1322 0.0837082 -0.1175225 0.1322 0.0835842
            -0.1170594 0.1322 0.0833816 -0.116625 0.1322 0.0831066 -0.1162324 0.1322 0.0827677
            -0.1158934 0.1322 0.082375 -0.1156184 0.1322 0.0819406 -0.1154158 0.1322 0.0814775
            -0.1152918 0.1322 0.081 -0.11525 0.1322 0.081 -0.11525 0.1352 0.0814775 -0.1152918
            0.1352 0.0819406 -0.1154158 0.1352 0.082375 -0.1156184 0.1352 0.0827677 -0.1158934
            0.1352 0.0831066 -0.1162324 0.1352 0.0833816 -0.116625 0.1352 0.0835842 -0.1170594
            0.1352 0.0837082 -0.1175225 0.1352 0.08375 -0.118 0.1352 0.0837082 -0.1184775 0.1352
            0.0835842 -0.1189406 0.1352 0.0833816 -0.119375 0.1352 0.0831066 -0.1197676 0.1352
            0.0827677 -0.1201066 0.1352 0.082375 -0.1203816 0.1352 0.0819406 -0.1205842 0.1352
            0.0814775 -0.1207082 0.1352 0.081 -0.12075 0.1352</float_array>
          <technique_common>
            <accessor count="38" source="#ID86" stride="3">
              <param name="X" type="float" />
              <param name="Y" type="float" />
              <param name="Z" type="float" />
            </accessor>
          </technique_common>
        </source>
        <source id="ID87">
          <float_array id="ID88" count="114">0 -1 0 0.1736482 -0.9848077 0 0.3420202 -0.9396926 0
            0.5 -0.8660254 0 0.6427876 -0.7660444 0 0.7660444 -0.6427876 0 0.8660254 -0.5 0
            0.9396926 -0.3420202 0 0.9848077 -0.1736482 0 1 0 0 0.9848077 0.1736482 0 0.9396926
            0.3420202 0 0.8660254 0.5 0 0.7660444 0.6427876 0 0.6427876 0.7660444 0 0.5 0.8660254 0
            0.3420202 0.9396926 0 0.1736482 0.9848077 0 0 1 0 0 1 0 0.1736482 0.9848077 0 0.3420202
            0.9396926 0 0.5 0.8660254 0 0.6427876 0.7660444 0 0.7660444 0.6427876 0 0.8660254 0.5 0
            0.9396926 0.3420202 0 0.9848077 0.1736482 0 1 0 0 0.9848077 -0.1736482 0 0.9396926
            -0.3420202 0 0.8660254 -0.5 0 0.7660444 -0.6427876 0 0.6427876 -0.7660444 0 0.5
            -0.8660254 0 0.3420202 -0.9396926 0 0.1736482 -0.9848077 0 0 -1 0</float_array>
          <technique_common>
            <accessor count="38" source="#ID88" stride="3">
              <param name="X" type="float" />
              <param name="Y" type="float" />
              <param name="Z" type="float" />
            </accessor>
          </technique_common>
        </source>
        <source id="ID89">
          <float_array id="ID90" count="76">0 0 0 0.0555555 0 0.1111111 0 0.1666667 0 0.2222223 0
            0.2777778 0 0.3333333 0 0.3888889 0 0.4444444 0 0.5 0 0.5555555 0 0.6111111 0 0.6666667
            0 0.7222222 0 0.7777777 0 0.8333333 0 0.8888888 0 0.9444444 0 1 1 1 1 0.9444444 1
            0.8888888 1 0.8333333 1 0.7777777 1 0.7222222 1 0.6666667 1 0.6111111 1 0.5555555 1 0.5
            1 0.4444444 1 0.3888889 1 0.3333333 1 0.2777778 1 0.2222223 1 0.1666667 1 0.1111111 1
            0.0555555 1 0</float_array>
          <technique_common>
            <accessor count="38" source="#ID90" stride="2">
              <param name="S" type="float" />
              <param name="T" type="float" />
            </accessor>
          </technique_common>
        </source>
        <vertices id="ID91">
          <input semantic="POSITION" source="#ID85" />
        </vertices>
        <triangles count="36" material="ID92">
          <input semantic="VERTEX" source="#ID91" offset="0" />
          <input semantic="NORMAL" source="#ID87" offset="1" />
          <input semantic="TEXCOORD" source="#ID89" offset="2" set="0" />
          <p>37 37 37 0 0 0 36 36 36 36 36 36 0 0 0 1 1 1 2 2 2 36 36 36 1 1 1 2 2 2 35 35 35 36 36
            36 2 2 2 3 3 3 35 35 35 35 35 35 3 3 3 34 34 34 34 34 34 3 3 3 33 33 33 33 33 33 3 3 3 4
            4 4 5 5 5 33 33 33 4 4 4 5 5 5 32 32 32 33 33 33 5 5 5 6 6 6 32 32 32 32 32 32 6 6 6 31
            31 31 31 31 31 6 6 6 7 7 7 30 30 30 7 7 7 29 29 29 30 30 30 31 31 31 7 7 7 7 7 7 8 8 8
            29 29 29 29 29 29 8 8 8 9 9 9 28 28 28 9 9 9 10 10 10 27 27 27 10 10 10 26 26 26 27 27
            27 28 28 28 10 10 10 10 10 10 11 11 11 26 26 26 26 26 26 11 11 11 12 12 12 25 25 25 12
            12 12 13 13 13 24 24 24 13 13 13 14 14 14 23 23 23 14 14 14 22 22 22 23 23 23 24 24 24
            14 14 14 14 14 14 15 15 15 22 22 22 22 22 22 15 15 15 16 16 16 21 21 21 16 16 16 17 17
            17 20 20 20 17 17 17 19 19 19 20 20 20 21 21 21 17 17 17 17 17 17 18 18 18 19 19 19 21
            21 21 22 22 22 16 16 16 24 24 24 25 25 25 13 13 13 25 25 25 26 26 26 12 12 12 28 28 28
            29 29 29 9 9 9</p>
        </triangles>
      </mesh>
    </geometry>
    <geometry id="ID93">
      <mesh>
        <source id="ID94">
          <float_array id="ID95" count="114">0 -0.057 0.188 0.0004775 -0.0570418 0.188 0.0009406
            -0.0571658 0.188 0.001375 -0.0573684 0.188 0.0017677 -0.0576434 0.188 0.0021066
            -0.0579824 0.188 0.0023816 -0.058375 0.188 0.0025842 -0.0588094 0.188 0.0027082
            -0.0592725 0.188 0.00275 -0.05975 0.188 0.0027082 -0.0602275 0.188 0.0025842 -0.0606906
            0.188 0.0023816 -0.061125 0.188 0.0021066 -0.0615176 0.188 0.0017677 -0.0618566 0.188
            0.001375 -0.0621316 0.188 0.0009406 -0.0623342 0.188 0.0004775 -0.0624582 0.188 0
            -0.0625 0.188 0 -0.0625 0.185 0.0004775 -0.0624582 0.185 0.0009406 -0.0623342 0.185
            0.001375 -0.0621316 0.185 0.0017677 -0.0618566 0.185 0.0021066 -0.0615176 0.185
            0.0023816 -0.061125 0.185 0.0025842 -0.0606906 0.185 0.0027082 -0.0602275 0.185 0.00275
            -0.05975 0.185 0.0027082 -0.0592725 0.185 0.0025842 -0.0588094 0.185 0.0023816 -0.058375
            0.185 0.0021066 -0.0579824 0.185 0.0017677 -0.0576434 0.185 0.001375 -0.0573684 0.185
            0.0009406 -0.0571658 0.185 0.0004775 -0.0570418 0.185 0 -0.057 0.185</float_array>
          <technique_common>
            <accessor count="38" source="#ID95" stride="3">
              <param name="X" type="float" />
              <param name="Y" type="float" />
              <param name="Z" type="float" />
            </accessor>
          </technique_common>
        </source>
        <source id="ID96">
          <float_array id="ID97" count="114">0 1 0 0.1736482 0.9848077 0 0.3420202 0.9396926 0 0.5
            0.8660254 0 0.6427876 0.7660444 0 0.7660444 0.6427876 0 0.8660254 0.5 0 0.9396926
            0.3420202 0 0.9848077 0.1736482 0 1 0 0 0.9848077 -0.1736482 0 0.9396926 -0.3420202 0
            0.8660254 -0.5 0 0.7660444 -0.6427876 0 0.6427876 -0.7660444 0 0.5 -0.8660254 0
            0.3420202 -0.9396926 0 0.1736482 -0.9848077 0 0 -1 0 0 -1 0 0.1736482 -0.9848077 0
            0.3420202 -0.9396926 0 0.5 -0.8660254 0 0.6427876 -0.7660444 0 0.7660444 -0.6427876 0
            0.8660254 -0.5 0 0.9396926 -0.3420202 0 0.9848077 -0.1736482 0 1 0 0 0.9848077 0.1736482
            0 0.9396926 0.3420202 0 0.8660254 0.5 0 0.7660444 0.6427876 0 0.6427876 0.7660444 0 0.5
            0.8660254 0 0.3420202 0.9396926 0 0.1736482 0.9848077 0 0 1 0</float_array>
          <technique_common>
            <accessor count="38" source="#ID97" stride="3">
              <param name="X" type="float" />
              <param name="Y" type="float" />
              <param name="Z" type="float" />
            </accessor>
          </technique_common>
        </source>
        <source id="ID98">
          <float_array id="ID99" count="76">0 0 0 0.0555555 0 0.1111111 0 0.1666667 0 0.2222223 0
            0.2777778 0 0.3333333 0 0.3888889 0 0.4444444 0 0.5 0 0.5555555 0 0.6111111 0 0.6666667
            0 0.7222222 0 0.7777777 0 0.8333333 0 0.8888888 0 0.9444444 0 1 1 1 1 0.9444444 1
            0.8888888 1 0.8333333 1 0.7777777 1 0.7222222 1 0.6666667 1 0.6111111 1 0.5555555 1 0.5
            1 0.4444444 1 0.3888889 1 0.3333333 1 0.2777778 1 0.2222223 1 0.1666667 1 0.1111111 1
            0.0555555 1 0</float_array>
          <technique_common>
            <accessor count="38" source="#ID99" stride="2">
              <param name="S" type="float" />
              <param name="T" type="float" />
            </accessor>
          </technique_common>
        </source>
        <vertices id="ID100">
          <input semantic="POSITION" source="#ID94" />
        </vertices>
        <triangles count="36" material="ID101">
          <input semantic="VERTEX" source="#ID100" offset="0" />
          <input semantic="NORMAL" source="#ID96" offset="1" />
          <input semantic="TEXCOORD" source="#ID98" offset="2" set="0" />
          <p>37 37 37 0 0 0 36 36 36 36 36 36 0 0 0 1 1 1 2 2 2 36 36 36 1 1 1 2 2 2 35 35 35 36 36
            36 2 2 2 3 3 3 35 35 35 35 35 35 3 3 3 34 34 34 34 34 34 3 3 3 33 33 33 33 33 33 3 3 3 4
            4 4 5 5 5 33 33 33 4 4 4 5 5 5 32 32 32 33 33 33 5 5 5 6 6 6 32 32 32 32 32 32 6 6 6 31
            31 31 31 31 31 6 6 6 7 7 7 30 30 30 7 7 7 29 29 29 30 30 30 31 31 31 7 7 7 7 7 7 8 8 8
            29 29 29 29 29 29 8 8 8 9 9 9 28 28 28 9 9 9 10 10 10 27 27 27 10 10 10 26 26 26 27 27
            27 28 28 28 10 10 10 10 10 10 11 11 11 26 26 26 26 26 26 11 11 11 12 12 12 25 25 25 12
            12 12 13 13 13 24 24 24 13 13 13 14 14 14 23 23 23 14 14 14 22 22 22 23 23 23 24 24 24
            14 14 14 14 14 14 15 15 15 22 22 22 22 22 22 15 15 15 16 16 16 21 21 21 16 16 16 17 17
            17 20 20 20 17 17 17 19 19 19 20 20 20 21 21 21 17 17 17 17 17 17 18 18 18 19 19 19 21
            21 21 22 22 22 16 16 16 24 24 24 25 25 25 13 13 13 25 25 25 26 26 26 12 12 12 28 28 28
            29 29 29 9 9 9</p>
        </triangles>
      </mesh>
    </geometry>
    <geometry id="ID102">
      <mesh>
        <source id="ID103">
          <float_array id="ID104" count="114">-0.057 0 0.188 -0.0570418 -0.0004775 0.188 -0.0571658
            -0.0009406 0.188 -0.0573684 -0.001375 0.188 -0.0576434 -0.0017676 0.188 -0.0579823
            -0.0021066 0.188 -0.058375 -0.0023816 0.188 -0.0588094 -0.0025842 0.188 -0.0592725
            -0.0027082 0.188 -0.05975 -0.00275 0.188 -0.0602275 -0.0027082 0.188 -0.0606906
            -0.0025842 0.188 -0.061125 -0.0023816 0.188 -0.0615177 -0.0021066 0.188 -0.0618566
            -0.0017676 0.188 -0.0621316 -0.001375 0.188 -0.0623342 -0.0009406 0.188 -0.0624582
            -0.0004775 0.188 -0.0625 0 0.188 -0.0625 0 0.185 -0.0624582 -0.0004775 0.185 -0.0623342
            -0.0009406 0.185 -0.0621316 -0.001375 0.185 -0.0618566 -0.0017676 0.185 -0.0615177
            -0.0021066 0.185 -0.061125 -0.0023816 0.185 -0.0606906 -0.0025842 0.185 -0.0602275
            -0.0027082 0.185 -0.05975 -0.00275 0.185 -0.0592725 -0.0027082 0.185 -0.0588094
            -0.0025842 0.185 -0.058375 -0.0023816 0.185 -0.0579823 -0.0021066 0.185 -0.0576434
            -0.0017676 0.185 -0.0573684 -0.001375 0.185 -0.0571658 -0.0009406 0.185 -0.0570418
            -0.0004775 0.185 -0.057 0 0.185</float_array>
          <technique_common>
            <accessor count="38" source="#ID104" stride="3">
              <param name="X" type="float" />
              <param name="Y" type="float" />
              <param name="Z" type="float" />
            </accessor>
          </technique_common>
        </source>
        <source id="ID105">
          <float_array id="ID106" count="114">1 0 0 0.9848077 -0.1736482 0 0.9396926 -0.3420202 0
            0.8660254 -0.5 0 0.7660444 -0.6427876 0 0.6427876 -0.7660444 0 0.5 -0.8660254 0
            0.3420202 -0.9396926 0 0.1736482 -0.9848077 0 0 -1 0 -0.1736482 -0.9848077 0 -0.3420202
            -0.9396926 0 -0.5 -0.8660254 0 -0.6427876 -0.7660444 0 -0.7660444 -0.6427876 0
            -0.8660254 -0.5 0 -0.9396926 -0.3420202 0 -0.9848077 -0.1736482 0 -1 0 0 -1 0 0
            -0.9848077 -0.1736482 0 -0.9396926 -0.3420202 0 -0.8660254 -0.5 0 -0.7660444 -0.6427876
            0 -0.6427876 -0.7660444 0 -0.5 -0.8660254 0 -0.3420202 -0.9396926 0 -0.1736482
            -0.9848077 0 0 -1 0 0.1736482 -0.9848077 0 0.3420202 -0.9396926 0 0.5 -0.8660254 0
            0.6427876 -0.7660444 0 0.7660444 -0.6427876 0 0.8660254 -0.5 0 0.9396926 -0.3420202 0
            0.9848077 -0.1736482 0 1 0 0</float_array>
          <technique_common>
            <accessor count="38" source="#ID106" stride="3">
              <param name="X" type="float" />
              <param name="Y" type="float" />
              <param name="Z" type="float" />
            </accessor>
          </technique_common>
        </source>
        <source id="ID107">
          <float_array id="ID108" count="76">0 0 0 0.0555555 0 0.1111111 0 0.1666667 0 0.2222223 0
            0.2777778 0 0.3333333 0 0.3888889 0 0.4444444 0 0.5 0 0.5555555 0 0.6111111 0 0.6666667
            0 0.7222222 0 0.7777777 0 0.8333333 0 0.8888888 0 0.9444444 0 1 1 1 1 0.9444444 1
            0.8888888 1 0.8333333 1 0.7777777 1 0.7222222 1 0.6666667 1 0.6111111 1 0.5555555 1 0.5
            1 0.4444444 1 0.3888889 1 0.3333333 1 0.2777778 1 0.2222223 1 0.1666667 1 0.1111111 1
            0.0555555 1 0</float_array>
          <technique_common>
            <accessor count="38" source="#ID108" stride="2">
              <param name="S" type="float" />
              <param name="T" type="float" />
            </accessor>
          </technique_common>
        </source>
        <vertices id="ID109">
          <input semantic="POSITION" source="#ID103" />
        </vertices>
        <triangles count="36" material="ID110">
          <input semantic="VERTEX" source="#ID109" offset="0" />
          <input semantic="NORMAL" source="#ID105" offset="1" />
          <input semantic="TEXCOORD" source="#ID107" offset="2" set="0" />
          <p>37 37 37 0 0 0 36 36 36 36 36 36 0 0 0 1 1 1 2 2 2 36 36 36 1 1 1 2 2 2 35 35 35 36 36
            36 2 2 2 3 3 3 35 35 35 35 35 35 3 3 3 34 34 34 34 34 34 3 3 3 33 33 33 33 33 33 3 3 3 4
            4 4 5 5 5 33 33 33 4 4 4 5 5 5 32 32 32 33 33 33 5 5 5 6 6 6 32 32 32 32 32 32 6 6 6 31
            31 31 31 31 31 6 6 6 7 7 7 30 30 30 7 7 7 29 29 29 30 30 30 31 31 31 7 7 7 7 7 7 8 8 8
            29 29 29 29 29 29 8 8 8 9 9 9 28 28 28 9 9 9 10 10 10 27 27 27 10 10 10 26 26 26 27 27
            27 28 28 28 10 10 10 10 10 10 11 11 11 26 26 26 26 26 26 11 11 11 12 12 12 25 25 25 12
            12 12 13 13 13 24 24 24 13 13 13 14 14 14 23 23 23 14 14 14 22 22 22 23 23 23 24 24 24
            14 14 14 14 14 14 15 15 15 22 22 22 22 22 22 15 15 15 16 16 16 21 21 21 16 16 16 17 17
            17 20 20 20 17 17 17 19 19 19 20 20 20 21 21 21 17 17 17 17 17 17 18 18 18 19 19 19 21
            21 21 22 22 22 16 16 16 24 24 24 25 25 25 13 13 13 25 25 25 26 26 26 12 12 12 28 28 28
            29 29 29 9 9 9</p>
        </triangles>
      </mesh>
    </geometry>
    <geometry id="ID111">
      <mesh>
        <source id="ID112">
          <float_array id="ID113" count="114">0 0.0625 0.188 0.0004775 0.0624582 0.188 0.0009406
            0.0623342 0.188 0.001375 0.0621316 0.188 0.0017677 0.0618566 0.188 0.0021066 0.0615176
            0.188 0.0023816 0.061125 0.188 0.0025842 0.0606906 0.188 0.0027082 0.0602275 0.188
            0.00275 0.05975 0.188 0.0027082 0.0592725 0.188 0.0025842 0.0588094 0.188 0.0023816
            0.058375 0.188 0.0021066 0.0579824 0.188 0.0017677 0.0576434 0.188 0.001375 0.0573684
            0.188 0.0009406 0.0571658 0.188 0.0004775 0.0570418 0.188 0 0.057 0.188 0 0.057 0.185
            0.0004775 0.0570418 0.185 0.0009406 0.0571658 0.185 0.001375 0.0573684 0.185 0.0017677
            0.0576434 0.185 0.0021066 0.0579824 0.185 0.0023816 0.058375 0.185 0.0025842 0.0588094
            0.185 0.0027082 0.0592725 0.185 0.00275 0.05975 0.185 0.0027082 0.0602275 0.185
            0.0025842 0.0606906 0.185 0.0023816 0.061125 0.185 0.0021066 0.0615176 0.185 0.0017677
            0.0618566 0.185 0.001375 0.0621316 0.185 0.0009406 0.0623342 0.185 0.0004775 0.0624582
            0.185 0 0.0625 0.185</float_array>
          <technique_common>
            <accessor count="38" source="#ID113" stride="3">
              <param name="X" type="float" />
              <param name="Y" type="float" />
              <param name="Z" type="float" />
            </accessor>
          </technique_common>
        </source>
        <source id="ID114">
          <float_array id="ID115" count="114">0 1 0 0.1736482 0.9848077 0 0.3420202 0.9396926 0 0.5
            0.8660254 0 0.6427876 0.7660444 0 0.7660444 0.6427876 0 0.8660254 0.5 0 0.9396926
            0.3420202 0 0.9848077 0.1736482 0 1 0 0 0.9848077 -0.1736482 0 0.9396926 -0.3420202 0
            0.8660254 -0.5 0 0.7660444 -0.6427876 0 0.6427876 -0.7660444 0 0.5 -0.8660254 0
            0.3420202 -0.9396926 0 0.1736482 -0.9848077 0 0 -1 0 0 -1 0 0.1736482 -0.9848077 0
            0.3420202 -0.9396926 0 0.5 -0.8660254 0 0.6427876 -0.7660444 0 0.7660444 -0.6427876 0
            0.8660254 -0.5 0 0.9396926 -0.3420202 0 0.9848077 -0.1736482 0 1 0 0 0.9848077 0.1736482
            0 0.9396926 0.3420202 0 0.8660254 0.5 0 0.7660444 0.6427876 0 0.6427876 0.7660444 0 0.5
            0.8660254 0 0.3420202 0.9396926 0 0.1736482 0.9848077 0 0 1 0</float_array>
          <technique_common>
            <accessor count="38" source="#ID115" stride="3">
              <param name="X" type="float" />
              <param name="Y" type="float" />
              <param name="Z" type="float" />
            </accessor>
          </technique_common>
        </source>
        <source id="ID116">
          <float_array id="ID117" count="76">0 0 0 0.0555555 0 0.1111111 0 0.1666667 0 0.2222223 0
            0.2777778 0 0.3333333 0 0.3888889 0 0.4444444 0 0.5 0 0.5555555 0 0.6111111 0 0.6666667
            0 0.7222222 0 0.7777777 0 0.8333333 0 0.8888888 0 0.9444444 0 1 1 1 1 0.9444444 1
            0.8888888 1 0.8333333 1 0.7777777 1 0.7222222 1 0.6666667 1 0.6111111 1 0.5555555 1 0.5
            1 0.4444444 1 0.3888889 1 0.3333333 1 0.2777778 1 0.2222223 1 0.1666667 1 0.1111111 1
            0.0555555 1 0</float_array>
          <technique_common>
            <accessor count="38" source="#ID117" stride="2">
              <param name="S" type="float" />
              <param name="T" type="float" />
            </accessor>
          </technique_common>
        </source>
        <vertices id="ID118">
          <input semantic="POSITION" source="#ID112" />
        </vertices>
        <triangles count="36" material="ID119">
          <input semantic="VERTEX" source="#ID118" offset="0" />
          <input semantic="NORMAL" source="#ID114" offset="1" />
          <input semantic="TEXCOORD" source="#ID116" offset="2" set="0" />
          <p>37 37 37 0 0 0 36 36 36 36 36 36 0 0 0 1 1 1 2 2 2 36 36 36 1 1 1 2 2 2 35 35 35 36 36
            36 2 2 2 3 3 3 35 35 35 35 35 35 3 3 3 34 34 34 34 34 34 3 3 3 33 33 33 33 33 33 3 3 3 4
            4 4 5 5 5 33 33 33 4 4 4 5 5 5 32 32 32 33 33 33 5 5 5 6 6 6 32 32 32 32 32 32 6 6 6 31
            31 31 31 31 31 6 6 6 7 7 7 30 30 30 7 7 7 29 29 29 30 30 30 31 31 31 7 7 7 7 7 7 8 8 8
            29 29 29 29 29 29 8 8 8 9 9 9 28 28 28 9 9 9 10 10 10 27 27 27 10 10 10 26 26 26 27 27
            27 28 28 28 10 10 10 10 10 10 11 11 11 26 26 26 26 26 26 11 11 11 12 12 12 25 25 25 12
            12 12 13 13 13 24 24 24 13 13 13 14 14 14 23 23 23 14 14 14 22 22 22 23 23 23 24 24 24
            14 14 14 14 14 14 15 15 15 22 22 22 22 22 22 15 15 15 16 16 16 21 21 21 16 16 16 17 17
            17 20 20 20 17 17 17 19 19 19 20 20 20 21 21 21 17 17 17 17 17 17 18 18 18 19 19 19 21
            21 21 22 22 22 16 16 16 24 24 24 25 25 25 13 13 13 25 25 25 26 26 26 12 12 12 28 28 28
            29 29 29 9 9 9</p>
        </triangles>
      </mesh>
    </geometry>
    <geometry id="ID120">
      <mesh>
        <source id="ID121">
          <float_array id="ID122" count="114">0.0625 0 0.188 0.0624582 -0.0004775 0.188 0.0623342
            -0.0009406 0.188 0.0621316 -0.001375 0.188 0.0618566 -0.0017676 0.188 0.0615177
            -0.0021066 0.188 0.061125 -0.0023816 0.188 0.0606906 -0.0025842 0.188 0.0602275
            -0.0027082 0.188 0.05975 -0.00275 0.188 0.0592725 -0.0027082 0.188 0.0588094 -0.0025842
            0.188 0.058375 -0.0023816 0.188 0.0579823 -0.0021066 0.188 0.0576434 -0.0017676 0.188
            0.0573684 -0.001375 0.188 0.0571658 -0.0009406 0.188 0.0570418 -0.0004775 0.188 0.057 0
            0.188 0.057 0 0.185 0.0570418 -0.0004775 0.185 0.0571658 -0.0009406 0.185 0.0573684
            -0.001375 0.185 0.0576434 -0.0017676 0.185 0.0579823 -0.0021066 0.185 0.058375
            -0.0023816 0.185 0.0588094 -0.0025842 0.185 0.0592725 -0.0027082 0.185 0.05975 -0.00275
            0.185 0.0602275 -0.0027082 0.185 0.0606906 -0.0025842 0.185 0.061125 -0.0023816 0.185
            0.0615177 -0.0021066 0.185 0.0618566 -0.0017676 0.185 0.0621316 -0.001375 0.185
            0.0623342 -0.0009406 0.185 0.0624582 -0.0004775 0.185 0.0625 0 0.185</float_array>
          <technique_common>
            <accessor count="38" source="#ID122" stride="3">
              <param name="X" type="float" />
              <param name="Y" type="float" />
              <param name="Z" type="float" />
            </accessor>
          </technique_common>
        </source>
        <source id="ID123">
          <float_array id="ID124" count="114">1 0 0 0.9848077 -0.1736482 0 0.9396926 -0.3420202 0
            0.8660254 -0.5 0 0.7660444 -0.6427876 0 0.6427876 -0.7660444 0 0.5 -0.8660254 0
            0.3420202 -0.9396926 0 0.1736482 -0.9848077 0 0 -1 0 -0.1736482 -0.9848077 0 -0.3420202
            -0.9396926 0 -0.5 -0.8660254 0 -0.6427876 -0.7660444 0 -0.7660444 -0.6427876 0
            -0.8660254 -0.5 0 -0.9396926 -0.3420202 0 -0.9848077 -0.1736482 0 -1 0 0 -1 0 0
            -0.9848077 -0.1736482 0 -0.9396926 -0.3420202 0 -0.8660254 -0.5 0 -0.7660444 -0.6427876
            0 -0.6427876 -0.7660444 0 -0.5 -0.8660254 0 -0.3420202 -0.9396926 0 -0.1736482
            -0.9848077 0 0 -1 0 0.1736482 -0.9848077 0 0.3420202 -0.9396926 0 0.5 -0.8660254 0
            0.6427876 -0.7660444 0 0.7660444 -0.6427876 0 0.8660254 -0.5 0 0.9396926 -0.3420202 0
            0.9848077 -0.1736482 0 1 0 0</float_array>
          <technique_common>
            <accessor count="38" source="#ID124" stride="3">
              <param name="X" type="float" />
              <param name="Y" type="float" />
              <param name="Z" type="float" />
            </accessor>
          </technique_common>
        </source>
        <source id="ID125">
          <float_array id="ID126" count="76">0 0 0 0.0555555 0 0.1111111 0 0.1666667 0 0.2222223 0
            0.2777778 0 0.3333333 0 0.3888889 0 0.4444444 0 0.5 0 0.5555555 0 0.6111111 0 0.6666667
            0 0.7222222 0 0.7777777 0 0.8333333 0 0.8888888 0 0.9444444 0 1 1 1 1 0.9444444 1
            0.8888888 1 0.8333333 1 0.7777777 1 0.7222222 1 0.6666667 1 0.6111111 1 0.5555555 1 0.5
            1 0.4444444 1 0.3888889 1 0.3333333 1 0.2777778 1 0.2222223 1 0.1666667 1 0.1111111 1
            0.0555555 1 0</float_array>
          <technique_common>
            <accessor count="38" source="#ID126" stride="2">
              <param name="S" type="float" />
              <param name="T" type="float" />
            </accessor>
          </technique_common>
        </source>
        <vertices id="ID127">
          <input semantic="POSITION" source="#ID121" />
        </vertices>
        <triangles count="36" material="ID128">
          <input semantic="VERTEX" source="#ID127" offset="0" />
          <input semantic="NORMAL" source="#ID123" offset="1" />
          <input semantic="TEXCOORD" source="#ID125" offset="2" set="0" />
          <p>37 37 37 0 0 0 36 36 36 36 36 36 0 0 0 1 1 1 2 2 2 36 36 36 1 1 1 2 2 2 35 35 35 36 36
            36 2 2 2 3 3 3 35 35 35 35 35 35 3 3 3 34 34 34 34 34 34 3 3 3 33 33 33 33 33 33 3 3 3 4
            4 4 5 5 5 33 33 33 4 4 4 5 5 5 32 32 32 33 33 33 5 5 5 6 6 6 32 32 32 32 32 32 6 6 6 31
            31 31 31 31 31 6 6 6 7 7 7 30 30 30 7 7 7 29 29 29 30 30 30 31 31 31 7 7 7 7 7 7 8 8 8
            29 29 29 29 29 29 8 8 8 9 9 9 28 28 28 9 9 9 10 10 10 27 27 27 10 10 10 26 26 26 27 27
            27 28 28 28 10 10 10 10 10 10 11 11 11 26 26 26 26 26 26 11 11 11 12 12 12 25 25 25 12
            12 12 13 13 13 24 24 24 13 13 13 14 14 14 23 23 23 14 14 14 22 22 22 23 23 23 24 24 24
            14 14 14 14 14 14 15 15 15 22 22 22 22 22 22 15 15 15 16 16 16 21 21 21 16 16 16 17 17
            17 20 20 20 17 17 17 19 19 19 20 20 20 21 21 21 17 17 17 17 17 17 18 18 18 19 19 19 21
            21 21 22 22 22 16 16 16 24 24 24 25 25 25 13 13 13 25 25 25 26 26 26 12 12 12 28 28 28
            29 29 29 9 9 9</p>
        </triangles>
      </mesh>
    </geometry>
    <geometry id="ID129">
      <mesh>
        <source id="ID130">
          <float_array id="ID131" count="132">0 0.0041 0.196 0.000712 0.0040377 0.196 0.0014023
            0.0038527 0.196 0.00205 0.0035507 0.196 0.0026354 0.0031408 0.196 0.0031408 0.0026354
            0.196 0.0035507 0.00205 0.196 0.0038527 0.0014023 0.196 0.0040377 0.000712 0.196 0.0041
            0 0.196 0.0040377 -0.000712 0.196 0.0038527 -0.0014023 0.196 0.0035507 -0.00205 0.196
            0.0031408 -0.0026354 0.196 0.0026354 -0.0031408 0.196 0.00205 -0.0035507 0.196 0.0014023
            -0.0038527 0.196 0.000712 -0.0040377 0.196 0 -0.0041 0.196 0 -0.0046603 0.1969704
            0.0003339 -0.0046483 0.1969704 0.000952 -0.004562 0.1969704 0.001553 -0.0043939
            0.1969704 0.0022899 -0.0040588 0.1969704 0.0028889 -0.0036569 0.1969704 0.0033771
            -0.0032114 0.1969704 0.0037974 -0.0027014 0.1969704 0.0041356 -0.0021483 0.1969704
            0.0043615 -0.0016418 0.1969704 0.0045256 -0.0011121 0.1969704 0.0046169 -0.0006346
            0.1969704 0.0046578 -0.0001503 0.1969704 0.0046319 0.0005137 0.1969704 0.0045114
            0.0011686 0.1969704 0.0042988 0.0017996 0.1969704 0.0039868 0.0024133 0.1969704
            0.0037417 0.002778 0.1969704 0.0034634 0.0031181 0.1969704 0.003036 0.0035357 0.1969704
            0.0025586 0.0038951 0.1969704 0.0020013 0.0042087 0.1969704 0.0013955 0.0044464
            0.1969704 0.0007625 0.0045975 0.1969704 0 0.0046603 0.1969704</float_array>
          <technique_common>
            <accessor count="44" source="#ID131" stride="3">
              <param name="X" type="float" />
              <param name="Y" type="float" />
              <param name="Z" type="float" />
            </accessor>
          </technique_common>
        </source>
        <source id="ID132">
          <float_array id="ID133" count="132">0 -0.8660254 0.5 -0.1503837 -0.8528686 0.5 -0.2961981
            -0.8137977 0.5 -0.4330127 -0.75 0.5 -0.5566704 -0.6634139 0.5 -0.6634139 -0.5566704 0.5
            -0.75 -0.4330127 0.5 -0.8137977 -0.2961981 0.5 -0.8528686 -0.1503837 0.5 -0.8660254 0
            0.5 -0.8528686 0.1503837 0.5 -0.8137977 0.2961981 0.5 -0.75 0.4330127 0.5 -0.6634139
            0.5566704 0.5 -0.5566704 0.6634139 0.5 -0.4330127 0.75 0.5 -0.2961981 0.8137977 0.5
            -0.1503837 0.8528686 0.5 0 0.8660254 0.5 0 0.8660254 0.5 -0.0620529 0.8637994 0.5
            -0.1769105 0.8477634 0.5 -0.2885957 0.8165246 0.5 -0.4255435 0.754263 0.5 -0.5368414
            0.6795596 0.5 -0.6275726 0.5967852 0.5 -0.7056823 0.5020084 0.5 -0.7685232 0.3992144 0.5
            -0.8105043 0.3050947 0.5 -0.8410076 0.2066545 0.5 -0.8579583 0.1179305 0.5 -0.8655751
            0.0279235 0.5 -0.860747 -0.09547 0.5 -0.8383568 -0.2171587 0.5 -0.7988535 -0.3344147 0.5
            -0.7408667 -0.4484601 0.5 -0.6953334 -0.5162475 0.5 -0.6436176 -0.5794449 0.5 -0.564177
            -0.6570421 0.5 -0.4754597 -0.7238357 0.5 -0.3719044 -0.7821043 0.5 -0.2593314 -0.8262852
            0.5 -0.1417016 -0.854354 0.5 0 -0.8660254 0.5</float_array>
          <technique_common>
            <accessor count="44" source="#ID133" stride="3">
              <param name="X" type="float" />
              <param name="Y" type="float" />
              <param name="Z" type="float" />
            </accessor>
          </technique_common>
        </source>
        <source id="ID134">
          <float_array id="ID135" count="88">0 1 0 0.9444445 0 0.8888889 0 0.8333333 0 0.7777777 0
            0.7222222 0 0.6666667 0 0.6111111 0 0.5555556 0 0.5 0 0.4444444 0 0.3888889 0 0.3333333
            0 0.2777778 0 0.2222223 0 0.1666667 0 0.1111112 0 0.0555556 0 0 1 0 1 0.0228273 1
            0.0654849 1 0.1081425 1 0.1635057 1 0.2128232 1 0.2580025 1 0.3031817 1 0.3475005 1
            0.3854021 1 0.4233037 1 0.4565193 1 0.4897349 1 0.5351617 1 0.5806783 1 0.6261949 1
            0.6732627 1 0.7032883 1 0.733314 1 0.7741587 1 0.8150035 1 0.8587115 1 0.9031968 1
            0.947682 1 1</float_array>
          <technique_common>
            <accessor count="44" source="#ID135" stride="2">
              <param name="S" type="float" />
              <param name="T" type="float" />
            </accessor>
          </technique_common>
        </source>
        <vertices id="ID136">
          <input semantic="POSITION" source="#ID130" />
        </vertices>
        <triangles count="42" material="ID137">
          <input semantic="VERTEX" source="#ID136" offset="0" />
          <input semantic="NORMAL" source="#ID132" offset="1" />
          <input semantic="TEXCOORD" source="#ID134" offset="2" set="0" />
          <p>43 43 43 0 0 0 42 42 42 42 42 42 0 0 0 1 1 1 41 41 41 1 1 1 2 2 2 40 40 40 2 2 2 3 3 3
            39 39 39 3 3 3 4 4 4 38 38 38 4 4 4 37 37 37 38 38 38 39 39 39 4 4 4 4 4 4 5 5 5 37 37
            37 37 37 37 5 5 5 36 36 36 36 36 36 5 5 5 6 6 6 35 35 35 6 6 6 34 34 34 35 35 35 36 36
            36 6 6 6 6 6 6 7 7 7 34 34 34 34 34 34 7 7 7 33 33 33 33 33 33 7 7 7 8 8 8 32 32 32 8 8
            8 9 9 9 31 31 31 9 9 9 10 10 10 30 30 30 10 10 10 29 29 29 30 30 30 31 31 31 10 10 10 10
            10 10 11 11 11 29 29 29 29 29 29 11 11 11 28 28 28 28 28 28 11 11 11 27 27 27 27 27 27
            11 11 11 12 12 12 26 26 26 12 12 12 13 13 13 25 25 25 13 13 13 14 14 14 24 24 24 14 14
            14 15 15 15 23 23 23 15 15 15 16 16 16 22 22 22 16 16 16 17 17 17 21 21 21 17 17 17 20
            20 20 21 21 21 22 22 22 17 17 17 17 17 17 18 18 18 20 20 20 20 20 20 18 18 18 19 19 19
            22 22 22 23 23 23 16 16 16 23 23 23 24 24 24 15 15 15 24 24 24 25 25 25 14 14 14 25 25
            25 26 26 26 13 13 13 26 26 26 27 27 27 12 12 12 31 31 31 32 32 32 9 9 9 32 32 32 33 33
            33 8 8 8 39 39 39 40 40 40 3 3 3 40 40 40 41 41 41 2 2 2 41 41 41 42 42 42 1 1 1</p>
        </triangles>
      </mesh>
    </geometry>
    <geometry id="ID138">
      <mesh>
        <source id="ID139">
          <float_array id="ID140" count="114">0.016 -0.07825 0.0363 0.0164775 -0.0782082 0.0363
            0.0169406 -0.0780842 0.0363 0.017375 -0.0778816 0.0363 0.0177677 -0.0776066 0.0363
            0.0181066 -0.0772676 0.0363 0.0183816 -0.076875 0.0363 0.0185842 -0.0764406 0.0363
            0.0187082 -0.0759775 0.0363 0.01875 -0.0755 0.0363 0.0187082 -0.0750225 0.0363 0.0185842
            -0.0745594 0.0363 0.0183816 -0.074125 0.0363 0.0181066 -0.0737324 0.0363 0.0177677
            -0.0733934 0.0363 0.017375 -0.0731184 0.0363 0.0169406 -0.0729158 0.0363 0.0164775
            -0.0727918 0.0363 0.016 -0.07275 0.0363 0.016 -0.07275 0.0378 0.0164775 -0.0727918
            0.0378 0.0169406 -0.0729158 0.0378 0.017375 -0.0731184 0.0378 0.0177677 -0.0733934
            0.0378 0.0181066 -0.0737324 0.0378 0.0183816 -0.074125 0.0378 0.0185842 -0.0745594
            0.0378 0.0187082 -0.0750225 0.0378 0.01875 -0.0755 0.0378 0.0187082 -0.0759775 0.0378
            0.0185842 -0.0764406 0.0378 0.0183816 -0.076875 0.0378 0.0181066 -0.0772676 0.0378
            0.0177677 -0.0776066 0.0378 0.017375 -0.0778816 0.0378 0.0169406 -0.0780842 0.0378
            0.0164775 -0.0782082 0.0378 0.016 -0.07825 0.0378</float_array>
          <technique_common>
            <accessor count="38" source="#ID140" stride="3">
              <param name="X" type="float" />
              <param name="Y" type="float" />
              <param name="Z" type="float" />
            </accessor>
          </technique_common>
        </source>
        <source id="ID141">
          <float_array id="ID142" count="114">0 -1 0 0.1736482 -0.9848077 0 0.3420202 -0.9396926 0
            0.5 -0.8660254 0 0.6427876 -0.7660444 0 0.7660444 -0.6427876 0 0.8660254 -0.5 0
            0.9396926 -0.3420202 0 0.9848077 -0.1736482 0 1 0 0 0.9848077 0.1736482 0 0.9396926
            0.3420202 0 0.8660254 0.5 0 0.7660444 0.6427876 0 0.6427876 0.7660444 0 0.5 0.8660254 0
            0.3420202 0.9396926 0 0.1736482 0.9848077 0 0 1 0 0 1 0 0.1736482 0.9848077 0 0.3420202
            0.9396926 0 0.5 0.8660254 0 0.6427876 0.7660444 0 0.7660444 0.6427876 0 0.8660254 0.5 0
            0.9396926 0.3420202 0 0.9848077 0.1736482 0 1 0 0 0.9848077 -0.1736482 0 0.9396926
            -0.3420202 0 0.8660254 -0.5 0 0.7660444 -0.6427876 0 0.6427876 -0.7660444 0 0.5
            -0.8660254 0 0.3420202 -0.9396926 0 0.1736482 -0.9848077 0 0 -1 0</float_array>
          <technique_common>
            <accessor count="38" source="#ID142" stride="3">
              <param name="X" type="float" />
              <param name="Y" type="float" />
              <param name="Z" type="float" />
            </accessor>
          </technique_common>
        </source>
        <source id="ID143">
          <float_array id="ID144" count="76">0 0 0 0.0555555 0 0.1111111 0 0.1666667 0 0.2222223 0
            0.2777778 0 0.3333333 0 0.3888889 0 0.4444444 0 0.5 0 0.5555555 0 0.6111111 0 0.6666667
            0 0.7222222 0 0.7777777 0 0.8333333 0 0.8888888 0 0.9444444 0 1 1 1 1 0.9444444 1
            0.8888888 1 0.8333333 1 0.7777777 1 0.7222222 1 0.6666667 1 0.6111111 1 0.5555555 1 0.5
            1 0.4444444 1 0.3888889 1 0.3333333 1 0.2777778 1 0.2222223 1 0.1666667 1 0.1111111 1
            0.0555555 1 0</float_array>
          <technique_common>
            <accessor count="38" source="#ID144" stride="2">
              <param name="S" type="float" />
              <param name="T" type="float" />
            </accessor>
          </technique_common>
        </source>
        <vertices id="ID145">
          <input semantic="POSITION" source="#ID139" />
        </vertices>
        <triangles count="36" material="ID146">
          <input semantic="VERTEX" source="#ID145" offset="0" />
          <input semantic="NORMAL" source="#ID141" offset="1" />
          <input semantic="TEXCOORD" source="#ID143" offset="2" set="0" />
          <p>37 37 37 0 0 0 36 36 36 36 36 36 0 0 0 1 1 1 2 2 2 36 36 36 1 1 1 2 2 2 35 35 35 36 36
            36 2 2 2 3 3 3 35 35 35 35 35 35 3 3 3 34 34 34 34 34 34 3 3 3 33 33 33 33 33 33 3 3 3 4
            4 4 5 5 5 33 33 33 4 4 4 5 5 5 32 32 32 33 33 33 5 5 5 6 6 6 32 32 32 32 32 32 6 6 6 31
            31 31 31 31 31 6 6 6 7 7 7 30 30 30 7 7 7 29 29 29 30 30 30 31 31 31 7 7 7 7 7 7 8 8 8
            29 29 29 29 29 29 8 8 8 9 9 9 28 28 28 9 9 9 10 10 10 27 27 27 10 10 10 26 26 26 27 27
            27 28 28 28 10 10 10 10 10 10 11 11 11 26 26 26 26 26 26 11 11 11 12 12 12 25 25 25 12
            12 12 13 13 13 24 24 24 13 13 13 14 14 14 23 23 23 14 14 14 22 22 22 23 23 23 24 24 24
            14 14 14 14 14 14 15 15 15 22 22 22 22 22 22 15 15 15 16 16 16 21 21 21 16 16 16 17 17
            17 20 20 20 17 17 17 19 19 19 20 20 20 21 21 21 17 17 17 17 17 17 18 18 18 19 19 19 21
            21 21 22 22 22 16 16 16 24 24 24 25 25 25 13 13 13 25 25 25 26 26 26 12 12 12 28 28 28
            29 29 29 9 9 9</p>
        </triangles>
      </mesh>
    </geometry>
    <geometry id="ID147">
      <mesh>
        <source id="ID148">
          <float_array id="ID149" count="114">0.016 -0.07275 0.0378 0.016 -0.07275 0.0363 0.0155225
            -0.0727918 0.0363 0.0150594 -0.0729158 0.0363 0.014625 -0.0731184 0.0363 0.0142323
            -0.0733934 0.0363 0.0138934 -0.0737324 0.0363 0.0136184 -0.074125 0.0363 0.0134158
            -0.0745594 0.0363 0.0132918 -0.0750225 0.0363 0.01325 -0.0755 0.0363 0.0132918
            -0.0759775 0.0363 0.0134158 -0.0764406 0.0363 0.0136184 -0.076875 0.0363 0.0138934
            -0.0772676 0.0363 0.0142323 -0.0776066 0.0363 0.014625 -0.0778816 0.0363 0.0150594
            -0.0780842 0.0363 0.0155225 -0.0782082 0.0363 0.016 -0.07825 0.0363 0.016 -0.07825
            0.0378 0.0155225 -0.0782082 0.0378 0.0150594 -0.0780842 0.0378 0.014625 -0.0778816
            0.0378 0.0142323 -0.0776066 0.0378 0.0138934 -0.0772676 0.0378 0.0136184 -0.076875
            0.0378 0.0134158 -0.0764406 0.0378 0.0132918 -0.0759775 0.0378 0.01325 -0.0755 0.0378
            0.0132918 -0.0750225 0.0378 0.0134158 -0.0745594 0.0378 0.0136184 -0.074125 0.0378
            0.0138934 -0.0737324 0.0378 0.0142323 -0.0733934 0.0378 0.014625 -0.0731184 0.0378
            0.0150594 -0.0729158 0.0378 0.0155225 -0.0727918 0.0378</float_array>
          <technique_common>
            <accessor count="38" source="#ID149" stride="3">
              <param name="X" type="float" />
              <param name="Y" type="float" />
              <param name="Z" type="float" />
            </accessor>
          </technique_common>
        </source>
        <source id="ID150">
          <float_array id="ID151" count="114">0 1 0 0 1 0 -0.1736482 0.9848077 0 -0.3420202
            0.9396926 0 -0.5 0.8660254 0 -0.6427876 0.7660444 0 -0.7660444 0.6427876 0 -0.8660254
            0.5 0 -0.9396926 0.3420202 0 -0.9848077 0.1736482 0 -1 0 0 -0.9848077 -0.1736482 0
            -0.9396926 -0.3420202 0 -0.8660254 -0.5 0 -0.7660444 -0.6427876 0 -0.6427876 -0.7660444
            0 -0.5 -0.8660254 0 -0.3420202 -0.9396926 0 -0.1736482 -0.9848077 0 0 -1 0 0 -1 0
            -0.1736482 -0.9848077 0 -0.3420202 -0.9396926 0 -0.5 -0.8660254 0 -0.6427876 -0.7660444
            0 -0.7660444 -0.6427876 0 -0.8660254 -0.5 0 -0.9396926 -0.3420202 0 -0.9848077
            -0.1736482 0 -1 0 0 -0.9848077 0.1736482 0 -0.9396926 0.3420202 0 -0.8660254 0.5 0
            -0.7660444 0.6427876 0 -0.6427876 0.7660444 0 -0.5 0.8660254 0 -0.3420202 0.9396926 0
            -0.1736482 0.9848077 0</float_array>
          <technique_common>
            <accessor count="38" source="#ID151" stride="3">
              <param name="X" type="float" />
              <param name="Y" type="float" />
              <param name="Z" type="float" />
            </accessor>
          </technique_common>
        </source>
        <source id="ID152">
          <float_array id="ID153" count="76">1 0 0 0 0 0.0555556 0 0.1111112 0 0.1666667 0 0.2222223
            0 0.2777778 0 0.3333333 0 0.3888889 0 0.4444444 0 0.5 0 0.5555556 0 0.6111111 0
            0.6666667 0 0.7222222 0 0.7777777 0 0.8333333 0 0.8888889 0 0.9444445 0 1 1 1 1
            0.9444445 1 0.8888889 1 0.8333333 1 0.7777777 1 0.7222222 1 0.6666667 1 0.6111111 1
            0.5555556 1 0.5 1 0.4444444 1 0.3888889 1 0.3333333 1 0.2777778 1 0.2222223 1 0.1666667
            1 0.1111112 1 0.0555556</float_array>
          <technique_common>
            <accessor count="38" source="#ID153" stride="2">
              <param name="S" type="float" />
              <param name="T" type="float" />
            </accessor>
          </technique_common>
        </source>
        <vertices id="ID154">
          <input semantic="POSITION" source="#ID148" />
        </vertices>
        <triangles count="36" material="ID155">
          <input semantic="VERTEX" source="#ID154" offset="0" />
          <input semantic="NORMAL" source="#ID150" offset="1" />
          <input semantic="TEXCOORD" source="#ID152" offset="2" set="0" />
          <p>0 0 0 1 1 1 37 37 37 37 37 37 1 1 1 2 2 2 3 3 3 37 37 37 2 2 2 3 3 3 36 36 36 37 37 37
            3 3 3 4 4 4 36 36 36 36 36 36 4 4 4 35 35 35 35 35 35 4 4 4 34 34 34 34 34 34 4 4 4 5 5
            5 6 6 6 34 34 34 5 5 5 6 6 6 33 33 33 34 34 34 6 6 6 7 7 7 33 33 33 33 33 33 7 7 7 32 32
            32 32 32 32 7 7 7 8 8 8 31 31 31 8 8 8 30 30 30 31 31 31 32 32 32 8 8 8 8 8 8 9 9 9 30
            30 30 30 30 30 9 9 9 10 10 10 29 29 29 10 10 10 11 11 11 28 28 28 11 11 11 27 27 27 28
            28 28 29 29 29 11 11 11 11 11 11 12 12 12 27 27 27 27 27 27 12 12 12 13 13 13 26 26 26
            13 13 13 14 14 14 25 25 25 14 14 14 15 15 15 24 24 24 15 15 15 23 23 23 24 24 24 25 25
            25 15 15 15 15 15 15 16 16 16 23 23 23 23 23 23 16 16 16 17 17 17 22 22 22 17 17 17 18
            18 18 21 21 21 18 18 18 20 20 20 21 21 21 22 22 22 18 18 18 18 18 18 19 19 19 20 20 20
            22 22 22 23 23 23 17 17 17 25 25 25 26 26 26 14 14 14 26 26 26 27 27 27 13 13 13 29 29
            29 30 30 30 10 10 10</p>
        </triangles>
      </mesh>
    </geometry>
    <geometry id="ID156">
      <mesh>
        <source id="ID157">
          <float_array id="ID158" count="108">0.016 -0.07825 0.0363 0.0155225 -0.0782082 0.0363
            0.0150594 -0.0780842 0.0363 0.014625 -0.0778816 0.0363 0.0142323 -0.0776066 0.0363
            0.0138934 -0.0772676 0.0363 0.0136184 -0.076875 0.0363 0.0134158 -0.0764406 0.0363
            0.0132918 -0.0759775 0.0363 0.01325 -0.0755 0.0363 0.0132918 -0.0750225 0.0363 0.0134158
            -0.0745594 0.0363 0.0136184 -0.074125 0.0363 0.0138934 -0.0737324 0.0363 0.0142323
            -0.0733934 0.0363 0.014625 -0.0731184 0.0363 0.0150594 -0.0729158 0.0363 0.0155225
            -0.0727918 0.0363 0.016 -0.07275 0.0363 0.0164775 -0.0727918 0.0363 0.0169406 -0.0729158
            0.0363 0.017375 -0.0731184 0.0363 0.0177677 -0.0733934 0.0363 0.0181066 -0.0737324
            0.0363 0.0183816 -0.074125 0.0363 0.0185842 -0.0745594 0.0363 0.0187082 -0.0750225
            0.0363 0.01875 -0.0755 0.0363 0.0187082 -0.0759775 0.0363 0.0185842 -0.0764406 0.0363
            0.0183816 -0.076875 0.0363 0.0181066 -0.0772676 0.0363 0.0177677 -0.0776066 0.0363
            0.017375 -0.0778816 0.0363 0.0169406 -0.0780842 0.0363 0.0164775 -0.0782082 0.0363</float_array>
          <technique_common>
            <accessor count="36" source="#ID158" stride="3">
              <param name="X" type="float" />
              <param name="Y" type="float" />
              <param name="Z" type="float" />
            </accessor>
          </technique_common>
        </source>
        <source id="ID159">
          <float_array id="ID160" count="108">0 0 -1 0 0 -1 0 0 -1 0 0 -1 0 0 -1 0 0 -1 0 0 -1 0 0
            -1 0 0 -1 0 0 -1 0 0 -1 0 0 -1 0 0 -1 0 0 -1 0 0 -1 0 0 -1 0 0 -1 0 0 -1 0 0 -1 0 0 -1 0
            0 -1 0 0 -1 0 0 -1 0 0 -1 0 0 -1 0 0 -1 0 0 -1 0 0 -1 0 0 -1 0 0 -1 0 0 -1 0 0 -1 0 0 -1
            0 0 -1 0 0 -1 0 0 -1</float_array>
          <technique_common>
            <accessor count="36" source="#ID160" stride="3">
              <param name="X" type="float" />
              <param name="Y" type="float" />
              <param name="Z" type="float" />
            </accessor>
          </technique_common>
        </source>
        <source id="ID161">
          <float_array id="ID162" count="72">0.5 1 0.4131759 0.9924039 0.32899 0.9698463 0.25
            0.9330127 0.1786062 0.8830222 0.1169778 0.8213938 0.0669873 0.75 0.0301537 0.6710101
            0.0075961 0.5868241 0 0.5 0.0075961 0.4131759 0.0301537 0.32899 0.0669873 0.25 0.1169778
            0.1786062 0.1786062 0.1169778 0.25 0.0669873 0.32899 0.0301537 0.4131759 0.0075961 0.5 0
            0.5868241 0.0075961 0.6710101 0.0301537 0.75 0.0669873 0.8213938 0.1169778 0.8830222
            0.1786062 0.9330127 0.25 0.9698463 0.32899 0.9924039 0.4131759 1 0.5 0.9924039 0.5868241
            0.9698463 0.6710101 0.9330127 0.75 0.8830222 0.8213938 0.8213938 0.8830222 0.75
            0.9330127 0.6710101 0.9698463 0.5868241 0.9924039</float_array>
          <technique_common>
            <accessor count="36" source="#ID162" stride="2">
              <param name="S" type="float" />
              <param name="T" type="float" />
            </accessor>
          </technique_common>
        </source>
        <vertices id="ID163">
          <input semantic="POSITION" source="#ID157" />
        </vertices>
        <triangles count="34" material="ID164">
          <input semantic="VERTEX" source="#ID163" offset="0" />
          <input semantic="NORMAL" source="#ID159" offset="1" />
          <input semantic="TEXCOORD" source="#ID161" offset="2" set="0" />
          <p>0 0 0 1 1 1 35 35 35 35 35 35 1 1 1 34 34 34 34 34 34 1 1 1 2 2 2 33 33 33 2 2 2 3 3 3
            32 32 32 3 3 3 4 4 4 31 31 31 4 4 4 5 5 5 30 30 30 5 5 5 6 6 6 29 29 29 6 6 6 7 7 7 28
            28 28 7 7 7 8 8 8 27 27 27 8 8 8 9 9 9 26 26 26 9 9 9 10 10 10 25 25 25 10 10 10 11 11
            11 24 24 24 11 11 11 12 12 12 23 23 23 12 12 12 13 13 13 22 22 22 13 13 13 14 14 14 21
            21 21 14 14 14 15 15 15 20 20 20 15 15 15 16 16 16 19 19 19 16 16 16 17 17 17 18 18 18
            19 19 19 17 17 17 19 19 19 20 20 20 16 16 16 20 20 20 21 21 21 15 15 15 21 21 21 22 22
            22 14 14 14 22 22 22 23 23 23 13 13 13 23 23 23 24 24 24 12 12 12 24 24 24 25 25 25 11
            11 11 25 25 25 26 26 26 10 10 10 26 26 26 27 27 27 9 9 9 27 27 27 28 28 28 8 8 8 28 28
            28 29 29 29 7 7 7 29 29 29 30 30 30 6 6 6 30 30 30 31 31 31 5 5 5 31 31 31 32 32 32 4 4
            4 32 32 32 33 33 33 3 3 3 33 33 33 34 34 34 2 2 2</p>
        </triangles>
      </mesh>
    </geometry>
    <geometry id="ID165">
      <mesh>
        <source id="ID166">
          <float_array id="ID167" count="108">0 -0.0041 0.196 0.000712 -0.0040377 0.196 0.0014023
            -0.0038527 0.196 0.00205 -0.0035507 0.196 0.0026354 -0.0031408 0.196 0.0031408
            -0.0026354 0.196 0.0035507 -0.00205 0.196 0.0038527 -0.0014023 0.196 0.0040377 -0.000712
            0.196 0.0041 0 0.196 0.0040377 0.000712 0.196 0.0038527 0.0014023 0.196 0.0035507
            0.00205 0.196 0.0031408 0.0026354 0.196 0.0026354 0.0031408 0.196 0.00205 0.0035507
            0.196 0.0014023 0.0038527 0.196 0.000712 0.0040377 0.196 0 0.0041 0.196 -0.000712
            0.0040377 0.196 -0.0014023 0.0038527 0.196 -0.00205 0.0035507 0.196 -0.0026354 0.0031408
            0.196 -0.0031408 0.0026354 0.196 -0.0035507 0.00205 0.196 -0.0038527 0.0014023 0.196
            -0.0040377 0.000712 0.196 -0.0041 0 0.196 -0.0040377 -0.000712 0.196 -0.0038527
            -0.0014023 0.196 -0.0035507 -0.00205 0.196 -0.0031408 -0.0026354 0.196 -0.0026354
            -0.0031408 0.196 -0.00205 -0.0035507 0.196 -0.0014023 -0.0038527 0.196 -0.000712
            -0.0040377 0.196</float_array>
          <technique_common>
            <accessor count="36" source="#ID167" stride="3">
              <param name="X" type="float" />
              <param name="Y" type="float" />
              <param name="Z" type="float" />
            </accessor>
          </technique_common>
        </source>
        <source id="ID168">
          <float_array id="ID169" count="108">0 0 1 0 0 1 0 0 1 0 0 1 0 0 1 0 0 1 0 0 1 0 0 1 0 0 1
            0 0 1 0 0 1 0 0 1 0 0 1 0 0 1 0 0 1 0 0 1 0 0 1 0 0 1 0 0 1 0 0 1 0 0 1 0 0 1 0 0 1 0 0
            1 0 0 1 0 0 1 0 0 1 0 0 1 0 0 1 0 0 1 0 0 1 0 0 1 0 0 1 0 0 1 0 0 1 0 0 1</float_array>
          <technique_common>
            <accessor count="36" source="#ID169" stride="3">
              <param name="X" type="float" />
              <param name="Y" type="float" />
              <param name="Z" type="float" />
            </accessor>
          </technique_common>
        </source>
        <source id="ID170">
          <float_array id="ID171" count="72">0.5 1 0.4131759 0.9924039 0.3289899 0.9698463 0.25
            0.9330127 0.1786062 0.8830222 0.1169778 0.8213938 0.0669873 0.75 0.0301537 0.6710101
            0.0075961 0.5868241 0 0.5 0.0075961 0.4131759 0.0301537 0.3289899 0.0669873 0.25
            0.1169778 0.1786062 0.1786062 0.1169778 0.25 0.0669873 0.3289899 0.0301537 0.4131759
            0.0075961 0.5 0 0.5868241 0.0075961 0.6710101 0.0301537 0.75 0.0669873 0.8213938
            0.1169778 0.8830222 0.1786062 0.9330127 0.25 0.9698463 0.3289899 0.9924039 0.4131759 1
            0.5 0.9924039 0.5868241 0.9698463 0.6710101 0.9330127 0.75 0.8830222 0.8213938 0.8213938
            0.8830222 0.75 0.9330127 0.6710101 0.9698463 0.5868241 0.9924039</float_array>
          <technique_common>
            <accessor count="36" source="#ID171" stride="2">
              <param name="S" type="float" />
              <param name="T" type="float" />
            </accessor>
          </technique_common>
        </source>
        <vertices id="ID172">
          <input semantic="POSITION" source="#ID166" />
        </vertices>
        <triangles count="34" material="ID173">
          <input semantic="VERTEX" source="#ID172" offset="0" />
          <input semantic="NORMAL" source="#ID168" offset="1" />
          <input semantic="TEXCOORD" source="#ID170" offset="2" set="0" />
          <p>0 0 0 1 1 1 35 35 35 35 35 35 1 1 1 34 34 34 34 34 34 1 1 1 2 2 2 33 33 33 2 2 2 3 3 3
            32 32 32 3 3 3 4 4 4 31 31 31 4 4 4 5 5 5 30 30 30 5 5 5 6 6 6 29 29 29 6 6 6 7 7 7 28
            28 28 7 7 7 8 8 8 27 27 27 8 8 8 9 9 9 26 26 26 9 9 9 10 10 10 25 25 25 10 10 10 11 11
            11 24 24 24 11 11 11 12 12 12 23 23 23 12 12 12 13 13 13 22 22 22 13 13 13 14 14 14 21
            21 21 14 14 14 15 15 15 20 20 20 15 15 15 16 16 16 19 19 19 16 16 16 17 17 17 18 18 18
            19 19 19 17 17 17 19 19 19 20 20 20 16 16 16 20 20 20 21 21 21 15 15 15 21 21 21 22 22
            22 14 14 14 22 22 22 23 23 23 13 13 13 23 23 23 24 24 24 12 12 12 24 24 24 25 25 25 11
            11 11 25 25 25 26 26 26 10 10 10 26 26 26 27 27 27 9 9 9 27 27 27 28 28 28 8 8 8 28 28
            28 29 29 29 7 7 7 29 29 29 30 30 30 6 6 6 30 30 30 31 31 31 5 5 5 31 31 31 32 32 32 4 4
            4 32 32 32 33 33 33 3 3 3 33 33 33 34 34 34 2 2 2</p>
        </triangles>
      </mesh>
    </geometry>
    <geometry id="ID174">
      <mesh>
        <source id="ID175">
          <float_array id="ID176" count="108">0.0625 0 0.188 0.0624582 0.0004775 0.188 0.0623342
            0.0009406 0.188 0.0621316 0.001375 0.188 0.0618566 0.0017676 0.188 0.0615177 0.0021066
            0.188 0.061125 0.0023816 0.188 0.0606906 0.0025842 0.188 0.0602275 0.0027082 0.188
            0.05975 0.00275 0.188 0.0592725 0.0027082 0.188 0.0588094 0.0025842 0.188 0.058375
            0.0023816 0.188 0.0579823 0.0021066 0.188 0.0576434 0.0017676 0.188 0.0573684 0.001375
            0.188 0.0571658 0.0009406 0.188 0.0570418 0.0004775 0.188 0.057 0 0.188 0.0570418
            -0.0004775 0.188 0.0571658 -0.0009406 0.188 0.0573684 -0.001375 0.188 0.0576434
            -0.0017676 0.188 0.0579823 -0.0021066 0.188 0.058375 -0.0023816 0.188 0.0588094
            -0.0025842 0.188 0.0592725 -0.0027082 0.188 0.05975 -0.00275 0.188 0.0602275 -0.0027082
            0.188 0.0606906 -0.0025842 0.188 0.061125 -0.0023816 0.188 0.0615177 -0.0021066 0.188
            0.0618566 -0.0017676 0.188 0.0621316 -0.001375 0.188 0.0623342 -0.0009406 0.188
            0.0624582 -0.0004775 0.188</float_array>
          <technique_common>
            <accessor count="36" source="#ID176" stride="3">
              <param name="X" type="float" />
              <param name="Y" type="float" />
              <param name="Z" type="float" />
            </accessor>
          </technique_common>
        </source>
        <source id="ID177">
          <float_array id="ID178" count="108">0 0 1 0 0 1 0 0 1 0 0 1 0 0 1 0 0 1 0 0 1 0 0 1 0 0 1
            0 0 1 0 0 1 0 0 1 0 0 1 0 0 1 0 0 1 0 0 1 0 0 1 0 0 1 0 0 1 0 0 1 0 0 1 0 0 1 0 0 1 0 0
            1 0 0 1 0 0 1 0 0 1 0 0 1 0 0 1 0 0 1 0 0 1 0 0 1 0 0 1 0 0 1 0 0 1 0 0 1</float_array>
          <technique_common>
            <accessor count="36" source="#ID178" stride="3">
              <param name="X" type="float" />
              <param name="Y" type="float" />
              <param name="Z" type="float" />
            </accessor>
          </technique_common>
        </source>
        <source id="ID179">
          <float_array id="ID180" count="72">1 0.5 0.9924039 0.4131759 0.9698463 0.32899 0.9330127
            0.25 0.8830222 0.1786062 0.8213938 0.1169778 0.75 0.0669873 0.6710101 0.0301537
            0.5868241 0.0075961 0.5 0 0.4131759 0.0075961 0.32899 0.0301537 0.25 0.0669873 0.1786062
            0.1169778 0.1169778 0.1786062 0.0669873 0.25 0.0301537 0.32899 0.0075961 0.4131759 0 0.5
            0.0075961 0.5868241 0.0301537 0.6710101 0.0669873 0.75 0.1169778 0.8213938 0.1786062
            0.8830222 0.25 0.9330127 0.32899 0.9698463 0.4131759 0.9924039 0.5 1 0.5868241 0.9924039
            0.6710101 0.9698463 0.75 0.9330127 0.8213938 0.8830222 0.8830222 0.8213938 0.9330127
            0.75 0.9698463 0.6710101 0.9924039 0.5868241</float_array>
          <technique_common>
            <accessor count="36" source="#ID180" stride="2">
              <param name="S" type="float" />
              <param name="T" type="float" />
            </accessor>
          </technique_common>
        </source>
        <vertices id="ID181">
          <input semantic="POSITION" source="#ID175" />
        </vertices>
        <triangles count="34" material="ID182">
          <input semantic="VERTEX" source="#ID181" offset="0" />
          <input semantic="NORMAL" source="#ID177" offset="1" />
          <input semantic="TEXCOORD" source="#ID179" offset="2" set="0" />
          <p>8 8 8 10 10 10 7 7 7 8 8 8 9 9 9 10 10 10 7 7 7 11 11 11 6 6 6 7 7 7 10 10 10 11 11 11
            6 6 6 12 12 12 5 5 5 6 6 6 11 11 11 12 12 12 5 5 5 13 13 13 4 4 4 5 5 5 12 12 12 13 13
            13 13 13 13 14 14 14 4 4 4 4 4 4 14 14 14 3 3 3 3 3 3 14 14 14 15 15 15 2 2 2 15 15 15
            16 16 16 1 1 1 16 16 16 17 17 17 0 0 0 17 17 17 18 18 18 35 35 35 18 18 18 19 19 19 34
            34 34 19 19 19 20 20 20 33 33 33 20 20 20 21 21 21 32 32 32 21 21 21 22 22 22 31 31 31
            22 22 22 23 23 23 30 30 30 23 23 23 24 24 24 29 29 29 24 24 24 25 25 25 28 28 28 25 25
            25 26 26 26 27 27 27 28 28 28 26 26 26 28 28 28 29 29 29 25 25 25 29 29 29 30 30 30 24
            24 24 30 30 30 31 31 31 23 23 23 31 31 31 32 32 32 22 22 22 32 32 32 33 33 33 21 21 21
            33 33 33 34 34 34 20 20 20 34 34 34 35 35 35 19 19 19 35 35 35 0 0 0 18 18 18 17 17 17 0
            0 0 1 1 1 16 16 16 1 1 1 2 2 2 15 15 15 2 2 2 3 3 3</p>
        </triangles>
      </mesh>
    </geometry>
    <geometry id="ID183">
      <mesh>
        <source id="ID184">
          <float_array id="ID185" count="108">0 0.0625 0.188 -0.0004775 0.0624582 0.188 -0.0009406
            0.0623342 0.188 -0.001375 0.0621316 0.188 -0.0017677 0.0618566 0.188 -0.0021066
            0.0615176 0.188 -0.0023816 0.061125 0.188 -0.0025842 0.0606906 0.188 -0.0027082
            0.0602275 0.188 -0.00275 0.05975 0.188 -0.0027082 0.0592725 0.188 -0.0025842 0.0588094
            0.188 -0.0023816 0.058375 0.188 -0.0021066 0.0579824 0.188 -0.0017677 0.0576434 0.188
            -0.001375 0.0573684 0.188 -0.0009406 0.0571658 0.188 -0.0004775 0.0570418 0.188 0 0.057
            0.188 0.0004775 0.0570418 0.188 0.0009406 0.0571658 0.188 0.001375 0.0573684 0.188
            0.0017677 0.0576434 0.188 0.0021066 0.0579824 0.188 0.0023816 0.058375 0.188 0.0025842
            0.0588094 0.188 0.0027082 0.0592725 0.188 0.00275 0.05975 0.188 0.0027082 0.0602275
            0.188 0.0025842 0.0606906 0.188 0.0023816 0.061125 0.188 0.0021066 0.0615176 0.188
            0.0017677 0.0618566 0.188 0.001375 0.0621316 0.188 0.0009406 0.0623342 0.188 0.0004775
            0.0624582 0.188</float_array>
          <technique_common>
            <accessor count="36" source="#ID185" stride="3">
              <param name="X" type="float" />
              <param name="Y" type="float" />
              <param name="Z" type="float" />
            </accessor>
          </technique_common>
        </source>
        <source id="ID186">
          <float_array id="ID187" count="108">0 0 1 0 0 1 0 0 1 0 0 1 0 0 1 0 0 1 0 0 1 0 0 1 0 0 1
            0 0 1 0 0 1 0 0 1 0 0 1 0 0 1 0 0 1 0 0 1 0 0 1 0 0 1 0 0 1 0 0 1 0 0 1 0 0 1 0 0 1 0 0
            1 0 0 1 0 0 1 0 0 1 0 0 1 0 0 1 0 0 1 0 0 1 0 0 1 0 0 1 0 0 1 0 0 1 0 0 1</float_array>
          <technique_common>
            <accessor count="36" source="#ID187" stride="3">
              <param name="X" type="float" />
              <param name="Y" type="float" />
              <param name="Z" type="float" />
            </accessor>
          </technique_common>
        </source>
        <source id="ID188">
          <float_array id="ID189" count="72">0.5 0 0.4131759 0.0075961 0.32899 0.0301537 0.25
            0.0669873 0.1786062 0.1169778 0.1169778 0.1786062 0.0669873 0.25 0.0301537 0.32899
            0.0075961 0.4131759 0 0.5 0.0075961 0.5868241 0.0301537 0.6710101 0.0669873 0.75
            0.1169778 0.8213938 0.1786062 0.8830222 0.25 0.9330127 0.32899 0.9698463 0.4131759
            0.9924039 0.5 1 0.5868241 0.9924039 0.6710101 0.9698463 0.75 0.9330127 0.8213938
            0.8830222 0.8830222 0.8213938 0.9330127 0.75 0.9698463 0.6710101 0.9924039 0.5868241 1
            0.5 0.9924039 0.4131759 0.9698463 0.32899 0.9330127 0.25 0.8830222 0.1786062 0.8213938
            0.1169778 0.75 0.0669873 0.6710101 0.0301537 0.5868241 0.0075961</float_array>
          <technique_common>
            <accessor count="36" source="#ID189" stride="2">
              <param name="S" type="float" />
              <param name="T" type="float" />
            </accessor>
          </technique_common>
        </source>
        <vertices id="ID190">
          <input semantic="POSITION" source="#ID184" />
        </vertices>
        <triangles count="34" material="ID191">
          <input semantic="VERTEX" source="#ID190" offset="0" />
          <input semantic="NORMAL" source="#ID186" offset="1" />
          <input semantic="TEXCOORD" source="#ID188" offset="2" set="0" />
          <p>0 0 0 1 1 1 35 35 35 35 35 35 1 1 1 34 34 34 34 34 34 1 1 1 2 2 2 33 33 33 2 2 2 3 3 3
            32 32 32 3 3 3 4 4 4 31 31 31 4 4 4 5 5 5 30 30 30 5 5 5 6 6 6 29 29 29 6 6 6 7 7 7 28
            28 28 7 7 7 8 8 8 27 27 27 8 8 8 9 9 9 26 26 26 9 9 9 10 10 10 25 25 25 10 10 10 11 11
            11 24 24 24 11 11 11 12 12 12 23 23 23 12 12 12 13 13 13 22 22 22 13 13 13 14 14 14 21
            21 21 14 14 14 15 15 15 20 20 20 15 15 15 16 16 16 19 19 19 16 16 16 17 17 17 18 18 18
            19 19 19 17 17 17 19 19 19 20 20 20 16 16 16 20 20 20 21 21 21 15 15 15 21 21 21 22 22
            22 14 14 14 22 22 22 23 23 23 13 13 13 23 23 23 24 24 24 12 12 12 24 24 24 25 25 25 11
            11 11 25 25 25 26 26 26 10 10 10 26 26 26 27 27 27 9 9 9 27 27 27 28 28 28 8 8 8 28 28
            28 29 29 29 7 7 7 29 29 29 30 30 30 6 6 6 30 30 30 31 31 31 5 5 5 31 31 31 32 32 32 4 4
            4 32 32 32 33 33 33 3 3 3 33 33 33 34 34 34 2 2 2</p>
        </triangles>
      </mesh>
    </geometry>
    <geometry id="ID192">
      <mesh>
        <source id="ID193">
          <float_array id="ID194" count="108">-0.057 0 0.188 -0.0570418 0.0004775 0.188 -0.0571658
            0.0009406 0.188 -0.0573684 0.001375 0.188 -0.0576434 0.0017676 0.188 -0.0579823
            0.0021066 0.188 -0.058375 0.0023816 0.188 -0.0588094 0.0025842 0.188 -0.0592725
            0.0027082 0.188 -0.05975 0.00275 0.188 -0.0602275 0.0027082 0.188 -0.0606906 0.0025842
            0.188 -0.061125 0.0023816 0.188 -0.0615177 0.0021066 0.188 -0.0618566 0.0017676 0.188
            -0.0621316 0.001375 0.188 -0.0623342 0.0009406 0.188 -0.0624582 0.0004775 0.188 -0.0625
            0 0.188 -0.0624582 -0.0004775 0.188 -0.0623342 -0.0009406 0.188 -0.0621316 -0.001375
            0.188 -0.0618566 -0.0017676 0.188 -0.0615177 -0.0021066 0.188 -0.061125 -0.0023816 0.188
            -0.0606906 -0.0025842 0.188 -0.0602275 -0.0027082 0.188 -0.05975 -0.00275 0.188
            -0.0592725 -0.0027082 0.188 -0.0588094 -0.0025842 0.188 -0.058375 -0.0023816 0.188
            -0.0579823 -0.0021066 0.188 -0.0576434 -0.0017676 0.188 -0.0573684 -0.001375 0.188
            -0.0571658 -0.0009406 0.188 -0.0570418 -0.0004775 0.188</float_array>
          <technique_common>
            <accessor count="36" source="#ID194" stride="3">
              <param name="X" type="float" />
              <param name="Y" type="float" />
              <param name="Z" type="float" />
            </accessor>
          </technique_common>
        </source>
        <source id="ID195">
          <float_array id="ID196" count="108">0 0 1 0 0 1 0 0 1 0 0 1 0 0 1 0 0 1 0 0 1 0 0 1 0 0 1
            0 0 1 0 0 1 0 0 1 0 0 1 0 0 1 0 0 1 0 0 1 0 0 1 0 0 1 0 0 1 0 0 1 0 0 1 0 0 1 0 0 1 0 0
            1 0 0 1 0 0 1 0 0 1 0 0 1 0 0 1 0 0 1 0 0 1 0 0 1 0 0 1 0 0 1 0 0 1 0 0 1</float_array>
          <technique_common>
            <accessor count="36" source="#ID196" stride="3">
              <param name="X" type="float" />
              <param name="Y" type="float" />
              <param name="Z" type="float" />
            </accessor>
          </technique_common>
        </source>
        <source id="ID197">
          <float_array id="ID198" count="72">1 0.5 0.9924039 0.4131759 0.9698463 0.32899 0.9330127
            0.25 0.8830222 0.1786062 0.8213938 0.1169778 0.75 0.0669873 0.6710101 0.0301537
            0.5868241 0.0075961 0.5 0 0.4131759 0.0075961 0.32899 0.0301537 0.25 0.0669873 0.1786062
            0.1169778 0.1169778 0.1786062 0.0669873 0.25 0.0301537 0.32899 0.0075961 0.4131759 0 0.5
            0.0075961 0.5868241 0.0301537 0.6710101 0.0669873 0.75 0.1169778 0.8213938 0.1786062
            0.8830222 0.25 0.9330127 0.32899 0.9698463 0.4131759 0.9924039 0.5 1 0.5868241 0.9924039
            0.6710101 0.9698463 0.75 0.9330127 0.8213938 0.8830222 0.8830222 0.8213938 0.9330127
            0.75 0.9698463 0.6710101 0.9924039 0.5868241</float_array>
          <technique_common>
            <accessor count="36" source="#ID198" stride="2">
              <param name="S" type="float" />
              <param name="T" type="float" />
            </accessor>
          </technique_common>
        </source>
        <vertices id="ID199">
          <input semantic="POSITION" source="#ID193" />
        </vertices>
        <triangles count="34" material="ID200">
          <input semantic="VERTEX" source="#ID199" offset="0" />
          <input semantic="NORMAL" source="#ID195" offset="1" />
          <input semantic="TEXCOORD" source="#ID197" offset="2" set="0" />
          <p>8 8 8 10 10 10 7 7 7 8 8 8 9 9 9 10 10 10 7 7 7 11 11 11 6 6 6 7 7 7 10 10 10 11 11 11
            6 6 6 12 12 12 5 5 5 6 6 6 11 11 11 12 12 12 5 5 5 13 13 13 4 4 4 5 5 5 12 12 12 13 13
            13 13 13 13 14 14 14 4 4 4 4 4 4 14 14 14 3 3 3 3 3 3 14 14 14 15 15 15 2 2 2 15 15 15
            16 16 16 1 1 1 16 16 16 17 17 17 0 0 0 17 17 17 18 18 18 35 35 35 18 18 18 19 19 19 34
            34 34 19 19 19 20 20 20 33 33 33 20 20 20 21 21 21 32 32 32 21 21 21 22 22 22 31 31 31
            22 22 22 23 23 23 30 30 30 23 23 23 24 24 24 29 29 29 24 24 24 25 25 25 28 28 28 25 25
            25 26 26 26 27 27 27 28 28 28 26 26 26 28 28 28 29 29 29 25 25 25 29 29 29 30 30 30 24
            24 24 30 30 30 31 31 31 23 23 23 31 31 31 32 32 32 22 22 22 32 32 32 33 33 33 21 21 21
            33 33 33 34 34 34 20 20 20 34 34 34 35 35 35 19 19 19 35 35 35 0 0 0 18 18 18 17 17 17 0
            0 0 1 1 1 16 16 16 1 1 1 2 2 2 15 15 15 2 2 2 3 3 3</p>
        </triangles>
      </mesh>
    </geometry>
    <geometry id="ID201">
      <mesh>
        <source id="ID202">
          <float_array id="ID203" count="108">0 -0.057 0.188 -0.0004775 -0.0570418 0.188 -0.0009406
            -0.0571658 0.188 -0.001375 -0.0573684 0.188 -0.0017677 -0.0576434 0.188 -0.0021066
            -0.0579824 0.188 -0.0023816 -0.058375 0.188 -0.0025842 -0.0588094 0.188 -0.0027082
            -0.0592725 0.188 -0.00275 -0.05975 0.188 -0.0027082 -0.0602275 0.188 -0.0025842
            -0.0606906 0.188 -0.0023816 -0.061125 0.188 -0.0021066 -0.0615176 0.188 -0.0017677
            -0.0618566 0.188 -0.001375 -0.0621316 0.188 -0.0009406 -0.0623342 0.188 -0.0004775
            -0.0624582 0.188 0 -0.0625 0.188 0.0004775 -0.0624582 0.188 0.0009406 -0.0623342 0.188
            0.001375 -0.0621316 0.188 0.0017677 -0.0618566 0.188 0.0021066 -0.0615176 0.188
            0.0023816 -0.061125 0.188 0.0025842 -0.0606906 0.188 0.0027082 -0.0602275 0.188 0.00275
            -0.05975 0.188 0.0027082 -0.0592725 0.188 0.0025842 -0.0588094 0.188 0.0023816 -0.058375
            0.188 0.0021066 -0.0579824 0.188 0.0017677 -0.0576434 0.188 0.001375 -0.0573684 0.188
            0.0009406 -0.0571658 0.188 0.0004775 -0.0570418 0.188</float_array>
          <technique_common>
            <accessor count="36" source="#ID203" stride="3">
              <param name="X" type="float" />
              <param name="Y" type="float" />
              <param name="Z" type="float" />
            </accessor>
          </technique_common>
        </source>
        <source id="ID204">
          <float_array id="ID205" count="108">0 0 1 0 0 1 0 0 1 0 0 1 0 0 1 0 0 1 0 0 1 0 0 1 0 0 1
            0 0 1 0 0 1 0 0 1 0 0 1 0 0 1 0 0 1 0 0 1 0 0 1 0 0 1 0 0 1 0 0 1 0 0 1 0 0 1 0 0 1 0 0
            1 0 0 1 0 0 1 0 0 1 0 0 1 0 0 1 0 0 1 0 0 1 0 0 1 0 0 1 0 0 1 0 0 1 0 0 1</float_array>
          <technique_common>
            <accessor count="36" source="#ID205" stride="3">
              <param name="X" type="float" />
              <param name="Y" type="float" />
              <param name="Z" type="float" />
            </accessor>
          </technique_common>
        </source>
        <source id="ID206">
          <float_array id="ID207" count="72">0.5 0 0.4131759 0.0075961 0.32899 0.0301537 0.25
            0.0669873 0.1786062 0.1169778 0.1169778 0.1786062 0.0669873 0.25 0.0301537 0.32899
            0.0075961 0.4131759 0 0.5 0.0075961 0.5868241 0.0301537 0.6710101 0.0669873 0.75
            0.1169778 0.8213938 0.1786062 0.8830222 0.25 0.9330127 0.32899 0.9698463 0.4131759
            0.9924039 0.5 1 0.5868241 0.9924039 0.6710101 0.9698463 0.75 0.9330127 0.8213938
            0.8830222 0.8830222 0.8213938 0.9330127 0.75 0.9698463 0.6710101 0.9924039 0.5868241 1
            0.5 0.9924039 0.4131759 0.9698463 0.32899 0.9330127 0.25 0.8830222 0.1786062 0.8213938
            0.1169778 0.75 0.0669873 0.6710101 0.0301537 0.5868241 0.0075961</float_array>
          <technique_common>
            <accessor count="36" source="#ID207" stride="2">
              <param name="S" type="float" />
              <param name="T" type="float" />
            </accessor>
          </technique_common>
        </source>
        <vertices id="ID208">
          <input semantic="POSITION" source="#ID202" />
        </vertices>
        <triangles count="34" material="ID209">
          <input semantic="VERTEX" source="#ID208" offset="0" />
          <input semantic="NORMAL" source="#ID204" offset="1" />
          <input semantic="TEXCOORD" source="#ID206" offset="2" set="0" />
          <p>0 0 0 1 1 1 35 35 35 35 35 35 1 1 1 34 34 34 34 34 34 1 1 1 2 2 2 33 33 33 2 2 2 3 3 3
            32 32 32 3 3 3 4 4 4 31 31 31 4 4 4 5 5 5 30 30 30 5 5 5 6 6 6 29 29 29 6 6 6 7 7 7 28
            28 28 7 7 7 8 8 8 27 27 27 8 8 8 9 9 9 26 26 26 9 9 9 10 10 10 25 25 25 10 10 10 11 11
            11 24 24 24 11 11 11 12 12 12 23 23 23 12 12 12 13 13 13 22 22 22 13 13 13 14 14 14 21
            21 21 14 14 14 15 15 15 20 20 20 15 15 15 16 16 16 19 19 19 16 16 16 17 17 17 18 18 18
            19 19 19 17 17 17 19 19 19 20 20 20 16 16 16 20 20 20 21 21 21 15 15 15 21 21 21 22 22
            22 14 14 14 22 22 22 23 23 23 13 13 13 23 23 23 24 24 24 12 12 12 24 24 24 25 25 25 11
            11 11 25 25 25 26 26 26 10 10 10 26 26 26 27 27 27 9 9 9 27 27 27 28 28 28 8 8 8 28 28
            28 29 29 29 7 7 7 29 29 29 30 30 30 6 6 6 30 30 30 31 31 31 5 5 5 31 31 31 32 32 32 4 4
            4 32 32 32 33 33 33 3 3 3 33 33 33 34 34 34 2 2 2</p>
        </triangles>
      </mesh>
    </geometry>
    <geometry id="ID210">
      <mesh>
        <source id="ID211">
          <float_array id="ID212" count="132">0 -0.0046603 0.1969704 0 -0.0041 0.196 -0.000712
            -0.0040377 0.196 -0.0014023 -0.0038527 0.196 -0.00205 -0.0035507 0.196 -0.0026354
            -0.0031408 0.196 -0.0031408 -0.0026354 0.196 -0.0035507 -0.00205 0.196 -0.0038527
            -0.0014023 0.196 -0.0040377 -0.000712 0.196 -0.0041 0 0.196 -0.0040377 0.000712 0.196
            -0.0038527 0.0014023 0.196 -0.0035507 0.00205 0.196 -0.0031408 0.0026354 0.196
            -0.0026354 0.0031408 0.196 -0.00205 0.0035507 0.196 -0.0014023 0.0038527 0.196 -0.000712
            0.0040377 0.196 0 0.0041 0.196 0 0.0046603 0.1969704 -0.0003339 0.0046483 0.1969704
            -0.000952 0.004562 0.1969704 -0.001553 0.0043939 0.1969704 -0.0022899 0.0040588
            0.1969704 -0.0028889 0.0036569 0.1969704 -0.0033771 0.0032114 0.1969704 -0.0037974
            0.0027014 0.1969704 -0.0041356 0.0021483 0.1969704 -0.0043615 0.0016418 0.1969704
            -0.0045256 0.0011121 0.1969704 -0.0046169 0.0006346 0.1969704 -0.0046578 0.0001503
            0.1969704 -0.0046319 -0.0005137 0.1969704 -0.0045114 -0.0011686 0.1969704 -0.0042988
            -0.0017996 0.1969704 -0.0039868 -0.0024133 0.1969704 -0.0037417 -0.002778 0.1969704
            -0.0034634 -0.0031181 0.1969704 -0.003036 -0.0035357 0.1969704 -0.0025586 -0.0038951
            0.1969704 -0.0020013 -0.0042087 0.1969704 -0.0013955 -0.0044464 0.1969704 -0.0007625
            -0.0045975 0.1969704</float_array>
          <technique_common>
            <accessor count="44" source="#ID212" stride="3">
              <param name="X" type="float" />
              <param name="Y" type="float" />
              <param name="Z" type="float" />
            </accessor>
          </technique_common>
        </source>
        <source id="ID213">
          <float_array id="ID214" count="132">0 0.8660254 0.5 0 0.8660254 0.5 0.1503837 0.8528686
            0.5 0.2961981 0.8137977 0.5 0.4330127 0.75 0.5 0.5566704 0.6634139 0.5 0.6634139
            0.5566704 0.5 0.75 0.4330127 0.5 0.8137977 0.2961981 0.5 0.8528686 0.1503837 0.5
            0.8660254 0 0.5 0.8528686 -0.1503837 0.5 0.8137977 -0.2961981 0.5 0.75 -0.4330127 0.5
            0.6634139 -0.5566704 0.5 0.5566704 -0.6634139 0.5 0.4330127 -0.75 0.5 0.2961981
            -0.8137977 0.5 0.1503837 -0.8528686 0.5 0 -0.8660254 0.5 0 -0.8660254 0.5 0.0620529
            -0.8637994 0.5 0.1769105 -0.8477634 0.5 0.2885957 -0.8165246 0.5 0.4255435 -0.754263 0.5
            0.5368414 -0.6795596 0.5 0.6275726 -0.5967852 0.5 0.7056823 -0.5020084 0.5 0.7685232
            -0.3992144 0.5 0.8105043 -0.3050947 0.5 0.8410076 -0.2066545 0.5 0.8579583 -0.1179305
            0.5 0.8655751 -0.0279235 0.5 0.860747 0.09547 0.5 0.8383568 0.2171587 0.5 0.7988535
            0.3344147 0.5 0.7408667 0.4484601 0.5 0.6953334 0.5162475 0.5 0.6436176 0.5794449 0.5
            0.564177 0.6570421 0.5 0.4754597 0.7238357 0.5 0.3719044 0.7821043 0.5 0.2593314
            0.8262852 0.5 0.1417016 0.854354 0.5</float_array>
          <technique_common>
            <accessor count="44" source="#ID214" stride="3">
              <param name="X" type="float" />
              <param name="Y" type="float" />
              <param name="Z" type="float" />
            </accessor>
          </technique_common>
        </source>
        <source id="ID215">
          <float_array id="ID216" count="88">1 1 0 1 0 0.9444444 0 0.8888888 0 0.8333333 0 0.7777777
            0 0.7222222 0 0.6666667 0 0.6111111 0 0.5555555 0 0.5 0 0.4444444 0 0.3888889 0
            0.3333333 0 0.2777778 0 0.2222223 0 0.1666667 0 0.1111111 0 0.0555555 0 0 1 0 1
            0.0228273 1 0.0654849 1 0.1081425 1 0.1635057 1 0.2128232 1 0.2580024 1 0.3031817 1
            0.3475005 1 0.3854021 1 0.4233036 1 0.4565192 1 0.4897349 1 0.5351617 1 0.5806783 1
            0.6261949 1 0.6732627 1 0.7032883 1 0.7333139 1 0.7741587 1 0.8150035 1 0.8587115 1
            0.9031967 1 0.947682</float_array>
          <technique_common>
            <accessor count="44" source="#ID216" stride="2">
              <param name="S" type="float" />
              <param name="T" type="float" />
            </accessor>
          </technique_common>
        </source>
        <vertices id="ID217">
          <input semantic="POSITION" source="#ID211" />
        </vertices>
        <triangles count="42" material="ID218">
          <input semantic="VERTEX" source="#ID217" offset="0" />
          <input semantic="NORMAL" source="#ID213" offset="1" />
          <input semantic="TEXCOORD" source="#ID215" offset="2" set="0" />
          <p>0 0 0 1 1 1 43 43 43 43 43 43 1 1 1 2 2 2 42 42 42 2 2 2 3 3 3 41 41 41 3 3 3 4 4 4 40
            40 40 4 4 4 5 5 5 39 39 39 5 5 5 38 38 38 39 39 39 40 40 40 5 5 5 5 5 5 6 6 6 38 38 38
            38 38 38 6 6 6 37 37 37 37 37 37 6 6 6 7 7 7 36 36 36 7 7 7 35 35 35 36 36 36 37 37 37 7
            7 7 7 7 7 8 8 8 35 35 35 35 35 35 8 8 8 34 34 34 34 34 34 8 8 8 9 9 9 33 33 33 9 9 9 10
            10 10 32 32 32 10 10 10 11 11 11 31 31 31 11 11 11 30 30 30 31 31 31 32 32 32 11 11 11
            11 11 11 12 12 12 30 30 30 30 30 30 12 12 12 29 29 29 29 29 29 12 12 12 28 28 28 28 28
            28 12 12 12 13 13 13 27 27 27 13 13 13 14 14 14 26 26 26 14 14 14 15 15 15 25 25 25 15
            15 15 16 16 16 24 24 24 16 16 16 17 17 17 23 23 23 17 17 17 18 18 18 22 22 22 18 18 18
            21 21 21 22 22 22 23 23 23 18 18 18 18 18 18 19 19 19 21 21 21 21 21 21 19 19 19 20 20
            20 23 23 23 24 24 24 17 17 17 24 24 24 25 25 25 16 16 16 25 25 25 26 26 26 15 15 15 26
            26 26 27 27 27 14 14 14 27 27 27 28 28 28 13 13 13 32 32 32 33 33 33 10 10 10 33 33 33
            34 34 34 9 9 9 40 40 40 41 41 41 4 4 4 41 41 41 42 42 42 3 3 3 42 42 42 43 43 43 2 2 2</p>
        </triangles>
      </mesh>
    </geometry>
    <geometry id="ID219">
      <mesh>
        <source id="ID220">
          <float_array id="ID221" count="108">0.081 -0.12075 0.1352 0.0814775 -0.1207082 0.1352
            0.0819406 -0.1205842 0.1352 0.082375 -0.1203816 0.1352 0.0827677 -0.1201066 0.1352
            0.0831066 -0.1197676 0.1352 0.0833816 -0.119375 0.1352 0.0835842 -0.1189406 0.1352
            0.0837082 -0.1184775 0.1352 0.08375 -0.118 0.1352 0.0837082 -0.1175225 0.1352 0.0835842
            -0.1170594 0.1352 0.0833816 -0.116625 0.1352 0.0831066 -0.1162324 0.1352 0.0827677
            -0.1158934 0.1352 0.082375 -0.1156184 0.1352 0.0819406 -0.1154158 0.1352 0.0814775
            -0.1152918 0.1352 0.081 -0.11525 0.1352 0.0805225 -0.1152918 0.1352 0.0800594 -0.1154158
            0.1352 0.079625 -0.1156184 0.1352 0.0792323 -0.1158934 0.1352 0.0788934 -0.1162324
            0.1352 0.0786184 -0.116625 0.1352 0.0784158 -0.1170594 0.1352 0.0782918 -0.1175225
            0.1352 0.07825 -0.118 0.1352 0.0782918 -0.1184775 0.1352 0.0784158 -0.1189406 0.1352
            0.0786184 -0.119375 0.1352 0.0788934 -0.1197676 0.1352 0.0792323 -0.1201066 0.1352
            0.079625 -0.1203816 0.1352 0.0800594 -0.1205842 0.1352 0.0805225 -0.1207082 0.1352</float_array>
          <technique_common>
            <accessor count="36" source="#ID221" stride="3">
              <param name="X" type="float" />
              <param name="Y" type="float" />
              <param name="Z" type="float" />
            </accessor>
          </technique_common>
        </source>
        <source id="ID222">
          <float_array id="ID223" count="108">0 0 1 0 0 1 0 0 1 0 0 1 0 0 1 0 0 1 0 0 1 0 0 1 0 0 1
            0 0 1 0 0 1 0 0 1 0 0 1 0 0 1 0 0 1 0 0 1 0 0 1 0 0 1 0 0 1 0 0 1 0 0 1 0 0 1 0 0 1 0 0
            1 0 0 1 0 0 1 0 0 1 0 0 1 0 0 1 0 0 1 0 0 1 0 0 1 0 0 1 0 0 1 0 0 1 0 0 1</float_array>
          <technique_common>
            <accessor count="36" source="#ID223" stride="3">
              <param name="X" type="float" />
              <param name="Y" type="float" />
              <param name="Z" type="float" />
            </accessor>
          </technique_common>
        </source>
        <source id="ID224">
          <float_array id="ID225" count="72">0.5 1 0.5868241 0.9924039 0.6710101 0.9698463 0.75
            0.9330127 0.8213938 0.8830222 0.8830222 0.8213938 0.9330127 0.75 0.9698463 0.6710101
            0.9924039 0.5868241 1 0.5 0.9924039 0.4131759 0.9698463 0.32899 0.9330127 0.25 0.8830222
            0.1786062 0.8213938 0.1169778 0.75 0.0669873 0.6710101 0.0301537 0.5868241 0.0075961 0.5
            0 0.4131759 0.0075961 0.32899 0.0301537 0.25 0.0669873 0.1786062 0.1169778 0.1169778
            0.1786062 0.0669873 0.25 0.0301537 0.32899 0.0075961 0.4131759 0 0.5 0.0075961 0.5868241
            0.0301537 0.6710101 0.0669873 0.75 0.1169778 0.8213938 0.1786062 0.8830222 0.25
            0.9330127 0.32899 0.9698463 0.4131759 0.9924039</float_array>
          <technique_common>
            <accessor count="36" source="#ID225" stride="2">
              <param name="S" type="float" />
              <param name="T" type="float" />
            </accessor>
          </technique_common>
        </source>
        <vertices id="ID226">
          <input semantic="POSITION" source="#ID220" />
        </vertices>
        <triangles count="34" material="ID227">
          <input semantic="VERTEX" source="#ID226" offset="0" />
          <input semantic="NORMAL" source="#ID222" offset="1" />
          <input semantic="TEXCOORD" source="#ID224" offset="2" set="0" />
          <p>0 0 0 1 1 1 35 35 35 35 35 35 1 1 1 34 34 34 34 34 34 1 1 1 2 2 2 33 33 33 2 2 2 3 3 3
            32 32 32 3 3 3 4 4 4 31 31 31 4 4 4 5 5 5 30 30 30 5 5 5 6 6 6 29 29 29 6 6 6 7 7 7 28
            28 28 7 7 7 8 8 8 27 27 27 8 8 8 9 9 9 26 26 26 9 9 9 10 10 10 25 25 25 10 10 10 11 11
            11 24 24 24 11 11 11 12 12 12 23 23 23 12 12 12 13 13 13 22 22 22 13 13 13 14 14 14 21
            21 21 14 14 14 15 15 15 20 20 20 15 15 15 16 16 16 19 19 19 16 16 16 17 17 17 18 18 18
            19 19 19 17 17 17 19 19 19 20 20 20 16 16 16 20 20 20 21 21 21 15 15 15 21 21 21 22 22
            22 14 14 14 22 22 22 23 23 23 13 13 13 23 23 23 24 24 24 12 12 12 24 24 24 25 25 25 11
            11 11 25 25 25 26 26 26 10 10 10 26 26 26 27 27 27 9 9 9 27 27 27 28 28 28 8 8 8 28 28
            28 29 29 29 7 7 7 29 29 29 30 30 30 6 6 6 30 30 30 31 31 31 5 5 5 31 31 31 32 32 32 4 4
            4 32 32 32 33 33 33 3 3 3 33 33 33 34 34 34 2 2 2</p>
        </triangles>
      </mesh>
    </geometry>
    <geometry id="ID228">
      <mesh>
        <source id="ID229">
          <float_array id="ID230" count="114">0.057 0 0.185 0.057 0 0.188 0.0570418 0.0004775 0.188
            0.0571658 0.0009406 0.188 0.0573684 0.001375 0.188 0.0576434 0.0017676 0.188 0.0579823
            0.0021066 0.188 0.058375 0.0023816 0.188 0.0588094 0.0025842 0.188 0.0592725 0.0027082
            0.188 0.05975 0.00275 0.188 0.0602275 0.0027082 0.188 0.0606906 0.0025842 0.188 0.061125
            0.0023816 0.188 0.0615177 0.0021066 0.188 0.0618566 0.0017676 0.188 0.0621316 0.001375
            0.188 0.0623342 0.0009406 0.188 0.0624582 0.0004775 0.188 0.0625 0 0.188 0.0625 0 0.185
            0.0624582 0.0004775 0.185 0.0623342 0.0009406 0.185 0.0621316 0.001375 0.185 0.0618566
            0.0017676 0.185 0.0615177 0.0021066 0.185 0.061125 0.0023816 0.185 0.0606906 0.0025842
            0.185 0.0602275 0.0027082 0.185 0.05975 0.00275 0.185 0.0592725 0.0027082 0.185
            0.0588094 0.0025842 0.185 0.058375 0.0023816 0.185 0.0579823 0.0021066 0.185 0.0576434
            0.0017676 0.185 0.0573684 0.001375 0.185 0.0571658 0.0009406 0.185 0.0570418 0.0004775
            0.185</float_array>
          <technique_common>
            <accessor count="38" source="#ID230" stride="3">
              <param name="X" type="float" />
              <param name="Y" type="float" />
              <param name="Z" type="float" />
            </accessor>
          </technique_common>
        </source>
        <source id="ID231">
          <float_array id="ID232" count="114">-1 0 0 -1 0 0 -0.9848077 0.1736482 0 -0.9396926
            0.3420202 0 -0.8660254 0.5 0 -0.7660444 0.6427876 0 -0.6427876 0.7660444 0 -0.5
            0.8660254 0 -0.3420202 0.9396926 0 -0.1736482 0.9848077 0 0 1 0 0.1736482 0.9848077 0
            0.3420202 0.9396926 0 0.5 0.8660254 0 0.6427876 0.7660444 0 0.7660444 0.6427876 0
            0.8660254 0.5 0 0.9396926 0.3420202 0 0.9848077 0.1736482 0 1 0 0 1 0 0 0.9848077
            0.1736482 0 0.9396926 0.3420202 0 0.8660254 0.5 0 0.7660444 0.6427876 0 0.6427876
            0.7660444 0 0.5 0.8660254 0 0.3420202 0.9396926 0 0.1736482 0.9848077 0 0 1 0 -0.1736482
            0.9848077 0 -0.3420202 0.9396926 0 -0.5 0.8660254 0 -0.6427876 0.7660444 0 -0.7660444
            0.6427876 0 -0.8660254 0.5 0 -0.9396926 0.3420202 0 -0.9848077 0.1736482 0</float_array>
          <technique_common>
            <accessor count="38" source="#ID232" stride="3">
              <param name="X" type="float" />
              <param name="Y" type="float" />
              <param name="Z" type="float" />
            </accessor>
          </technique_common>
        </source>
        <source id="ID233">
          <float_array id="ID234" count="76">1 0 0 0 0 0.0555556 0 0.1111112 0 0.1666667 0 0.2222223
            0 0.2777778 0 0.3333333 0 0.3888889 0 0.4444444 0 0.5 0 0.5555556 0 0.6111111 0
            0.6666667 0 0.7222222 0 0.7777777 0 0.8333333 0 0.8888889 0 0.9444445 0 1 1 1 1
            0.9444445 1 0.8888889 1 0.8333333 1 0.7777777 1 0.7222222 1 0.6666667 1 0.6111111 1
            0.5555556 1 0.5 1 0.4444444 1 0.3888889 1 0.3333333 1 0.2777778 1 0.2222223 1 0.1666667
            1 0.1111112 1 0.0555556</float_array>
          <technique_common>
            <accessor count="38" source="#ID234" stride="2">
              <param name="S" type="float" />
              <param name="T" type="float" />
            </accessor>
          </technique_common>
        </source>
        <vertices id="ID235">
          <input semantic="POSITION" source="#ID229" />
        </vertices>
        <triangles count="36" material="ID236">
          <input semantic="VERTEX" source="#ID235" offset="0" />
          <input semantic="NORMAL" source="#ID231" offset="1" />
          <input semantic="TEXCOORD" source="#ID233" offset="2" set="0" />
          <p>0 0 0 1 1 1 37 37 37 37 37 37 1 1 1 2 2 2 3 3 3 37 37 37 2 2 2 3 3 3 36 36 36 37 37 37
            3 3 3 4 4 4 36 36 36 36 36 36 4 4 4 35 35 35 35 35 35 4 4 4 34 34 34 34 34 34 4 4 4 5 5
            5 6 6 6 34 34 34 5 5 5 6 6 6 33 33 33 34 34 34 6 6 6 7 7 7 33 33 33 33 33 33 7 7 7 32 32
            32 32 32 32 7 7 7 8 8 8 31 31 31 8 8 8 30 30 30 31 31 31 32 32 32 8 8 8 8 8 8 9 9 9 30
            30 30 30 30 30 9 9 9 10 10 10 29 29 29 10 10 10 11 11 11 28 28 28 11 11 11 27 27 27 28
            28 28 29 29 29 11 11 11 11 11 11 12 12 12 27 27 27 27 27 27 12 12 12 13 13 13 26 26 26
            13 13 13 14 14 14 25 25 25 14 14 14 15 15 15 24 24 24 15 15 15 23 23 23 24 24 24 25 25
            25 15 15 15 15 15 15 16 16 16 23 23 23 23 23 23 16 16 16 17 17 17 22 22 22 17 17 17 18
            18 18 21 21 21 18 18 18 20 20 20 21 21 21 22 22 22 18 18 18 18 18 18 19 19 19 20 20 20
            22 22 22 23 23 23 17 17 17 25 25 25 26 26 26 14 14 14 26 26 26 27 27 27 13 13 13 29 29
            29 30 30 30 10 10 10</p>
        </triangles>
      </mesh>
    </geometry>
    <geometry id="ID237">
      <mesh>
        <source id="ID238">
          <float_array id="ID239" count="114">0 0.057 0.185 0 0.057 0.188 -0.0004775 0.0570418 0.188
            -0.0009406 0.0571658 0.188 -0.001375 0.0573684 0.188 -0.0017677 0.0576434 0.188
            -0.0021066 0.0579824 0.188 -0.0023816 0.058375 0.188 -0.0025842 0.0588094 0.188
            -0.0027082 0.0592725 0.188 -0.00275 0.05975 0.188 -0.0027082 0.0602275 0.188 -0.0025842
            0.0606906 0.188 -0.0023816 0.061125 0.188 -0.0021066 0.0615176 0.188 -0.0017677
            0.0618566 0.188 -0.001375 0.0621316 0.188 -0.0009406 0.0623342 0.188 -0.0004775
            0.0624582 0.188 0 0.0625 0.188 0 0.0625 0.185 -0.0004775 0.0624582 0.185 -0.0009406
            0.0623342 0.185 -0.001375 0.0621316 0.185 -0.0017677 0.0618566 0.185 -0.0021066
            0.0615176 0.185 -0.0023816 0.061125 0.185 -0.0025842 0.0606906 0.185 -0.0027082
            0.0602275 0.185 -0.00275 0.05975 0.185 -0.0027082 0.0592725 0.185 -0.0025842 0.0588094
            0.185 -0.0023816 0.058375 0.185 -0.0021066 0.0579824 0.185 -0.0017677 0.0576434 0.185
            -0.001375 0.0573684 0.185 -0.0009406 0.0571658 0.185 -0.0004775 0.0570418 0.185</float_array>
          <technique_common>
            <accessor count="38" source="#ID239" stride="3">
              <param name="X" type="float" />
              <param name="Y" type="float" />
              <param name="Z" type="float" />
            </accessor>
          </technique_common>
        </source>
        <source id="ID240">
          <float_array id="ID241" count="114">0 -1 0 0 -1 0 -0.1736482 -0.9848077 0 -0.3420202
            -0.9396926 0 -0.5 -0.8660254 0 -0.6427876 -0.7660444 0 -0.7660444 -0.6427876 0
            -0.8660254 -0.5 0 -0.9396926 -0.3420202 0 -0.9848077 -0.1736482 0 -1 0 0 -0.9848077
            0.1736482 0 -0.9396926 0.3420202 0 -0.8660254 0.5 0 -0.7660444 0.6427876 0 -0.6427876
            0.7660444 0 -0.5 0.8660254 0 -0.3420202 0.9396926 0 -0.1736482 0.9848077 0 0 1 0 0 1 0
            -0.1736482 0.9848077 0 -0.3420202 0.9396926 0 -0.5 0.8660254 0 -0.6427876 0.7660444 0
            -0.7660444 0.6427876 0 -0.8660254 0.5 0 -0.9396926 0.3420202 0 -0.9848077 0.1736482 0 -1
            0 0 -0.9848077 -0.1736482 0 -0.9396926 -0.3420202 0 -0.8660254 -0.5 0 -0.7660444
            -0.6427876 0 -0.6427876 -0.7660444 0 -0.5 -0.8660254 0 -0.3420202 -0.9396926 0
            -0.1736482 -0.9848077 0</float_array>
          <technique_common>
            <accessor count="38" source="#ID241" stride="3">
              <param name="X" type="float" />
              <param name="Y" type="float" />
              <param name="Z" type="float" />
            </accessor>
          </technique_common>
        </source>
        <source id="ID242">
          <float_array id="ID243" count="76">1 0 0 0 0 0.0555556 0 0.1111112 0 0.1666667 0 0.2222223
            0 0.2777778 0 0.3333333 0 0.3888889 0 0.4444444 0 0.5 0 0.5555556 0 0.6111111 0
            0.6666667 0 0.7222222 0 0.7777777 0 0.8333333 0 0.8888889 0 0.9444445 0 1 1 1 1
            0.9444445 1 0.8888889 1 0.8333333 1 0.7777777 1 0.7222222 1 0.6666667 1 0.6111111 1
            0.5555556 1 0.5 1 0.4444444 1 0.3888889 1 0.3333333 1 0.2777778 1 0.2222223 1 0.1666667
            1 0.1111112 1 0.0555556</float_array>
          <technique_common>
            <accessor count="38" source="#ID243" stride="2">
              <param name="S" type="float" />
              <param name="T" type="float" />
            </accessor>
          </technique_common>
        </source>
        <vertices id="ID244">
          <input semantic="POSITION" source="#ID238" />
        </vertices>
        <triangles count="36" material="ID245">
          <input semantic="VERTEX" source="#ID244" offset="0" />
          <input semantic="NORMAL" source="#ID240" offset="1" />
          <input semantic="TEXCOORD" source="#ID242" offset="2" set="0" />
          <p>0 0 0 1 1 1 37 37 37 37 37 37 1 1 1 2 2 2 3 3 3 37 37 37 2 2 2 3 3 3 36 36 36 37 37 37
            3 3 3 4 4 4 36 36 36 36 36 36 4 4 4 35 35 35 35 35 35 4 4 4 34 34 34 34 34 34 4 4 4 5 5
            5 6 6 6 34 34 34 5 5 5 6 6 6 33 33 33 34 34 34 6 6 6 7 7 7 33 33 33 33 33 33 7 7 7 32 32
            32 32 32 32 7 7 7 8 8 8 31 31 31 8 8 8 30 30 30 31 31 31 32 32 32 8 8 8 8 8 8 9 9 9 30
            30 30 30 30 30 9 9 9 10 10 10 29 29 29 10 10 10 11 11 11 28 28 28 11 11 11 27 27 27 28
            28 28 29 29 29 11 11 11 11 11 11 12 12 12 27 27 27 27 27 27 12 12 12 13 13 13 26 26 26
            13 13 13 14 14 14 25 25 25 14 14 14 15 15 15 24 24 24 15 15 15 23 23 23 24 24 24 25 25
            25 15 15 15 15 15 15 16 16 16 23 23 23 23 23 23 16 16 16 17 17 17 22 22 22 17 17 17 18
            18 18 21 21 21 18 18 18 20 20 20 21 21 21 22 22 22 18 18 18 18 18 18 19 19 19 20 20 20
            22 22 22 23 23 23 17 17 17 25 25 25 26 26 26 14 14 14 26 26 26 27 27 27 13 13 13 29 29
            29 30 30 30 10 10 10</p>
        </triangles>
      </mesh>
    </geometry>
    <geometry id="ID246">
      <mesh>
        <source id="ID247">
          <float_array id="ID248" count="138">-0.0041641 0.0595 0.1912679 -0.0041433 0.0590207
            0.1915238 -0.0040616 0.0585276 0.1917339 -0.003913 0.0580283 0.1918969 -0.0036966
            0.057541 0.1920103 -0.0034019 0.0570606 0.1921005 -0.0030458 0.0566254 0.1921821
            -0.0026301 0.0562383 0.1922546 -0.0021685 0.055913 0.1923155 -0.0016636 0.0556516
            0.1923643 -0.0011271 0.0554605 0.1924 -0.0005713 0.0553447 0.1924216 0 0.0553055
            0.192429 0.0005669 0.0553441 0.1924218 0.001125 0.0554599 0.1924001 0.0016608 0.0556499
            0.1923646 0.0021638 0.0559101 0.192316 0.0026289 0.0562374 0.1922548 0.0030414 0.0566207
            0.192183 0.0033995 0.0570578 0.192101 0.0036966 0.057541 0.1920103 0.003912 0.0580267
            0.191897 0.0040609 0.0585247 0.1917351 0.004143 0.0590185 0.1915248 0.0041641 0.0595
            0.1912679 0.004 0.0595 0.185 0.0039392 0.0588054 0.185 0.0037588 0.0581319 0.185
            0.0034641 0.0575 0.185 0.0030642 0.0569288 0.185 0.0025712 0.0564359 0.185 0.002
            0.0560359 0.185 0.0013681 0.0557412 0.185 0.0006946 0.0555608 0.185 0 0.0555 0.185
            -0.0006946 0.0555608 0.185 -0.0013681 0.0557412 0.185 -0.002 0.0560359 0.185 -0.0025712
            0.0564359 0.185 -0.0030642 0.0569288 0.185 -0.0034641 0.0575 0.185 -0.0037588 0.0581319
            0.185 -0.0039392 0.0588054 0.185 -0.004 0.0595 0.185 0 0.0555 0.185 0 0.0553055 0.192429</float_array>
          <technique_common>
            <accessor count="46" source="#ID248" stride="3">
              <param name="X" type="float" />
              <param name="Y" type="float" />
              <param name="Z" type="float" />
            </accessor>
          </technique_common>
        </source>
        <source id="ID249">
          <float_array id="ID250" count="138">0.9996573 0 0.0261769 0.993035 0.1148751 0.0261769
            0.9721859 0.2327431 0.0261769 0.9356622 0.3519246 0.0261769 0.8832878 0.4680999
            0.0261769 0.8123816 0.5825382 0.0261769 0.7270033 0.6861348 0.0261769 0.6274899
            0.7781845 0.0261769 0.5171717 0.8554813 0.0261769 0.3966582 0.9175931 0.0261769
            0.2686605 0.9628792 0.0261769 0.1361602 0.9903409 0.0261769 0 0.9996573 0.0261769
            -0.1351037 0.9904856 0.0261769 -0.2681523 0.9630208 0.0261769 -0.3959433 0.9179018
            0.0261769 -0.5160416 0.8561634 0.0261769 -0.6272154 0.7784058 0.0261769 -0.7259415
            0.6872581 0.0261769 -0.8118749 0.5832444 0.0261769 -0.8832878 0.4680999 0.0261769
            -0.9355123 0.3523231 0.0261769 -0.9720142 0.2334591 0.0261769 -0.9929727 0.1154118
            0.0261769 -0.9996573 0 0.0261769 -0.9996573 0 0.0261769 -0.9844703 0.1735887 0.0261769
            -0.9393706 0.3419029 0.0261769 -0.8657286 0.4998287 0.0261769 -0.7657819 0.6425673
            0.0261769 -0.6425673 0.7657819 0.0261769 -0.4998287 0.8657286 0.0261769 -0.3419029
            0.9393706 0.0261769 -0.1735887 0.9844703 0.0261769 0 0.9996573 0.0261769 0.1735887
            0.9844703 0.0261769 0.3419029 0.9393706 0.0261769 0.4998287 0.8657286 0.0261769
            0.6425673 0.7657819 0.0261769 0.7657819 0.6425673 0.0261769 0.8657286 0.4998287
            0.0261769 0.9393706 0.3419029 0.0261769 0.9844703 0.1735887 0.0261769 0.9996573 0
            0.0261769 0 0.9996573 0.0261769 0 0.9996573 0.0261769</float_array>
          <technique_common>
            <accessor count="46" source="#ID250" stride="3">
              <param name="X" type="float" />
              <param name="Y" type="float" />
              <param name="Z" type="float" />
            </accessor>
          </technique_common>
        </source>
        <source id="ID251">
          <float_array id="ID252" count="92">0.8437129 0.75 0.8781575 0.7683297 0.9064426 0.7873982
            0.9283773 0.8072569 0.9436456 0.8275595 0.955786 0.8490093 0.9667681 0.8703985 0.9765272
            0.8919972 0.9847207 0.9134595 0.9912964 0.9350614 0.9961028 0.9566942 0.9990128
            0.9782544 1 0 0.9990308 0.0215758 0.9961178 0.0432217 0.9913412 0.0648147 0.984793
            0.0863304 0.9765506 0.1079467 0.9668872 0.1293555 0.9558553 0.1508524 0.9436456
            0.1724405 0.928396 0.1926754 0.906594 0.2124847 0.8782941 0.2315843 0.8437129 0.25 0
            0.25 0 0.2222222 0 0.1944445 0 0.1666667 0 0.1388889 0 0.1111111 0 0.0833334 0 0.0555556
            0 0.0277778 0 1 0 0.9722221 0 0.9444444 0 0.9166666 0 0.8888888 0 0.861111 0 0.8333333 0
            0.8055555 0 0.7777777 0 0.75 0 0 1 1</float_array>
          <technique_common>
            <accessor count="46" source="#ID252" stride="2">
              <param name="S" type="float" />
              <param name="T" type="float" />
            </accessor>
          </technique_common>
        </source>
        <vertices id="ID253">
          <input semantic="POSITION" source="#ID247" />
        </vertices>
        <triangles count="42" material="ID254">
          <input semantic="VERTEX" source="#ID253" offset="0" />
          <input semantic="NORMAL" source="#ID249" offset="1" />
          <input semantic="TEXCOORD" source="#ID251" offset="2" set="0" />
          <p>0 0 0 1 1 1 43 43 43 43 43 43 1 1 1 42 42 42 42 42 42 1 1 1 2 2 2 41 41 41 2 2 2 3 3 3
            4 4 4 41 41 41 3 3 3 4 4 4 40 40 40 41 41 41 4 4 4 5 5 5 40 40 40 40 40 40 5 5 5 39 39
            39 39 39 39 5 5 5 6 6 6 38 38 38 6 6 6 7 7 7 37 37 37 7 7 7 8 8 8 9 9 9 37 37 37 8 8 8 9
            9 9 36 36 36 37 37 37 9 9 9 10 10 10 36 36 36 36 36 36 10 10 10 35 35 35 35 35 35 10 10
            10 11 11 11 34 34 34 11 11 11 45 45 45 13 13 13 44 44 44 12 12 12 13 13 13 33 33 33 44
            44 44 13 13 13 14 14 14 33 33 33 33 33 33 14 14 14 32 32 32 32 32 32 14 14 14 15 15 15
            31 31 31 15 15 15 16 16 16 30 30 30 16 16 16 17 17 17 18 18 18 30 30 30 17 17 17 18 18
            18 29 29 29 30 30 30 18 18 18 19 19 19 29 29 29 29 29 29 19 19 19 28 28 28 28 28 28 19
            19 19 20 20 20 21 21 21 28 28 28 20 20 20 21 21 21 27 27 27 28 28 28 21 21 21 22 22 22
            27 27 27 27 27 27 22 22 22 26 26 26 26 26 26 22 22 22 23 23 23 25 25 25 23 23 23 24 24
            24 25 25 25 26 26 26 23 23 23 30 30 30 31 31 31 16 16 16 31 31 31 32 32 32 15 15 15 34
            34 34 35 35 35 11 11 11 37 37 37 38 38 38 7 7 7 38 38 38 39 39 39 6 6 6 41 41 41 42 42
            42 2 2 2</p>
        </triangles>
      </mesh>
    </geometry>
    <geometry id="ID255">
      <mesh>
        <source id="ID256">
          <float_array id="ID257" count="114">-0.0625 0 0.185 -0.0625 0 0.188 -0.0624582 0.0004775
            0.188 -0.0623342 0.0009406 0.188 -0.0621316 0.001375 0.188 -0.0618566 0.0017676 0.188
            -0.0615177 0.0021066 0.188 -0.061125 0.0023816 0.188 -0.0606906 0.0025842 0.188
            -0.0602275 0.0027082 0.188 -0.05975 0.00275 0.188 -0.0592725 0.0027082 0.188 -0.0588094
            0.0025842 0.188 -0.058375 0.0023816 0.188 -0.0579823 0.0021066 0.188 -0.0576434
            0.0017676 0.188 -0.0573684 0.001375 0.188 -0.0571658 0.0009406 0.188 -0.0570418
            0.0004775 0.188 -0.057 0 0.188 -0.057 0 0.185 -0.0570418 0.0004775 0.185 -0.0571658
            0.0009406 0.185 -0.0573684 0.001375 0.185 -0.0576434 0.0017676 0.185 -0.0579823
            0.0021066 0.185 -0.058375 0.0023816 0.185 -0.0588094 0.0025842 0.185 -0.0592725
            0.0027082 0.185 -0.05975 0.00275 0.185 -0.0602275 0.0027082 0.185 -0.0606906 0.0025842
            0.185 -0.061125 0.0023816 0.185 -0.0615177 0.0021066 0.185 -0.0618566 0.0017676 0.185
            -0.0621316 0.001375 0.185 -0.0623342 0.0009406 0.185 -0.0624582 0.0004775 0.185</float_array>
          <technique_common>
            <accessor count="38" source="#ID257" stride="3">
              <param name="X" type="float" />
              <param name="Y" type="float" />
              <param name="Z" type="float" />
            </accessor>
          </technique_common>
        </source>
        <source id="ID258">
          <float_array id="ID259" count="114">-1 0 0 -1 0 0 -0.9848077 0.1736482 0 -0.9396926
            0.3420202 0 -0.8660254 0.5 0 -0.7660444 0.6427876 0 -0.6427876 0.7660444 0 -0.5
            0.8660254 0 -0.3420202 0.9396926 0 -0.1736482 0.9848077 0 0 1 0 0.1736482 0.9848077 0
            0.3420202 0.9396926 0 0.5 0.8660254 0 0.6427876 0.7660444 0 0.7660444 0.6427876 0
            0.8660254 0.5 0 0.9396926 0.3420202 0 0.9848077 0.1736482 0 1 0 0 1 0 0 0.9848077
            0.1736482 0 0.9396926 0.3420202 0 0.8660254 0.5 0 0.7660444 0.6427876 0 0.6427876
            0.7660444 0 0.5 0.8660254 0 0.3420202 0.9396926 0 0.1736482 0.9848077 0 0 1 0 -0.1736482
            0.9848077 0 -0.3420202 0.9396926 0 -0.5 0.8660254 0 -0.6427876 0.7660444 0 -0.7660444
            0.6427876 0 -0.8660254 0.5 0 -0.9396926 0.3420202 0 -0.9848077 0.1736482 0</float_array>
          <technique_common>
            <accessor count="38" source="#ID259" stride="3">
              <param name="X" type="float" />
              <param name="Y" type="float" />
              <param name="Z" type="float" />
            </accessor>
          </technique_common>
        </source>
        <source id="ID260">
          <float_array id="ID261" count="76">1 0 0 0 0 0.0555556 0 0.1111112 0 0.1666667 0 0.2222223
            0 0.2777778 0 0.3333333 0 0.3888889 0 0.4444444 0 0.5 0 0.5555556 0 0.6111111 0
            0.6666667 0 0.7222222 0 0.7777777 0 0.8333333 0 0.8888889 0 0.9444445 0 1 1 1 1
            0.9444445 1 0.8888889 1 0.8333333 1 0.7777777 1 0.7222222 1 0.6666667 1 0.6111111 1
            0.5555556 1 0.5 1 0.4444444 1 0.3888889 1 0.3333333 1 0.2777778 1 0.2222223 1 0.1666667
            1 0.1111112 1 0.0555556</float_array>
          <technique_common>
            <accessor count="38" source="#ID261" stride="2">
              <param name="S" type="float" />
              <param name="T" type="float" />
            </accessor>
          </technique_common>
        </source>
        <vertices id="ID262">
          <input semantic="POSITION" source="#ID256" />
        </vertices>
        <triangles count="36" material="ID263">
          <input semantic="VERTEX" source="#ID262" offset="0" />
          <input semantic="NORMAL" source="#ID258" offset="1" />
          <input semantic="TEXCOORD" source="#ID260" offset="2" set="0" />
          <p>0 0 0 1 1 1 37 37 37 37 37 37 1 1 1 2 2 2 3 3 3 37 37 37 2 2 2 3 3 3 36 36 36 37 37 37
            3 3 3 4 4 4 36 36 36 36 36 36 4 4 4 35 35 35 35 35 35 4 4 4 34 34 34 34 34 34 4 4 4 5 5
            5 6 6 6 34 34 34 5 5 5 6 6 6 33 33 33 34 34 34 6 6 6 7 7 7 33 33 33 33 33 33 7 7 7 32 32
            32 32 32 32 7 7 7 8 8 8 31 31 31 8 8 8 30 30 30 31 31 31 32 32 32 8 8 8 8 8 8 9 9 9 30
            30 30 30 30 30 9 9 9 10 10 10 29 29 29 10 10 10 11 11 11 28 28 28 11 11 11 27 27 27 28
            28 28 29 29 29 11 11 11 11 11 11 12 12 12 27 27 27 27 27 27 12 12 12 13 13 13 26 26 26
            13 13 13 14 14 14 25 25 25 14 14 14 15 15 15 24 24 24 15 15 15 23 23 23 24 24 24 25 25
            25 15 15 15 15 15 15 16 16 16 23 23 23 23 23 23 16 16 16 17 17 17 22 22 22 17 17 17 18
            18 18 21 21 21 18 18 18 20 20 20 21 21 21 22 22 22 18 18 18 18 18 18 19 19 19 20 20 20
            22 22 22 23 23 23 17 17 17 25 25 25 26 26 26 14 14 14 26 26 26 27 27 27 13 13 13 29 29
            29 30 30 30 10 10 10</p>
        </triangles>
      </mesh>
    </geometry>
    <geometry id="ID264">
      <mesh>
        <source id="ID265">
          <float_array id="ID266" count="144">-0.0595 -0.0041641 0.1912679 -0.0590207 -0.0041433
            0.1915238 -0.0585277 -0.0040616 0.1917339 -0.0580282 -0.003913 0.1918969 -0.057541
            -0.0036966 0.1920103 -0.0570606 -0.0034019 0.1921005 -0.0566255 -0.0030458 0.1921821
            -0.0562383 -0.0026301 0.1922546 -0.055913 -0.0021685 0.1923155 -0.0556516 -0.0016636
            0.1923643 -0.0554605 -0.0011271 0.1924 -0.0553448 -0.0005714 0.1924216 -0.0553055
            -0.0000001 0.192429 -0.055324 0.0003938 0.1924255 -0.0553797 0.0007841 0.1924151
            -0.0554726 0.0011694 0.1923978 -0.0556008 0.0015427 0.1923738 -0.0557629 0.0019001
            0.1923435 -0.0559586 0.0022419 0.1923069 -0.0561863 0.0025646 0.1922643 -0.0564409
            0.0028618 0.1922167 -0.0569548 0.0033237 0.1921204 -0.057541 0.0036966 0.1920103
            -0.0580267 0.003912 0.191897 -0.0585247 0.0040609 0.1917351 -0.0590185 0.0041429
            0.1915248 -0.0595 0.0041641 0.1912679 -0.0595 0.004 0.185 -0.0588054 0.0039392 0.185
            -0.0581319 0.0037588 0.185 -0.0575 0.0034641 0.185 -0.0569288 0.0030641 0.185 -0.0564358
            0.0025712 0.185 -0.0560359 0.002 0.185 -0.0557412 0.0013681 0.185 -0.0555608 0.0006946
            0.185 -0.0555 0 0.185 -0.0555608 -0.0006946 0.185 -0.0557412 -0.0013681 0.185 -0.0560359
            -0.002 0.185 -0.0564358 -0.0025712 0.185 -0.0569288 -0.0030641 0.185 -0.0575 -0.0034641
            0.185 -0.0581319 -0.0037588 0.185 -0.0588054 -0.0039392 0.185 -0.0595 -0.004 0.185
            -0.0553055 -0.0000001 0.192429 -0.0555 0 0.185</float_array>
          <technique_common>
            <accessor count="48" source="#ID266" stride="3">
              <param name="X" type="float" />
              <param name="Y" type="float" />
              <param name="Z" type="float" />
            </accessor>
          </technique_common>
        </source>
        <source id="ID267">
          <float_array id="ID268" count="144">0 0.9996573 0.0261769 -0.1148751 0.993035 0.0261769
            -0.2327431 0.9721859 0.0261769 -0.3519246 0.9356622 0.0261769 -0.4680999 0.8832878
            0.0261769 -0.5825357 0.8123835 0.0261769 -0.6861303 0.7270076 0.0261769 -0.7781788
            0.6274971 0.0261769 -0.8554748 0.5171823 0.0261769 -0.9175876 0.3966709 0.0261769
            -0.9628742 0.2686784 0.0261769 -0.990338 0.1361817 0.0261769 -0.9996573 0.0000249
            0.0261769 -0.9952413 -0.093859 0.0261769 -0.9820327 -0.1868862 0.0261769 -0.9600083
            -0.2787451 0.0261769 -0.9295486 -0.3677692 0.0261769 -0.8910854 -0.4530802 0.0261769
            -0.844636 -0.5347007 0.0261769 -0.7905453 -0.6118439 0.0261769 -0.7300131 -0.6829317
            0.0261769 -0.607779 -0.7936746 0.0261769 -0.4680999 -0.8832878 0.0261769 -0.3523231
            -0.9355123 0.0261769 -0.2334591 -0.9720142 0.0261769 -0.1154118 -0.9929727 0.0261769 0
            -0.9996573 0.0261769 0 -0.9996573 0.0261769 -0.1735887 -0.9844703 0.0261769 -0.3419029
            -0.9393706 0.0261769 -0.4998287 -0.8657286 0.0261769 -0.6425673 -0.7657819 0.0261769
            -0.7657819 -0.6425673 0.0261769 -0.8657286 -0.4998287 0.0261769 -0.9393706 -0.3419029
            0.0261769 -0.9844703 -0.1735887 0.0261769 -0.9996573 0 0.0261769 -0.9844703 0.1735887
            0.0261769 -0.9393706 0.3419029 0.0261769 -0.8657286 0.4998287 0.0261769 -0.7657819
            0.6425673 0.0261769 -0.6425673 0.7657819 0.0261769 -0.4998287 0.8657286 0.0261769
            -0.3419029 0.9393706 0.0261769 -0.1735887 0.9844703 0.0261769 0 0.9996573 0.0261769
            -0.9996573 0.0000249 0.0261769 -0.9996573 0 0.0261769</float_array>
          <technique_common>
            <accessor count="48" source="#ID268" stride="3">
              <param name="X" type="float" />
              <param name="Y" type="float" />
              <param name="Z" type="float" />
            </accessor>
          </technique_common>
        </source>
        <source id="ID269">
          <float_array id="ID270" count="96">0.8437129 0.750001 0.8781575 0.7683306 0.9064426
            0.787399 0.9283773 0.8072576 0.9436456 0.8275602 0.9557858 0.8490094 0.9667676 0.870398
            0.9765265 0.8919961 0.98472 0.9134578 0.9912958 0.9350594 0.9961023 0.9566916 0.9990125
            0.978251 1 0 0.9995343 0.0149692 0.9981344 0.029934 0.9957987 0.0449789 0.9925751
            0.0599645 0.9884972 0.0748688 0.9835709 0.0898259 0.9778373 0.1048317 0.9714205
            0.1197022 0.9584573 0.1459919 0.9436456 0.1724438 0.928396 0.1926786 0.906594 0.2124878
            0.8782941 0.2315873 0.8437129 0.250003 0 0.250003 0 0.2222253 0 0.1944476 0 0.1666699 0
            0.1388923 0 0.1111146 0 0.083337 0 0.0555593 0 0.0277816 0 1 0 0.9722223 0 0.9444446 0
            0.9166669 0 0.8888893 0 0.8611116 0 0.833334 0 0.8055563 0 0.7777786 0 0.750001 1
            0.999996 0 0.0000039</float_array>
          <technique_common>
            <accessor count="48" source="#ID270" stride="2">
              <param name="S" type="float" />
              <param name="T" type="float" />
            </accessor>
          </technique_common>
        </source>
        <vertices id="ID271">
          <input semantic="POSITION" source="#ID265" />
        </vertices>
        <triangles count="44" material="ID272">
          <input semantic="VERTEX" source="#ID271" offset="0" />
          <input semantic="NORMAL" source="#ID267" offset="1" />
          <input semantic="TEXCOORD" source="#ID269" offset="2" set="0" />
          <p>0 0 0 1 1 1 45 45 45 45 45 45 1 1 1 44 44 44 44 44 44 1 1 1 2 2 2 43 43 43 2 2 2 3 3 3
            4 4 4 43 43 43 3 3 3 4 4 4 42 42 42 43 43 43 4 4 4 5 5 5 42 42 42 42 42 42 5 5 5 41 41
            41 41 41 41 5 5 5 6 6 6 40 40 40 6 6 6 7 7 7 39 39 39 7 7 7 8 8 8 9 9 9 39 39 39 8 8 8 9
            9 9 38 38 38 39 39 39 9 9 9 10 10 10 38 38 38 38 38 38 10 10 10 37 37 37 37 37 37 10 10
            10 11 11 11 36 36 36 11 11 11 46 46 46 13 13 13 47 47 47 12 12 12 13 13 13 35 35 35 47
            47 47 13 13 13 14 14 14 35 35 35 35 35 35 14 14 14 15 15 15 34 34 34 15 15 15 16 16 16
            17 17 17 34 34 34 16 16 16 17 17 17 33 33 33 34 34 34 17 17 17 18 18 18 33 33 33 33 33
            33 18 18 18 32 32 32 32 32 32 18 18 18 19 19 19 20 20 20 32 32 32 19 19 19 20 20 20 31
            31 31 32 32 32 20 20 20 21 21 21 31 31 31 31 31 31 21 21 21 30 30 30 30 30 30 21 21 21
            22 22 22 23 23 23 30 30 30 22 22 22 23 23 23 29 29 29 30 30 30 23 23 23 24 24 24 29 29
            29 29 29 29 24 24 24 28 28 28 28 28 28 24 24 24 25 25 25 27 27 27 25 25 25 26 26 26 27
            27 27 28 28 28 25 25 25 34 34 34 35 35 35 15 15 15 36 36 36 37 37 37 11 11 11 39 39 39
            40 40 40 7 7 7 40 40 40 41 41 41 6 6 6 43 43 43 44 44 44 2 2 2</p>
        </triangles>
      </mesh>
    </geometry>
    <geometry id="ID273">
      <mesh>
        <source id="ID274">
          <float_array id="ID275" count="114">0 -0.0625 0.185 0 -0.0625 0.188 -0.0004775 -0.0624582
            0.188 -0.0009406 -0.0623342 0.188 -0.001375 -0.0621316 0.188 -0.0017677 -0.0618566 0.188
            -0.0021066 -0.0615176 0.188 -0.0023816 -0.061125 0.188 -0.0025842 -0.0606906 0.188
            -0.0027082 -0.0602275 0.188 -0.00275 -0.05975 0.188 -0.0027082 -0.0592725 0.188
            -0.0025842 -0.0588094 0.188 -0.0023816 -0.058375 0.188 -0.0021066 -0.0579824 0.188
            -0.0017677 -0.0576434 0.188 -0.001375 -0.0573684 0.188 -0.0009406 -0.0571658 0.188
            -0.0004775 -0.0570418 0.188 0 -0.057 0.188 0 -0.057 0.185 -0.0004775 -0.0570418 0.185
            -0.0009406 -0.0571658 0.185 -0.001375 -0.0573684 0.185 -0.0017677 -0.0576434 0.185
            -0.0021066 -0.0579824 0.185 -0.0023816 -0.058375 0.185 -0.0025842 -0.0588094 0.185
            -0.0027082 -0.0592725 0.185 -0.00275 -0.05975 0.185 -0.0027082 -0.0602275 0.185
            -0.0025842 -0.0606906 0.185 -0.0023816 -0.061125 0.185 -0.0021066 -0.0615176 0.185
            -0.0017677 -0.0618566 0.185 -0.001375 -0.0621316 0.185 -0.0009406 -0.0623342 0.185
            -0.0004775 -0.0624582 0.185</float_array>
          <technique_common>
            <accessor count="38" source="#ID275" stride="3">
              <param name="X" type="float" />
              <param name="Y" type="float" />
              <param name="Z" type="float" />
            </accessor>
          </technique_common>
        </source>
        <source id="ID276">
          <float_array id="ID277" count="114">0 -1 0 0 -1 0 -0.1736482 -0.9848077 0 -0.3420202
            -0.9396926 0 -0.5 -0.8660254 0 -0.6427876 -0.7660444 0 -0.7660444 -0.6427876 0
            -0.8660254 -0.5 0 -0.9396926 -0.3420202 0 -0.9848077 -0.1736482 0 -1 0 0 -0.9848077
            0.1736482 0 -0.9396926 0.3420202 0 -0.8660254 0.5 0 -0.7660444 0.6427876 0 -0.6427876
            0.7660444 0 -0.5 0.8660254 0 -0.3420202 0.9396926 0 -0.1736482 0.9848077 0 0 1 0 0 1 0
            -0.1736482 0.9848077 0 -0.3420202 0.9396926 0 -0.5 0.8660254 0 -0.6427876 0.7660444 0
            -0.7660444 0.6427876 0 -0.8660254 0.5 0 -0.9396926 0.3420202 0 -0.9848077 0.1736482 0 -1
            0 0 -0.9848077 -0.1736482 0 -0.9396926 -0.3420202 0 -0.8660254 -0.5 0 -0.7660444
            -0.6427876 0 -0.6427876 -0.7660444 0 -0.5 -0.8660254 0 -0.3420202 -0.9396926 0
            -0.1736482 -0.9848077 0</float_array>
          <technique_common>
            <accessor count="38" source="#ID277" stride="3">
              <param name="X" type="float" />
              <param name="Y" type="float" />
              <param name="Z" type="float" />
            </accessor>
          </technique_common>
        </source>
        <source id="ID278">
          <float_array id="ID279" count="76">1 0 0 0 0 0.0555556 0 0.1111112 0 0.1666667 0 0.2222223
            0 0.2777778 0 0.3333333 0 0.3888889 0 0.4444444 0 0.5 0 0.5555556 0 0.6111111 0
            0.6666667 0 0.7222222 0 0.7777777 0 0.8333333 0 0.8888889 0 0.9444445 0 1 1 1 1
            0.9444445 1 0.8888889 1 0.8333333 1 0.7777777 1 0.7222222 1 0.6666667 1 0.6111111 1
            0.5555556 1 0.5 1 0.4444444 1 0.3888889 1 0.3333333 1 0.2777778 1 0.2222223 1 0.1666667
            1 0.1111112 1 0.0555556</float_array>
          <technique_common>
            <accessor count="38" source="#ID279" stride="2">
              <param name="S" type="float" />
              <param name="T" type="float" />
            </accessor>
          </technique_common>
        </source>
        <vertices id="ID280">
          <input semantic="POSITION" source="#ID274" />
        </vertices>
        <triangles count="36" material="ID281">
          <input semantic="VERTEX" source="#ID280" offset="0" />
          <input semantic="NORMAL" source="#ID276" offset="1" />
          <input semantic="TEXCOORD" source="#ID278" offset="2" set="0" />
          <p>0 0 0 1 1 1 37 37 37 37 37 37 1 1 1 2 2 2 3 3 3 37 37 37 2 2 2 3 3 3 36 36 36 37 37 37
            3 3 3 4 4 4 36 36 36 36 36 36 4 4 4 35 35 35 35 35 35 4 4 4 34 34 34 34 34 34 4 4 4 5 5
            5 6 6 6 34 34 34 5 5 5 6 6 6 33 33 33 34 34 34 6 6 6 7 7 7 33 33 33 33 33 33 7 7 7 32 32
            32 32 32 32 7 7 7 8 8 8 31 31 31 8 8 8 30 30 30 31 31 31 32 32 32 8 8 8 8 8 8 9 9 9 30
            30 30 30 30 30 9 9 9 10 10 10 29 29 29 10 10 10 11 11 11 28 28 28 11 11 11 27 27 27 28
            28 28 29 29 29 11 11 11 11 11 11 12 12 12 27 27 27 27 27 27 12 12 12 13 13 13 26 26 26
            13 13 13 14 14 14 25 25 25 14 14 14 15 15 15 24 24 24 15 15 15 23 23 23 24 24 24 25 25
            25 15 15 15 15 15 15 16 16 16 23 23 23 23 23 23 16 16 16 17 17 17 22 22 22 17 17 17 18
            18 18 21 21 21 18 18 18 20 20 20 21 21 21 22 22 22 18 18 18 18 18 18 19 19 19 20 20 20
            22 22 22 23 23 23 17 17 17 25 25 25 26 26 26 14 14 14 26 26 26 27 27 27 13 13 13 29 29
            29 30 30 30 10 10 10</p>
        </triangles>
      </mesh>
    </geometry>
    <geometry id="ID282">
      <mesh>
        <source id="ID283">
          <float_array id="ID284" count="138">0.0041641 -0.0595 0.1912679 0.0041433 -0.0590207
            0.1915238 0.0040616 -0.0585276 0.1917339 0.003913 -0.0580283 0.1918969 0.0036966
            -0.057541 0.1920103 0.0034019 -0.0570606 0.1921005 0.0030458 -0.0566254 0.1921821
            0.0026301 -0.0562383 0.1922546 0.0021685 -0.055913 0.1923155 0.0016636 -0.0556516
            0.1923643 0.0011271 -0.0554605 0.1924 0.0005713 -0.0553447 0.1924216 0 -0.0553055
            0.192429 -0.0005669 -0.0553441 0.1924218 -0.001125 -0.0554599 0.1924001 -0.0016608
            -0.0556499 0.1923646 -0.0021638 -0.0559101 0.192316 -0.0026289 -0.0562374 0.1922548
            -0.0030414 -0.0566207 0.192183 -0.0033995 -0.0570578 0.192101 -0.0036966 -0.057541
            0.1920103 -0.003912 -0.0580267 0.191897 -0.0040609 -0.0585247 0.1917351 -0.004143
            -0.0590185 0.1915248 -0.0041641 -0.0595 0.1912679 -0.004 -0.0595 0.185 -0.0039392
            -0.0588054 0.185 -0.0037588 -0.0581319 0.185 -0.0034641 -0.0575 0.185 -0.0030642
            -0.0569288 0.185 -0.0025712 -0.0564359 0.185 -0.002 -0.0560359 0.185 -0.0013681
            -0.0557412 0.185 -0.0006946 -0.0555608 0.185 0 -0.0555 0.185 0.0006946 -0.0555608 0.185
            0.0013681 -0.0557412 0.185 0.002 -0.0560359 0.185 0.0025712 -0.0564359 0.185 0.0030642
            -0.0569288 0.185 0.0034641 -0.0575 0.185 0.0037588 -0.0581319 0.185 0.0039392 -0.0588054
            0.185 0.004 -0.0595 0.185 0 -0.0555 0.185 0 -0.0553055 0.192429</float_array>
          <technique_common>
            <accessor count="46" source="#ID284" stride="3">
              <param name="X" type="float" />
              <param name="Y" type="float" />
              <param name="Z" type="float" />
            </accessor>
          </technique_common>
        </source>
        <source id="ID285">
          <float_array id="ID286" count="138">-0.9996573 0 0.0261769 -0.993035 -0.1148751 0.0261769
            -0.9721859 -0.2327431 0.0261769 -0.9356622 -0.3519246 0.0261769 -0.8832878 -0.4680999
            0.0261769 -0.8123816 -0.5825382 0.0261769 -0.7270033 -0.6861348 0.0261769 -0.6274899
            -0.7781845 0.0261769 -0.5171717 -0.8554813 0.0261769 -0.3966582 -0.9175931 0.0261769
            -0.2686605 -0.9628792 0.0261769 -0.1361602 -0.9903409 0.0261769 0 -0.9996573 0.0261769
            0.1351037 -0.9904856 0.0261769 0.2681523 -0.9630208 0.0261769 0.3959433 -0.9179018
            0.0261769 0.5160416 -0.8561634 0.0261769 0.6272154 -0.7784058 0.0261769 0.7259415
            -0.6872581 0.0261769 0.8118749 -0.5832444 0.0261769 0.8832878 -0.4680999 0.0261769
            0.9355123 -0.3523231 0.0261769 0.9720142 -0.2334591 0.0261769 0.9929727 -0.1154118
            0.0261769 0.9996573 0 0.0261769 0.9996573 0 0.0261769 0.9844703 -0.1735887 0.0261769
            0.9393706 -0.3419029 0.0261769 0.8657286 -0.4998287 0.0261769 0.7657819 -0.6425673
            0.0261769 0.6425673 -0.7657819 0.0261769 0.4998287 -0.8657286 0.0261769 0.3419029
            -0.9393706 0.0261769 0.1735887 -0.9844703 0.0261769 0 -0.9996573 0.0261769 -0.1735887
            -0.9844703 0.0261769 -0.3419029 -0.9393706 0.0261769 -0.4998287 -0.8657286 0.0261769
            -0.6425673 -0.7657819 0.0261769 -0.7657819 -0.6425673 0.0261769 -0.8657286 -0.4998287
            0.0261769 -0.9393706 -0.3419029 0.0261769 -0.9844703 -0.1735887 0.0261769 -0.9996573 0
            0.0261769 0 -0.9996573 0.0261769 0 -0.9996573 0.0261769</float_array>
          <technique_common>
            <accessor count="46" source="#ID286" stride="3">
              <param name="X" type="float" />
              <param name="Y" type="float" />
              <param name="Z" type="float" />
            </accessor>
          </technique_common>
        </source>
        <source id="ID287">
          <float_array id="ID288" count="92">0.8437129 0.75 0.8781575 0.7683297 0.9064426 0.7873982
            0.9283773 0.8072569 0.9436456 0.8275595 0.955786 0.8490093 0.9667681 0.8703985 0.9765272
            0.8919972 0.9847207 0.9134595 0.9912964 0.9350614 0.9961028 0.9566942 0.9990128
            0.9782544 1 0 0.9990308 0.0215758 0.9961178 0.0432217 0.9913412 0.0648147 0.984793
            0.0863304 0.9765506 0.1079467 0.9668872 0.1293555 0.9558553 0.1508524 0.9436456
            0.1724405 0.928396 0.1926754 0.906594 0.2124847 0.8782941 0.2315843 0.8437129 0.25 0
            0.25 0 0.2222222 0 0.1944445 0 0.1666667 0 0.1388889 0 0.1111111 0 0.0833334 0 0.0555556
            0 0.0277778 0 1 0 0.9722221 0 0.9444444 0 0.9166666 0 0.8888888 0 0.861111 0 0.8333333 0
            0.8055555 0 0.7777777 0 0.75 0 0 1 1</float_array>
          <technique_common>
            <accessor count="46" source="#ID288" stride="2">
              <param name="S" type="float" />
              <param name="T" type="float" />
            </accessor>
          </technique_common>
        </source>
        <vertices id="ID289">
          <input semantic="POSITION" source="#ID283" />
        </vertices>
        <triangles count="42" material="ID290">
          <input semantic="VERTEX" source="#ID289" offset="0" />
          <input semantic="NORMAL" source="#ID285" offset="1" />
          <input semantic="TEXCOORD" source="#ID287" offset="2" set="0" />
          <p>0 0 0 1 1 1 43 43 43 43 43 43 1 1 1 42 42 42 42 42 42 1 1 1 2 2 2 41 41 41 2 2 2 3 3 3
            4 4 4 41 41 41 3 3 3 4 4 4 40 40 40 41 41 41 4 4 4 5 5 5 40 40 40 40 40 40 5 5 5 39 39
            39 39 39 39 5 5 5 6 6 6 38 38 38 6 6 6 7 7 7 37 37 37 7 7 7 8 8 8 9 9 9 37 37 37 8 8 8 9
            9 9 36 36 36 37 37 37 9 9 9 10 10 10 36 36 36 36 36 36 10 10 10 35 35 35 35 35 35 10 10
            10 11 11 11 34 34 34 11 11 11 45 45 45 13 13 13 44 44 44 12 12 12 13 13 13 33 33 33 44
            44 44 13 13 13 14 14 14 33 33 33 33 33 33 14 14 14 32 32 32 32 32 32 14 14 14 15 15 15
            31 31 31 15 15 15 16 16 16 30 30 30 16 16 16 17 17 17 18 18 18 30 30 30 17 17 17 18 18
            18 29 29 29 30 30 30 18 18 18 19 19 19 29 29 29 29 29 29 19 19 19 28 28 28 28 28 28 19
            19 19 20 20 20 21 21 21 28 28 28 20 20 20 21 21 21 27 27 27 28 28 28 21 21 21 22 22 22
            27 27 27 27 27 27 22 22 22 26 26 26 26 26 26 22 22 22 23 23 23 25 25 25 23 23 23 24 24
            24 25 25 25 26 26 26 23 23 23 30 30 30 31 31 31 16 16 16 31 31 31 32 32 32 15 15 15 34
            34 34 35 35 35 11 11 11 37 37 37 38 38 38 7 7 7 38 38 38 39 39 39 6 6 6 41 41 41 42 42
            42 2 2 2</p>
        </triangles>
      </mesh>
    </geometry>
    <geometry id="ID291">
      <mesh>
        <source id="ID292">
          <float_array id="ID293" count="435">0 -0.0553055 0.192429 0 -0.0445885 0.1940861 0
            -0.0314002 0.1955892 0 -0.0180917 0.196543 0 -0.0046603 0.1969704 -0.0007625 -0.0045975
            0.1969704 -0.0013955 -0.0044464 0.1969704 -0.0020013 -0.0042087 0.1969704 -0.0025586
            -0.0038951 0.1969704 -0.003036 -0.0035357 0.1969704 -0.0034634 -0.0031181 0.1969704
            -0.0037417 -0.002778 0.1969704 -0.0039868 -0.0024133 0.1969704 -0.0042988 -0.0017996
            0.1969704 -0.0045114 -0.0011686 0.1969704 -0.0046319 -0.0005137 0.1969704 -0.0046578
            0.0001503 0.1969704 -0.0046169 0.0006346 0.1969704 -0.0045256 0.0011121 0.1969704
            -0.0043615 0.0016418 0.1969704 -0.0041356 0.0021483 0.1969704 -0.0037974 0.0027014
            0.1969704 -0.0033771 0.0032114 0.1969704 -0.0028889 0.0036569 0.1969704 -0.0022899
            0.0040588 0.1969704 -0.001553 0.0043939 0.1969704 -0.000952 0.004562 0.1969704
            -0.0003339 0.0046483 0.1969704 0 0.0046603 0.1969704 0 0.0180917 0.196543 0 0.0314002
            0.1955892 0 0.0445885 0.1940861 0 0.0553055 0.192429 -0.0005713 0.0553447 0.1924216
            -0.0011271 0.0554605 0.1924 -0.0016636 0.0556516 0.1923643 -0.0021685 0.055913 0.1923155
            -0.0026301 0.0562383 0.1922546 -0.0030458 0.0566254 0.1921821 -0.0034019 0.0570606
            0.1921005 -0.0036966 0.057541 0.1920103 -0.0049313 0.0574484 0.1920103 -0.00902
            0.0569497 0.1920103 -0.0172765 0.0550105 0.1920103 -0.0178178 0.0548375 0.1920103
            -0.0261769 0.0513751 0.1920103 -0.0288599 0.0499173 0.1920103 -0.0338915 0.0466476
            0.1920103 -0.038788 0.0426629 0.1920103 -0.0407715 0.0407715 0.1920103 -0.0462948
            0.0343718 0.1920103 -0.0466476 0.0338915 0.1920103 -0.0510165 0.0268691 0.1920103
            -0.0513751 0.0261769 0.1920103 -0.0548376 0.0178178 0.1920103 -0.0554964 0.0156454
            0.1920103 -0.0569497 0.00902 0.1920103 -0.057541 0.0036966 0.1920103 -0.0569548
            0.0033237 0.1921204 -0.0564409 0.0028618 0.1922167 -0.0561863 0.0025646 0.1922643
            -0.0559586 0.0022419 0.1923069 -0.0557629 0.0019001 0.1923435 -0.0556008 0.0015427
            0.1923738 -0.0554726 0.0011694 0.1923978 -0.0553797 0.0007841 0.1924151 -0.055324
            0.0003938 0.1924255 -0.0553055 -0.0000001 0.192429 -0.0553448 -0.0005714 0.1924216
            -0.0554605 -0.0011271 0.1924 -0.0556516 -0.0016636 0.1923643 -0.055913 -0.0021685
            0.1923155 -0.0562383 -0.0026301 0.1922546 -0.0566255 -0.0030458 0.1921821 -0.0570606
            -0.0034019 0.1921005 -0.057541 -0.0036966 0.1920103 -0.0572246 -0.0070693 0.1920103
            -0.0569497 -0.00902 0.1920103 -0.0548376 -0.0178178 0.1920103 -0.0544868 -0.0188631
            0.1920103 -0.0513751 -0.0261769 0.1920103 -0.0491153 -0.0302046 0.1920103 -0.0466476
            -0.0338915 0.1920103 -0.0413345 -0.0402006 0.1920103 -0.0407715 -0.0407715 0.1920103
            -0.0338915 -0.0466476 0.1920103 -0.0317731 -0.0481155 0.1920103 -0.0261769 -0.0513751
            0.1920103 -0.0213039 -0.0535796 0.1920103 -0.0178178 -0.0548375 0.1920103 -0.0131946
            -0.0561296 0.1920103 -0.00902 -0.0569497 0.1920103 -0.0036966 -0.057541 0.1920103
            -0.0033995 -0.0570578 0.192101 -0.0030414 -0.0566207 0.192183 -0.0026289 -0.0562374
            0.1922548 -0.0021638 -0.0559101 0.192316 -0.0016608 -0.0556499 0.1923646 -0.001125
            -0.0554599 0.1924001 -0.0005669 -0.0553441 0.1924218 -0.0036418 -0.0177214 0.196543
            -0.0063208 -0.0307574 0.1955892 -0.0089756 -0.0436758 0.1940861 -0.0071346 -0.0166255
            0.196543 -0.0123829 -0.0288555 0.1955892 -0.0175837 -0.040975 0.1940861 -0.0103353
            -0.0148491 0.196543 -0.0179379 -0.0257722 0.1955892 -0.025472 -0.0365966 0.1940861
            -0.0131128 -0.0124646 0.196543 -0.0227586 -0.0216337 0.1955892 -0.0323174 -0.03072
            0.1940861 -0.0153535 -0.0095699 0.196543 -0.0266476 -0.0166096 0.1955892 -0.0378398
            -0.0235857 0.1940861 -0.0169656 -0.0062834 0.196543 -0.0294456 -0.0109055 0.1955892
            -0.041813 -0.0154858 0.1940861 -0.0178831 -0.0027396 0.196543 -0.0310381 -0.0047549
            0.1955892 -0.0440743 -0.006752 0.1940861 -0.0180685 0.0009163 0.196543 -0.0313599
            0.0015904 0.1955892 -0.0445313 0.0022584 0.1940861 -0.0175142 0.0045347 0.196543
            -0.0303978 0.0078705 0.1955892 -0.0431651 0.0111762 0.1940861 -0.0162429 0.0079675
            0.196543 -0.0281912 0.0138285 0.1955892 -0.0400318 0.0196365 0.1940861 -0.0143065
            0.0110741 0.196543 -0.0248305 0.0192203 0.1955892 -0.0352595 0.0272929 0.1940861
            -0.0117845 0.0137273 0.196543 -0.0204532 0.0238251 0.1955892 -0.0290437 0.0338319
            0.1940861 -0.00878 0.0158185 0.196543 -0.0152386 0.0274547 0.1955892 -0.0216389
            0.0389858 0.1940861 -0.005416 0.0172621 0.196543 -0.0094001 0.0299601 0.1955892
            -0.0133482 0.0425436 0.1940861 -0.0018303 0.017999 0.196543 -0.0031767 0.0312391
            0.1955892 -0.0045109 0.0443597 0.1940861</float_array>
          <technique_common>
            <accessor count="145" source="#ID293" stride="3">
              <param name="X" type="float" />
              <param name="Y" type="float" />
              <param name="Z" type="float" />
            </accessor>
          </technique_common>
        </source>
        <source id="ID294">
          <float_array id="ID295" count="435">0 -0.1710261 0.9852665 0 -0.1347614 0.990878 0
            -0.0920418 0.9957551 0 -0.0512967 0.9986835 0 -0.0127507 0.9999187 -0.0025667 -0.0124897
            0.9999187 -0.0035408 -0.0122492 0.9999187 -0.0050283 -0.0117173 0.9999187 -0.0072841
            -0.0104653 0.9999187 -0.0086368 -0.0093801 0.9999187 -0.0092416 -0.0087848 0.9999187
            -0.0099028 -0.0080321 0.9999187 -0.0108208 -0.0067446 0.9999187 -0.011957 -0.0044284
            0.9999187 -0.0123265 -0.0032616 0.9999187 -0.0126036 -0.0019308 0.9999187 -0.0127343
            0.0006458 0.9999187 -0.0125468 0.002271 0.9999187 -0.0123436 0.003196 0.9999187
            -0.0121013 0.0040173 0.9999187 -0.0114476 0.0056153 0.9999187 -0.0100829 0.0078048
            0.9999187 -0.0091108 0.0089204 0.9999187 -0.0083054 0.0096747 0.9999187 -0.0061879
            0.0111485 0.9999187 -0.0038171 0.0121659 0.9999187 -0.0029602 0.0124023 0.9999187
            -0.00129 0.0126853 0.9999187 0 0.0127507 0.9999187 0 0.0512967 0.9986835 0 0.0920418
            0.9957551 0 0.1347614 0.990878 0 0.1710261 0.9852665 -0.0017633 0.1711618 0.9852414
            -0.0034879 0.1715645 0.9851667 -0.005149 0.1722274 0.9850438 -0.0067148 0.1731346
            0.9848753 -0.0081501 0.1742646 0.9846652 -0.0094404 0.1756027 0.9844158 -0.0105585
            0.1771196 0.9841327 -0.011486 0.1787919 0.9838198 -0.0153225 0.178504 0.9838198
            -0.0315769 0.1763558 0.9838198 -0.053634 0.170944 0.9838198 -0.0553636 0.1703917
            0.9838198 -0.0813371 0.1596331 0.9838198 -0.0869469 0.1566483 0.9838198 -0.1088128
            0.1423314 0.9838198 -0.1205223 0.1325626 0.9838198 -0.1266856 0.1266856 0.9838198
            -0.1438475 0.1068005 0.9838198 -0.1449438 0.1053079 0.9838198 -0.1585189 0.0834878
            0.9838198 -0.1596331 0.0813371 0.9838198 -0.1699046 0.0568409 0.9838198 -0.1724389
            0.0486135 0.9838198 -0.1763463 0.0316295 0.9838198 -0.1787919 0.011486 0.9838198
            -0.1767495 0.0103148 0.9842018 -0.1749699 0.0088735 0.9845338 -0.1740748 0.0079372
            0.9847004 -0.173288 0.0069398 0.9848468 -0.172614 0.0058862 0.9849719 -0.1720516
            0.0047751 0.9850764 -0.1716027 0.0036114 0.9851596 -0.171282 0.0024283 0.9852191
            -0.17109 0.0012253 0.9852546 -0.1710261 -0.0000003 0.9852665 -0.1711595 -0.0017634
            0.9852418 -0.1715607 -0.0034799 0.9851674 -0.1722277 -0.0051501 0.9850437 -0.1731292
            -0.0067096 0.9848763 -0.1742613 -0.0081468 0.9846658 -0.1756014 -0.0094402 0.9844161
            -0.1771096 -0.0105532 0.9841346 -0.1787919 -0.011486 0.9838198 -0.1778088 -0.0219656
            0.9838198 -0.1769547 -0.0280269 0.9838198 -0.1699046 -0.0568409 0.9838198 -0.1693019
            -0.0586117 0.9838198 -0.1617961 -0.0769448 0.9838198 -0.1520435 -0.0947694 0.9838198
            -0.1422805 -0.1088793 0.9838198 -0.1284349 -0.1249117 0.9838198 -0.1266856 -0.1266856
            0.9838198 -0.1053079 -0.1449438 0.9838198 -0.0987256 -0.1495049 0.9838198 -0.0768296
            -0.1618508 0.9838198 -0.070653 -0.1646409 0.9838198 -0.0567102 -0.1699483 0.9838198
            -0.0360647 -0.175493 0.9838198 -0.0315769 -0.1763558 0.9838198 -0.011486 -0.1787919
            0.9838198 -0.0105522 -0.1771113 0.9841343 -0.009431 -0.1755915 0.9844179 -0.0081414
            -0.1742567 0.9846666 -0.0067001 -0.1731246 0.9848772 -0.005138 -0.1722205 0.985045
            -0.0034785 -0.1715612 0.9851673 -0.0017534 -0.17116 0.9852417 -0.010326 -0.0502467
            0.9986835 -0.0185279 -0.0901577 0.9957551 -0.0271273 -0.1320029 0.990878 -0.0202292
            -0.0471395 0.9986835 -0.0362972 -0.0845826 0.9957551 -0.053144 -0.1238401 0.990878
            -0.0293042 -0.0421025 0.9986835 -0.0525806 -0.0755446 0.9957551 -0.0769849 -0.1106073
            0.990878 -0.0371795 -0.0353418 0.9986835 -0.0667112 -0.0634138 0.9957551 -0.0976741
            -0.0928462 0.990878 -0.0435327 -0.0271341 0.9986835 -0.0781108 -0.0486868 0.9957551
            -0.1143645 -0.071284 0.990878 -0.0481036 -0.0178156 0.9986835 -0.0863124 -0.0319666
            0.9957551 -0.1263728 -0.0468034 0.990878 -0.0507052 -0.0077678 0.9986835 -0.0909804
            -0.0139377 0.9957551 -0.1332074 -0.0204066 0.990878 -0.0512309 0.0025981 0.9986835
            -0.0919237 0.0046618 0.9957551 -0.1345885 0.0068256 0.990878 -0.0496592 0.0128577
            0.9986835 -0.0891036 0.0230705 0.9957551 -0.1304595 0.0337783 0.990878 -0.0460544
            0.0225908 0.9986835 -0.0826356 0.0405347 0.9957551 -0.1209894 0.0593482 0.990878
            -0.0405642 0.031399 0.9986835 -0.0727844 0.0563393 0.9957551 -0.1065661 0.0824883
            0.990878 -0.0334133 0.0389218 0.9986835 -0.0599535 0.0698375 0.9957551 -0.0877799
            0.1022513 0.990878 -0.0248944 0.0448511 0.9986835 -0.0446681 0.0804765 0.9957551 -0.0654
            0.1178282 0.990878 -0.0153564 0.0489442 0.9986835 -0.0275539 0.0878207 0.9957551
            -0.0403426 0.1285812 0.990878 -0.0051896 0.0510336 0.9986835 -0.0093117 0.0915696
            0.9957551 -0.0136336 0.13407 0.990878</float_array>
          <technique_common>
            <accessor count="145" source="#ID295" stride="3">
              <param name="X" type="float" />
              <param name="Y" type="float" />
              <param name="Z" type="float" />
            </accessor>
          </technique_common>
        </source>
        <source id="ID296">
          <float_array id="ID297" count="290">0.9548106 0 0.75 0 0.5 0 0.25 0 0 0 0 0.0923037 0
            0.1240605 0 0.1704723 0 0.2388213 0 0.2807103 0 0.3002754 0 0.3227172 0 0.3569319 0
            0.4103845 0 0.4349682 0 0.4619235 0 0.5126704 0 0.5448852 0 0.5636796 0 0.580825 0
            0.6160272 0 0.6709052 0 0.7040201 0 0.7297356 0 0.794333 0 0.8671565 0 0.8947035 0
            0.9517335 0 1 0.25 1 0.5 1 0.75 1 0.9548106 1 0.9556168 0.9948756 0.9580067 0.9899384
            0.9619284 0.985275 0.9672717 0.9809842 0.9738901 0.9771623 0.9816736 0.973842 0.9904293
            0.9710814 1 0.9689096 1 0.9589195 1 0.9184256 1 0.8671565 1 0.8632712 1 0.8064004 1
            0.794333 1 0.7471261 1 0.7211715 1 0.7071068 1 0.6653218 1 0.6624599 1 0.6236199 1
            0.6200393 1 0.5814189 1 0.569132 1 0.5444851 1 0.516044 0.9883004 0.5145772 0.9779998
            0.5126704 0.9727818 0.5113932 0.9681736 0.510008 0.9642098 0.5085226 0.9608904 0.5069371
            0.9582335 0.5052608 0.9563317 0.5035441 0.9551907 0.5017904 0.9548106 0.4999996
            0.9556044 0.4974245 0.9579847 0.4949295 0.9619301 0.492526 0.9672409 0.4903149 0.9738708
            0.4883187 0.9816661 0.4865698 0.9903724 0.4851167 1 0.483956 1 0.4692332 1 0.4606491 1
            0.4185812 1 0.4158996 1 0.3871634 1 0.3569319 1 0.3306387 1 0.2969545 1 0.2928932 1
            0.2452373 1 0.2309959 1 0.1838729 1 0.1704723 1 0.1397426 1 0.0923037 1 0.0815745 1
            0.0310904 0.9903818 0.0289032 0.9816089 0.0261341 0.973844 0.022815 0.9672131 0.0189762
            0.9618881 0.0146944 0.9579874 0.010035 0.9556062 0.0050959 0.25 0.0923037 0.5 0.0923037
            0.75 0.0923037 0.25 0.1704723 0.5 0.1704723 0.75 0.1704723 0.25 0.2388213 0.5 0.2388213
            0.75 0.2388213 0.25 0.3002754 0.5 0.3002754 0.75 0.3002754 0.25 0.3569319 0.5 0.3569319
            0.75 0.3569319 0.25 0.4103845 0.5 0.4103845 0.75 0.4103845 0.25 0.4619235 0.5 0.4619235
            0.75 0.4619235 0.25 0.5126704 0.5 0.5126704 0.75 0.5126704 0.25 0.5636796 0.5 0.5636796
            0.75 0.5636796 0.25 0.6160272 0.5 0.6160272 0.75 0.6160272 0.25 0.6709052 0.5 0.6709052
            0.75 0.6709052 0.25 0.7297356 0.5 0.7297356 0.75 0.7297356 0.25 0.794333 0.5 0.794333
            0.75 0.794333 0.25 0.8671565 0.5 0.8671565 0.75 0.8671565 0.25 0.9517335 0.5 0.9517335
            0.75 0.9517335</float_array>
          <technique_common>
            <accessor count="145" source="#ID297" stride="2">
              <param name="S" type="float" />
              <param name="T" type="float" />
            </accessor>
          </technique_common>
        </source>
        <vertices id="ID298">
          <input semantic="POSITION" source="#ID292" />
        </vertices>
        <triangles count="188" material="ID299">
          <input semantic="VERTEX" source="#ID298" offset="0" />
          <input semantic="NORMAL" source="#ID294" offset="1" />
          <input semantic="TEXCOORD" source="#ID296" offset="2" set="0" />
          <p>0 0 0 1 1 1 99 99 99 99 99 99 1 1 1 98 98 98 98 98 98 1 1 1 97 97 97 97 97 97 1 1 1 102
            102 102 96 96 96 102 102 102 95 95 95 96 96 96 97 97 97 102 102 102 1 1 1 2 2 2 102 102
            102 102 102 102 2 2 2 101 101 101 105 105 105 101 101 101 104 104 104 108 108 108 104
            104 104 107 107 107 111 111 111 107 107 107 110 110 110 114 114 114 110 110 110 113 113
            113 117 117 117 113 113 113 116 116 116 120 120 120 116 116 116 119 119 119 123 123 123
            119 119 119 122 122 122 126 126 126 122 122 122 125 125 125 129 129 129 125 125 125 128
            128 128 132 132 132 128 128 128 131 131 131 135 135 135 131 131 131 134 134 134 138 138
            138 134 134 134 137 137 137 141 141 141 137 137 137 140 140 140 144 144 144 140 140 140
            143 143 143 31 31 31 143 143 143 30 30 30 31 31 31 144 144 144 143 143 143 31 31 31 34
            34 34 144 144 144 31 31 31 33 33 33 34 34 34 31 31 31 32 32 32 33 33 33 2 2 2 3 3 3 101
            101 101 101 101 101 3 3 3 100 100 100 104 104 104 100 100 100 103 103 103 107 107 107
            103 103 103 106 106 106 110 110 110 106 106 106 109 109 109 113 113 113 109 109 109 112
            112 112 116 116 116 112 112 112 115 115 115 119 119 119 115 115 115 118 118 118 122 122
            122 118 118 118 121 121 121 125 125 125 121 121 121 124 124 124 128 128 128 124 124 124
            127 127 127 131 131 131 127 127 127 130 130 130 134 134 134 130 130 130 133 133 133 137
            137 137 133 133 133 136 136 136 140 140 140 136 136 136 139 139 139 143 143 143 139 139
            139 142 142 142 30 30 30 142 142 142 29 29 29 30 30 30 143 143 143 142 142 142 4 4 4 5 5
            5 3 3 3 3 3 3 5 5 5 100 100 100 100 100 100 5 5 5 6 6 6 103 103 103 6 6 6 7 7 7 106 106
            106 7 7 7 8 8 8 9 9 9 106 106 106 8 8 8 9 9 9 109 109 109 106 106 106 9 9 9 10 10 10 109
            109 109 109 109 109 10 10 10 11 11 11 112 112 112 11 11 11 12 12 12 13 13 13 112 112 112
            12 12 12 13 13 13 115 115 115 112 112 112 13 13 13 14 14 14 115 115 115 115 115 115 14
            14 14 118 118 118 118 118 118 14 14 14 15 15 15 121 121 121 15 15 15 16 16 16 17 17 17
            121 121 121 16 16 16 17 17 17 124 124 124 121 121 121 17 17 17 18 18 18 124 124 124 124
            124 124 18 18 18 19 19 19 127 127 127 19 19 19 20 20 20 21 21 21 127 127 127 20 20 20 21
            21 21 130 130 130 127 127 127 21 21 21 22 22 22 130 130 130 130 130 130 22 22 22 133 133
            133 133 133 133 22 22 22 23 23 23 136 136 136 23 23 23 24 24 24 25 25 25 136 136 136 24
            24 24 25 25 25 139 139 139 136 136 136 25 25 25 26 26 26 139 139 139 139 139 139 26 26
            26 142 142 142 142 142 142 26 26 26 27 27 27 29 29 29 27 27 27 28 28 28 29 29 29 142 142
            142 27 27 27 34 34 34 35 35 35 144 144 144 144 144 144 35 35 35 36 36 36 37 37 37 144
            144 144 36 36 36 37 37 37 38 38 38 144 144 144 144 144 144 38 38 38 41 41 41 42 42 42
            144 144 144 41 41 41 42 42 42 141 141 141 144 144 144 42 42 42 43 43 43 141 141 141 141
            141 141 43 43 43 44 44 44 45 45 45 141 141 141 44 44 44 45 45 45 138 138 138 141 141 141
            45 45 45 46 46 46 138 138 138 138 138 138 46 46 46 47 47 47 135 135 135 47 47 47 48 48
            48 49 49 49 135 135 135 48 48 48 49 49 49 132 132 132 135 135 135 49 49 49 50 50 50 132
            132 132 132 132 132 50 50 50 51 51 51 129 129 129 51 51 51 52 52 52 53 53 53 129 129 129
            52 52 52 53 53 53 54 54 54 129 129 129 129 129 129 54 54 54 126 126 126 125 125 125 129
            129 129 126 126 126 38 38 38 39 39 39 41 41 41 41 41 41 39 39 39 40 40 40 54 54 54 55 55
            55 126 126 126 126 126 126 55 55 55 56 56 56 123 123 123 56 56 56 59 59 59 60 60 60 123
            123 123 59 59 59 60 60 60 61 61 61 123 123 123 123 123 123 61 61 61 62 62 62 63 63 63
            123 123 123 62 62 62 63 63 63 64 64 64 123 123 123 123 123 123 64 64 64 65 65 65 66 66
            66 123 123 123 65 65 65 66 66 66 67 67 67 123 123 123 123 123 123 67 67 67 68 68 68 69
            69 69 123 123 123 68 68 68 69 69 69 120 120 120 123 123 123 69 69 69 70 70 70 120 120
            120 120 120 120 70 70 70 71 71 71 72 72 72 120 120 120 71 71 71 72 72 72 73 73 73 120
            120 120 120 120 120 73 73 73 76 76 76 77 77 77 120 120 120 76 76 76 77 77 77 78 78 78
            120 120 120 120 120 120 78 78 78 117 117 117 116 116 116 120 120 120 117 117 117 57 57
            57 58 58 58 56 56 56 56 56 56 58 58 58 59 59 59 73 73 73 74 74 74 76 76 76 76 76 76 74
            74 74 75 75 75 78 78 78 79 79 79 117 117 117 117 117 117 79 79 79 80 80 80 114 114 114
            80 80 80 81 81 81 82 82 82 114 114 114 81 81 81 82 82 82 111 111 111 114 114 114 82 82
            82 83 83 83 111 111 111 111 111 111 83 83 83 84 84 84 108 108 108 84 84 84 85 85 85 86
            86 86 108 108 108 85 85 85 86 86 86 87 87 87 108 108 108 108 108 108 87 87 87 105 105
            105 104 104 104 108 108 108 105 105 105 87 87 87 88 88 88 105 105 105 105 105 105 88 88
            88 89 89 89 102 102 102 89 89 89 90 90 90 91 91 91 102 102 102 90 90 90 91 91 91 95 95
            95 102 102 102 91 91 91 94 94 94 95 95 95 91 91 91 93 93 93 94 94 94 91 91 91 92 92 92
            93 93 93 101 101 101 100 100 100 104 104 104 89 89 89 102 102 102 105 105 105 105 105
            105 102 102 102 101 101 101 103 103 103 7 7 7 106 106 106 104 104 104 103 103 103 107
            107 107 103 103 103 100 100 100 6 6 6 107 107 107 106 106 106 110 110 110 84 84 84 108
            108 108 111 111 111 111 111 111 108 108 108 107 107 107 110 110 110 109 109 109 113 113
            113 111 111 111 110 110 110 114 114 114 113 113 113 112 112 112 116 116 116 80 80 80 114
            114 114 117 117 117 117 117 117 114 114 114 113 113 113 112 112 112 109 109 109 11 11 11
            116 116 116 115 115 115 119 119 119 118 118 118 15 15 15 121 121 121 119 119 119 118 118
            118 122 122 122 120 120 120 119 119 119 123 123 123 122 122 122 121 121 121 125 125 125
            56 56 56 123 123 123 126 126 126 126 126 126 123 123 123 122 122 122 125 125 125 124 124
            124 128 128 128 128 128 128 127 127 127 131 131 131 51 51 51 129 129 129 132 132 132 132
            132 132 129 129 129 128 128 128 127 127 127 124 124 124 19 19 19 131 131 131 130 130 130
            134 134 134 132 132 132 131 131 131 135 135 135 133 133 133 23 23 23 136 136 136 134 134
            134 133 133 133 137 137 137 47 47 47 135 135 135 138 138 138 138 138 138 135 135 135 134
            134 134 137 137 137 136 136 136 140 140 140 138 138 138 137 137 137 141 141 141 140 140
            140 139 139 139 143 143 143 141 141 141 140 140 140 144 144 144</p>
        </triangles>
      </mesh>
    </geometry>
    <geometry id="ID300">
      <mesh>
        <source id="ID301">
          <float_array id="ID302" count="144">0.0595 0.0041641 0.1912679 0.0590207 0.0041433
            0.1915238 0.0585277 0.0040616 0.1917339 0.0580282 0.003913 0.1918969 0.057541 0.0036966
            0.1920103 0.0570606 0.0034019 0.1921005 0.0566255 0.0030458 0.1921821 0.0562383
            0.0026301 0.1922546 0.055913 0.0021685 0.1923155 0.0556516 0.0016636 0.1923643 0.0554605
            0.0011271 0.1924 0.0553448 0.0005714 0.1924216 0.0553055 0.0000001 0.192429 0.055324
            -0.0003938 0.1924255 0.0553797 -0.0007841 0.1924151 0.0554726 -0.0011694 0.1923978
            0.0556008 -0.0015427 0.1923738 0.0557629 -0.0019001 0.1923435 0.0559586 -0.0022419
            0.1923069 0.0561863 -0.0025646 0.1922643 0.0564409 -0.0028618 0.1922167 0.0569548
            -0.0033237 0.1921204 0.057541 -0.0036966 0.1920103 0.0580267 -0.003912 0.191897
            0.0585247 -0.0040609 0.1917351 0.0590185 -0.0041429 0.1915248 0.0595 -0.0041641
            0.1912679 0.0595 -0.004 0.185 0.0588054 -0.0039392 0.185 0.0581319 -0.0037588 0.185
            0.0575 -0.0034641 0.185 0.0569288 -0.0030641 0.185 0.0564358 -0.0025712 0.185 0.0560359
            -0.002 0.185 0.0557412 -0.0013681 0.185 0.0555608 -0.0006946 0.185 0.0555 0 0.185
            0.0555608 0.0006946 0.185 0.0557412 0.0013681 0.185 0.0560359 0.002 0.185 0.0564358
            0.0025712 0.185 0.0569288 0.0030641 0.185 0.0575 0.0034641 0.185 0.0581319 0.0037588
            0.185 0.0588054 0.0039392 0.185 0.0595 0.004 0.185 0.0553055 0.0000001 0.192429 0.0555 0
            0.185</float_array>
          <technique_common>
            <accessor count="48" source="#ID302" stride="3">
              <param name="X" type="float" />
              <param name="Y" type="float" />
              <param name="Z" type="float" />
            </accessor>
          </technique_common>
        </source>
        <source id="ID303">
          <float_array id="ID304" count="144">0 -0.9996573 0.0261769 0.1148751 -0.993035 0.0261769
            0.2327431 -0.9721859 0.0261769 0.3519246 -0.9356622 0.0261769 0.4680999 -0.8832878
            0.0261769 0.5825357 -0.8123835 0.0261769 0.6861303 -0.7270076 0.0261769 0.7781788
            -0.6274971 0.0261769 0.8554748 -0.5171823 0.0261769 0.9175876 -0.3966709 0.0261769
            0.9628742 -0.2686784 0.0261769 0.990338 -0.1361817 0.0261769 0.9996573 -0.0000249
            0.0261769 0.9952413 0.093859 0.0261769 0.9820327 0.1868862 0.0261769 0.9600083 0.2787451
            0.0261769 0.9295486 0.3677692 0.0261769 0.8910854 0.4530802 0.0261769 0.844636 0.5347007
            0.0261769 0.7905453 0.6118439 0.0261769 0.7300131 0.6829317 0.0261769 0.607779 0.7936746
            0.0261769 0.4680999 0.8832878 0.0261769 0.3523231 0.9355123 0.0261769 0.2334591
            0.9720142 0.0261769 0.1154118 0.9929727 0.0261769 0 0.9996573 0.0261769 0 0.9996573
            0.0261769 0.1735887 0.9844703 0.0261769 0.3419029 0.9393706 0.0261769 0.4998287
            0.8657286 0.0261769 0.6425673 0.7657819 0.0261769 0.7657819 0.6425673 0.0261769
            0.8657286 0.4998287 0.0261769 0.9393706 0.3419029 0.0261769 0.9844703 0.1735887
            0.0261769 0.9996573 0 0.0261769 0.9844703 -0.1735887 0.0261769 0.9393706 -0.3419029
            0.0261769 0.8657286 -0.4998287 0.0261769 0.7657819 -0.6425673 0.0261769 0.6425673
            -0.7657819 0.0261769 0.4998287 -0.8657286 0.0261769 0.3419029 -0.9393706 0.0261769
            0.1735887 -0.9844703 0.0261769 0 -0.9996573 0.0261769 0.9996573 -0.0000249 0.0261769
            0.9996573 0 0.0261769</float_array>
          <technique_common>
            <accessor count="48" source="#ID304" stride="3">
              <param name="X" type="float" />
              <param name="Y" type="float" />
              <param name="Z" type="float" />
            </accessor>
          </technique_common>
        </source>
        <source id="ID305">
          <float_array id="ID306" count="96">0.8437129 0.750001 0.8781575 0.7683306 0.9064426
            0.787399 0.9283773 0.8072576 0.9436456 0.8275602 0.9557858 0.8490094 0.9667676 0.870398
            0.9765265 0.8919961 0.98472 0.9134578 0.9912958 0.9350594 0.9961023 0.9566916 0.9990125
            0.978251 1 0 0.9995343 0.0149692 0.9981344 0.029934 0.9957987 0.0449789 0.9925751
            0.0599645 0.9884972 0.0748688 0.9835709 0.0898259 0.9778373 0.1048317 0.9714205
            0.1197022 0.9584573 0.1459919 0.9436456 0.1724438 0.928396 0.1926786 0.906594 0.2124878
            0.8782941 0.2315873 0.8437129 0.250003 0 0.250003 0 0.2222253 0 0.1944476 0 0.1666699 0
            0.1388923 0 0.1111146 0 0.083337 0 0.0555593 0 0.0277816 0 1 0 0.9722223 0 0.9444446 0
            0.9166669 0 0.8888893 0 0.8611116 0 0.833334 0 0.8055563 0 0.7777786 0 0.750001 1
            0.999996 0 0.0000039</float_array>
          <technique_common>
            <accessor count="48" source="#ID306" stride="2">
              <param name="S" type="float" />
              <param name="T" type="float" />
            </accessor>
          </technique_common>
        </source>
        <vertices id="ID307">
          <input semantic="POSITION" source="#ID301" />
        </vertices>
        <triangles count="44" material="ID308">
          <input semantic="VERTEX" source="#ID307" offset="0" />
          <input semantic="NORMAL" source="#ID303" offset="1" />
          <input semantic="TEXCOORD" source="#ID305" offset="2" set="0" />
          <p>0 0 0 1 1 1 45 45 45 45 45 45 1 1 1 44 44 44 44 44 44 1 1 1 2 2 2 43 43 43 2 2 2 3 3 3
            4 4 4 43 43 43 3 3 3 4 4 4 42 42 42 43 43 43 4 4 4 5 5 5 42 42 42 42 42 42 5 5 5 41 41
            41 41 41 41 5 5 5 6 6 6 40 40 40 6 6 6 7 7 7 39 39 39 7 7 7 8 8 8 9 9 9 39 39 39 8 8 8 9
            9 9 38 38 38 39 39 39 9 9 9 10 10 10 38 38 38 38 38 38 10 10 10 37 37 37 37 37 37 10 10
            10 11 11 11 36 36 36 11 11 11 46 46 46 13 13 13 47 47 47 12 12 12 13 13 13 35 35 35 47
            47 47 13 13 13 14 14 14 35 35 35 35 35 35 14 14 14 15 15 15 34 34 34 15 15 15 16 16 16
            17 17 17 34 34 34 16 16 16 17 17 17 33 33 33 34 34 34 17 17 17 18 18 18 33 33 33 33 33
            33 18 18 18 32 32 32 32 32 32 18 18 18 19 19 19 20 20 20 32 32 32 19 19 19 20 20 20 31
            31 31 32 32 32 20 20 20 21 21 21 31 31 31 31 31 31 21 21 21 30 30 30 30 30 30 21 21 21
            22 22 22 23 23 23 30 30 30 22 22 22 23 23 23 29 29 29 30 30 30 23 23 23 24 24 24 29 29
            29 29 29 29 24 24 24 28 28 28 28 28 28 24 24 24 25 25 25 27 27 27 25 25 25 26 26 26 27
            27 27 28 28 28 25 25 25 34 34 34 35 35 35 15 15 15 36 36 36 37 37 37 11 11 11 39 39 39
            40 40 40 7 7 7 40 40 40 41 41 41 6 6 6 43 43 43 44 44 44 2 2 2</p>
        </triangles>
      </mesh>
    </geometry>
    <geometry id="ID309">
      <mesh>
        <source id="ID310">
          <float_array id="ID311" count="114">0.081 -0.11525 0.1352 0.081 -0.11525 0.1322 0.0805225
            -0.1152918 0.1322 0.0800594 -0.1154158 0.1322 0.079625 -0.1156184 0.1322 0.0792323
            -0.1158934 0.1322 0.0788934 -0.1162324 0.1322 0.0786184 -0.116625 0.1322 0.0784158
            -0.1170594 0.1322 0.0782918 -0.1175225 0.1322 0.07825 -0.118 0.1322 0.0782918 -0.1184775
            0.1322 0.0784158 -0.1189406 0.1322 0.0786184 -0.119375 0.1322 0.0788934 -0.1197676
            0.1322 0.0792323 -0.1201066 0.1322 0.079625 -0.1203816 0.1322 0.0800594 -0.1205842
            0.1322 0.0805225 -0.1207082 0.1322 0.081 -0.12075 0.1322 0.081 -0.12075 0.1352 0.0805225
            -0.1207082 0.1352 0.0800594 -0.1205842 0.1352 0.079625 -0.1203816 0.1352 0.0792323
            -0.1201066 0.1352 0.0788934 -0.1197676 0.1352 0.0786184 -0.119375 0.1352 0.0784158
            -0.1189406 0.1352 0.0782918 -0.1184775 0.1352 0.07825 -0.118 0.1352 0.0782918 -0.1175225
            0.1352 0.0784158 -0.1170594 0.1352 0.0786184 -0.116625 0.1352 0.0788934 -0.1162324
            0.1352 0.0792323 -0.1158934 0.1352 0.079625 -0.1156184 0.1352 0.0800594 -0.1154158
            0.1352 0.0805225 -0.1152918 0.1352</float_array>
          <technique_common>
            <accessor count="38" source="#ID311" stride="3">
              <param name="X" type="float" />
              <param name="Y" type="float" />
              <param name="Z" type="float" />
            </accessor>
          </technique_common>
        </source>
        <source id="ID312">
          <float_array id="ID313" count="114">0 1 0 0 1 0 -0.1736482 0.9848077 0 -0.3420202
            0.9396926 0 -0.5 0.8660254 0 -0.6427876 0.7660444 0 -0.7660444 0.6427876 0 -0.8660254
            0.5 0 -0.9396926 0.3420202 0 -0.9848077 0.1736482 0 -1 0 0 -0.9848077 -0.1736482 0
            -0.9396926 -0.3420202 0 -0.8660254 -0.5 0 -0.7660444 -0.6427876 0 -0.6427876 -0.7660444
            0 -0.5 -0.8660254 0 -0.3420202 -0.9396926 0 -0.1736482 -0.9848077 0 0 -1 0 0 -1 0
            -0.1736482 -0.9848077 0 -0.3420202 -0.9396926 0 -0.5 -0.8660254 0 -0.6427876 -0.7660444
            0 -0.7660444 -0.6427876 0 -0.8660254 -0.5 0 -0.9396926 -0.3420202 0 -0.9848077
            -0.1736482 0 -1 0 0 -0.9848077 0.1736482 0 -0.9396926 0.3420202 0 -0.8660254 0.5 0
            -0.7660444 0.6427876 0 -0.6427876 0.7660444 0 -0.5 0.8660254 0 -0.3420202 0.9396926 0
            -0.1736482 0.9848077 0</float_array>
          <technique_common>
            <accessor count="38" source="#ID313" stride="3">
              <param name="X" type="float" />
              <param name="Y" type="float" />
              <param name="Z" type="float" />
            </accessor>
          </technique_common>
        </source>
        <source id="ID314">
          <float_array id="ID315" count="76">1 0 0 0 0 0.0555556 0 0.1111112 0 0.1666667 0 0.2222223
            0 0.2777778 0 0.3333333 0 0.3888889 0 0.4444444 0 0.5 0 0.5555556 0 0.6111111 0
            0.6666667 0 0.7222222 0 0.7777777 0 0.8333333 0 0.8888889 0 0.9444445 0 1 1 1 1
            0.9444445 1 0.8888889 1 0.8333333 1 0.7777777 1 0.7222222 1 0.6666667 1 0.6111111 1
            0.5555556 1 0.5 1 0.4444444 1 0.3888889 1 0.3333333 1 0.2777778 1 0.2222223 1 0.1666667
            1 0.1111112 1 0.0555556</float_array>
          <technique_common>
            <accessor count="38" source="#ID315" stride="2">
              <param name="S" type="float" />
              <param name="T" type="float" />
            </accessor>
          </technique_common>
        </source>
        <vertices id="ID316">
          <input semantic="POSITION" source="#ID310" />
        </vertices>
        <triangles count="36" material="ID317">
          <input semantic="VERTEX" source="#ID316" offset="0" />
          <input semantic="NORMAL" source="#ID312" offset="1" />
          <input semantic="TEXCOORD" source="#ID314" offset="2" set="0" />
          <p>0 0 0 1 1 1 37 37 37 37 37 37 1 1 1 2 2 2 3 3 3 37 37 37 2 2 2 3 3 3 36 36 36 37 37 37
            3 3 3 4 4 4 36 36 36 36 36 36 4 4 4 35 35 35 35 35 35 4 4 4 34 34 34 34 34 34 4 4 4 5 5
            5 6 6 6 34 34 34 5 5 5 6 6 6 33 33 33 34 34 34 6 6 6 7 7 7 33 33 33 33 33 33 7 7 7 32 32
            32 32 32 32 7 7 7 8 8 8 31 31 31 8 8 8 30 30 30 31 31 31 32 32 32 8 8 8 8 8 8 9 9 9 30
            30 30 30 30 30 9 9 9 10 10 10 29 29 29 10 10 10 11 11 11 28 28 28 11 11 11 27 27 27 28
            28 28 29 29 29 11 11 11 11 11 11 12 12 12 27 27 27 27 27 27 12 12 12 13 13 13 26 26 26
            13 13 13 14 14 14 25 25 25 14 14 14 15 15 15 24 24 24 15 15 15 23 23 23 24 24 24 25 25
            25 15 15 15 15 15 15 16 16 16 23 23 23 23 23 23 16 16 16 17 17 17 22 22 22 17 17 17 18
            18 18 21 21 21 18 18 18 20 20 20 21 21 21 22 22 22 18 18 18 18 18 18 19 19 19 20 20 20
            22 22 22 23 23 23 17 17 17 25 25 25 26 26 26 14 14 14 26 26 26 27 27 27 13 13 13 29 29
            29 30 30 30 10 10 10</p>
        </triangles>
      </mesh>
    </geometry>
    <geometry id="ID318">
      <mesh>
        <source id="ID319">
          <float_array id="ID320" count="108">0.081 -0.12075 0.0348 0.0805225 -0.1207082 0.0348
            0.0800594 -0.1205842 0.0348 0.079625 -0.1203816 0.0348 0.0792323 -0.1201066 0.0348
            0.0788934 -0.1197676 0.0348 0.0786184 -0.119375 0.0348 0.0784158 -0.1189406 0.0348
            0.0782918 -0.1184775 0.0348 0.07825 -0.118 0.0348 0.0782918 -0.1175225 0.0348 0.0784158
            -0.1170594 0.0348 0.0786184 -0.116625 0.0348 0.0788934 -0.1162324 0.0348 0.0792323
            -0.1158934 0.0348 0.079625 -0.1156184 0.0348 0.0800594 -0.1154158 0.0348 0.0805225
            -0.1152918 0.0348 0.081 -0.11525 0.0348 0.0814775 -0.1152918 0.0348 0.0819406 -0.1154158
            0.0348 0.082375 -0.1156184 0.0348 0.0827677 -0.1158934 0.0348 0.0831066 -0.1162324
            0.0348 0.0833816 -0.116625 0.0348 0.0835842 -0.1170594 0.0348 0.0837082 -0.1175225
            0.0348 0.08375 -0.118 0.0348 0.0837082 -0.1184775 0.0348 0.0835842 -0.1189406 0.0348
            0.0833816 -0.119375 0.0348 0.0831066 -0.1197676 0.0348 0.0827677 -0.1201066 0.0348
            0.082375 -0.1203816 0.0348 0.0819406 -0.1205842 0.0348 0.0814775 -0.1207082 0.0348</float_array>
          <technique_common>
            <accessor count="36" source="#ID320" stride="3">
              <param name="X" type="float" />
              <param name="Y" type="float" />
              <param name="Z" type="float" />
            </accessor>
          </technique_common>
        </source>
        <source id="ID321">
          <float_array id="ID322" count="108">0 0 -1 0 0 -1 0 0 -1 0 0 -1 0 0 -1 0 0 -1 0 0 -1 0 0
            -1 0 0 -1 0 0 -1 0 0 -1 0 0 -1 0 0 -1 0 0 -1 0 0 -1 0 0 -1 0 0 -1 0 0 -1 0 0 -1 0 0 -1 0
            0 -1 0 0 -1 0 0 -1 0 0 -1 0 0 -1 0 0 -1 0 0 -1 0 0 -1 0 0 -1 0 0 -1 0 0 -1 0 0 -1 0 0 -1
            0 0 -1 0 0 -1 0 0 -1</float_array>
          <technique_common>
            <accessor count="36" source="#ID322" stride="3">
              <param name="X" type="float" />
              <param name="Y" type="float" />
              <param name="Z" type="float" />
            </accessor>
          </technique_common>
        </source>
        <source id="ID323">
          <float_array id="ID324" count="72">0.5 1 0.4131759 0.9924039 0.32899 0.9698463 0.25
            0.9330127 0.1786062 0.8830222 0.1169778 0.8213938 0.0669873 0.75 0.0301537 0.6710101
            0.0075961 0.5868241 0 0.5 0.0075961 0.4131759 0.0301537 0.32899 0.0669873 0.25 0.1169778
            0.1786062 0.1786062 0.1169778 0.25 0.0669873 0.32899 0.0301537 0.4131759 0.0075961 0.5 0
            0.5868241 0.0075961 0.6710101 0.0301537 0.75 0.0669873 0.8213938 0.1169778 0.8830222
            0.1786062 0.9330127 0.25 0.9698463 0.32899 0.9924039 0.4131759 1 0.5 0.9924039 0.5868241
            0.9698463 0.6710101 0.9330127 0.75 0.8830222 0.8213938 0.8213938 0.8830222 0.75
            0.9330127 0.6710101 0.9698463 0.5868241 0.9924039</float_array>
          <technique_common>
            <accessor count="36" source="#ID324" stride="2">
              <param name="S" type="float" />
              <param name="T" type="float" />
            </accessor>
          </technique_common>
        </source>
        <vertices id="ID325">
          <input semantic="POSITION" source="#ID319" />
        </vertices>
        <triangles count="34" material="ID326">
          <input semantic="VERTEX" source="#ID325" offset="0" />
          <input semantic="NORMAL" source="#ID321" offset="1" />
          <input semantic="TEXCOORD" source="#ID323" offset="2" set="0" />
          <p>0 0 0 1 1 1 35 35 35 35 35 35 1 1 1 34 34 34 34 34 34 1 1 1 2 2 2 33 33 33 2 2 2 3 3 3
            32 32 32 3 3 3 4 4 4 31 31 31 4 4 4 5 5 5 30 30 30 5 5 5 6 6 6 29 29 29 6 6 6 7 7 7 28
            28 28 7 7 7 8 8 8 27 27 27 8 8 8 9 9 9 26 26 26 9 9 9 10 10 10 25 25 25 10 10 10 11 11
            11 24 24 24 11 11 11 12 12 12 23 23 23 12 12 12 13 13 13 22 22 22 13 13 13 14 14 14 21
            21 21 14 14 14 15 15 15 20 20 20 15 15 15 16 16 16 19 19 19 16 16 16 17 17 17 18 18 18
            19 19 19 17 17 17 19 19 19 20 20 20 16 16 16 20 20 20 21 21 21 15 15 15 21 21 21 22 22
            22 14 14 14 22 22 22 23 23 23 13 13 13 23 23 23 24 24 24 12 12 12 24 24 24 25 25 25 11
            11 11 25 25 25 26 26 26 10 10 10 26 26 26 27 27 27 9 9 9 27 27 27 28 28 28 8 8 8 28 28
            28 29 29 29 7 7 7 29 29 29 30 30 30 6 6 6 30 30 30 31 31 31 5 5 5 31 31 31 32 32 32 4 4
            4 32 32 32 33 33 33 3 3 3 33 33 33 34 34 34 2 2 2</p>
        </triangles>
      </mesh>
    </geometry>
    <geometry id="ID327">
      <mesh>
        <source id="ID328">
          <float_array id="ID329" count="177">0.0624991 -0.004 0.185 0.0626128 -0.0013342 0.185
            0.0626128 0.0013342 0.185 0.0624991 0.004 0.185 0.0595 0.004 0.185 0.0588054 0.0039392
            0.185 0.0581319 0.0037588 0.185 0.0575 0.0034641 0.185 0.0569288 0.0030641 0.185
            0.0564358 0.0025712 0.185 0.0560359 0.002 0.185 0.0557412 0.0013681 0.185 0.0555608
            0.0006946 0.185 0.0555 0 0.185 0.0555608 -0.0006946 0.185 0.0557412 -0.0013681 0.185
            0.0560359 -0.002 0.185 0.0564358 -0.0025712 0.185 0.0569288 -0.0030641 0.185 0.0575
            -0.0034641 0.185 0.0581319 -0.0037588 0.185 0.0588054 -0.0039392 0.185 0.0595 -0.004
            0.185 0.057 0 0.185 0.0570418 0.0004775 0.185 0.0571658 0.0009406 0.185 0.0573684
            0.001375 0.185 0.0576434 0.0017676 0.185 0.0579823 0.0021066 0.185 0.058375 0.0023816
            0.185 0.0588094 0.0025842 0.185 0.0592725 0.0027082 0.185 0.05975 0.00275 0.185
            0.0602275 0.0027082 0.185 0.0606906 0.0025842 0.185 0.061125 0.0023816 0.185 0.0615177
            0.0021066 0.185 0.0618566 0.0017676 0.185 0.0621316 0.001375 0.185 0.0623342 0.0009406
            0.185 0.0624582 0.0004775 0.185 0.0625 0 0.185 0.0624582 -0.0004775 0.185 0.0623342
            -0.0009406 0.185 0.0621316 -0.001375 0.185 0.0618566 -0.0017676 0.185 0.0615177
            -0.0021066 0.185 0.061125 -0.0023816 0.185 0.0606906 -0.0025842 0.185 0.0602275
            -0.0027082 0.185 0.05975 -0.00275 0.185 0.0592725 -0.0027082 0.185 0.0588094 -0.0025842
            0.185 0.058375 -0.0023816 0.185 0.0579823 -0.0021066 0.185 0.0576434 -0.0017676 0.185
            0.0573684 -0.001375 0.185 0.0571658 -0.0009406 0.185 0.0570418 -0.0004775 0.185</float_array>
          <technique_common>
            <accessor count="59" source="#ID329" stride="3">
              <param name="X" type="float" />
              <param name="Y" type="float" />
              <param name="Z" type="float" />
            </accessor>
          </technique_common>
        </source>
        <source id="ID330">
          <float_array id="ID331" count="177">0 0 1 0 0 1 0 0 1 0 0 1 0 0 1 0 0 1 0 0 1 0 0 1 0 0 1
            0 0 1 0 0 1 0 0 1 0 0 1 0 0 1 0 0 1 0 0 1 0 0 1 0 0 1 0 0 1 0 0 1 0 0 1 0 0 1 0 0 1 0 0
            1 0 0 1 0 0 1 0 0 1 0 0 1 0 0 1 0 0 1 0 0 1 0 0 1 0 0 1 0 0 1 0 0 1 0 0 1 0 0 1 0 0 1 0
            0 1 0 0 1 0 0 1 0 0 1 0 0 1 0 0 1 0 0 1 0 0 1 0 0 1 0 0 1 0 0 1 0 0 1 0 0 1 0 0 1 0 0 1
            0 0 1 0 0 1 0 0 1 0 0 1 0 0 1 0 0 1</float_array>
          <technique_common>
            <accessor count="59" source="#ID331" stride="3">
              <param name="X" type="float" />
              <param name="Y" type="float" />
              <param name="Z" type="float" />
            </accessor>
          </technique_common>
        </source>
        <source id="ID332">
          <float_array id="ID333" count="118">0.0159796 1 0 0.6667676 0 0.3332324 0.0159796 0
            0.4376311 0 0.5352854 0.0075961 0.6299726 0.0301537 0.7188156 0.0669873 0.7991148
            0.1169778 0.8684307 0.1786062 0.9246568 0.25 0.966085 0.3289899 0.9914563 0.4131759 1
            0.5 0.9914563 0.5868241 0.966085 0.6710101 0.9246568 0.75 0.8684307 0.8213938 0.7991148
            0.8830222 0.7188156 0.9330127 0.6299726 0.9698463 0.5352854 0.9924039 0.4376311 1
            0.7891117 0.5 0.7832379 0.4403085 0.7657951 0.3824306 0.7373133 0.328125 0.6986578
            0.2790418 0.6510031 0.2366722 0.5957974 0.2023038 0.5347178 0.1769807 0.4696204
            0.1614723 0.402483 0.15625 0.3353457 0.1614723 0.2702482 0.1769807 0.2091687 0.2023038
            0.1539629 0.2366722 0.1063083 0.2790418 0.0676528 0.328125 0.039171 0.3824306 0.0217281
            0.4403085 0.0158544 0.5 0.0217281 0.5596915 0.039171 0.6175694 0.0676528 0.671875
            0.1063083 0.7209582 0.1539629 0.7633278 0.2091687 0.7976962 0.2702482 0.8230193
            0.3353457 0.8385277 0.402483 0.84375 0.4696204 0.8385277 0.5347178 0.8230193 0.5957974
            0.7976962 0.6510031 0.7633278 0.6986578 0.7209582 0.7373133 0.671875 0.7657951 0.6175694
            0.7832379 0.5596915</float_array>
          <technique_common>
            <accessor count="59" source="#ID333" stride="2">
              <param name="S" type="float" />
              <param name="T" type="float" />
            </accessor>
          </technique_common>
        </source>
        <vertices id="ID334">
          <input semantic="POSITION" source="#ID328" />
        </vertices>
        <triangles count="59" material="ID335">
          <input semantic="VERTEX" source="#ID334" offset="0" />
          <input semantic="NORMAL" source="#ID330" offset="1" />
          <input semantic="TEXCOORD" source="#ID332" offset="2" set="0" />
          <p>43 43 43 44 44 44 1 1 1 42 42 42 1 1 1 41 41 41 42 42 42 43 43 43 1 1 1 1 1 1 2 2 2 41
            41 41 41 41 41 2 2 2 40 40 40 40 40 40 2 2 2 39 39 39 39 39 39 2 2 2 38 38 38 38 38 38 2
            2 2 37 37 37 37 37 37 2 2 2 3 3 3 36 36 36 3 3 3 35 35 35 36 36 36 37 37 37 3 3 3 35 35
            35 3 3 3 34 34 34 34 34 34 3 3 3 4 4 4 33 33 33 4 4 4 32 32 32 33 33 33 34 34 34 4 4 4
            32 32 32 4 4 4 31 31 31 31 31 31 4 4 4 5 5 5 30 30 30 5 5 5 6 6 6 29 29 29 6 6 6 7 7 7
            28 28 28 7 7 7 8 8 8 27 27 27 8 8 8 9 9 9 26 26 26 9 9 9 10 10 10 25 25 25 10 10 10 11
            11 11 24 24 24 11 11 11 12 12 12 23 23 23 12 12 12 13 13 13 14 14 14 23 23 23 13 13 13
            14 14 14 58 58 58 23 23 23 14 14 14 15 15 15 58 58 58 58 58 58 15 15 15 57 57 57 57 57
            57 15 15 15 16 16 16 56 56 56 16 16 16 17 17 17 55 55 55 17 17 17 18 18 18 54 54 54 18
            18 18 19 19 19 53 53 53 19 19 19 20 20 20 52 52 52 20 20 20 21 21 21 51 51 51 21 21 21
            22 22 22 50 50 50 22 22 22 49 49 49 50 50 50 51 51 51 22 22 22 49 49 49 22 22 22 48 48
            48 48 48 48 22 22 22 0 0 0 47 47 47 0 0 0 46 46 46 47 47 47 48 48 48 0 0 0 23 23 23 24
            24 24 12 12 12 24 24 24 25 25 25 11 11 11 25 25 25 26 26 26 10 10 10 26 26 26 27 27 27 9
            9 9 27 27 27 28 28 28 8 8 8 28 28 28 29 29 29 7 7 7 29 29 29 30 30 30 6 6 6 30 30 30 31
            31 31 5 5 5 44 44 44 45 45 45 1 1 1 1 1 1 45 45 45 0 0 0 0 0 0 45 45 45 46 46 46 51 51
            51 52 52 52 21 21 21 52 52 52 53 53 53 20 20 20 53 53 53 54 54 54 19 19 19 54 54 54 55
            55 55 18 18 18 55 55 55 56 56 56 17 17 17 56 56 56 57 57 57 16 16 16</p>
        </triangles>
      </mesh>
    </geometry>
    <geometry id="ID336">
      <mesh>
        <source id="ID337">
          <float_array id="ID338" count="33">0.0624991 0.004 0.185 0.0624508 0.0040345 0.1863168
            0.0623764 0.0040541 0.1870645 0.0622094 0.0040732 0.1877945 0.0619504 0.0040917
            0.1885038 0.0616073 0.0041092 0.18917 0.0611832 0.0041254 0.1897893 0.0606827 0.0041402
            0.1903535 0.0601213 0.0041531 0.1908466 0.0595 0.0041641 0.1912679 0.0595 0.004 0.185</float_array>
          <technique_common>
            <accessor count="11" source="#ID338" stride="3">
              <param name="X" type="float" />
              <param name="Y" type="float" />
              <param name="Z" type="float" />
            </accessor>
          </technique_common>
        </source>
        <source id="ID339">
          <float_array id="ID340" count="33">0 -0.9996573 0.0261769 0 -0.9996573 0.0261769 0
            -0.9996573 0.0261769 0 -0.9996573 0.0261769 0 -0.9996573 0.0261769 0 -0.9996573
            0.0261769 0 -0.9996573 0.0261769 0 -0.9996573 0.0261769 0 -0.9996573 0.0261769 0
            -0.9996573 0.0261769 0 -0.9996573 0.0261769</float_array>
          <technique_common>
            <accessor count="11" source="#ID340" stride="3">
              <param name="X" type="float" />
              <param name="Y" type="float" />
              <param name="Z" type="float" />
            </accessor>
          </technique_common>
        </source>
        <source id="ID341">
          <float_array id="ID342" count="22">1 1 0.7899152 0.9838966 0.6706234 0.9590864 0.5541612
            0.903394 0.441004 0.8170279 0.3347059 0.7026283 0.2359094 0.5612422 0.1458814 0.3943537
            0.0672157 0.2071689 0 0 1 0</float_array>
          <technique_common>
            <accessor count="11" source="#ID342" stride="2">
              <param name="S" type="float" />
              <param name="T" type="float" />
            </accessor>
          </technique_common>
        </source>
        <vertices id="ID343">
          <input semantic="POSITION" source="#ID337" />
        </vertices>
        <triangles count="9" material="ID344">
          <input semantic="VERTEX" source="#ID343" offset="0" />
          <input semantic="NORMAL" source="#ID339" offset="1" />
          <input semantic="TEXCOORD" source="#ID341" offset="2" set="0" />
          <p>0 0 0 1 1 1 10 10 10 10 10 10 1 1 1 2 2 2 3 3 3 10 10 10 2 2 2 3 3 3 4 4 4 10 10 10 10
            10 10 4 4 4 5 5 5 6 6 6 10 10 10 5 5 5 6 6 6 7 7 7 10 10 10 10 10 10 7 7 7 8 8 8 9 9 9
            10 10 10 8 8 8</p>
        </triangles>
      </mesh>
    </geometry>
    <geometry id="ID345">
      <mesh>
        <source id="ID346">
          <float_array id="ID347" count="288">0.057541 0.0036966 0.1920103 0.0580282 0.003913
            0.1918969 0.0585277 0.0040616 0.1917339 0.0590207 0.0041433 0.1915238 0.0595 0.0041641
            0.1912679 0.0601213 0.0041531 0.1908466 0.0606827 0.0041402 0.1903535 0.0611832
            0.0041254 0.1897893 0.0616073 0.0041092 0.18917 0.0619504 0.0040917 0.1885038 0.0622094
            0.0040732 0.1877945 0.0623764 0.0040541 0.1870645 0.0624508 0.0040345 0.1863168
            0.0618105 0.0097898 0.1863168 0.0595181 0.0193386 0.1863168 0.0557601 0.0284112
            0.1863168 0.0506291 0.0367842 0.1863168 0.0442514 0.0442515 0.1863168 0.0367842
            0.0506291 0.1863168 0.0284112 0.0557601 0.1863168 0.0193386 0.0595181 0.1863168
            0.0097898 0.0618105 0.1863168 0.0040345 0.0624508 0.1863168 0.004054 0.0623765 0.1870638
            0.0040731 0.0622101 0.1877922 0.0040917 0.0619517 0.1885007 0.0041091 0.0616084
            0.1891681 0.0041253 0.0611854 0.1897866 0.0041401 0.0606845 0.1903517 0.0041531
            0.0601219 0.1908462 0.0041641 0.0595 0.1912679 0.004143 0.0590185 0.1915248 0.0040609
            0.0585247 0.1917351 0.003912 0.0580267 0.191897 0.0036966 0.057541 0.1920103 0.00902
            0.0569497 0.1920103 0.0131946 0.0561296 0.1920103 0.0178178 0.0548375 0.1920103
            0.0213039 0.0535796 0.1920103 0.0261769 0.0513751 0.1920103 0.0317731 0.0481155
            0.1920103 0.0338915 0.0466476 0.1920103 0.0407715 0.0407715 0.1920103 0.0413345
            0.0402006 0.1920103 0.0466476 0.0338915 0.1920103 0.0491153 0.0302046 0.1920103
            0.0513751 0.0261769 0.1920103 0.0544868 0.0188631 0.1920103 0.0548376 0.0178178
            0.1920103 0.0569497 0.00902 0.1920103 0.0572246 0.0070693 0.1920103 0.0616419 0.0097631
            0.1875433 0.0611353 0.0096829 0.1888957 0.0603238 0.0095543 0.1900861 0.0592544
            0.0093849 0.1910453 0.0579894 0.0091846 0.1917175 0.0593557 0.0192858 0.1875433
            0.0588679 0.0191273 0.1888957 0.0580865 0.0188734 0.1900861 0.0570568 0.0185389
            0.1910453 0.0558387 0.0181431 0.1917175 0.055608 0.0283337 0.1875433 0.055151 0.0281008
            0.1888957 0.0544189 0.0277278 0.1900861 0.0534542 0.0272363 0.1910453 0.052313 0.0266548
            0.1917175 0.050491 0.0366838 0.1875433 0.050076 0.0363824 0.1888957 0.0494113 0.0358994
            0.1900861 0.0485354 0.035263 0.1910453 0.0474992 0.0345102 0.1917175 0.0441307 0.0441307
            0.1875433 0.0437681 0.0437681 0.1888957 0.0431871 0.0431871 0.1900861 0.0424215
            0.0424215 0.1910453 0.0415159 0.0415159 0.1917175 0.0366839 0.050491 0.1875433 0.0363824
            0.050076 0.1888957 0.0358994 0.0494113 0.1900861 0.035263 0.0485354 0.1910453 0.0345102
            0.0474992 0.1917175 0.0283337 0.055608 0.1875433 0.0281008 0.055151 0.1888957 0.0277278
            0.0544189 0.1900861 0.0272363 0.0534542 0.1910453 0.0266548 0.052313 0.1917175 0.0192858
            0.0593557 0.1875433 0.0191273 0.0588679 0.1888957 0.0188734 0.0580865 0.1900861
            0.0185389 0.0570568 0.1910453 0.0181431 0.0558387 0.1917175 0.0097631 0.0616419
            0.1875433 0.0096829 0.0611353 0.1888957 0.0095543 0.0603238 0.1900861 0.009385 0.0592545
            0.1910453 0.0091846 0.0579894 0.1917175</float_array>
          <technique_common>
            <accessor count="96" source="#ID347" stride="3">
              <param name="X" type="float" />
              <param name="Y" type="float" />
              <param name="Z" type="float" />
            </accessor>
          </technique_common>
        </source>
        <source id="ID348">
          <float_array id="ID349" count="288">0.1787919 0.011486 0.9838198 0.2618938 0.0176595
            0.9649351 0.3464601 0.0240428 0.9377565 0.4289458 0.0301121 0.9028282 0.5089025
            0.0356157 0.860087 0.6129407 0.0423351 0.788994 0.7060387 0.0481631 0.7065336 0.7880997
            0.0531369 0.6132498 0.8580096 0.0572291 0.5104354 0.9150983 0.0604377 0.3986758
            0.9576816 0.0627034 0.2809168 0.9851738 0.0640287 0.1591634 0.9973118 0.0644289
            0.0348995 0.9870867 0.1563392 0.0348995 0.9504772 0.3088287 0.0348995 0.8904638 0.453714
            0.0348995 0.8085242 0.5874272 0.0348995 0.706676 0.706676 0.0348995 0.5874272 0.8085242
            0.0348995 0.453714 0.8904638 0.0348995 0.3088287 0.9504772 0.0348995 0.1563392 0.9870867
            0.0348995 0.0644289 0.9973118 0.0348995 0.0640297 0.9851961 0.1590244 0.0627087
            0.9577861 0.280559 0.0604493 0.9153107 0.3981861 0.0572401 0.8582012 0.510112 0.0531571
            0.7884381 0.6128129 0.0481806 0.7063223 0.7062489 0.0423428 0.6130618 0.7888994
            0.0356157 0.5089025 0.860087 0.0300873 0.4286118 0.9029876 0.0240049 0.345955 0.9379439
            0.0176362 0.2616079 0.9650131 0.011486 0.1787919 0.9838198 0.0280269 0.1769547 0.9838198
            0.0409985 0.1744064 0.9838198 0.0553636 0.1703917 0.9838198 0.0661957 0.166483 0.9838198
            0.0813371 0.1596331 0.9838198 0.0987256 0.1495049 0.9838198 0.1053079 0.1449438
            0.9838198 0.1266856 0.1266856 0.9838198 0.1284349 0.1249117 0.9838198 0.1449438
            0.1053079 0.9838198 0.1526115 0.0938519 0.9838198 0.1596331 0.0813371 0.9838198
            0.1693019 0.0586117 0.9838198 0.1703917 0.0553636 0.9838198 0.1769547 0.0280269
            0.9838198 0.1778088 0.0219656 0.9838198 0.9589879 0.1518888 0.2393157 0.8745546
            0.1385158 0.4647232 0.7392954 0.1170929 0.6631227 0.5610709 0.0888649 0.8229839
            0.3502391 0.0554724 0.9350162 0.9234205 0.3000375 0.2393157 0.8421187 0.273621 0.4647232
            0.711876 0.2313025 0.6631227 0.5402617 0.1755417 0.8229839 0.3372493 0.1095789 0.9350162
            0.8651155 0.4407984 0.2393157 0.7889471 0.4019886 0.4647232 0.6669279 0.3398168
            0.6631227 0.5061494 0.257896 0.8229839 0.3159553 0.1609872 0.9350162 0.7855085 0.5707053
            0.2393157 0.7163489 0.520458 0.4647232 0.6055579 0.4399636 0.6631227 0.459574 0.3339001
            0.8229839 0.2868814 0.2084315 0.9350162 0.6865596 0.6865596 0.2393157 0.626112 0.626112
            0.4647232 0.529277 0.529277 0.6631227 0.4016824 0.4016824 0.8229839 0.2507435 0.2507435
            0.9350162 0.5707053 0.7855085 0.2393157 0.520458 0.7163489 0.4647232 0.4399636 0.6055579
            0.6631227 0.3339001 0.459574 0.8229839 0.2084315 0.2868814 0.9350162 0.4407984 0.8651155
            0.2393157 0.4019886 0.7889471 0.4647232 0.3398168 0.6669279 0.6631227 0.257896 0.5061494
            0.8229839 0.1609872 0.3159553 0.9350162 0.3000375 0.9234205 0.2393157 0.273621 0.8421187
            0.4647232 0.2313025 0.711876 0.6631227 0.1755417 0.5402617 0.8229839 0.1095789 0.3372493
            0.9350162 0.1518888 0.9589879 0.2393157 0.1385158 0.8745546 0.4647232 0.1170929
            0.7392954 0.6631227 0.0888649 0.5610709 0.8229839 0.0554724 0.3502391 0.9350162</float_array>
          <technique_common>
            <accessor count="96" source="#ID349" stride="3">
              <param name="X" type="float" />
              <param name="Y" type="float" />
              <param name="Z" type="float" />
            </accessor>
          </technique_common>
        </source>
        <source id="ID350">
          <float_array id="ID351" count="192">1 1 0.9369597 0.9977996 0.8712526 0.9964433 0.8050082
            0.9958882 0.7379891 0.9960364 0.6448526 0.9966687 0.5529616 0.9972571 0.4611902
            0.9978036 0.3693764 0.9983035 0.2767207 0.9987556 0.1842828 0.9991496 0.0921527
            0.9994822 0 0.9997513 0 0.9355797 0 0.8266847 0 0.7177898 0 0.6088949 0 0.5 0 0.391105 0
            0.2822102 0 0.1733153 0 0.0644203 0 0.0002488 0.0920488 0.0005175 0.1840078 0.0008494
            0.2763269 0.0012428 0.3690991 0.001695 0.4607824 0.002194 0.5526649 0.0027409 0.6447392
            0.0033304 0.7379891 0.0039636 0.8052819 0.0041096 0.8716509 0.0035511 0.937179 0.0021898
            1 0 1 0.0644203 1 0.1155838 1 0.1733153 1 0.2178818 1 0.2822102 1 0.3601156 1 0.391105 1
            0.5 1 0.50964 1 0.6088949 1 0.6622488 1 0.7177898 1 0.8134279 1 0.8266847 1 0.9355797 1
            0.9592661 0.1525011 0.9355797 0.3307491 0.9355797 0.5089972 0.9355797 0.6872452
            0.9355797 0.8654933 0.9355797 0.1525011 0.8266847 0.3307491 0.8266847 0.5089972
            0.8266847 0.6872452 0.8266847 0.8654933 0.8266847 0.1525011 0.7177898 0.3307491
            0.7177898 0.5089972 0.7177898 0.6872452 0.7177898 0.8654933 0.7177898 0.1525011
            0.6088949 0.3307491 0.6088949 0.5089972 0.6088949 0.6872452 0.6088949 0.8654933
            0.6088949 0.1525011 0.5 0.3307491 0.5 0.5089972 0.5 0.6872452 0.5 0.8654933 0.5
            0.1525011 0.391105 0.3307491 0.391105 0.5089972 0.391105 0.6872452 0.391105 0.8654933
            0.391105 0.1525011 0.2822102 0.3307491 0.2822102 0.5089972 0.2822102 0.6872452 0.2822102
            0.8654933 0.2822102 0.1525011 0.1733153 0.3307491 0.1733153 0.5089972 0.1733153
            0.6872452 0.1733153 0.8654933 0.1733153 0.1525011 0.0644203 0.3307491 0.0644203
            0.5089972 0.0644203 0.6872452 0.0644203 0.8654933 0.0644203</float_array>
          <technique_common>
            <accessor count="96" source="#ID351" stride="2">
              <param name="S" type="float" />
              <param name="T" type="float" />
            </accessor>
          </technique_common>
        </source>
        <vertices id="ID352">
          <input semantic="POSITION" source="#ID346" />
        </vertices>
        <triangles count="139" material="ID353">
          <input semantic="VERTEX" source="#ID352" offset="0" />
          <input semantic="NORMAL" source="#ID348" offset="1" />
          <input semantic="TEXCOORD" source="#ID350" offset="2" set="0" />
          <p>0 0 0 1 1 1 50 50 50 50 50 50 1 1 1 2 2 2 3 3 3 50 50 50 2 2 2 3 3 3 55 55 55 50 50 50
            3 3 3 54 54 54 55 55 55 3 3 3 4 4 4 54 54 54 54 54 54 4 4 4 5 5 5 53 53 53 5 5 5 6 6 6 7
            7 7 53 53 53 6 6 6 7 7 7 52 52 52 53 53 53 7 7 7 8 8 8 52 52 52 52 52 52 8 8 8 9 9 9 51
            51 51 9 9 9 10 10 10 11 11 11 51 51 51 10 10 10 11 11 11 13 13 13 51 51 51 11 11 11 12
            12 12 13 13 13 51 51 51 13 13 13 56 56 56 57 57 57 56 56 56 62 62 62 63 63 63 62 62 62
            68 68 68 69 69 69 68 68 68 74 74 74 75 75 75 74 74 74 80 80 80 41 41 41 80 80 80 40 40
            40 41 41 41 75 75 75 80 80 80 41 41 41 42 42 42 75 75 75 75 75 75 42 42 42 43 43 43 70
            70 70 43 43 43 44 44 44 45 45 45 70 70 70 44 44 44 45 45 45 65 65 65 70 70 70 45 45 45
            46 46 46 65 65 65 65 65 65 46 46 46 47 47 47 60 60 60 47 47 47 48 48 48 55 55 55 48 48
            48 49 49 49 50 50 50 55 55 55 49 49 49 22 22 22 23 23 23 21 21 21 21 21 21 23 23 23 91
            91 91 20 20 20 91 91 91 86 86 86 19 19 19 86 86 86 81 81 81 18 18 18 81 81 81 76 76 76
            17 17 17 76 76 76 71 71 71 16 16 16 71 71 71 66 66 66 15 15 15 66 66 66 61 61 61 14 14
            14 61 61 61 56 56 56 13 13 13 14 14 14 56 56 56 15 15 15 16 16 16 66 66 66 16 16 16 17
            17 17 71 71 71 17 17 17 18 18 18 76 76 76 18 18 18 19 19 19 81 81 81 19 19 19 20 20 20
            86 86 86 20 20 20 21 21 21 91 91 91 23 23 23 24 24 24 91 91 91 91 91 91 24 24 24 25 25
            25 92 92 92 25 25 25 26 26 26 27 27 27 92 92 92 26 26 26 27 27 27 93 93 93 92 92 92 27
            27 27 28 28 28 93 93 93 93 93 93 28 28 28 29 29 29 94 94 94 29 29 29 30 30 30 31 31 31
            94 94 94 30 30 30 31 31 31 95 95 95 94 94 94 31 31 31 32 32 32 95 95 95 95 95 95 32 32
            32 35 35 35 36 36 36 95 95 95 35 35 35 36 36 36 90 90 90 95 95 95 36 36 36 37 37 37 90
            90 90 90 90 90 37 37 37 38 38 38 85 85 85 38 38 38 39 39 39 40 40 40 85 85 85 39 39 39
            40 40 40 80 80 80 85 85 85 85 85 85 80 80 80 79 79 79 84 84 84 79 79 79 78 78 78 83 83
            83 78 78 78 77 77 77 82 82 82 77 77 77 76 76 76 81 81 81 82 82 82 76 76 76 81 81 81 87
            87 87 82 82 82 81 81 81 86 86 86 87 87 87 87 87 87 86 86 86 92 92 92 93 93 93 87 87 87
            92 92 92 93 93 93 88 88 88 87 87 87 93 93 93 94 94 94 88 88 88 93 93 93 29 29 29 94 94
            94 32 32 32 33 33 33 35 35 35 35 35 35 33 33 33 34 34 34 15 15 15 61 61 61 14 14 14 9 9
            9 51 51 51 52 52 52 52 52 52 51 51 51 57 57 57 58 58 58 57 57 57 63 63 63 64 64 64 63 63
            63 69 69 69 70 70 70 69 69 69 75 75 75 43 43 43 70 70 70 75 75 75 5 5 5 53 53 53 54 54
            54 54 54 54 53 53 53 59 59 59 60 60 60 59 59 59 65 65 65 47 47 47 60 60 60 65 65 65 57
            57 57 58 58 58 52 52 52 52 52 52 58 58 58 53 53 53 53 53 53 58 58 58 59 59 59 59 59 59
            58 58 58 64 64 64 65 65 65 64 64 64 70 70 70 65 65 65 59 59 59 64 64 64 59 59 59 60 60
            60 54 54 54 54 54 54 60 60 60 55 55 55 55 55 55 60 60 60 48 48 48 56 56 56 57 57 57 51
            51 51 56 56 56 61 61 61 62 62 62 62 62 62 61 61 61 67 67 67 68 68 68 67 67 67 73 73 73
            74 74 74 73 73 73 79 79 79 80 80 80 74 74 74 79 79 79 62 62 62 63 63 63 57 57 57 63 63
            63 64 64 64 58 58 58 61 61 61 66 66 66 67 67 67 67 67 67 66 66 66 72 72 72 73 73 73 72
            72 72 78 78 78 79 79 79 73 73 73 78 78 78 67 67 67 68 68 68 62 62 62 68 68 68 69 69 69
            63 63 63 69 69 69 70 70 70 64 64 64 66 66 66 71 71 71 72 72 72 72 72 72 71 71 71 77 77
            77 78 78 78 72 72 72 77 77 77 72 72 72 73 73 73 67 67 67 73 73 73 74 74 74 68 68 68 74
            74 74 75 75 75 69 69 69 76 76 76 77 77 77 71 71 71 77 77 77 82 82 82 83 83 83 83 83 83
            82 82 82 88 88 88 89 89 89 88 88 88 94 94 94 95 95 95 89 89 89 94 94 94 95 95 95 90 90
            90 89 89 89 89 89 89 90 90 90 84 84 84 83 83 83 84 84 84 78 78 78 83 83 83 89 89 89 84
            84 84 83 83 83 88 88 88 89 89 89 79 79 79 84 84 84 85 85 85 85 85 85 84 84 84 90 90 90
            38 38 38 85 85 85 90 90 90 87 87 87 88 88 88 82 82 82 25 25 25 92 92 92 91 91 91 91 91
            91 92 92 92 86 86 86</p>
        </triangles>
      </mesh>
    </geometry>
    <geometry id="ID354">
      <mesh>
        <source id="ID355">
          <float_array id="ID356" count="33">0.0040345 0.0624508 0.1863168 0.004 0.0624991 0.185
            0.004 0.0595 0.185 0.0041641 0.0595 0.1912679 0.0041531 0.0601219 0.1908462 0.0041401
            0.0606845 0.1903517 0.0041253 0.0611854 0.1897866 0.0041091 0.0616084 0.1891681
            0.0040917 0.0619517 0.1885007 0.0040731 0.0622101 0.1877922 0.004054 0.0623765 0.1870638</float_array>
          <technique_common>
            <accessor count="11" source="#ID356" stride="3">
              <param name="X" type="float" />
              <param name="Y" type="float" />
              <param name="Z" type="float" />
            </accessor>
          </technique_common>
        </source>
        <source id="ID357">
          <float_array id="ID358" count="33">-0.9996573 0 0.0261769 -0.9996573 0 0.0261769
            -0.9996573 0 0.0261769 -0.9996573 0 0.0261769 -0.9996573 0 0.0261769 -0.9996573 0
            0.0261769 -0.9996573 0 0.0261769 -0.9996573 0 0.0261769 -0.9996573 0 0.0261769
            -0.9996573 0 0.0261769 -0.9996573 0 0.0261769</float_array>
          <technique_common>
            <accessor count="11" source="#ID358" stride="3">
              <param name="X" type="float" />
              <param name="Y" type="float" />
              <param name="Z" type="float" />
            </accessor>
          </technique_common>
        </source>
        <source id="ID359">
          <float_array id="ID360" count="22">0.9838966 0.7899152 1 1 0 1 0 0 0.2073593 0.0672861
            0.3949576 0.1461689 0.5619467 0.2363414 0.7030142 0.3350154 0.8174673 0.4414839
            0.9036215 0.55453 0.9591224 0.6707296</float_array>
          <technique_common>
            <accessor count="11" source="#ID360" stride="2">
              <param name="S" type="float" />
              <param name="T" type="float" />
            </accessor>
          </technique_common>
        </source>
        <vertices id="ID361">
          <input semantic="POSITION" source="#ID355" />
        </vertices>
        <triangles count="9" material="ID362">
          <input semantic="VERTEX" source="#ID361" offset="0" />
          <input semantic="NORMAL" source="#ID357" offset="1" />
          <input semantic="TEXCOORD" source="#ID359" offset="2" set="0" />
          <p>1 1 1 2 2 2 0 0 0 0 0 0 2 2 2 10 10 10 10 10 10 2 2 2 9 9 9 9 9 9 2 2 2 8 8 8 8 8 8 2 2
            2 7 7 7 7 7 7 2 2 2 6 6 6 6 6 6 2 2 2 5 5 5 5 5 5 2 2 2 4 4 4 4 4 4 2 2 2 3 3 3</p>
        </triangles>
      </mesh>
    </geometry>
    <geometry id="ID363">
      <mesh>
        <source id="ID364">
          <float_array id="ID365" count="186">0.004 0.0624991 0.185 0.0026677 0.0625701 0.185
            0.0013341 0.0626128 0.185 0 0.062627 0.185 -0.0013341 0.0626128 0.185 -0.0026677
            0.0625701 0.185 -0.004 0.0624991 0.185 -0.004 0.0595 0.185 -0.0039392 0.0588054 0.185
            -0.0037588 0.0581319 0.185 -0.0034641 0.0575 0.185 -0.0030642 0.0569288 0.185 -0.0025712
            0.0564359 0.185 -0.002 0.0560359 0.185 -0.0013681 0.0557412 0.185 -0.0006946 0.0555608
            0.185 0 0.0555 0.185 0.0006946 0.0555608 0.185 0.0013681 0.0557412 0.185 0.002 0.0560359
            0.185 0.0025712 0.0564359 0.185 0.0030642 0.0569288 0.185 0.0034641 0.0575 0.185
            0.0037588 0.0581319 0.185 0.0039392 0.0588054 0.185 0.004 0.0595 0.185 0 0.057 0.185
            -0.0004775 0.0570418 0.185 -0.0009406 0.0571658 0.185 -0.001375 0.0573684 0.185
            -0.0017677 0.0576434 0.185 -0.0021066 0.0579824 0.185 -0.0023816 0.058375 0.185
            -0.0025842 0.0588094 0.185 -0.0027082 0.0592725 0.185 -0.00275 0.05975 0.185 -0.0027082
            0.0602275 0.185 -0.0025842 0.0606906 0.185 -0.0023816 0.061125 0.185 -0.0021066
            0.0615176 0.185 -0.0017677 0.0618566 0.185 -0.001375 0.0621316 0.185 -0.0009406
            0.0623342 0.185 -0.0004775 0.0624582 0.185 0 0.0625 0.185 0.0004775 0.0624582 0.185
            0.0009406 0.0623342 0.185 0.001375 0.0621316 0.185 0.0017677 0.0618566 0.185 0.0021066
            0.0615176 0.185 0.0023816 0.061125 0.185 0.0025842 0.0606906 0.185 0.0027082 0.0602275
            0.185 0.00275 0.05975 0.185 0.0027082 0.0592725 0.185 0.0025842 0.0588094 0.185
            0.0023816 0.058375 0.185 0.0021066 0.0579824 0.185 0.0017677 0.0576434 0.185 0.001375
            0.0573684 0.185 0.0009406 0.0571658 0.185 0.0004775 0.0570418 0.185</float_array>
          <technique_common>
            <accessor count="62" source="#ID365" stride="3">
              <param name="X" type="float" />
              <param name="Y" type="float" />
              <param name="Z" type="float" />
            </accessor>
          </technique_common>
        </source>
        <source id="ID366">
          <float_array id="ID367" count="186">0 0 1 0 0 1 0 0 1 0 0 1 0 0 1 0 0 1 0 0 1 0 0 1 0 0 1
            0 0 1 0 0 1 0 0 1 0 0 1 0 0 1 0 0 1 0 0 1 0 0 1 0 0 1 0 0 1 0 0 1 0 0 1 0 0 1 0 0 1 0 0
            1 0 0 1 0 0 1 0 0 1 0 0 1 0 0 1 0 0 1 0 0 1 0 0 1 0 0 1 0 0 1 0 0 1 0 0 1 0 0 1 0 0 1 0
            0 1 0 0 1 0 0 1 0 0 1 0 0 1 0 0 1 0 0 1 0 0 1 0 0 1 0 0 1 0 0 1 0 0 1 0 0 1 0 0 1 0 0 1
            0 0 1 0 0 1 0 0 1 0 0 1 0 0 1 0 0 1 0 0 1 0 0 1 0 0 1</float_array>
          <technique_common>
            <accessor count="62" source="#ID367" stride="3">
              <param name="X" type="float" />
              <param name="Y" type="float" />
              <param name="Z" type="float" />
            </accessor>
          </technique_common>
        </source>
        <source id="ID368">
          <float_array id="ID369" count="124">0 0.0179418 0.1665405 0.0079757 0.3332324 0.0019941
            0.5 0 0.6667676 0.0019941 0.8334595 0.0079757 1 0.0179418 1 0.4387525 0.9924039
            0.5362121 0.9698463 0.6307105 0.9330127 0.7193763 0.8830222 0.7995155 0.8213938 0.868693
            0.75 0.9248071 0.6710101 0.9661526 0.5868241 0.9914734 0.5 1 0.4131759 0.9914734
            0.3289899 0.9661526 0.25 0.9248071 0.1786062 0.868693 0.1169778 0.7995155 0.0669873
            0.7193763 0.0301537 0.6307105 0.0075961 0.5362121 0 0.4387525 0.5 0.7895322 0.5596915
            0.7836702 0.6175694 0.7662621 0.671875 0.7378371 0.7209582 0.6992587 0.7633278 0.6516991
            0.7976962 0.5966034 0.8230193 0.5356456 0.8385277 0.470678 0.84375 0.4036745 0.8385277
            0.3366711 0.8230193 0.2717035 0.7976962 0.2107457 0.7633278 0.15565 0.7209582 0.1080905
            0.671875 0.069512 0.6175694 0.041087 0.5596915 0.0236789 0.5 0.0178169 0.4403085
            0.0236789 0.3824306 0.041087 0.328125 0.069512 0.2790418 0.1080905 0.2366722 0.15565
            0.2023038 0.2107457 0.1769807 0.2717035 0.1614723 0.3366711 0.15625 0.4036745 0.1614723
            0.470678 0.1769807 0.5356456 0.2023038 0.5966034 0.2366722 0.6516991 0.2790418 0.6992587
            0.328125 0.7378371 0.3824306 0.7662621 0.4403085 0.7836702</float_array>
          <technique_common>
            <accessor count="62" source="#ID369" stride="2">
              <param name="S" type="float" />
              <param name="T" type="float" />
            </accessor>
          </technique_common>
        </source>
        <vertices id="ID370">
          <input semantic="POSITION" source="#ID364" />
        </vertices>
        <triangles count="62" material="ID371">
          <input semantic="VERTEX" source="#ID370" offset="0" />
          <input semantic="NORMAL" source="#ID366" offset="1" />
          <input semantic="TEXCOORD" source="#ID368" offset="2" set="0" />
          <p>48 48 48 49 49 49 1 1 1 2 2 2 48 48 48 1 1 1 2 2 2 47 47 47 48 48 48 2 2 2 46 46 46 47
            47 47 2 2 2 45 45 45 46 46 46 2 2 2 3 3 3 45 45 45 45 45 45 3 3 3 44 44 44 44 44 44 3 3
            3 43 43 43 43 43 43 3 3 3 4 4 4 42 42 42 4 4 4 41 41 41 42 42 42 43 43 43 4 4 4 41 41 41
            4 4 4 40 40 40 40 40 40 4 4 4 5 5 5 39 39 39 5 5 5 38 38 38 39 39 39 40 40 40 5 5 5 5 5
            5 6 6 6 38 38 38 38 38 38 6 6 6 37 37 37 37 37 37 6 6 6 7 7 7 36 36 36 7 7 7 35 35 35 36
            36 36 37 37 37 7 7 7 35 35 35 7 7 7 34 34 34 34 34 34 7 7 7 8 8 8 33 33 33 8 8 8 9 9 9
            32 32 32 9 9 9 10 10 10 31 31 31 10 10 10 11 11 11 30 30 30 11 11 11 12 12 12 29 29 29
            12 12 12 13 13 13 28 28 28 13 13 13 14 14 14 27 27 27 14 14 14 15 15 15 26 26 26 15 15
            15 16 16 16 17 17 17 26 26 26 16 16 16 17 17 17 61 61 61 26 26 26 17 17 17 18 18 18 61
            61 61 61 61 61 18 18 18 60 60 60 60 60 60 18 18 18 19 19 19 59 59 59 19 19 19 20 20 20
            58 58 58 20 20 20 21 21 21 57 57 57 21 21 21 22 22 22 56 56 56 22 22 22 23 23 23 55 55
            55 23 23 23 24 24 24 54 54 54 24 24 24 25 25 25 53 53 53 25 25 25 52 52 52 53 53 53 54
            54 54 25 25 25 52 52 52 25 25 25 51 51 51 51 51 51 25 25 25 0 0 0 50 50 50 0 0 0 1 1 1
            49 49 49 50 50 50 1 1 1 26 26 26 27 27 27 15 15 15 27 27 27 28 28 28 14 14 14 28 28 28
            29 29 29 13 13 13 29 29 29 30 30 30 12 12 12 30 30 30 31 31 31 11 11 11 31 31 31 32 32
            32 10 10 10 32 32 32 33 33 33 9 9 9 33 33 33 34 34 34 8 8 8 50 50 50 51 51 51 0 0 0 54
            54 54 55 55 55 24 24 24 55 55 55 56 56 56 23 23 23 56 56 56 57 57 57 22 22 22 57 57 57
            58 58 58 21 21 21 58 58 58 59 59 59 20 20 20 59 59 59 60 60 60 19 19 19</p>
        </triangles>
      </mesh>
    </geometry>
    <geometry id="ID372">
      <mesh>
        <source id="ID373">
          <float_array id="ID374" count="33">-0.004 0.0624991 0.185 -0.0040345 0.0624508 0.1863168
            -0.0040541 0.0623764 0.1870645 -0.0040732 0.0622094 0.1877945 -0.0040917 0.0619504
            0.1885038 -0.0041092 0.0616072 0.18917 -0.0041254 0.0611832 0.1897893 -0.0041402
            0.0606827 0.1903535 -0.0041531 0.0601213 0.1908466 -0.0041641 0.0595 0.1912679 -0.004
            0.0595 0.185</float_array>
          <technique_common>
            <accessor count="11" source="#ID374" stride="3">
              <param name="X" type="float" />
              <param name="Y" type="float" />
              <param name="Z" type="float" />
            </accessor>
          </technique_common>
        </source>
        <source id="ID375">
          <float_array id="ID376" count="33">0.9996573 0 0.0261769 0.9996573 0 0.0261769 0.9996573 0
            0.0261769 0.9996573 0 0.0261769 0.9996573 0 0.0261769 0.9996573 0 0.0261769 0.9996573 0
            0.0261769 0.9996573 0 0.0261769 0.9996573 0 0.0261769 0.9996573 0 0.0261769 0.9996573 0
            0.0261769</float_array>
          <technique_common>
            <accessor count="11" source="#ID376" stride="3">
              <param name="X" type="float" />
              <param name="Y" type="float" />
              <param name="Z" type="float" />
            </accessor>
          </technique_common>
        </source>
        <source id="ID377">
          <float_array id="ID378" count="22">0 0 0.2100848 0.0161034 0.3293765 0.0409136 0.4458388
            0.096606 0.558996 0.182972 0.6652941 0.2973717 0.7640907 0.4387578 0.8541185 0.6056463
            0.9327843 0.7928311 1 1 0 1</float_array>
          <technique_common>
            <accessor count="11" source="#ID378" stride="2">
              <param name="S" type="float" />
              <param name="T" type="float" />
            </accessor>
          </technique_common>
        </source>
        <vertices id="ID379">
          <input semantic="POSITION" source="#ID373" />
        </vertices>
        <triangles count="9" material="ID380">
          <input semantic="VERTEX" source="#ID379" offset="0" />
          <input semantic="NORMAL" source="#ID375" offset="1" />
          <input semantic="TEXCOORD" source="#ID377" offset="2" set="0" />
          <p>0 0 0 1 1 1 10 10 10 10 10 10 1 1 1 2 2 2 3 3 3 10 10 10 2 2 2 3 3 3 4 4 4 10 10 10 10
            10 10 4 4 4 5 5 5 6 6 6 10 10 10 5 5 5 6 6 6 7 7 7 10 10 10 10 10 10 7 7 7 8 8 8 9 9 9
            10 10 10 8 8 8</p>
        </triangles>
      </mesh>
    </geometry>
    <geometry id="ID381">
      <mesh>
        <source id="ID382">
          <float_array id="ID383" count="288">-0.0595 0.0041641 0.1912679 -0.0590185 0.0041429
            0.1915248 -0.0585247 0.0040609 0.1917351 -0.0580267 0.003912 0.191897 -0.057541
            0.0036966 0.1920103 -0.0569497 0.00902 0.1920103 -0.0554964 0.0156454 0.1920103
            -0.0548376 0.0178178 0.1920103 -0.0513751 0.0261769 0.1920103 -0.0510165 0.0268691
            0.1920103 -0.0466476 0.0338915 0.1920103 -0.0462948 0.0343718 0.1920103 -0.0407715
            0.0407715 0.1920103 -0.038788 0.0426629 0.1920103 -0.0338915 0.0466476 0.1920103
            -0.0288599 0.0499173 0.1920103 -0.0261769 0.0513751 0.1920103 -0.0178178 0.0548375
            0.1920103 -0.0172765 0.0550105 0.1920103 -0.00902 0.0569497 0.1920103 -0.0049313
            0.0574484 0.1920103 -0.0036966 0.057541 0.1920103 -0.003913 0.0580283 0.1918969
            -0.0040616 0.0585276 0.1917339 -0.0041433 0.0590207 0.1915238 -0.0041641 0.0595
            0.1912679 -0.0041531 0.0601213 0.1908466 -0.0041402 0.0606827 0.1903535 -0.0041254
            0.0611832 0.1897893 -0.0041092 0.0616072 0.18917 -0.0040917 0.0619504 0.1885038
            -0.0040732 0.0622094 0.1877945 -0.0040541 0.0623764 0.1870645 -0.0040345 0.0624508
            0.1863168 -0.0097898 0.0618105 0.1863168 -0.0193386 0.0595181 0.1863168 -0.0284112
            0.0557601 0.1863168 -0.0367842 0.0506291 0.1863168 -0.0442514 0.0442515 0.1863168
            -0.0506291 0.0367842 0.1863168 -0.0557601 0.0284112 0.1863168 -0.0595181 0.0193386
            0.1863168 -0.0618105 0.0097898 0.1863168 -0.0624508 0.0040345 0.1863168 -0.0623765
            0.004054 0.1870638 -0.0622101 0.0040731 0.1877922 -0.0619517 0.0040917 0.1885007
            -0.0616084 0.0041091 0.1891681 -0.0611853 0.0041254 0.1897866 -0.0606845 0.0041401
            0.1903517 -0.0601219 0.0041531 0.1908462 -0.0579894 0.0091846 0.1917175 -0.0592544
            0.0093849 0.1910453 -0.0603238 0.0095543 0.1900861 -0.0611353 0.0096829 0.1888957
            -0.0616419 0.0097631 0.1875433 -0.0558387 0.0181431 0.1917175 -0.0570568 0.0185389
            0.1910453 -0.0580865 0.0188734 0.1900861 -0.0588679 0.0191273 0.1888957 -0.0593557
            0.0192858 0.1875433 -0.052313 0.0266548 0.1917175 -0.0534542 0.0272363 0.1910453
            -0.0544189 0.0277278 0.1900861 -0.055151 0.0281008 0.1888957 -0.055608 0.0283337
            0.1875433 -0.0474992 0.0345102 0.1917175 -0.0485354 0.035263 0.1910453 -0.0494113
            0.0358994 0.1900861 -0.050076 0.0363824 0.1888957 -0.050491 0.0366838 0.1875433
            -0.0415159 0.0415159 0.1917175 -0.0424215 0.0424215 0.1910453 -0.0431871 0.0431871
            0.1900861 -0.0437681 0.0437681 0.1888957 -0.0441307 0.0441307 0.1875433 -0.0345102
            0.0474992 0.1917175 -0.035263 0.0485354 0.1910453 -0.0358994 0.0494113 0.1900861
            -0.0363824 0.050076 0.1888957 -0.0366839 0.050491 0.1875433 -0.0266548 0.052313
            0.1917175 -0.0272363 0.0534542 0.1910453 -0.0277278 0.0544189 0.1900861 -0.0281008
            0.055151 0.1888957 -0.0283337 0.055608 0.1875433 -0.0181431 0.0558387 0.1917175
            -0.0185389 0.0570568 0.1910453 -0.0188734 0.0580865 0.1900861 -0.0191273 0.0588679
            0.1888957 -0.0192858 0.0593557 0.1875433 -0.0091846 0.0579894 0.1917175 -0.009385
            0.0592545 0.1910453 -0.0095543 0.0603238 0.1900861 -0.0096829 0.0611353 0.1888957
            -0.0097631 0.0616419 0.1875433</float_array>
          <technique_common>
            <accessor count="96" source="#ID383" stride="3">
              <param name="X" type="float" />
              <param name="Y" type="float" />
              <param name="Z" type="float" />
            </accessor>
          </technique_common>
        </source>
        <source id="ID384">
          <float_array id="ID385" count="288">-0.5089025 0.0356157 0.860087 -0.4286118 0.0300873
            0.9029876 -0.345955 0.0240049 0.9379439 -0.2616079 0.0176362 0.9650131 -0.1787919
            0.011486 0.9838198 -0.1769547 0.0280269 0.9838198 -0.1724389 0.0486135 0.9838198
            -0.1703917 0.0553636 0.9838198 -0.1596331 0.0813371 0.9838198 -0.1585189 0.0834878
            0.9838198 -0.1449438 0.1053079 0.9838198 -0.1438475 0.1068005 0.9838198 -0.1266856
            0.1266856 0.9838198 -0.1205223 0.1325626 0.9838198 -0.1053079 0.1449438 0.9838198
            -0.0896738 0.1551034 0.9838198 -0.0813371 0.1596331 0.9838198 -0.0553636 0.1703917
            0.9838198 -0.0536817 0.170929 0.9838198 -0.0280269 0.1769547 0.9838198 -0.0153225
            0.178504 0.9838198 -0.011486 0.1787919 0.9838198 -0.0176595 0.2618938 0.9649351
            -0.0240428 0.3464601 0.9377565 -0.0301121 0.4289458 0.9028282 -0.0356157 0.5089025
            0.860087 -0.0423351 0.6129407 0.788994 -0.0481631 0.7060387 0.7065336 -0.0531369
            0.7880997 0.6132498 -0.0572291 0.8580096 0.5104354 -0.0604377 0.9150983 0.3986758
            -0.0627034 0.9576816 0.2809168 -0.0640287 0.9851738 0.1591634 -0.0644289 0.9973118
            0.0348995 -0.1563392 0.9870867 0.0348995 -0.3088287 0.9504772 0.0348995 -0.453714
            0.8904638 0.0348995 -0.5874272 0.8085242 0.0348995 -0.706676 0.706676 0.0348995
            -0.8085242 0.5874272 0.0348995 -0.8904638 0.453714 0.0348995 -0.9504772 0.3088287
            0.0348995 -0.9870867 0.1563392 0.0348995 -0.9973118 0.0644289 0.0348995 -0.9851961
            0.0640297 0.1590244 -0.9577861 0.0627087 0.280559 -0.9153107 0.0604493 0.3981861
            -0.8582012 0.0572401 0.510112 -0.7884381 0.0531571 0.6128129 -0.7063223 0.0481806
            0.7062489 -0.6130618 0.0423428 0.7888994 -0.3502391 0.0554724 0.9350162 -0.5610709
            0.0888649 0.8229839 -0.7392954 0.1170929 0.6631227 -0.8745546 0.1385158 0.4647232
            -0.9589879 0.1518888 0.2393157 -0.3372493 0.1095789 0.9350162 -0.5402617 0.1755417
            0.8229839 -0.711876 0.2313025 0.6631227 -0.8421187 0.273621 0.4647232 -0.9234205
            0.3000375 0.2393157 -0.3159553 0.1609872 0.9350162 -0.5061494 0.257896 0.8229839
            -0.6669279 0.3398168 0.6631227 -0.7889471 0.4019886 0.4647232 -0.8651155 0.4407984
            0.2393157 -0.2868814 0.2084315 0.9350162 -0.459574 0.3339001 0.8229839 -0.6055579
            0.4399636 0.6631227 -0.7163489 0.520458 0.4647232 -0.7855085 0.5707053 0.2393157
            -0.2507435 0.2507435 0.9350162 -0.4016824 0.4016824 0.8229839 -0.529277 0.529277
            0.6631227 -0.626112 0.626112 0.4647232 -0.6865596 0.6865596 0.2393157 -0.2084315
            0.2868814 0.9350162 -0.3339001 0.459574 0.8229839 -0.4399636 0.6055579 0.6631227
            -0.520458 0.7163489 0.4647232 -0.5707053 0.7855085 0.2393157 -0.1609872 0.3159553
            0.9350162 -0.257896 0.5061494 0.8229839 -0.3398168 0.6669279 0.6631227 -0.4019886
            0.7889471 0.4647232 -0.4407984 0.8651155 0.2393157 -0.1095789 0.3372493 0.9350162
            -0.1755417 0.5402617 0.8229839 -0.2313025 0.711876 0.6631227 -0.273621 0.8421187
            0.4647232 -0.3000375 0.9234205 0.2393157 -0.0554724 0.3502391 0.9350162 -0.0888649
            0.5610709 0.8229839 -0.1170929 0.7392954 0.6631227 -0.1385158 0.8745546 0.4647232
            -0.1518888 0.9589879 0.2393157</float_array>
          <technique_common>
            <accessor count="96" source="#ID385" stride="3">
              <param name="X" type="float" />
              <param name="Y" type="float" />
              <param name="Z" type="float" />
            </accessor>
          </technique_common>
        </source>
        <source id="ID386">
          <float_array id="ID387" count="192">0.7379891 0.0039636 0.8052819 0.0041097 0.8716509
            0.003551 0.937179 0.0021898 1 0 1 0.0644203 1 0.1460196 1 0.1733153 1 0.2822102 1
            0.2915824 1 0.391105 1 0.3982714 1 0.5 1 0.5329556 1 0.6088949 1 0.6810732 1 0.7177898 1
            0.8266847 1 0.8335168 1 0.9355797 1 0.985113 1 1 0.9369597 0.9977998 0.8712526 0.9964433
            0.8050082 0.9958882 0.7379891 0.9960364 0.6448526 0.9966687 0.5529616 0.9972573
            0.4611902 0.9978037 0.3693764 0.9983035 0.2767207 0.9987554 0.1842828 0.9991496
            0.0921527 0.9994822 0 0.9997513 0 0.9355797 0 0.8266847 0 0.7177898 0 0.6088949 0 0.5 0
            0.391105 0 0.2822102 0 0.1733153 0 0.0644203 0 0.0002488 0.0920488 0.0005175 0.1840078
            0.0008493 0.2763269 0.0012427 0.3690991 0.0016951 0.4607824 0.002194 0.5526649 0.002741
            0.6447392 0.0033304 0.8654933 0.0644203 0.6872452 0.0644203 0.5089972 0.0644203
            0.3307491 0.0644203 0.1525011 0.0644203 0.8654933 0.1733153 0.6872452 0.1733153
            0.5089972 0.1733153 0.3307491 0.1733153 0.1525011 0.1733153 0.8654933 0.2822102
            0.6872452 0.2822102 0.5089972 0.2822102 0.3307491 0.2822102 0.1525011 0.2822102
            0.8654933 0.391105 0.6872452 0.391105 0.5089972 0.391105 0.3307491 0.391105 0.1525011
            0.391105 0.8654933 0.5 0.6872452 0.5 0.5089972 0.5 0.3307491 0.5 0.1525011 0.5 0.8654933
            0.6088949 0.6872452 0.6088949 0.5089972 0.6088949 0.3307491 0.6088949 0.1525011
            0.6088949 0.8654933 0.7177898 0.6872452 0.7177898 0.5089972 0.7177898 0.3307491
            0.7177898 0.1525011 0.7177898 0.8654933 0.8266847 0.6872452 0.8266847 0.5089972
            0.8266847 0.3307491 0.8266847 0.1525011 0.8266847 0.8654933 0.9355797 0.6872452
            0.9355797 0.5089972 0.9355797 0.3307491 0.9355797 0.1525011 0.9355797</float_array>
          <technique_common>
            <accessor count="96" source="#ID387" stride="2">
              <param name="S" type="float" />
              <param name="T" type="float" />
            </accessor>
          </technique_common>
        </source>
        <vertices id="ID388">
          <input semantic="POSITION" source="#ID382" />
        </vertices>
        <triangles count="139" material="ID389">
          <input semantic="VERTEX" source="#ID388" offset="0" />
          <input semantic="NORMAL" source="#ID384" offset="1" />
          <input semantic="TEXCOORD" source="#ID386" offset="2" set="0" />
          <p>50 50 50 0 0 0 52 52 52 53 53 53 52 52 52 58 58 58 59 59 59 58 58 58 64 64 64 65 65 65
            64 64 64 70 70 70 39 39 39 70 70 70 38 38 38 39 39 39 65 65 65 70 70 70 39 39 39 40 40
            40 65 65 65 65 65 65 40 40 40 60 60 60 59 59 59 60 60 60 54 54 54 53 53 53 54 54 54 48
            48 48 49 49 49 53 53 53 48 48 48 49 49 49 50 50 50 53 53 53 53 53 53 50 50 50 52 52 52 3
            3 3 5 5 5 2 2 2 3 3 3 4 4 4 5 5 5 2 2 2 5 5 5 51 51 51 1 1 1 51 51 51 52 52 52 0 0 0 1 1
            1 52 52 52 8 8 8 61 61 61 7 7 7 8 8 8 9 9 9 61 61 61 61 61 61 9 9 9 66 66 66 67 67 67 66
            66 66 72 72 72 73 73 73 72 72 72 78 78 78 79 79 79 78 78 78 84 84 84 85 85 85 84 84 84
            90 90 90 35 35 35 90 90 90 34 34 34 35 35 35 85 85 85 90 90 90 35 35 35 36 36 36 85 85
            85 85 85 85 36 36 36 80 80 80 79 79 79 80 80 80 74 74 74 73 73 73 74 74 74 68 68 68 67
            67 67 68 68 68 62 62 62 61 61 61 62 62 62 56 56 56 7 7 7 56 56 56 6 6 6 7 7 7 61 61 61
            56 56 56 9 9 9 10 10 10 66 66 66 66 66 66 10 10 10 11 11 11 71 71 71 11 11 11 12 12 12
            13 13 13 71 71 71 12 12 12 13 13 13 76 76 76 71 71 71 13 13 13 14 14 14 76 76 76 76 76
            76 14 14 14 15 15 15 81 81 81 15 15 15 16 16 16 86 86 86 16 16 16 17 17 17 18 18 18 86
            86 86 17 17 17 18 18 18 91 91 91 86 86 86 18 18 18 19 19 19 91 91 91 91 91 91 19 19 19
            20 20 20 24 24 24 20 20 20 23 23 23 24 24 24 91 91 91 20 20 20 24 24 24 92 92 92 91 91
            91 24 24 24 25 25 25 92 92 92 92 92 92 25 25 25 26 26 26 93 93 93 26 26 26 27 27 27 28
            28 28 93 93 93 27 27 27 28 28 28 94 94 94 93 93 93 28 28 28 29 29 29 94 94 94 94 94 94
            29 29 29 30 30 30 95 95 95 30 30 30 31 31 31 32 32 32 95 95 95 31 31 31 32 32 32 34 34
            34 95 95 95 32 32 32 33 33 33 34 34 34 21 21 21 22 22 22 20 20 20 20 20 20 22 22 22 23
            23 23 36 36 36 37 37 37 80 80 80 80 80 80 37 37 37 75 75 75 74 74 74 75 75 75 69 69 69
            68 68 68 69 69 69 63 63 63 62 62 62 63 63 63 57 57 57 56 56 56 57 57 57 51 51 51 6 6 6
            51 51 51 5 5 5 6 6 6 56 56 56 51 51 51 37 37 37 38 38 38 75 75 75 75 75 75 38 38 38 70
            70 70 69 69 69 70 70 70 64 64 64 63 63 63 64 64 64 58 58 58 57 57 57 58 58 58 52 52 52
            51 51 51 57 57 57 52 52 52 40 40 40 41 41 41 60 60 60 60 60 60 41 41 41 55 55 55 54 54
            54 55 55 55 46 46 46 47 47 47 54 54 54 46 46 46 47 47 47 48 48 48 54 54 54 41 41 41 42
            42 42 55 55 55 55 55 55 42 42 42 44 44 44 45 45 45 55 55 55 44 44 44 45 45 45 46 46 46
            55 55 55 42 42 42 43 43 43 44 44 44 58 58 58 59 59 59 53 53 53 53 53 53 59 59 59 54 54
            54 55 55 55 54 54 54 60 60 60 57 57 57 56 56 56 62 62 62 58 58 58 57 57 57 63 63 63 64
            64 64 65 65 65 59 59 59 59 59 59 65 65 65 60 60 60 66 66 66 67 67 67 61 61 61 61 61 61
            67 67 67 62 62 62 63 63 63 62 62 62 68 68 68 64 64 64 63 63 63 69 69 69 72 72 72 73 73
            73 67 67 67 67 67 67 73 73 73 68 68 68 69 69 69 68 68 68 74 74 74 70 70 70 69 69 69 75
            75 75 11 11 11 71 71 71 66 66 66 66 66 66 71 71 71 72 72 72 72 72 72 71 71 71 77 77 77
            78 78 78 77 77 77 83 83 83 84 84 84 83 83 83 89 89 89 90 90 90 89 89 89 95 95 95 34 34
            34 90 90 90 95 95 95 78 78 78 79 79 79 73 73 73 73 73 73 79 79 79 74 74 74 75 75 75 74
            74 74 80 80 80 71 71 71 76 76 76 77 77 77 77 77 77 76 76 76 82 82 82 83 83 83 82 82 82
            88 88 88 89 89 89 88 88 88 94 94 94 95 95 95 94 94 94 30 30 30 95 95 95 89 89 89 94 94
            94 77 77 77 78 78 78 72 72 72 84 84 84 85 85 85 79 79 79 79 79 79 85 85 85 80 80 80 15
            15 15 81 81 81 76 76 76 76 76 76 81 81 81 82 82 82 82 82 82 81 81 81 87 87 87 88 88 88
            87 87 87 93 93 93 94 94 94 88 88 88 93 93 93 87 87 87 81 81 81 86 86 86 92 92 92 86 86
            86 91 91 91 92 92 92 87 87 87 86 86 86 92 92 92 93 93 93 87 87 87 92 92 92 26 26 26 93
            93 93 82 82 82 83 83 83 77 77 77 83 83 83 84 84 84 78 78 78 87 87 87 88 88 88 82 82 82
            88 88 88 89 89 89 83 83 83 89 89 89 90 90 90 84 84 84 86 86 86 81 81 81 16 16 16 51 51
            51 1 1 1 2 2 2</p>
        </triangles>
      </mesh>
    </geometry>
    <geometry id="ID390">
      <mesh>
        <source id="ID391">
          <float_array id="ID392" count="33">-0.0624508 0.0040345 0.1863168 -0.0624991 0.004 0.185
            -0.0595 0.004 0.185 -0.0595 0.0041641 0.1912679 -0.0601219 0.0041531 0.1908462
            -0.0606845 0.0041401 0.1903517 -0.0611853 0.0041254 0.1897866 -0.0616084 0.0041091
            0.1891681 -0.0619517 0.0040917 0.1885007 -0.0622101 0.0040731 0.1877922 -0.0623765
            0.004054 0.1870638</float_array>
          <technique_common>
            <accessor count="11" source="#ID392" stride="3">
              <param name="X" type="float" />
              <param name="Y" type="float" />
              <param name="Z" type="float" />
            </accessor>
          </technique_common>
        </source>
        <source id="ID393">
          <float_array id="ID394" count="33">0 -0.9996573 0.0261769 0 -0.9996573 0.0261769 0
            -0.9996573 0.0261769 0 -0.9996573 0.0261769 0 -0.9996573 0.0261769 0 -0.9996573
            0.0261769 0 -0.9996573 0.0261769 0 -0.9996573 0.0261769 0 -0.9996573 0.0261769 0
            -0.9996573 0.0261769 0 -0.9996573 0.0261769</float_array>
          <technique_common>
            <accessor count="11" source="#ID394" stride="3">
              <param name="X" type="float" />
              <param name="Y" type="float" />
              <param name="Z" type="float" />
            </accessor>
          </technique_common>
        </source>
        <source id="ID395">
          <float_array id="ID396" count="22">0.7899152 0.0161034 1 0 1 1 0 1 0.0672861 0.7926407
            0.1461689 0.6050423 0.2363414 0.4380533 0.3350154 0.2969858 0.4414839 0.1825328 0.55453
            0.0963785 0.6707296 0.0408776</float_array>
          <technique_common>
            <accessor count="11" source="#ID396" stride="2">
              <param name="S" type="float" />
              <param name="T" type="float" />
            </accessor>
          </technique_common>
        </source>
        <vertices id="ID397">
          <input semantic="POSITION" source="#ID391" />
        </vertices>
        <triangles count="9" material="ID398">
          <input semantic="VERTEX" source="#ID397" offset="0" />
          <input semantic="NORMAL" source="#ID393" offset="1" />
          <input semantic="TEXCOORD" source="#ID395" offset="2" set="0" />
          <p>1 1 1 2 2 2 0 0 0 0 0 0 2 2 2 10 10 10 10 10 10 2 2 2 9 9 9 9 9 9 2 2 2 8 8 8 8 8 8 2 2
            2 7 7 7 7 7 7 2 2 2 6 6 6 6 6 6 2 2 2 5 5 5 5 5 5 2 2 2 4 4 4 4 4 4 2 2 2 3 3 3</p>
        </triangles>
      </mesh>
    </geometry>
    <geometry id="ID399">
      <mesh>
        <source id="ID400">
          <float_array id="ID401" count="177">-0.0624991 0.004 0.185 -0.0626128 0.0013342 0.185
            -0.0626128 -0.0013342 0.185 -0.0624991 -0.004 0.185 -0.0595 -0.004 0.185 -0.0588054
            -0.0039392 0.185 -0.0581319 -0.0037588 0.185 -0.0575 -0.0034641 0.185 -0.0569288
            -0.0030641 0.185 -0.0564358 -0.0025712 0.185 -0.0560359 -0.002 0.185 -0.0557412
            -0.0013681 0.185 -0.0555608 -0.0006946 0.185 -0.0555 0 0.185 -0.0555608 0.0006946 0.185
            -0.0557412 0.0013681 0.185 -0.0560359 0.002 0.185 -0.0564358 0.0025712 0.185 -0.0569288
            0.0030641 0.185 -0.0575 0.0034641 0.185 -0.0581319 0.0037588 0.185 -0.0588054 0.0039392
            0.185 -0.0595 0.004 0.185 -0.0625 0 0.185 -0.0624582 0.0004775 0.185 -0.0623342
            0.0009406 0.185 -0.0621316 0.001375 0.185 -0.0618566 0.0017676 0.185 -0.0615177
            0.0021066 0.185 -0.061125 0.0023816 0.185 -0.0606906 0.0025842 0.185 -0.0602275
            0.0027082 0.185 -0.05975 0.00275 0.185 -0.0592725 0.0027082 0.185 -0.0588094 0.0025842
            0.185 -0.058375 0.0023816 0.185 -0.0579823 0.0021066 0.185 -0.0576434 0.0017676 0.185
            -0.0573684 0.001375 0.185 -0.0571658 0.0009406 0.185 -0.0570418 0.0004775 0.185 -0.057 0
            0.185 -0.0570418 -0.0004775 0.185 -0.0571658 -0.0009406 0.185 -0.0573684 -0.001375 0.185
            -0.0576434 -0.0017676 0.185 -0.0579823 -0.0021066 0.185 -0.058375 -0.0023816 0.185
            -0.0588094 -0.0025842 0.185 -0.0592725 -0.0027082 0.185 -0.05975 -0.00275 0.185
            -0.0602275 -0.0027082 0.185 -0.0606906 -0.0025842 0.185 -0.061125 -0.0023816 0.185
            -0.0615177 -0.0021066 0.185 -0.0618566 -0.0017676 0.185 -0.0621316 -0.001375 0.185
            -0.0623342 -0.0009406 0.185 -0.0624582 -0.0004775 0.185</float_array>
          <technique_common>
            <accessor count="59" source="#ID401" stride="3">
              <param name="X" type="float" />
              <param name="Y" type="float" />
              <param name="Z" type="float" />
            </accessor>
          </technique_common>
        </source>
        <source id="ID402">
          <float_array id="ID403" count="177">0 0 1 0 0 1 0 0 1 0 0 1 0 0 1 0 0 1 0 0 1 0 0 1 0 0 1
            0 0 1 0 0 1 0 0 1 0 0 1 0 0 1 0 0 1 0 0 1 0 0 1 0 0 1 0 0 1 0 0 1 0 0 1 0 0 1 0 0 1 0 0
            1 0 0 1 0 0 1 0 0 1 0 0 1 0 0 1 0 0 1 0 0 1 0 0 1 0 0 1 0 0 1 0 0 1 0 0 1 0 0 1 0 0 1 0
            0 1 0 0 1 0 0 1 0 0 1 0 0 1 0 0 1 0 0 1 0 0 1 0 0 1 0 0 1 0 0 1 0 0 1 0 0 1 0 0 1 0 0 1
            0 0 1 0 0 1 0 0 1 0 0 1 0 0 1 0 0 1</float_array>
          <technique_common>
            <accessor count="59" source="#ID403" stride="3">
              <param name="X" type="float" />
              <param name="Y" type="float" />
              <param name="Z" type="float" />
            </accessor>
          </technique_common>
        </source>
        <source id="ID404">
          <float_array id="ID405" count="118">0.9840204 0 1 0.3332324 1 0.6667676 0.9840204 1
            0.5623689 1 0.4647146 0.9924039 0.3700274 0.9698463 0.2811845 0.9330127 0.2008851
            0.8830222 0.1315693 0.8213938 0.0753432 0.75 0.033915 0.6710101 0.0085437 0.5868241 0
            0.5 0.0085437 0.4131759 0.033915 0.3289899 0.0753432 0.25 0.1315693 0.1786062 0.2008851
            0.1169778 0.2811845 0.0669873 0.3700274 0.0301537 0.4647146 0.0075961 0.5623689 0
            0.9841456 0.5 0.9782718 0.4403085 0.960829 0.3824306 0.9323472 0.328125 0.8936917
            0.2790418 0.846037 0.2366722 0.7908313 0.2023038 0.7297518 0.1769807 0.6646543 0.1614723
            0.597517 0.15625 0.5303797 0.1614723 0.4652822 0.1769807 0.4042027 0.2023038 0.3489969
            0.2366722 0.3013422 0.2790418 0.2626868 0.328125 0.2342049 0.3824306 0.2167621 0.4403085
            0.2108883 0.5 0.2167621 0.5596915 0.2342049 0.6175694 0.2626868 0.671875 0.3013422
            0.7209582 0.3489969 0.7633278 0.4042027 0.7976962 0.4652822 0.8230193 0.5303797
            0.8385277 0.597517 0.84375 0.6646543 0.8385277 0.7297518 0.8230193 0.7908313 0.7976962
            0.846037 0.7633278 0.8936917 0.7209582 0.9323472 0.671875 0.960829 0.6175694 0.9782718
            0.5596915</float_array>
          <technique_common>
            <accessor count="59" source="#ID405" stride="2">
              <param name="S" type="float" />
              <param name="T" type="float" />
            </accessor>
          </technique_common>
        </source>
        <vertices id="ID406">
          <input semantic="POSITION" source="#ID400" />
        </vertices>
        <triangles count="59" material="ID407">
          <input semantic="VERTEX" source="#ID406" offset="0" />
          <input semantic="NORMAL" source="#ID402" offset="1" />
          <input semantic="TEXCOORD" source="#ID404" offset="2" set="0" />
          <p>25 25 25 26 26 26 1 1 1 24 24 24 1 1 1 23 23 23 24 24 24 25 25 25 1 1 1 1 1 1 2 2 2 23
            23 23 23 23 23 2 2 2 58 58 58 58 58 58 2 2 2 57 57 57 57 57 57 2 2 2 56 56 56 56 56 56 2
            2 2 55 55 55 55 55 55 2 2 2 3 3 3 54 54 54 3 3 3 53 53 53 54 54 54 55 55 55 3 3 3 53 53
            53 3 3 3 52 52 52 52 52 52 3 3 3 4 4 4 51 51 51 4 4 4 50 50 50 51 51 51 52 52 52 4 4 4
            50 50 50 4 4 4 49 49 49 49 49 49 4 4 4 5 5 5 48 48 48 5 5 5 6 6 6 47 47 47 6 6 6 7 7 7
            46 46 46 7 7 7 8 8 8 45 45 45 8 8 8 9 9 9 44 44 44 9 9 9 10 10 10 43 43 43 10 10 10 11
            11 11 42 42 42 11 11 11 12 12 12 41 41 41 12 12 12 13 13 13 14 14 14 41 41 41 13 13 13
            14 14 14 40 40 40 41 41 41 14 14 14 15 15 15 40 40 40 40 40 40 15 15 15 39 39 39 39 39
            39 15 15 15 16 16 16 38 38 38 16 16 16 17 17 17 37 37 37 17 17 17 18 18 18 36 36 36 18
            18 18 19 19 19 35 35 35 19 19 19 20 20 20 34 34 34 20 20 20 21 21 21 33 33 33 21 21 21
            22 22 22 32 32 32 22 22 22 31 31 31 32 32 32 33 33 33 22 22 22 31 31 31 22 22 22 30 30
            30 30 30 30 22 22 22 0 0 0 29 29 29 0 0 0 28 28 28 29 29 29 30 30 30 0 0 0 26 26 26 27
            27 27 1 1 1 1 1 1 27 27 27 0 0 0 0 0 0 27 27 27 28 28 28 33 33 33 34 34 34 21 21 21 34
            34 34 35 35 35 20 20 20 35 35 35 36 36 36 19 19 19 36 36 36 37 37 37 18 18 18 37 37 37
            38 38 38 17 17 17 38 38 38 39 39 39 16 16 16 41 41 41 42 42 42 12 12 12 42 42 42 43 43
            43 11 11 11 43 43 43 44 44 44 10 10 10 44 44 44 45 45 45 9 9 9 45 45 45 46 46 46 8 8 8
            46 46 46 47 47 47 7 7 7 47 47 47 48 48 48 6 6 6 48 48 48 49 49 49 5 5 5</p>
        </triangles>
      </mesh>
    </geometry>
    <geometry id="ID408">
      <mesh>
        <source id="ID409">
          <float_array id="ID410" count="33">-0.0624991 -0.004 0.185 -0.0624508 -0.0040345 0.1863168
            -0.0623764 -0.0040541 0.1870645 -0.0622094 -0.0040732 0.1877945 -0.0619504 -0.0040917
            0.1885038 -0.0616073 -0.0041092 0.18917 -0.0611832 -0.0041254 0.1897893 -0.0606827
            -0.0041402 0.1903535 -0.0601213 -0.0041531 0.1908466 -0.0595 -0.0041641 0.1912679
            -0.0595 -0.004 0.185</float_array>
          <technique_common>
            <accessor count="11" source="#ID410" stride="3">
              <param name="X" type="float" />
              <param name="Y" type="float" />
              <param name="Z" type="float" />
            </accessor>
          </technique_common>
        </source>
        <source id="ID411">
          <float_array id="ID412" count="33">0 0.9996573 0.0261769 0 0.9996573 0.0261769 0 0.9996573
            0.0261769 0 0.9996573 0.0261769 0 0.9996573 0.0261769 0 0.9996573 0.0261769 0 0.9996573
            0.0261769 0 0.9996573 0.0261769 0 0.9996573 0.0261769 0 0.9996573 0.0261769 0 0.9996573
            0.0261769</float_array>
          <technique_common>
            <accessor count="11" source="#ID412" stride="3">
              <param name="X" type="float" />
              <param name="Y" type="float" />
              <param name="Z" type="float" />
            </accessor>
          </technique_common>
        </source>
        <source id="ID413">
          <float_array id="ID414" count="22">1 0 0.9838966 0.2100849 0.9590864 0.3293766 0.903394
            0.4458388 0.8170279 0.558996 0.7026283 0.6652941 0.5612422 0.7640907 0.3943537 0.8541185
            0.2071689 0.9327843 0 1 0 0</float_array>
          <technique_common>
            <accessor count="11" source="#ID414" stride="2">
              <param name="S" type="float" />
              <param name="T" type="float" />
            </accessor>
          </technique_common>
        </source>
        <vertices id="ID415">
          <input semantic="POSITION" source="#ID409" />
        </vertices>
        <triangles count="9" material="ID416">
          <input semantic="VERTEX" source="#ID415" offset="0" />
          <input semantic="NORMAL" source="#ID411" offset="1" />
          <input semantic="TEXCOORD" source="#ID413" offset="2" set="0" />
          <p>0 0 0 1 1 1 10 10 10 10 10 10 1 1 1 2 2 2 3 3 3 10 10 10 2 2 2 3 3 3 4 4 4 10 10 10 10
            10 10 4 4 4 5 5 5 6 6 6 10 10 10 5 5 5 6 6 6 7 7 7 10 10 10 10 10 10 7 7 7 8 8 8 9 9 9
            10 10 10 8 8 8</p>
        </triangles>
      </mesh>
    </geometry>
    <geometry id="ID417">
      <mesh>
        <source id="ID418">
          <float_array id="ID419" count="288">-0.0041641 -0.0595 0.1912679 -0.004143 -0.0590185
            0.1915248 -0.0040609 -0.0585247 0.1917351 -0.003912 -0.0580267 0.191897 -0.0036966
            -0.057541 0.1920103 -0.00902 -0.0569497 0.1920103 -0.0131946 -0.0561296 0.1920103
            -0.0178178 -0.0548375 0.1920103 -0.0213039 -0.0535796 0.1920103 -0.0261769 -0.0513751
            0.1920103 -0.0317731 -0.0481155 0.1920103 -0.0338915 -0.0466476 0.1920103 -0.0407715
            -0.0407715 0.1920103 -0.0413345 -0.0402006 0.1920103 -0.0466476 -0.0338915 0.1920103
            -0.0491153 -0.0302046 0.1920103 -0.0513751 -0.0261769 0.1920103 -0.0544868 -0.0188631
            0.1920103 -0.0548376 -0.0178178 0.1920103 -0.0569497 -0.00902 0.1920103 -0.0572246
            -0.0070693 0.1920103 -0.057541 -0.0036966 0.1920103 -0.0580282 -0.003913 0.1918969
            -0.0585277 -0.0040616 0.1917339 -0.0590207 -0.0041433 0.1915238 -0.0595 -0.0041641
            0.1912679 -0.0601213 -0.0041531 0.1908466 -0.0606827 -0.0041402 0.1903535 -0.0611832
            -0.0041254 0.1897893 -0.0616073 -0.0041092 0.18917 -0.0619504 -0.0040917 0.1885038
            -0.0622094 -0.0040732 0.1877945 -0.0623764 -0.0040541 0.1870645 -0.0624508 -0.0040345
            0.1863168 -0.0618105 -0.0097898 0.1863168 -0.0595181 -0.0193386 0.1863168 -0.0557601
            -0.0284112 0.1863168 -0.0506291 -0.0367842 0.1863168 -0.0442514 -0.0442515 0.1863168
            -0.0367842 -0.0506291 0.1863168 -0.0284112 -0.0557601 0.1863168 -0.0193386 -0.0595181
            0.1863168 -0.0097898 -0.0618105 0.1863168 -0.0040345 -0.0624508 0.1863168 -0.004054
            -0.0623765 0.1870638 -0.0040731 -0.0622101 0.1877922 -0.0040917 -0.0619517 0.1885007
            -0.0041091 -0.0616084 0.1891681 -0.0041253 -0.0611854 0.1897866 -0.0041401 -0.0606845
            0.1903517 -0.0041531 -0.0601219 0.1908462 -0.0091846 -0.0579894 0.1917175 -0.009385
            -0.0592545 0.1910453 -0.0095543 -0.0603238 0.1900861 -0.0096829 -0.0611353 0.1888957
            -0.0097631 -0.0616419 0.1875433 -0.0181431 -0.0558387 0.1917175 -0.0185389 -0.0570568
            0.1910453 -0.0188734 -0.0580865 0.1900861 -0.0191273 -0.0588679 0.1888957 -0.0192858
            -0.0593557 0.1875433 -0.0266548 -0.052313 0.1917175 -0.0272363 -0.0534542 0.1910453
            -0.0277278 -0.0544189 0.1900861 -0.0281008 -0.055151 0.1888957 -0.0283337 -0.055608
            0.1875433 -0.0345102 -0.0474992 0.1917175 -0.035263 -0.0485354 0.1910453 -0.0358994
            -0.0494113 0.1900861 -0.0363824 -0.050076 0.1888957 -0.0366839 -0.050491 0.1875433
            -0.0415159 -0.0415159 0.1917175 -0.0424215 -0.0424215 0.1910453 -0.0431871 -0.0431871
            0.1900861 -0.0437681 -0.0437681 0.1888957 -0.0441307 -0.0441307 0.1875433 -0.0474992
            -0.0345102 0.1917175 -0.0485354 -0.035263 0.1910453 -0.0494113 -0.0358994 0.1900861
            -0.050076 -0.0363824 0.1888957 -0.050491 -0.0366838 0.1875433 -0.052313 -0.0266548
            0.1917175 -0.0534542 -0.0272363 0.1910453 -0.0544189 -0.0277278 0.1900861 -0.055151
            -0.0281008 0.1888957 -0.055608 -0.0283337 0.1875433 -0.0558387 -0.0181431 0.1917175
            -0.0570568 -0.0185389 0.1910453 -0.0580865 -0.0188734 0.1900861 -0.0588679 -0.0191273
            0.1888957 -0.0593557 -0.0192858 0.1875433 -0.0579894 -0.0091846 0.1917175 -0.0592544
            -0.0093849 0.1910453 -0.0603238 -0.0095543 0.1900861 -0.0611353 -0.0096829 0.1888957
            -0.0616419 -0.0097631 0.1875433</float_array>
          <technique_common>
            <accessor count="96" source="#ID419" stride="3">
              <param name="X" type="float" />
              <param name="Y" type="float" />
              <param name="Z" type="float" />
            </accessor>
          </technique_common>
        </source>
        <source id="ID420">
          <float_array id="ID421" count="288">-0.0356157 -0.5089025 0.860087 -0.0300873 -0.4286118
            0.9029876 -0.0240049 -0.345955 0.9379439 -0.0176362 -0.2616079 0.9650131 -0.011486
            -0.1787919 0.9838198 -0.0280269 -0.1769547 0.9838198 -0.0409985 -0.1744064 0.9838198
            -0.0553636 -0.1703917 0.9838198 -0.0661957 -0.166483 0.9838198 -0.0813371 -0.1596331
            0.9838198 -0.0987256 -0.1495049 0.9838198 -0.1053079 -0.1449438 0.9838198 -0.1266856
            -0.1266856 0.9838198 -0.1284349 -0.1249117 0.9838198 -0.1449438 -0.1053079 0.9838198
            -0.1526115 -0.0938519 0.9838198 -0.1596331 -0.0813371 0.9838198 -0.1693019 -0.0586117
            0.9838198 -0.1703917 -0.0553636 0.9838198 -0.1769547 -0.0280269 0.9838198 -0.1778088
            -0.0219656 0.9838198 -0.1787919 -0.011486 0.9838198 -0.2618938 -0.0176595 0.9649351
            -0.3464601 -0.0240428 0.9377565 -0.4289458 -0.0301121 0.9028282 -0.5089025 -0.0356157
            0.860087 -0.6129407 -0.0423351 0.788994 -0.7060387 -0.0481631 0.7065336 -0.7880997
            -0.0531369 0.6132498 -0.8580096 -0.0572291 0.5104354 -0.9150983 -0.0604377 0.3986758
            -0.9576816 -0.0627034 0.2809168 -0.9851738 -0.0640287 0.1591634 -0.9973118 -0.0644289
            0.0348995 -0.9870867 -0.1563392 0.0348995 -0.9504772 -0.3088287 0.0348995 -0.8904638
            -0.453714 0.0348995 -0.8085242 -0.5874272 0.0348995 -0.706676 -0.706676 0.0348995
            -0.5874272 -0.8085242 0.0348995 -0.453714 -0.8904638 0.0348995 -0.3088287 -0.9504772
            0.0348995 -0.1563392 -0.9870867 0.0348995 -0.0644289 -0.9973118 0.0348995 -0.0640297
            -0.9851961 0.1590244 -0.0627087 -0.9577861 0.280559 -0.0604493 -0.9153107 0.3981861
            -0.0572401 -0.8582012 0.510112 -0.0531571 -0.7884381 0.6128129 -0.0481806 -0.7063223
            0.7062489 -0.0423428 -0.6130618 0.7888994 -0.0554724 -0.3502391 0.9350162 -0.0888649
            -0.5610709 0.8229839 -0.1170929 -0.7392954 0.6631227 -0.1385158 -0.8745546 0.4647232
            -0.1518888 -0.9589879 0.2393157 -0.1095789 -0.3372493 0.9350162 -0.1755417 -0.5402617
            0.8229839 -0.2313025 -0.711876 0.6631227 -0.273621 -0.8421187 0.4647232 -0.3000375
            -0.9234205 0.2393157 -0.1609872 -0.3159553 0.9350162 -0.257896 -0.5061494 0.8229839
            -0.3398168 -0.6669279 0.6631227 -0.4019886 -0.7889471 0.4647232 -0.4407984 -0.8651155
            0.2393157 -0.2084315 -0.2868814 0.9350162 -0.3339001 -0.459574 0.8229839 -0.4399636
            -0.6055579 0.6631227 -0.520458 -0.7163489 0.4647232 -0.5707053 -0.7855085 0.2393157
            -0.2507435 -0.2507435 0.9350162 -0.4016824 -0.4016824 0.8229839 -0.529277 -0.529277
            0.6631227 -0.626112 -0.626112 0.4647232 -0.6865596 -0.6865596 0.2393157 -0.2868814
            -0.2084315 0.9350162 -0.459574 -0.3339001 0.8229839 -0.6055579 -0.4399636 0.6631227
            -0.7163489 -0.520458 0.4647232 -0.7855085 -0.5707053 0.2393157 -0.3159553 -0.1609872
            0.9350162 -0.5061494 -0.257896 0.8229839 -0.6669279 -0.3398168 0.6631227 -0.7889471
            -0.4019886 0.4647232 -0.8651155 -0.4407984 0.2393157 -0.3372493 -0.1095789 0.9350162
            -0.5402617 -0.1755417 0.8229839 -0.711876 -0.2313025 0.6631227 -0.8421187 -0.273621
            0.4647232 -0.9234205 -0.3000375 0.2393157 -0.3502391 -0.0554724 0.9350162 -0.5610709
            -0.0888649 0.8229839 -0.7392954 -0.1170929 0.6631227 -0.8745546 -0.1385158 0.4647232
            -0.9589879 -0.1518888 0.2393157</float_array>
          <technique_common>
            <accessor count="96" source="#ID421" stride="3">
              <param name="X" type="float" />
              <param name="Y" type="float" />
              <param name="Z" type="float" />
            </accessor>
          </technique_common>
        </source>
        <source id="ID422">
          <float_array id="ID423" count="192">0.7379891 0.0039635 0.8052819 0.0041096 0.8716509
            0.003551 0.937179 0.0021898 1 0 1 0.0644202 1 0.1155838 1 0.1733152 1 0.2178818 1
            0.2822102 1 0.3601156 1 0.3911051 1 0.5 1 0.50964 1 0.6088949 1 0.6622488 1 0.7177898 1
            0.8134279 1 0.8266848 1 0.9355797 1 0.959266 1 1 0.9369597 0.9977998 0.8712526 0.9964433
            0.8050082 0.9958882 0.7379891 0.9960364 0.6448526 0.9966688 0.5529616 0.9972573
            0.4611902 0.9978037 0.3693764 0.9983035 0.2767207 0.9987555 0.1842828 0.9991496
            0.0921527 0.9994822 0 0.9997513 0 0.9355797 0 0.8266848 0 0.7177898 0 0.6088949 0 0.5 0
            0.3911051 0 0.2822102 0 0.1733152 0 0.0644202 0 0.0002487 0.0920488 0.0005174 0.1840078
            0.0008493 0.2763269 0.0012427 0.3690991 0.001695 0.4607824 0.002194 0.5526649 0.0027409
            0.6447392 0.0033305 0.8654933 0.0644202 0.6872452 0.0644202 0.5089972 0.0644202
            0.3307491 0.0644202 0.1525011 0.0644202 0.8654933 0.1733152 0.6872452 0.1733152
            0.5089972 0.1733152 0.3307491 0.1733152 0.1525011 0.1733152 0.8654933 0.2822102
            0.6872452 0.2822102 0.5089972 0.2822102 0.3307491 0.2822102 0.1525011 0.2822102
            0.8654933 0.3911051 0.6872452 0.3911051 0.5089972 0.3911051 0.3307491 0.3911051
            0.1525011 0.3911051 0.8654933 0.5 0.6872452 0.5 0.5089972 0.5 0.3307491 0.5 0.1525011
            0.5 0.8654933 0.6088949 0.6872452 0.6088949 0.5089972 0.6088949 0.3307491 0.6088949
            0.1525011 0.6088949 0.8654933 0.7177898 0.6872452 0.7177898 0.5089972 0.7177898
            0.3307491 0.7177898 0.1525011 0.7177898 0.8654933 0.8266848 0.6872452 0.8266848
            0.5089972 0.8266848 0.3307491 0.8266848 0.1525011 0.8266848 0.8654933 0.9355797
            0.6872452 0.9355797 0.5089972 0.9355797 0.3307491 0.9355797 0.1525011 0.9355797</float_array>
          <technique_common>
            <accessor count="96" source="#ID423" stride="2">
              <param name="S" type="float" />
              <param name="T" type="float" />
            </accessor>
          </technique_common>
        </source>
        <vertices id="ID424">
          <input semantic="POSITION" source="#ID418" />
        </vertices>
        <triangles count="139" material="ID425">
          <input semantic="VERTEX" source="#ID424" offset="0" />
          <input semantic="NORMAL" source="#ID420" offset="1" />
          <input semantic="TEXCOORD" source="#ID422" offset="2" set="0" />
          <p>50 50 50 0 0 0 52 52 52 53 53 53 52 52 52 58 58 58 59 59 59 58 58 58 64 64 64 65 65 65
            64 64 64 70 70 70 39 39 39 70 70 70 38 38 38 39 39 39 65 65 65 70 70 70 39 39 39 40 40
            40 65 65 65 65 65 65 40 40 40 60 60 60 59 59 59 60 60 60 54 54 54 53 53 53 54 54 54 48
            48 48 49 49 49 53 53 53 48 48 48 49 49 49 50 50 50 53 53 53 53 53 53 50 50 50 52 52 52 3
            3 3 5 5 5 2 2 2 3 3 3 4 4 4 5 5 5 2 2 2 5 5 5 51 51 51 1 1 1 51 51 51 52 52 52 0 0 0 1 1
            1 52 52 52 7 7 7 56 56 56 6 6 6 7 7 7 8 8 8 56 56 56 56 56 56 8 8 8 61 61 61 62 62 62 61
            61 61 67 67 67 68 68 68 67 67 67 73 73 73 74 74 74 73 73 73 79 79 79 80 80 80 79 79 79
            85 85 85 36 36 36 85 85 85 35 35 35 36 36 36 80 80 80 85 85 85 36 36 36 37 37 37 80 80
            80 80 80 80 37 37 37 75 75 75 74 74 74 75 75 75 69 69 69 68 68 68 69 69 69 63 63 63 62
            62 62 63 63 63 57 57 57 56 56 56 57 57 57 51 51 51 6 6 6 51 51 51 5 5 5 6 6 6 56 56 56
            51 51 51 8 8 8 9 9 9 61 61 61 61 61 61 9 9 9 10 10 10 66 66 66 10 10 10 11 11 11 71 71
            71 11 11 11 12 12 12 13 13 13 71 71 71 12 12 12 13 13 13 76 76 76 71 71 71 13 13 13 14
            14 14 76 76 76 76 76 76 14 14 14 15 15 15 81 81 81 15 15 15 16 16 16 17 17 17 81 81 81
            16 16 16 17 17 17 86 86 86 81 81 81 17 17 17 18 18 18 86 86 86 86 86 86 18 18 18 91 91
            91 92 92 92 91 91 91 24 24 24 25 25 25 92 92 92 24 24 24 25 25 25 26 26 26 92 92 92 92
            92 92 26 26 26 93 93 93 87 87 87 93 93 93 88 88 88 82 82 82 88 88 88 83 83 83 77 77 77
            83 83 83 78 78 78 72 72 72 78 78 78 73 73 73 67 67 67 72 72 72 73 73 73 67 67 67 66 66
            66 72 72 72 67 67 67 61 61 61 66 66 66 66 66 66 61 61 61 10 10 10 18 18 18 19 19 19 91
            91 91 91 91 91 19 19 19 20 20 20 24 24 24 20 20 20 23 23 23 24 24 24 91 91 91 20 20 20
            21 21 21 22 22 22 20 20 20 20 20 20 22 22 22 23 23 23 26 26 26 27 27 27 93 93 93 93 93
            93 27 27 27 28 28 28 94 94 94 28 28 28 29 29 29 30 30 30 94 94 94 29 29 29 30 30 30 95
            95 95 94 94 94 30 30 30 31 31 31 95 95 95 95 95 95 31 31 31 32 32 32 34 34 34 32 32 32
            33 33 33 34 34 34 95 95 95 32 32 32 34 34 34 90 90 90 95 95 95 34 34 34 35 35 35 90 90
            90 90 90 90 35 35 35 85 85 85 84 84 84 85 85 85 79 79 79 78 78 78 79 79 79 73 73 73 78
            78 78 84 84 84 79 79 79 78 78 78 83 83 83 84 84 84 84 84 84 83 83 83 89 89 89 90 90 90
            89 89 89 95 95 95 90 90 90 84 84 84 89 89 89 90 90 90 85 85 85 84 84 84 37 37 37 38 38
            38 75 75 75 75 75 75 38 38 38 70 70 70 69 69 69 70 70 70 64 64 64 63 63 63 64 64 64 58
            58 58 57 57 57 58 58 58 52 52 52 51 51 51 57 57 57 52 52 52 40 40 40 41 41 41 60 60 60
            60 60 60 41 41 41 55 55 55 54 54 54 55 55 55 46 46 46 47 47 47 54 54 54 46 46 46 47 47
            47 48 48 48 54 54 54 41 41 41 42 42 42 55 55 55 55 55 55 42 42 42 44 44 44 45 45 45 55
            55 55 44 44 44 45 45 45 46 46 46 55 55 55 42 42 42 43 43 43 44 44 44 58 58 58 59 59 59
            53 53 53 53 53 53 59 59 59 54 54 54 55 55 55 54 54 54 60 60 60 61 61 61 62 62 62 56 56
            56 56 56 56 62 62 62 57 57 57 58 58 58 57 57 57 63 63 63 64 64 64 65 65 65 59 59 59 59
            59 59 65 65 65 60 60 60 67 67 67 68 68 68 62 62 62 62 62 62 68 68 68 63 63 63 64 64 64
            63 63 63 69 69 69 72 72 72 66 66 66 71 71 71 77 77 77 71 71 71 76 76 76 82 82 82 76 76
            76 81 81 81 87 87 87 81 81 81 86 86 86 92 92 92 86 86 86 91 91 91 92 92 92 87 87 87 86
            86 86 92 92 92 93 93 93 87 87 87 73 73 73 74 74 74 68 68 68 68 68 68 74 74 74 69 69 69
            70 70 70 69 69 69 75 75 75 78 78 78 72 72 72 77 77 77 77 77 77 72 72 72 71 71 71 79 79
            79 80 80 80 74 74 74 74 74 74 80 80 80 75 75 75 71 71 71 66 66 66 11 11 11 83 83 83 77
            77 77 82 82 82 82 82 82 77 77 77 76 76 76 88 88 88 82 82 82 87 87 87 87 87 87 82 82 82
            81 81 81 81 81 81 76 76 76 15 15 15 83 83 83 88 88 88 89 89 89 89 89 89 88 88 88 94 94
            94 95 95 95 89 89 89 94 94 94 28 28 28 94 94 94 93 93 93 93 93 93 94 94 94 88 88 88 51
            51 51 1 1 1 2 2 2</p>
        </triangles>
      </mesh>
    </geometry>
    <geometry id="ID426">
      <mesh>
        <source id="ID427">
          <float_array id="ID428" count="33">-0.0040345 -0.0624508 0.1863168 -0.004 -0.0624991 0.185
            -0.004 -0.0595 0.185 -0.0041641 -0.0595 0.1912679 -0.0041531 -0.0601219 0.1908462
            -0.0041401 -0.0606845 0.1903517 -0.0041253 -0.0611854 0.1897866 -0.0041091 -0.0616084
            0.1891681 -0.0040917 -0.0619517 0.1885007 -0.0040731 -0.0622101 0.1877922 -0.004054
            -0.0623765 0.1870638</float_array>
          <technique_common>
            <accessor count="11" source="#ID428" stride="3">
              <param name="X" type="float" />
              <param name="Y" type="float" />
              <param name="Z" type="float" />
            </accessor>
          </technique_common>
        </source>
        <source id="ID429">
          <float_array id="ID430" count="33">0.9996573 0 0.0261769 0.9996573 0 0.0261769 0.9996573 0
            0.0261769 0.9996573 0 0.0261769 0.9996573 0 0.0261769 0.9996573 0 0.0261769 0.9996573 0
            0.0261769 0.9996573 0 0.0261769 0.9996573 0 0.0261769 0.9996573 0 0.0261769 0.9996573 0
            0.0261769</float_array>
          <technique_common>
            <accessor count="11" source="#ID430" stride="3">
              <param name="X" type="float" />
              <param name="Y" type="float" />
              <param name="Z" type="float" />
            </accessor>
          </technique_common>
        </source>
        <source id="ID431">
          <float_array id="ID432" count="22">0.2100848 0.9838966 0 1 0 0 1 0 0.9327139 0.2073593
            0.8538311 0.3949576 0.7636586 0.5619467 0.6649846 0.7030142 0.5585161 0.8174673 0.44547
            0.9036215 0.3292705 0.9591224</float_array>
          <technique_common>
            <accessor count="11" source="#ID432" stride="2">
              <param name="S" type="float" />
              <param name="T" type="float" />
            </accessor>
          </technique_common>
        </source>
        <vertices id="ID433">
          <input semantic="POSITION" source="#ID427" />
        </vertices>
        <triangles count="9" material="ID434">
          <input semantic="VERTEX" source="#ID433" offset="0" />
          <input semantic="NORMAL" source="#ID429" offset="1" />
          <input semantic="TEXCOORD" source="#ID431" offset="2" set="0" />
          <p>1 1 1 2 2 2 0 0 0 0 0 0 2 2 2 10 10 10 10 10 10 2 2 2 9 9 9 9 9 9 2 2 2 8 8 8 8 8 8 2 2
            2 7 7 7 7 7 7 2 2 2 6 6 6 6 6 6 2 2 2 5 5 5 5 5 5 2 2 2 4 4 4 4 4 4 2 2 2 3 3 3</p>
        </triangles>
      </mesh>
    </geometry>
    <geometry id="ID435">
      <mesh>
        <source id="ID436">
          <float_array id="ID437" count="186">-0.004 -0.0624991 0.185 -0.0026677 -0.0625701 0.185
            -0.0013341 -0.0626128 0.185 0 -0.062627 0.185 0.0013341 -0.0626128 0.185 0.0026677
            -0.0625701 0.185 0.004 -0.0624991 0.185 0.004 -0.0595 0.185 0.0039392 -0.0588054 0.185
            0.0037588 -0.0581319 0.185 0.0034641 -0.0575 0.185 0.0030642 -0.0569288 0.185 0.0025712
            -0.0564359 0.185 0.002 -0.0560359 0.185 0.0013681 -0.0557412 0.185 0.0006946 -0.0555608
            0.185 0 -0.0555 0.185 -0.0006946 -0.0555608 0.185 -0.0013681 -0.0557412 0.185 -0.002
            -0.0560359 0.185 -0.0025712 -0.0564359 0.185 -0.0030642 -0.0569288 0.185 -0.0034641
            -0.0575 0.185 -0.0037588 -0.0581319 0.185 -0.0039392 -0.0588054 0.185 -0.004 -0.0595
            0.185 0 -0.0625 0.185 -0.0004775 -0.0624582 0.185 -0.0009406 -0.0623342 0.185 -0.001375
            -0.0621316 0.185 -0.0017677 -0.0618566 0.185 -0.0021066 -0.0615176 0.185 -0.0023816
            -0.061125 0.185 -0.0025842 -0.0606906 0.185 -0.0027082 -0.0602275 0.185 -0.00275
            -0.05975 0.185 -0.0027082 -0.0592725 0.185 -0.0025842 -0.0588094 0.185 -0.0023816
            -0.058375 0.185 -0.0021066 -0.0579824 0.185 -0.0017677 -0.0576434 0.185 -0.001375
            -0.0573684 0.185 -0.0009406 -0.0571658 0.185 -0.0004775 -0.0570418 0.185 0 -0.057 0.185
            0.0004775 -0.0570418 0.185 0.0009406 -0.0571658 0.185 0.001375 -0.0573684 0.185
            0.0017677 -0.0576434 0.185 0.0021066 -0.0579824 0.185 0.0023816 -0.058375 0.185
            0.0025842 -0.0588094 0.185 0.0027082 -0.0592725 0.185 0.00275 -0.05975 0.185 0.0027082
            -0.0602275 0.185 0.0025842 -0.0606906 0.185 0.0023816 -0.061125 0.185 0.0021066
            -0.0615176 0.185 0.0017677 -0.0618566 0.185 0.001375 -0.0621316 0.185 0.0009406
            -0.0623342 0.185 0.0004775 -0.0624582 0.185</float_array>
          <technique_common>
            <accessor count="62" source="#ID437" stride="3">
              <param name="X" type="float" />
              <param name="Y" type="float" />
              <param name="Z" type="float" />
            </accessor>
          </technique_common>
        </source>
        <source id="ID438">
          <float_array id="ID439" count="186">0 0 1 0 0 1 0 0 1 0 0 1 0 0 1 0 0 1 0 0 1 0 0 1 0 0 1
            0 0 1 0 0 1 0 0 1 0 0 1 0 0 1 0 0 1 0 0 1 0 0 1 0 0 1 0 0 1 0 0 1 0 0 1 0 0 1 0 0 1 0 0
            1 0 0 1 0 0 1 0 0 1 0 0 1 0 0 1 0 0 1 0 0 1 0 0 1 0 0 1 0 0 1 0 0 1 0 0 1 0 0 1 0 0 1 0
            0 1 0 0 1 0 0 1 0 0 1 0 0 1 0 0 1 0 0 1 0 0 1 0 0 1 0 0 1 0 0 1 0 0 1 0 0 1 0 0 1 0 0 1
            0 0 1 0 0 1 0 0 1 0 0 1 0 0 1 0 0 1 0 0 1 0 0 1 0 0 1</float_array>
          <technique_common>
            <accessor count="62" source="#ID439" stride="3">
              <param name="X" type="float" />
              <param name="Y" type="float" />
              <param name="Z" type="float" />
            </accessor>
          </technique_common>
        </source>
        <source id="ID440">
          <float_array id="ID441" count="124">1 0.9820582 0.8334595 0.9920244 0.6667676 0.9980059
            0.5 1 0.3332324 0.9980059 0.1665405 0.9920244 0 0.9820582 0 0.5612475 0.0075961
            0.4637879 0.0301537 0.3692895 0.0669873 0.2806237 0.1169778 0.2004845 0.1786062 0.131307
            0.25 0.0751929 0.3289899 0.0338474 0.4131759 0.0085266 0.5 0 0.5868241 0.0085266
            0.6710101 0.0338474 0.75 0.0751929 0.8213938 0.131307 0.8830222 0.2004845 0.9330127
            0.2806237 0.9698463 0.3692895 0.9924039 0.4637879 1 0.5612475 0.5 0.9821831 0.5596915
            0.976321 0.6175694 0.958913 0.671875 0.930488 0.7209582 0.8919095 0.7633278 0.8443499
            0.7976962 0.7892542 0.8230193 0.7282966 0.8385277 0.6633289 0.84375 0.5963255 0.8385277
            0.529322 0.8230193 0.4643544 0.7976962 0.4033966 0.7633278 0.3483009 0.7209582 0.3007413
            0.671875 0.2621629 0.6175694 0.2337379 0.5596915 0.2163298 0.5 0.2104678 0.4403085
            0.2163298 0.3824306 0.2337379 0.328125 0.2621629 0.2790418 0.3007413 0.2366722 0.3483009
            0.2023038 0.4033966 0.1769807 0.4643544 0.1614723 0.529322 0.15625 0.5963255 0.1614723
            0.6633289 0.1769807 0.7282966 0.2023038 0.7892542 0.2366722 0.8443499 0.2790418
            0.8919095 0.328125 0.930488 0.3824306 0.958913 0.4403085 0.976321</float_array>
          <technique_common>
            <accessor count="62" source="#ID441" stride="2">
              <param name="S" type="float" />
              <param name="T" type="float" />
            </accessor>
          </technique_common>
        </source>
        <vertices id="ID442">
          <input semantic="POSITION" source="#ID436" />
        </vertices>
        <triangles count="62" material="ID443">
          <input semantic="VERTEX" source="#ID442" offset="0" />
          <input semantic="NORMAL" source="#ID438" offset="1" />
          <input semantic="TEXCOORD" source="#ID440" offset="2" set="0" />
          <p>30 30 30 31 31 31 1 1 1 2 2 2 30 30 30 1 1 1 2 2 2 29 29 29 30 30 30 2 2 2 28 28 28 29
            29 29 2 2 2 27 27 27 28 28 28 2 2 2 3 3 3 27 27 27 27 27 27 3 3 3 26 26 26 26 26 26 3 3
            3 61 61 61 61 61 61 3 3 3 4 4 4 60 60 60 4 4 4 59 59 59 60 60 60 61 61 61 4 4 4 59 59 59
            4 4 4 58 58 58 58 58 58 4 4 4 5 5 5 57 57 57 5 5 5 56 56 56 57 57 57 58 58 58 5 5 5 5 5
            5 6 6 6 56 56 56 56 56 56 6 6 6 55 55 55 55 55 55 6 6 6 7 7 7 54 54 54 7 7 7 53 53 53 54
            54 54 55 55 55 7 7 7 53 53 53 7 7 7 52 52 52 52 52 52 7 7 7 8 8 8 51 51 51 8 8 8 9 9 9
            50 50 50 9 9 9 10 10 10 49 49 49 10 10 10 11 11 11 48 48 48 11 11 11 12 12 12 47 47 47
            12 12 12 13 13 13 46 46 46 13 13 13 14 14 14 45 45 45 14 14 14 15 15 15 44 44 44 15 15
            15 16 16 16 17 17 17 44 44 44 16 16 16 17 17 17 43 43 43 44 44 44 17 17 17 18 18 18 43
            43 43 43 43 43 18 18 18 42 42 42 42 42 42 18 18 18 19 19 19 41 41 41 19 19 19 20 20 20
            40 40 40 20 20 20 21 21 21 39 39 39 21 21 21 22 22 22 38 38 38 22 22 22 23 23 23 37 37
            37 23 23 23 24 24 24 36 36 36 24 24 24 25 25 25 35 35 35 25 25 25 34 34 34 35 35 35 36
            36 36 25 25 25 34 34 34 25 25 25 33 33 33 33 33 33 25 25 25 0 0 0 32 32 32 0 0 0 1 1 1
            31 31 31 32 32 32 1 1 1 32 32 32 33 33 33 0 0 0 36 36 36 37 37 37 24 24 24 37 37 37 38
            38 38 23 23 23 38 38 38 39 39 39 22 22 22 39 39 39 40 40 40 21 21 21 40 40 40 41 41 41
            20 20 20 41 41 41 42 42 42 19 19 19 44 44 44 45 45 45 15 15 15 45 45 45 46 46 46 14 14
            14 46 46 46 47 47 47 13 13 13 47 47 47 48 48 48 12 12 12 48 48 48 49 49 49 11 11 11 49
            49 49 50 50 50 10 10 10 50 50 50 51 51 51 9 9 9 51 51 51 52 52 52 8 8 8</p>
        </triangles>
      </mesh>
    </geometry>
    <geometry id="ID444">
      <mesh>
        <source id="ID445">
          <float_array id="ID446" count="33">0.004 -0.0624991 0.185 0.0040345 -0.0624508 0.1863168
            0.0040541 -0.0623764 0.1870645 0.0040732 -0.0622094 0.1877945 0.0040917 -0.0619504
            0.1885038 0.0041092 -0.0616072 0.18917 0.0041254 -0.0611832 0.1897893 0.0041402
            -0.0606827 0.1903535 0.0041531 -0.0601213 0.1908466 0.0041641 -0.0595 0.1912679 0.004
            -0.0595 0.185</float_array>
          <technique_common>
            <accessor count="11" source="#ID446" stride="3">
              <param name="X" type="float" />
              <param name="Y" type="float" />
              <param name="Z" type="float" />
            </accessor>
          </technique_common>
        </source>
        <source id="ID447">
          <float_array id="ID448" count="33">-0.9996573 0 0.0261769 -0.9996573 0 0.0261769
            -0.9996573 0 0.0261769 -0.9996573 0 0.0261769 -0.9996573 0 0.0261769 -0.9996573 0
            0.0261769 -0.9996573 0 0.0261769 -0.9996573 0 0.0261769 -0.9996573 0 0.0261769
            -0.9996573 0 0.0261769 -0.9996573 0 0.0261769</float_array>
          <technique_common>
            <accessor count="11" source="#ID448" stride="3">
              <param name="X" type="float" />
              <param name="Y" type="float" />
              <param name="Z" type="float" />
            </accessor>
          </technique_common>
        </source>
        <source id="ID449">
          <float_array id="ID450" count="22">0 1 0.0161034 0.7899151 0.0409136 0.6706234 0.096606
            0.5541612 0.182972 0.441004 0.2973717 0.3347059 0.4387578 0.2359094 0.6056463 0.1458814
            0.7928311 0.0672157 1 0 1 1</float_array>
          <technique_common>
            <accessor count="11" source="#ID450" stride="2">
              <param name="S" type="float" />
              <param name="T" type="float" />
            </accessor>
          </technique_common>
        </source>
        <vertices id="ID451">
          <input semantic="POSITION" source="#ID445" />
        </vertices>
        <triangles count="9" material="ID452">
          <input semantic="VERTEX" source="#ID451" offset="0" />
          <input semantic="NORMAL" source="#ID447" offset="1" />
          <input semantic="TEXCOORD" source="#ID449" offset="2" set="0" />
          <p>0 0 0 1 1 1 10 10 10 10 10 10 1 1 1 2 2 2 3 3 3 10 10 10 2 2 2 3 3 3 4 4 4 10 10 10 10
            10 10 4 4 4 5 5 5 6 6 6 10 10 10 5 5 5 6 6 6 7 7 7 10 10 10 10 10 10 7 7 7 8 8 8 9 9 9
            10 10 10 8 8 8</p>
        </triangles>
      </mesh>
    </geometry>
    <geometry id="ID453">
      <mesh>
        <source id="ID454">
          <float_array id="ID455" count="288">0.0595 -0.0041641 0.1912679 0.0590185 -0.0041429
            0.1915248 0.0585247 -0.0040609 0.1917351 0.0580267 -0.003912 0.191897 0.057541
            -0.0036966 0.1920103 0.0569497 -0.00902 0.1920103 0.0554964 -0.0156454 0.1920103
            0.0548376 -0.0178178 0.1920103 0.0513751 -0.0261769 0.1920103 0.0510165 -0.0268691
            0.1920103 0.0466476 -0.0338915 0.1920103 0.0462948 -0.0343718 0.1920103 0.0407715
            -0.0407715 0.1920103 0.038788 -0.0426629 0.1920103 0.0338915 -0.0466476 0.1920103
            0.0288599 -0.0499173 0.1920103 0.0261769 -0.0513751 0.1920103 0.0178178 -0.0548375
            0.1920103 0.0172765 -0.0550105 0.1920103 0.00902 -0.0569497 0.1920103 0.0049313
            -0.0574484 0.1920103 0.0036966 -0.057541 0.1920103 0.003913 -0.0580283 0.1918969
            0.0040616 -0.0585276 0.1917339 0.0041433 -0.0590207 0.1915238 0.0041641 -0.0595
            0.1912679 0.0041531 -0.0601213 0.1908466 0.0041402 -0.0606827 0.1903535 0.0041254
            -0.0611832 0.1897893 0.0041092 -0.0616072 0.18917 0.0040917 -0.0619504 0.1885038
            0.0040732 -0.0622094 0.1877945 0.0040541 -0.0623764 0.1870645 0.0040345 -0.0624508
            0.1863168 0.0097898 -0.0618105 0.1863168 0.0193386 -0.0595181 0.1863168 0.0284112
            -0.0557601 0.1863168 0.0367842 -0.0506291 0.1863168 0.0442514 -0.0442515 0.1863168
            0.0506291 -0.0367842 0.1863168 0.0557601 -0.0284112 0.1863168 0.0595181 -0.0193386
            0.1863168 0.0618105 -0.0097898 0.1863168 0.0624508 -0.0040345 0.1863168 0.0623765
            -0.004054 0.1870638 0.0622101 -0.0040731 0.1877922 0.0619517 -0.0040917 0.1885007
            0.0616084 -0.0041091 0.1891681 0.0611853 -0.0041254 0.1897866 0.0606845 -0.0041401
            0.1903517 0.0601219 -0.0041531 0.1908462 0.0579894 -0.0091846 0.1917175 0.0592544
            -0.0093849 0.1910453 0.0603238 -0.0095543 0.1900861 0.0611353 -0.0096829 0.1888957
            0.0616419 -0.0097631 0.1875433 0.0558387 -0.0181431 0.1917175 0.0570568 -0.0185389
            0.1910453 0.0580865 -0.0188734 0.1900861 0.0588679 -0.0191273 0.1888957 0.0593557
            -0.0192858 0.1875433 0.052313 -0.0266548 0.1917175 0.0534542 -0.0272363 0.1910453
            0.0544189 -0.0277278 0.1900861 0.055151 -0.0281008 0.1888957 0.055608 -0.0283337
            0.1875433 0.0474992 -0.0345102 0.1917175 0.0485354 -0.035263 0.1910453 0.0494113
            -0.0358994 0.1900861 0.050076 -0.0363824 0.1888957 0.050491 -0.0366838 0.1875433
            0.0415159 -0.0415159 0.1917175 0.0424215 -0.0424215 0.1910453 0.0431871 -0.0431871
            0.1900861 0.0437681 -0.0437681 0.1888957 0.0441307 -0.0441307 0.1875433 0.0345102
            -0.0474992 0.1917175 0.035263 -0.0485354 0.1910453 0.0358994 -0.0494113 0.1900861
            0.0363824 -0.050076 0.1888957 0.0366839 -0.050491 0.1875433 0.0266548 -0.052313
            0.1917175 0.0272363 -0.0534542 0.1910453 0.0277278 -0.0544189 0.1900861 0.0281008
            -0.055151 0.1888957 0.0283337 -0.055608 0.1875433 0.0181431 -0.0558387 0.1917175
            0.0185389 -0.0570568 0.1910453 0.0188734 -0.0580865 0.1900861 0.0191273 -0.0588679
            0.1888957 0.0192858 -0.0593557 0.1875433 0.0091846 -0.0579894 0.1917175 0.009385
            -0.0592545 0.1910453 0.0095543 -0.0603238 0.1900861 0.0096829 -0.0611353 0.1888957
            0.0097631 -0.0616419 0.1875433</float_array>
          <technique_common>
            <accessor count="96" source="#ID455" stride="3">
              <param name="X" type="float" />
              <param name="Y" type="float" />
              <param name="Z" type="float" />
            </accessor>
          </technique_common>
        </source>
        <source id="ID456">
          <float_array id="ID457" count="288">0.5089025 -0.0356157 0.860087 0.4286118 -0.0300873
            0.9029876 0.345955 -0.0240049 0.9379439 0.2616079 -0.0176362 0.9650131 0.1787919
            -0.011486 0.9838198 0.1769547 -0.0280269 0.9838198 0.1724389 -0.0486135 0.9838198
            0.1703917 -0.0553636 0.9838198 0.1596331 -0.0813371 0.9838198 0.1585189 -0.0834878
            0.9838198 0.1449438 -0.1053079 0.9838198 0.1438475 -0.1068005 0.9838198 0.1266856
            -0.1266856 0.9838198 0.1205223 -0.1325626 0.9838198 0.1053079 -0.1449438 0.9838198
            0.0896738 -0.1551034 0.9838198 0.0813371 -0.1596331 0.9838198 0.0553636 -0.1703917
            0.9838198 0.0536817 -0.170929 0.9838198 0.0280269 -0.1769547 0.9838198 0.0153225
            -0.178504 0.9838198 0.011486 -0.1787919 0.9838198 0.0176595 -0.2618938 0.9649351
            0.0240428 -0.3464601 0.9377565 0.0301121 -0.4289458 0.9028282 0.0356157 -0.5089025
            0.860087 0.0423351 -0.6129407 0.788994 0.0481631 -0.7060387 0.7065336 0.0531369
            -0.7880997 0.6132498 0.0572291 -0.8580096 0.5104354 0.0604377 -0.9150983 0.3986758
            0.0627034 -0.9576816 0.2809168 0.0640287 -0.9851738 0.1591634 0.0644289 -0.9973118
            0.0348995 0.1563392 -0.9870867 0.0348995 0.3088287 -0.9504772 0.0348995 0.453714
            -0.8904638 0.0348995 0.5874272 -0.8085242 0.0348995 0.706676 -0.706676 0.0348995
            0.8085242 -0.5874272 0.0348995 0.8904638 -0.453714 0.0348995 0.9504772 -0.3088287
            0.0348995 0.9870867 -0.1563392 0.0348995 0.9973118 -0.0644289 0.0348995 0.9851961
            -0.0640297 0.1590244 0.9577861 -0.0627087 0.280559 0.9153107 -0.0604493 0.3981861
            0.8582012 -0.0572401 0.510112 0.7884381 -0.0531571 0.6128129 0.7063223 -0.0481806
            0.7062489 0.6130618 -0.0423428 0.7888994 0.3502391 -0.0554724 0.9350162 0.5610709
            -0.0888649 0.8229839 0.7392954 -0.1170929 0.6631227 0.8745546 -0.1385158 0.4647232
            0.9589879 -0.1518888 0.2393157 0.3372493 -0.1095789 0.9350162 0.5402617 -0.1755417
            0.8229839 0.711876 -0.2313025 0.6631227 0.8421187 -0.273621 0.4647232 0.9234205
            -0.3000375 0.2393157 0.3159553 -0.1609872 0.9350162 0.5061494 -0.257896 0.8229839
            0.6669279 -0.3398168 0.6631227 0.7889471 -0.4019886 0.4647232 0.8651155 -0.4407984
            0.2393157 0.2868814 -0.2084315 0.9350162 0.459574 -0.3339001 0.8229839 0.6055579
            -0.4399636 0.6631227 0.7163489 -0.520458 0.4647232 0.7855085 -0.5707053 0.2393157
            0.2507435 -0.2507435 0.9350162 0.4016824 -0.4016824 0.8229839 0.529277 -0.529277
            0.6631227 0.626112 -0.626112 0.4647232 0.6865596 -0.6865596 0.2393157 0.2084315
            -0.2868814 0.9350162 0.3339001 -0.459574 0.8229839 0.4399636 -0.6055579 0.6631227
            0.520458 -0.7163489 0.4647232 0.5707053 -0.7855085 0.2393157 0.1609872 -0.3159553
            0.9350162 0.257896 -0.5061494 0.8229839 0.3398168 -0.6669279 0.6631227 0.4019886
            -0.7889471 0.4647232 0.4407984 -0.8651155 0.2393157 0.1095789 -0.3372493 0.9350162
            0.1755417 -0.5402617 0.8229839 0.2313025 -0.711876 0.6631227 0.273621 -0.8421187
            0.4647232 0.3000375 -0.9234205 0.2393157 0.0554724 -0.3502391 0.9350162 0.0888649
            -0.5610709 0.8229839 0.1170929 -0.7392954 0.6631227 0.1385158 -0.8745546 0.4647232
            0.1518888 -0.9589879 0.2393157</float_array>
          <technique_common>
            <accessor count="96" source="#ID457" stride="3">
              <param name="X" type="float" />
              <param name="Y" type="float" />
              <param name="Z" type="float" />
            </accessor>
          </technique_common>
        </source>
        <source id="ID458">
          <float_array id="ID459" count="192">0.7379891 0.0039636 0.8052819 0.0041097 0.8716509
            0.003551 0.937179 0.0021898 1 0 1 0.0644203 1 0.1460196 1 0.1733152 1 0.2822102 1
            0.2915824 1 0.3911051 1 0.3982713 1 0.5 1 0.5329556 1 0.6088949 1 0.6810732 1 0.7177898
            1 0.8266848 1 0.8335169 1 0.9355797 1 0.985113 1 1 0.9369597 0.9977998 0.8712526
            0.9964433 0.8050082 0.9958882 0.7379891 0.9960364 0.6448526 0.9966688 0.5529616
            0.9972573 0.4611902 0.9978037 0.3693764 0.9983035 0.2767207 0.9987555 0.1842828
            0.9991496 0.0921527 0.9994823 0 0.9997513 0 0.9355797 0 0.8266848 0 0.7177898 0
            0.6088949 0 0.5 0 0.3911051 0 0.2822102 0 0.1733152 0 0.0644203 0 0.0002488 0.0920488
            0.0005174 0.1840078 0.0008493 0.2763269 0.0012427 0.3690991 0.001695 0.4607824 0.002194
            0.5526649 0.0027409 0.6447392 0.0033305 0.8654933 0.0644203 0.6872452 0.0644203
            0.5089972 0.0644203 0.3307491 0.0644203 0.1525011 0.0644203 0.8654933 0.1733152
            0.6872452 0.1733152 0.5089972 0.1733152 0.3307491 0.1733152 0.1525011 0.1733152
            0.8654933 0.2822102 0.6872452 0.2822102 0.5089972 0.2822102 0.3307491 0.2822102
            0.1525011 0.2822102 0.8654933 0.3911051 0.6872452 0.3911051 0.5089972 0.3911051
            0.3307491 0.3911051 0.1525011 0.3911051 0.8654933 0.5 0.6872452 0.5 0.5089972 0.5
            0.3307491 0.5 0.1525011 0.5 0.8654933 0.6088949 0.6872452 0.6088949 0.5089972 0.6088949
            0.3307491 0.6088949 0.1525011 0.6088949 0.8654933 0.7177898 0.6872452 0.7177898
            0.5089972 0.7177898 0.3307491 0.7177898 0.1525011 0.7177898 0.8654933 0.8266848
            0.6872452 0.8266848 0.5089972 0.8266848 0.3307491 0.8266848 0.1525011 0.8266848
            0.8654933 0.9355797 0.6872452 0.9355797 0.5089972 0.9355797 0.3307491 0.9355797
            0.1525011 0.9355797</float_array>
          <technique_common>
            <accessor count="96" source="#ID459" stride="2">
              <param name="S" type="float" />
              <param name="T" type="float" />
            </accessor>
          </technique_common>
        </source>
        <vertices id="ID460">
          <input semantic="POSITION" source="#ID454" />
        </vertices>
        <triangles count="139" material="ID461">
          <input semantic="VERTEX" source="#ID460" offset="0" />
          <input semantic="NORMAL" source="#ID456" offset="1" />
          <input semantic="TEXCOORD" source="#ID458" offset="2" set="0" />
          <p>50 50 50 0 0 0 52 52 52 53 53 53 52 52 52 58 58 58 59 59 59 58 58 58 64 64 64 65 65 65
            64 64 64 70 70 70 39 39 39 70 70 70 38 38 38 39 39 39 65 65 65 70 70 70 39 39 39 40 40
            40 65 65 65 65 65 65 40 40 40 60 60 60 59 59 59 60 60 60 54 54 54 53 53 53 54 54 54 48
            48 48 49 49 49 53 53 53 48 48 48 49 49 49 50 50 50 53 53 53 53 53 53 50 50 50 52 52 52 3
            3 3 5 5 5 2 2 2 3 3 3 4 4 4 5 5 5 2 2 2 5 5 5 51 51 51 1 1 1 51 51 51 52 52 52 0 0 0 1 1
            1 52 52 52 8 8 8 61 61 61 7 7 7 8 8 8 9 9 9 61 61 61 61 61 61 9 9 9 66 66 66 67 67 67 66
            66 66 72 72 72 73 73 73 72 72 72 78 78 78 79 79 79 78 78 78 84 84 84 85 85 85 84 84 84
            90 90 90 35 35 35 90 90 90 34 34 34 35 35 35 85 85 85 90 90 90 35 35 35 36 36 36 85 85
            85 85 85 85 36 36 36 80 80 80 79 79 79 80 80 80 74 74 74 73 73 73 74 74 74 68 68 68 67
            67 67 68 68 68 62 62 62 61 61 61 62 62 62 56 56 56 7 7 7 56 56 56 6 6 6 7 7 7 61 61 61
            56 56 56 9 9 9 10 10 10 66 66 66 66 66 66 10 10 10 11 11 11 71 71 71 11 11 11 12 12 12
            13 13 13 71 71 71 12 12 12 13 13 13 76 76 76 71 71 71 13 13 13 14 14 14 76 76 76 76 76
            76 14 14 14 15 15 15 81 81 81 15 15 15 16 16 16 86 86 86 16 16 16 17 17 17 18 18 18 86
            86 86 17 17 17 18 18 18 91 91 91 86 86 86 18 18 18 19 19 19 91 91 91 91 91 91 19 19 19
            20 20 20 24 24 24 20 20 20 23 23 23 24 24 24 91 91 91 20 20 20 24 24 24 92 92 92 91 91
            91 24 24 24 25 25 25 92 92 92 92 92 92 25 25 25 26 26 26 93 93 93 26 26 26 27 27 27 28
            28 28 93 93 93 27 27 27 28 28 28 94 94 94 93 93 93 28 28 28 29 29 29 94 94 94 94 94 94
            29 29 29 30 30 30 95 95 95 30 30 30 31 31 31 32 32 32 95 95 95 31 31 31 32 32 32 34 34
            34 95 95 95 32 32 32 33 33 33 34 34 34 21 21 21 22 22 22 20 20 20 20 20 20 22 22 22 23
            23 23 36 36 36 37 37 37 80 80 80 80 80 80 37 37 37 75 75 75 74 74 74 75 75 75 69 69 69
            68 68 68 69 69 69 63 63 63 62 62 62 63 63 63 57 57 57 56 56 56 57 57 57 51 51 51 6 6 6
            51 51 51 5 5 5 6 6 6 56 56 56 51 51 51 37 37 37 38 38 38 75 75 75 75 75 75 38 38 38 70
            70 70 69 69 69 70 70 70 64 64 64 63 63 63 64 64 64 58 58 58 57 57 57 58 58 58 52 52 52
            51 51 51 57 57 57 52 52 52 40 40 40 41 41 41 60 60 60 60 60 60 41 41 41 55 55 55 54 54
            54 55 55 55 46 46 46 47 47 47 54 54 54 46 46 46 47 47 47 48 48 48 54 54 54 41 41 41 42
            42 42 55 55 55 55 55 55 42 42 42 44 44 44 45 45 45 55 55 55 44 44 44 45 45 45 46 46 46
            55 55 55 42 42 42 43 43 43 44 44 44 58 58 58 59 59 59 53 53 53 53 53 53 59 59 59 54 54
            54 55 55 55 54 54 54 60 60 60 57 57 57 56 56 56 62 62 62 58 58 58 57 57 57 63 63 63 64
            64 64 65 65 65 59 59 59 59 59 59 65 65 65 60 60 60 66 66 66 67 67 67 61 61 61 61 61 61
            67 67 67 62 62 62 63 63 63 62 62 62 68 68 68 64 64 64 63 63 63 69 69 69 72 72 72 73 73
            73 67 67 67 67 67 67 73 73 73 68 68 68 69 69 69 68 68 68 74 74 74 70 70 70 69 69 69 75
            75 75 11 11 11 71 71 71 66 66 66 66 66 66 71 71 71 72 72 72 72 72 72 71 71 71 77 77 77
            78 78 78 77 77 77 83 83 83 84 84 84 83 83 83 89 89 89 90 90 90 89 89 89 95 95 95 34 34
            34 90 90 90 95 95 95 78 78 78 79 79 79 73 73 73 73 73 73 79 79 79 74 74 74 75 75 75 74
            74 74 80 80 80 71 71 71 76 76 76 77 77 77 77 77 77 76 76 76 82 82 82 83 83 83 82 82 82
            88 88 88 89 89 89 88 88 88 94 94 94 95 95 95 94 94 94 30 30 30 95 95 95 89 89 89 94 94
            94 77 77 77 78 78 78 72 72 72 84 84 84 85 85 85 79 79 79 79 79 79 85 85 85 80 80 80 15
            15 15 81 81 81 76 76 76 76 76 76 81 81 81 82 82 82 82 82 82 81 81 81 87 87 87 88 88 88
            87 87 87 93 93 93 94 94 94 88 88 88 93 93 93 87 87 87 81 81 81 86 86 86 92 92 92 86 86
            86 91 91 91 92 92 92 87 87 87 86 86 86 92 92 92 93 93 93 87 87 87 92 92 92 26 26 26 93
            93 93 82 82 82 83 83 83 77 77 77 83 83 83 84 84 84 78 78 78 87 87 87 88 88 88 82 82 82
            88 88 88 89 89 89 83 83 83 89 89 89 90 90 90 84 84 84 86 86 86 81 81 81 16 16 16 51 51
            51 1 1 1 2 2 2</p>
        </triangles>
      </mesh>
    </geometry>
    <geometry id="ID462">
      <mesh>
        <source id="ID463">
          <float_array id="ID464" count="33">0.0624508 -0.0040345 0.1863168 0.0624991 -0.004 0.185
            0.0595 -0.004 0.185 0.0595 -0.0041641 0.1912679 0.0601219 -0.0041531 0.1908462 0.0606845
            -0.0041401 0.1903517 0.0611853 -0.0041254 0.1897866 0.0616084 -0.0041091 0.1891681
            0.0619517 -0.0040917 0.1885007 0.0622101 -0.0040731 0.1877922 0.0623765 -0.004054
            0.1870638</float_array>
          <technique_common>
            <accessor count="11" source="#ID464" stride="3">
              <param name="X" type="float" />
              <param name="Y" type="float" />
              <param name="Z" type="float" />
            </accessor>
          </technique_common>
        </source>
        <source id="ID465">
          <float_array id="ID466" count="33">0 0.9996573 0.0261769 0 0.9996573 0.0261769 0 0.9996573
            0.0261769 0 0.9996573 0.0261769 0 0.9996573 0.0261769 0 0.9996573 0.0261769 0 0.9996573
            0.0261769 0 0.9996573 0.0261769 0 0.9996573 0.0261769 0 0.9996573 0.0261769 0 0.9996573
            0.0261769</float_array>
          <technique_common>
            <accessor count="11" source="#ID466" stride="3">
              <param name="X" type="float" />
              <param name="Y" type="float" />
              <param name="Z" type="float" />
            </accessor>
          </technique_common>
        </source>
        <source id="ID467">
          <float_array id="ID468" count="22">0.0161034 0.2100848 0 0 1 0 1 1 0.7926407 0.9327139
            0.6050423 0.8538311 0.4380533 0.7636586 0.2969858 0.6649846 0.1825328 0.5585161
            0.0963785 0.44547 0.0408776 0.3292704</float_array>
          <technique_common>
            <accessor count="11" source="#ID468" stride="2">
              <param name="S" type="float" />
              <param name="T" type="float" />
            </accessor>
          </technique_common>
        </source>
        <vertices id="ID469">
          <input semantic="POSITION" source="#ID463" />
        </vertices>
        <triangles count="9" material="ID470">
          <input semantic="VERTEX" source="#ID469" offset="0" />
          <input semantic="NORMAL" source="#ID465" offset="1" />
          <input semantic="TEXCOORD" source="#ID467" offset="2" set="0" />
          <p>1 1 1 2 2 2 0 0 0 0 0 0 2 2 2 10 10 10 10 10 10 2 2 2 9 9 9 9 9 9 2 2 2 8 8 8 8 8 8 2 2
            2 7 7 7 7 7 7 2 2 2 6 6 6 6 6 6 2 2 2 5 5 5 5 5 5 2 2 2 4 4 4 4 4 4 2 2 2 3 3 3</p>
        </triangles>
      </mesh>
    </geometry>
    <geometry id="ID471">
      <mesh>
        <source id="ID472">
          <float_array id="ID473" count="216">0.0779 -0.118 0.1322 0.0779471 -0.1185383 0.1322
            0.078087 -0.1190602 0.1322 0.0783153 -0.11955 0.1322 0.0786253 -0.1199926 0.1322
            0.0790074 -0.1203748 0.1322 0.07945 -0.1206847 0.1322 0.0799397 -0.120913 0.1322
            0.0804617 -0.1210529 0.1322 0.081 -0.1211 0.1322 0.0815383 -0.1210529 0.1322 0.0820603
            -0.120913 0.1322 0.08255 -0.1206847 0.1322 0.0829926 -0.1203748 0.1322 0.0833747
            -0.1199926 0.1322 0.0836847 -0.11955 0.1322 0.083913 -0.1190602 0.1322 0.0840529
            -0.1185383 0.1322 0.0841 -0.118 0.1322 0.0840529 -0.1174617 0.1322 0.083913 -0.1169398
            0.1322 0.0836847 -0.11645 0.1322 0.0833747 -0.1160074 0.1322 0.0829926 -0.1156252 0.1322
            0.08255 -0.1153153 0.1322 0.0820603 -0.115087 0.1322 0.0815383 -0.1149471 0.1322 0.081
            -0.1149 0.1322 0.0804617 -0.1149471 0.1322 0.0799397 -0.115087 0.1322 0.07945 -0.1153153
            0.1322 0.0790074 -0.1156252 0.1322 0.0786253 -0.1160074 0.1322 0.0783153 -0.11645 0.1322
            0.078087 -0.1169398 0.1322 0.0779471 -0.1174617 0.1322 0.081 -0.12075 0.1322 0.0805225
            -0.1207082 0.1322 0.0800594 -0.1205842 0.1322 0.079625 -0.1203816 0.1322 0.0792323
            -0.1201066 0.1322 0.0788934 -0.1197676 0.1322 0.0786184 -0.119375 0.1322 0.0784158
            -0.1189406 0.1322 0.0782918 -0.1184775 0.1322 0.07825 -0.118 0.1322 0.0782918 -0.1175225
            0.1322 0.0784158 -0.1170594 0.1322 0.0786184 -0.116625 0.1322 0.0788934 -0.1162324
            0.1322 0.0792323 -0.1158934 0.1322 0.079625 -0.1156184 0.1322 0.0800594 -0.1154158
            0.1322 0.0805225 -0.1152918 0.1322 0.081 -0.11525 0.1322 0.0814775 -0.1152918 0.1322
            0.0819406 -0.1154158 0.1322 0.082375 -0.1156184 0.1322 0.0827677 -0.1158934 0.1322
            0.0831066 -0.1162324 0.1322 0.0833816 -0.116625 0.1322 0.0835842 -0.1170594 0.1322
            0.0837082 -0.1175225 0.1322 0.08375 -0.118 0.1322 0.0837082 -0.1184775 0.1322 0.0835842
            -0.1189406 0.1322 0.0833816 -0.119375 0.1322 0.0831066 -0.1197676 0.1322 0.0827677
            -0.1201066 0.1322 0.082375 -0.1203816 0.1322 0.0819406 -0.1205842 0.1322 0.0814775
            -0.1207082 0.1322</float_array>
          <technique_common>
            <accessor count="72" source="#ID473" stride="3">
              <param name="X" type="float" />
              <param name="Y" type="float" />
              <param name="Z" type="float" />
            </accessor>
          </technique_common>
        </source>
        <source id="ID474">
          <float_array id="ID475" count="216">0 0 1 0 0 1 0 0 1 0 0 1 0 0 1 0 0 1 0 0 1 0 0 1 0 0 1
            0 0 1 0 0 1 0 0 1 0 0 1 0 0 1 0 0 1 0 0 1 0 0 1 0 0 1 0 0 1 0 0 1 0 0 1 0 0 1 0 0 1 0 0
            1 0 0 1 0 0 1 0 0 1 0 0 1 0 0 1 0 0 1 0 0 1 0 0 1 0 0 1 0 0 1 0 0 1 0 0 1 0 0 1 0 0 1 0
            0 1 0 0 1 0 0 1 0 0 1 0 0 1 0 0 1 0 0 1 0 0 1 0 0 1 0 0 1 0 0 1 0 0 1 0 0 1 0 0 1 0 0 1
            0 0 1 0 0 1 0 0 1 0 0 1 0 0 1 0 0 1 0 0 1 0 0 1 0 0 1 0 0 1 0 0 1 0 0 1 0 0 1 0 0 1 0 0
            1 0 0 1 0 0 1 0 0 1 0 0 1</float_array>
          <technique_common>
            <accessor count="72" source="#ID475" stride="3">
              <param name="X" type="float" />
              <param name="Y" type="float" />
              <param name="Z" type="float" />
            </accessor>
          </technique_common>
        </source>
        <source id="ID476">
          <float_array id="ID477" count="144">0.5 1 0.4131759 0.9924039 0.3289899 0.9698464 0.25
            0.9330127 0.1786062 0.8830222 0.1169778 0.8213938 0.0669873 0.7499999 0.0301537 0.67101
            0.0075961 0.5868241 0 0.5 0.0075961 0.4131759 0.0301537 0.3289899 0.0669873 0.25
            0.1169778 0.1786062 0.1786062 0.1169778 0.25 0.0669873 0.3289899 0.0301537 0.4131759
            0.0075961 0.5 0 0.5868241 0.0075961 0.67101 0.0301537 0.7499999 0.0669873 0.8213938
            0.1169778 0.8830222 0.1786062 0.9330127 0.25 0.9698464 0.3289899 0.9924039 0.4131759 1
            0.5 0.9924039 0.5868241 0.9698464 0.67101 0.9330127 0.7499999 0.8830222 0.8213938
            0.8213938 0.8830222 0.7499999 0.9330127 0.67101 0.9698464 0.5868241 0.9924039 0.0564516
            0.5 0.0631901 0.5770214 0.0832009 0.6517025 0.1158758 0.7217742 0.1602222 0.7851074
            0.2148926 0.8397778 0.2782258 0.8841242 0.3482975 0.9167991 0.4229786 0.9368099 0.5
            0.9435484 0.5770214 0.9368099 0.6517025 0.9167991 0.7217742 0.8841242 0.7851074
            0.8397778 0.8397778 0.7851074 0.8841242 0.7217742 0.9167991 0.6517025 0.9368099
            0.5770214 0.9435484 0.5 0.9368099 0.4229786 0.9167991 0.3482975 0.8841242 0.2782258
            0.8397778 0.2148926 0.7851074 0.1602222 0.7217742 0.1158758 0.6517025 0.0832009
            0.5770214 0.0631901 0.5 0.0564516 0.4229786 0.0631901 0.3482975 0.0832009 0.2782258
            0.1158758 0.2148926 0.1602222 0.1602222 0.2148926 0.1158758 0.2782258 0.0832009
            0.3482975 0.0631901 0.4229786</float_array>
          <technique_common>
            <accessor count="72" source="#ID477" stride="2">
              <param name="S" type="float" />
              <param name="T" type="float" />
            </accessor>
          </technique_common>
        </source>
        <vertices id="ID478">
          <input semantic="POSITION" source="#ID472" />
        </vertices>
        <triangles count="72" material="ID479">
          <input semantic="VERTEX" source="#ID478" offset="0" />
          <input semantic="NORMAL" source="#ID474" offset="1" />
          <input semantic="TEXCOORD" source="#ID476" offset="2" set="0" />
          <p>35 35 35 0 0 0 45 45 45 46 46 46 35 35 35 45 45 45 46 46 46 34 34 34 35 35 35 46 46 46
            47 47 47 34 34 34 34 34 34 47 47 47 33 33 33 33 33 33 47 47 47 48 48 48 32 32 32 48 48
            48 49 49 49 31 31 31 49 49 49 50 50 50 30 30 30 50 50 50 51 51 51 29 29 29 51 51 51 52
            52 52 28 28 28 52 52 52 53 53 53 27 27 27 53 53 53 54 54 54 55 55 55 27 27 27 54 54 54
            55 55 55 26 26 26 27 27 27 55 55 55 56 56 56 26 26 26 26 26 26 56 56 56 25 25 25 25 25
            25 56 56 56 57 57 57 24 24 24 57 57 57 58 58 58 23 23 23 58 58 58 59 59 59 22 22 22 59
            59 59 60 60 60 21 21 21 60 60 60 61 61 61 20 20 20 61 61 61 62 62 62 19 19 19 62 62 62
            63 63 63 18 18 18 63 63 63 17 17 17 18 18 18 19 19 19 63 63 63 36 36 36 37 37 37 8 8 8 9
            9 9 36 36 36 8 8 8 9 9 9 71 71 71 36 36 36 9 9 9 10 10 10 71 71 71 71 71 71 10 10 10 70
            70 70 70 70 70 10 10 10 11 11 11 69 69 69 11 11 11 12 12 12 68 68 68 12 12 12 13 13 13
            67 67 67 13 13 13 14 14 14 66 66 66 14 14 14 15 15 15 65 65 65 15 15 15 16 16 16 64 64
            64 16 16 16 17 17 17 63 63 63 64 64 64 17 17 17 8 8 8 38 38 38 7 7 7 8 8 8 37 37 37 38
            38 38 7 7 7 39 39 39 6 6 6 7 7 7 38 38 38 39 39 39 6 6 6 40 40 40 5 5 5 6 6 6 39 39 39
            40 40 40 19 19 19 20 20 20 62 62 62 20 20 20 21 21 21 61 61 61 21 21 21 22 22 22 60 60
            60 22 22 22 23 23 23 59 59 59 23 23 23 24 24 24 58 58 58 24 24 24 25 25 25 57 57 57 27
            27 27 28 28 28 53 53 53 28 28 28 29 29 29 52 52 52 29 29 29 30 30 30 51 51 51 30 30 30
            31 31 31 50 50 50 31 31 31 32 32 32 49 49 49 32 32 32 33 33 33 48 48 48 40 40 40 41 41
            41 5 5 5 5 5 5 41 41 41 4 4 4 4 4 4 41 41 41 42 42 42 3 3 3 42 42 42 43 43 43 2 2 2 43
            43 43 44 44 44 1 1 1 44 44 44 45 45 45 0 0 0 1 1 1 45 45 45 64 64 64 65 65 65 16 16 16
            65 65 65 66 66 66 15 15 15 66 66 66 67 67 67 14 14 14 67 67 67 68 68 68 13 13 13 68 68
            68 69 69 69 12 12 12 69 69 69 70 70 70 11 11 11 44 44 44 1 1 1 2 2 2 43 43 43 2 2 2 3 3
            3 42 42 42 3 3 3 4 4 4</p>
        </triangles>
      </mesh>
    </geometry>
    <geometry id="ID480">
      <mesh>
        <source id="ID481">
          <float_array id="ID482" count="114">0.081 -0.11525 0.0378 0.081 -0.11525 0.0348 0.0805225
            -0.1152918 0.0348 0.0800594 -0.1154158 0.0348 0.079625 -0.1156184 0.0348 0.0792323
            -0.1158934 0.0348 0.0788934 -0.1162324 0.0348 0.0786184 -0.116625 0.0348 0.0784158
            -0.1170594 0.0348 0.0782918 -0.1175225 0.0348 0.07825 -0.118 0.0348 0.0782918 -0.1184775
            0.0348 0.0784158 -0.1189406 0.0348 0.0786184 -0.119375 0.0348 0.0788934 -0.1197676
            0.0348 0.0792323 -0.1201066 0.0348 0.079625 -0.1203816 0.0348 0.0800594 -0.1205842
            0.0348 0.0805225 -0.1207082 0.0348 0.081 -0.12075 0.0348 0.081 -0.12075 0.0378 0.0805225
            -0.1207082 0.0378 0.0800594 -0.1205842 0.0378 0.079625 -0.1203816 0.0378 0.0792323
            -0.1201066 0.0378 0.0788934 -0.1197676 0.0378 0.0786184 -0.119375 0.0378 0.0784158
            -0.1189406 0.0378 0.0782918 -0.1184775 0.0378 0.07825 -0.118 0.0378 0.0782918 -0.1175225
            0.0378 0.0784158 -0.1170594 0.0378 0.0786184 -0.116625 0.0378 0.0788934 -0.1162324
            0.0378 0.0792323 -0.1158934 0.0378 0.079625 -0.1156184 0.0378 0.0800594 -0.1154158
            0.0378 0.0805225 -0.1152918 0.0378</float_array>
          <technique_common>
            <accessor count="38" source="#ID482" stride="3">
              <param name="X" type="float" />
              <param name="Y" type="float" />
              <param name="Z" type="float" />
            </accessor>
          </technique_common>
        </source>
        <source id="ID483">
          <float_array id="ID484" count="114">0 1 0 0 1 0 -0.1736482 0.9848077 0 -0.3420202
            0.9396926 0 -0.5 0.8660254 0 -0.6427876 0.7660444 0 -0.7660444 0.6427876 0 -0.8660254
            0.5 0 -0.9396926 0.3420202 0 -0.9848077 0.1736482 0 -1 0 0 -0.9848077 -0.1736482 0
            -0.9396926 -0.3420202 0 -0.8660254 -0.5 0 -0.7660444 -0.6427876 0 -0.6427876 -0.7660444
            0 -0.5 -0.8660254 0 -0.3420202 -0.9396926 0 -0.1736482 -0.9848077 0 0 -1 0 0 -1 0
            -0.1736482 -0.9848077 0 -0.3420202 -0.9396926 0 -0.5 -0.8660254 0 -0.6427876 -0.7660444
            0 -0.7660444 -0.6427876 0 -0.8660254 -0.5 0 -0.9396926 -0.3420202 0 -0.9848077
            -0.1736482 0 -1 0 0 -0.9848077 0.1736482 0 -0.9396926 0.3420202 0 -0.8660254 0.5 0
            -0.7660444 0.6427876 0 -0.6427876 0.7660444 0 -0.5 0.8660254 0 -0.3420202 0.9396926 0
            -0.1736482 0.9848077 0</float_array>
          <technique_common>
            <accessor count="38" source="#ID484" stride="3">
              <param name="X" type="float" />
              <param name="Y" type="float" />
              <param name="Z" type="float" />
            </accessor>
          </technique_common>
        </source>
        <source id="ID485">
          <float_array id="ID486" count="76">1 0 0 0 0 0.0555556 0 0.1111112 0 0.1666667 0 0.2222223
            0 0.2777778 0 0.3333333 0 0.3888889 0 0.4444444 0 0.5 0 0.5555556 0 0.6111111 0
            0.6666667 0 0.7222222 0 0.7777777 0 0.8333333 0 0.8888889 0 0.9444445 0 1 1 1 1
            0.9444445 1 0.8888889 1 0.8333333 1 0.7777777 1 0.7222222 1 0.6666667 1 0.6111111 1
            0.5555556 1 0.5 1 0.4444444 1 0.3888889 1 0.3333333 1 0.2777778 1 0.2222223 1 0.1666667
            1 0.1111112 1 0.0555556</float_array>
          <technique_common>
            <accessor count="38" source="#ID486" stride="2">
              <param name="S" type="float" />
              <param name="T" type="float" />
            </accessor>
          </technique_common>
        </source>
        <vertices id="ID487">
          <input semantic="POSITION" source="#ID481" />
        </vertices>
        <triangles count="36" material="ID488">
          <input semantic="VERTEX" source="#ID487" offset="0" />
          <input semantic="NORMAL" source="#ID483" offset="1" />
          <input semantic="TEXCOORD" source="#ID485" offset="2" set="0" />
          <p>0 0 0 1 1 1 37 37 37 37 37 37 1 1 1 2 2 2 3 3 3 37 37 37 2 2 2 3 3 3 36 36 36 37 37 37
            3 3 3 4 4 4 36 36 36 36 36 36 4 4 4 35 35 35 35 35 35 4 4 4 34 34 34 34 34 34 4 4 4 5 5
            5 6 6 6 34 34 34 5 5 5 6 6 6 33 33 33 34 34 34 6 6 6 7 7 7 33 33 33 33 33 33 7 7 7 32 32
            32 32 32 32 7 7 7 8 8 8 31 31 31 8 8 8 30 30 30 31 31 31 32 32 32 8 8 8 8 8 8 9 9 9 30
            30 30 30 30 30 9 9 9 10 10 10 29 29 29 10 10 10 11 11 11 28 28 28 11 11 11 27 27 27 28
            28 28 29 29 29 11 11 11 11 11 11 12 12 12 27 27 27 27 27 27 12 12 12 13 13 13 26 26 26
            13 13 13 14 14 14 25 25 25 14 14 14 15 15 15 24 24 24 15 15 15 23 23 23 24 24 24 25 25
            25 15 15 15 15 15 15 16 16 16 23 23 23 23 23 23 16 16 16 17 17 17 22 22 22 17 17 17 18
            18 18 21 21 21 18 18 18 20 20 20 21 21 21 22 22 22 18 18 18 18 18 18 19 19 19 20 20 20
            22 22 22 23 23 23 17 17 17 25 25 25 26 26 26 14 14 14 26 26 26 27 27 27 13 13 13 29 29
            29 30 30 30 10 10 10</p>
        </triangles>
      </mesh>
    </geometry>
    <geometry id="ID489">
      <mesh>
        <source id="ID490">
          <float_array id="ID491" count="12">0.0921188 -0.162572 0.085 0.096 -0.162572 0.085 0.096
            -0.162428 0.0877476 0.0921188 -0.162428 0.0877476</float_array>
          <technique_common>
            <accessor count="4" source="#ID491" stride="3">
              <param name="X" type="float" />
              <param name="Y" type="float" />
              <param name="Z" type="float" />
            </accessor>
          </technique_common>
        </source>
        <source id="ID492">
          <float_array id="ID493" count="12">0 -0.9986295 0.052336 0 -0.9986295 0.052336 0
            -0.9986295 0.052336 0 -0.9986295 0.052336</float_array>
          <technique_common>
            <accessor count="4" source="#ID493" stride="3">
              <param name="X" type="float" />
              <param name="Y" type="float" />
              <param name="Z" type="float" />
            </accessor>
          </technique_common>
        </source>
        <source id="ID494">
          <float_array id="ID495" count="8">0 1 1 1 1 0 0 0</float_array>
          <technique_common>
            <accessor count="4" source="#ID495" stride="2">
              <param name="S" type="float" />
              <param name="T" type="float" />
            </accessor>
          </technique_common>
        </source>
        <vertices id="ID496">
          <input semantic="POSITION" source="#ID490" />
        </vertices>
        <triangles count="2" material="ID497">
          <input semantic="VERTEX" source="#ID496" offset="0" />
          <input semantic="NORMAL" source="#ID492" offset="1" />
          <input semantic="TEXCOORD" source="#ID494" offset="2" set="0" />
          <p>0 0 0 1 1 1 3 3 3 3 3 3 1 1 1 2 2 2</p>
        </triangles>
      </mesh>
    </geometry>
    <geometry id="ID498">
      <mesh>
        <source id="ID499">
          <float_array id="ID500" count="12">0.0921188 -0.057572 0.0877476 0.096 -0.057572 0.0877476
            0.096 -0.057428 0.085 0.0921188 -0.057428 0.085</float_array>
          <technique_common>
            <accessor count="4" source="#ID500" stride="3">
              <param name="X" type="float" />
              <param name="Y" type="float" />
              <param name="Z" type="float" />
            </accessor>
          </technique_common>
        </source>
        <source id="ID501">
          <float_array id="ID502" count="12">0 0.9986295 0.052336 0 0.9986295 0.052336 0 0.9986295
            0.052336 0 0.9986295 0.052336</float_array>
          <technique_common>
            <accessor count="4" source="#ID502" stride="3">
              <param name="X" type="float" />
              <param name="Y" type="float" />
              <param name="Z" type="float" />
            </accessor>
          </technique_common>
        </source>
        <source id="ID503">
          <float_array id="ID504" count="8">1 0 0 0 0 1 1 1</float_array>
          <technique_common>
            <accessor count="4" source="#ID504" stride="2">
              <param name="S" type="float" />
              <param name="T" type="float" />
            </accessor>
          </technique_common>
        </source>
        <vertices id="ID505">
          <input semantic="POSITION" source="#ID499" />
        </vertices>
        <triangles count="2" material="ID506">
          <input semantic="VERTEX" source="#ID505" offset="0" />
          <input semantic="NORMAL" source="#ID501" offset="1" />
          <input semantic="TEXCOORD" source="#ID503" offset="2" set="0" />
          <p>0 0 0 1 1 1 3 3 3 3 3 3 1 1 1 2 2 2</p>
        </triangles>
      </mesh>
    </geometry>
    <geometry id="ID507">
      <mesh>
        <source id="ID508">
          <float_array id="ID509" count="165">0 -0.0635 0.16 0 -0.062627 0.185 -0.0013341 -0.0626128
            0.185 -0.0026677 -0.0625701 0.185 -0.004 -0.0624991 0.185 -0.0040345 -0.0624508
            0.1863168 -0.0097898 -0.0618105 0.1863168 -0.0193386 -0.0595181 0.1863168 -0.0284112
            -0.0557601 0.1863168 -0.0367842 -0.0506291 0.1863168 -0.0442514 -0.0442515 0.1863168
            -0.0506291 -0.0367842 0.1863168 -0.0557601 -0.0284112 0.1863168 -0.0595181 -0.0193386
            0.1863168 -0.0618105 -0.0097898 0.1863168 -0.0624508 -0.0040345 0.1863168 -0.0624991
            -0.004 0.185 -0.0626128 -0.0013342 0.185 -0.0626128 0.0013342 0.185 -0.0624991 0.004
            0.185 -0.0624508 0.0040345 0.1863168 -0.0618105 0.0097898 0.1863168 -0.0595181 0.0193386
            0.1863168 -0.0557601 0.0284112 0.1863168 -0.0506291 0.0367842 0.1863168 -0.0442514
            0.0442515 0.1863168 -0.0367842 0.0506291 0.1863168 -0.0284112 0.0557601 0.1863168
            -0.0193386 0.0595181 0.1863168 -0.0097898 0.0618105 0.1863168 -0.0040345 0.0624508
            0.1863168 -0.004 0.0624991 0.185 -0.0026677 0.0625701 0.185 -0.0013341 0.0626128 0.185 0
            0.062627 0.185 0 0.0635 0.16 -0.0099336 0.0627182 0.16 -0.0196226 0.0603921 0.16
            -0.0288284 0.0565789 0.16 -0.0373244 0.0513726 0.16 -0.0449013 0.0449013 0.16 -0.0513726
            0.0373243 0.16 -0.0565789 0.0288284 0.16 -0.0603921 0.0196226 0.16 -0.0627182 0.0099336
            0.16 -0.0635 0 0.16 -0.0627182 -0.0099336 0.16 -0.0603921 -0.0196226 0.16 -0.0565789
            -0.0288284 0.16 -0.0513726 -0.0373243 0.16 -0.0449013 -0.0449013 0.16 -0.0373244
            -0.0513726 0.16 -0.0288284 -0.0565789 0.16 -0.0196226 -0.0603921 0.16 -0.0099336
            -0.0627182 0.16</float_array>
          <technique_common>
            <accessor count="55" source="#ID509" stride="3">
              <param name="X" type="float" />
              <param name="Y" type="float" />
              <param name="Z" type="float" />
            </accessor>
          </technique_common>
        </source>
        <source id="ID510">
          <float_array id="ID511" count="165">0 -0.9993908 0.0348995 0 -0.9993908 0.0348995 -0.02129
            -0.999164 0.0348995 -0.0425703 -0.9984837 0.0348995 -0.0638313 -0.9973503 0.0348995
            -0.0644289 -0.9973118 0.0348995 -0.1563392 -0.9870867 0.0348995 -0.3088287 -0.9504772
            0.0348995 -0.453714 -0.8904638 0.0348995 -0.5874272 -0.8085242 0.0348995 -0.706676
            -0.706676 0.0348995 -0.8085242 -0.5874272 0.0348995 -0.8904638 -0.453714 0.0348995
            -0.9504772 -0.3088287 0.0348995 -0.9870867 -0.1563392 0.0348995 -0.9973118 -0.0644289
            0.0348995 -0.9973503 -0.0638313 0.0348995 -0.999164 -0.02129 0.0348995 -0.999164 0.02129
            0.0348995 -0.9973503 0.0638313 0.0348995 -0.9973118 0.0644289 0.0348995 -0.9870867
            0.1563392 0.0348995 -0.9504772 0.3088287 0.0348995 -0.8904638 0.453714 0.0348995
            -0.8085242 0.5874272 0.0348995 -0.706676 0.706676 0.0348995 -0.5874272 0.8085242
            0.0348995 -0.453714 0.8904638 0.0348995 -0.3088287 0.9504772 0.0348995 -0.1563392
            0.9870867 0.0348995 -0.0644289 0.9973118 0.0348995 -0.0638313 0.9973503 0.0348995
            -0.0425703 0.9984837 0.0348995 -0.02129 0.999164 0.0348995 0 0.9993908 0.0348995 0
            0.9993908 0.0348995 -0.1563392 0.9870867 0.0348995 -0.3088287 0.9504772 0.0348995
            -0.453714 0.8904638 0.0348995 -0.5874272 0.8085242 0.0348995 -0.706676 0.706676
            0.0348995 -0.8085242 0.5874272 0.0348995 -0.8904638 0.453714 0.0348995 -0.9504772
            0.3088287 0.0348995 -0.9870867 0.1563392 0.0348995 -0.9993908 0 0.0348995 -0.9870867
            -0.1563392 0.0348995 -0.9504772 -0.3088287 0.0348995 -0.8904638 -0.453714 0.0348995
            -0.8085242 -0.5874272 0.0348995 -0.706676 -0.706676 0.0348995 -0.5874272 -0.8085242
            0.0348995 -0.453714 -0.8904638 0.0348995 -0.3088287 -0.9504772 0.0348995 -0.1563392
            -0.9870867 0.0348995</float_array>
          <technique_common>
            <accessor count="55" source="#ID511" stride="3">
              <param name="X" type="float" />
              <param name="Y" type="float" />
              <param name="Z" type="float" />
            </accessor>
          </technique_common>
        </source>
        <source id="ID512">
          <float_array id="ID513" count="110">1 0 0.0500363 0 0.0500363 0.0067815 0.0500363
            0.0135629 0.0500363 0.0203444 0 0.0205351 0 0.05 0 0.1 0 0.1500001 0 0.2 0 0.25 0 0.3 0
            0.35 0 0.4 0 0.45 0 0.4794649 0.0500363 0.4796556 0.0500363 0.4932186 0.0500363
            0.5067815 0.0500363 0.5203444 0 0.5205351 0 0.55 0 0.6 0 0.65 0 0.7 0 0.75 0 0.8 0 0.85
            0 0.9 0 0.95 0 0.9794649 0.0500363 0.9796556 0.0500363 0.9864371 0.0500363 0.9932185
            0.0500363 1 1 1 1 0.95 1 0.9 1 0.85 1 0.8 1 0.75 1 0.7 1 0.65 1 0.6 1 0.55 1 0.5 1 0.45
            1 0.4 1 0.35 1 0.3 1 0.25 1 0.2 1 0.1500001 1 0.1 1 0.05</float_array>
          <technique_common>
            <accessor count="55" source="#ID513" stride="2">
              <param name="S" type="float" />
              <param name="T" type="float" />
            </accessor>
          </technique_common>
        </source>
        <vertices id="ID514">
          <input semantic="POSITION" source="#ID508" />
        </vertices>
        <triangles count="53" material="ID515">
          <input semantic="VERTEX" source="#ID514" offset="0" />
          <input semantic="NORMAL" source="#ID510" offset="1" />
          <input semantic="TEXCOORD" source="#ID512" offset="2" set="0" />
          <p>1 1 1 2 2 2 0 0 0 0 0 0 2 2 2 3 3 3 4 4 4 0 0 0 3 3 3 4 4 4 54 54 54 0 0 0 4 4 4 6 6 6
            54 54 54 4 4 4 5 5 5 6 6 6 54 54 54 6 6 6 53 53 53 53 53 53 6 6 6 7 7 7 52 52 52 7 7 7 8
            8 8 51 51 51 8 8 8 9 9 9 50 50 50 9 9 9 10 10 10 49 49 49 10 10 10 11 11 11 48 48 48 11
            11 11 12 12 12 47 47 47 12 12 12 13 13 13 46 46 46 13 13 13 14 14 14 16 16 16 14 14 14
            15 15 15 16 16 16 46 46 46 14 14 14 16 16 16 45 45 45 46 46 46 16 16 16 17 17 17 45 45
            45 45 45 45 17 17 17 18 18 18 19 19 19 45 45 45 18 18 18 19 19 19 44 44 44 45 45 45 19
            19 19 21 21 21 44 44 44 19 19 19 20 20 20 21 21 21 44 44 44 21 21 21 43 43 43 43 43 43
            21 21 21 22 22 22 42 42 42 22 22 22 23 23 23 41 41 41 23 23 23 24 24 24 40 40 40 24 24
            24 25 25 25 39 39 39 25 25 25 26 26 26 38 38 38 26 26 26 27 27 27 37 37 37 27 27 27 28
            28 28 36 36 36 28 28 28 29 29 29 31 31 31 29 29 29 30 30 30 31 31 31 36 36 36 29 29 29
            31 31 31 35 35 35 36 36 36 31 31 31 32 32 32 35 35 35 35 35 35 32 32 32 33 33 33 34 34
            34 35 35 35 33 33 33 36 36 36 37 37 37 28 28 28 37 37 37 38 38 38 27 27 27 38 38 38 39
            39 39 26 26 26 39 39 39 40 40 40 25 25 25 40 40 40 41 41 41 24 24 24 41 41 41 42 42 42
            23 23 23 42 42 42 43 43 43 22 22 22 46 46 46 47 47 47 13 13 13 47 47 47 48 48 48 12 12
            12 48 48 48 49 49 49 11 11 11 49 49 49 50 50 50 10 10 10 50 50 50 51 51 51 9 9 9 51 51
            51 52 52 52 8 8 8 52 52 52 53 53 53 7 7 7</p>
        </triangles>
      </mesh>
    </geometry>
    <geometry id="ID516">
      <mesh>
        <source id="ID517">
          <float_array id="ID518" count="60">0.0815564 -0.050843 0.0877477 0.0816869 -0.0507821
            0.085 0.0756626 -0.0362056 0.085 0.0708627 -0.0212007 0.085 0.0671066 -0.0057704 0.085
            0.0642133 0.0100823 0.085 0.0641614 0.0100582 0.0877476 0.0663604 -0.0024476 0.0877477
            0.0668707 -0.0049841 0.0877477 0.0673559 -0.0072913 0.0877477 0.0681697 -0.0109551
            0.0877477 0.0696786 -0.0171588 0.0877477 0.0702362 -0.019285 0.0877477 0.0704706
            -0.0201548 0.0877477 0.0725847 -0.0274383 0.0877477 0.0752403 -0.0354177 0.0877477
            0.0752523 -0.0354513 0.0877477 0.0762893 -0.0382835 0.0877477 0.0782444 -0.043269
            0.087748 0.0811412 -0.0499453 0.0877478</float_array>
          <technique_common>
            <accessor count="20" source="#ID518" stride="3">
              <param name="X" type="float" />
              <param name="Y" type="float" />
              <param name="Z" type="float" />
            </accessor>
          </technique_common>
        </source>
        <source id="ID519">
          <float_array id="ID520" count="60">0.9050657 0.4220391 0.052336 0.9050657 0.4220391
            0.052336 0.9386607 0.3415431 0.047586 0.962523 0.2686727 0.0369397 0.9782013 0.2060333
            0.0259345 0.9876992 0.155082 0.019996 0.9877359 0.1548482 0.019996 0.9804445 0.1952734
            0.0244313 0.9785184 0.2045231 0.0259263 0.9766164 0.2132348 0.0274096 0.9732842
            0.2276408 0.0299579 0.9679225 0.2489658 0.0337939 0.9654647 0.2581153 0.0354189
            0.9644111 0.2619328 0.0360884 0.9528263 0.3005406 0.0423958 0.9407755 0.3357451 0.047081
            0.9407116 0.3359215 0.0471013 0.9336769 0.3547395 0.0490645 0.9231755 0.3809696
            0.0510797 0.9073503 0.4171072 0.0523171</float_array>
          <technique_common>
            <accessor count="20" source="#ID520" stride="3">
              <param name="X" type="float" />
              <param name="Y" type="float" />
              <param name="Z" type="float" />
            </accessor>
          </technique_common>
        </source>
        <source id="ID521">
          <float_array id="ID522" count="40">1 1 0 1 0 0.75 0 0.5 0 0.25 0 0 0.999992 0 0.9999937
            0.2079853 0.999994 0.25 0.9999943 0.2881627 0.9999948 0.348657 1 0.4331811 1 0.4678908 1
            0.4821283 0.999997 0.6192724 1 0.7357749 1 0.7363424 0.9999984 0.7960969 0.999999
            0.877124 0.9999999 0.9854475</float_array>
          <technique_common>
            <accessor count="20" source="#ID522" stride="2">
              <param name="S" type="float" />
              <param name="T" type="float" />
            </accessor>
          </technique_common>
        </source>
        <vertices id="ID523">
          <input semantic="POSITION" source="#ID517" />
        </vertices>
        <triangles count="18" material="ID524">
          <input semantic="VERTEX" source="#ID523" offset="0" />
          <input semantic="NORMAL" source="#ID519" offset="1" />
          <input semantic="TEXCOORD" source="#ID521" offset="2" set="0" />
          <p>0 0 0 1 1 1 19 19 19 19 19 19 1 1 1 18 18 18 18 18 18 1 1 1 2 2 2 17 17 17 2 2 2 16 16
            16 17 17 17 18 18 18 2 2 2 12 12 12 13 13 13 3 3 3 11 11 11 3 3 3 10 10 10 11 11 11 12
            12 12 3 3 3 3 3 3 4 4 4 10 10 10 10 10 10 4 4 4 9 9 9 9 9 9 4 4 4 8 8 8 8 8 8 4 4 4 7 7
            7 7 7 7 4 4 4 5 5 5 6 6 6 7 7 7 5 5 5 13 13 13 14 14 14 3 3 3 3 3 3 14 14 14 2 2 2 2 2 2
            14 14 14 15 15 15 16 16 16 2 2 2 15 15 15</p>
        </triangles>
      </mesh>
    </geometry>
    <geometry id="ID525">
      <mesh>
        <source id="ID526">
          <float_array id="ID527" count="156">0.0778223 -0.118 0.1366509 0.0779 -0.118 0.1322
            0.0779471 -0.1174617 0.1322 0.078087 -0.1169398 0.1322 0.0783153 -0.11645 0.1322
            0.0786253 -0.1160074 0.1322 0.0790074 -0.1156252 0.1322 0.07945 -0.1153153 0.1322
            0.0799397 -0.115087 0.1322 0.0804617 -0.1149471 0.1322 0.081 -0.1149 0.1322 0.0815383
            -0.1149471 0.1322 0.0820603 -0.115087 0.1322 0.08255 -0.1153153 0.1322 0.0829926
            -0.1156252 0.1322 0.0833747 -0.1160074 0.1322 0.0836847 -0.11645 0.1322 0.083913
            -0.1169398 0.1322 0.0840529 -0.1174617 0.1322 0.0841 -0.118 0.1322 0.0841806 -0.118
            0.1368178 0.0841662 -0.1176895 0.1368669 0.0841215 -0.117381 0.1369133 0.0840472
            -0.1170801 0.1369563 0.0839437 -0.1167874 0.136996 0.0838109 -0.1165039 0.1370324
            0.0836511 -0.116235 0.1370652 0.0834666 -0.1159843 0.137094 0.0832569 -0.1157514
            0.1371192 0.0830245 -0.1155396 0.1371408 0.0827737 -0.1153527 0.1371584 0.082505
            -0.115191 0.1371725 0.0822203 -0.1150559 0.137183 0.0819251 -0.1149501 0.1371898
            0.0816217 -0.1148741 0.1371931 0.0813101 -0.1148281 0.1371929 0.0809955 -0.1148129
            0.1371891 0.0806832 -0.1148288 0.1371818 0.080373 -0.1148755 0.137171 0.0800678
            -0.1149529 0.1371564 0.0797731 -0.1150595 0.1371382 0.079491 -0.1151945 0.1371163
            0.0792225 -0.1153571 0.1370905 0.0789707 -0.1155456 0.1370609 0.0787388 -0.115758
            0.1370275 0.0785305 -0.1159907 0.1369906 0.0783474 -0.1162408 0.1369504 0.0781889
            -0.116509 0.1369067 0.0780572 -0.1167914 0.1368599 0.0779545 -0.1170832 0.1368108
            0.0778808 -0.1173831 0.1367593 0.0778365 -0.1176905 0.1367057</float_array>
          <technique_common>
            <accessor count="52" source="#ID527" stride="3">
              <param name="X" type="float" />
              <param name="Y" type="float" />
              <param name="Z" type="float" />
            </accessor>
          </technique_common>
        </source>
        <source id="ID528">
          <float_array id="ID529" count="156">0.9998477 0 0.0174524 0.9998477 0 0.0174524 0.9846578
            -0.1736217 0.0174524 0.9395495 -0.3419681 0.0174524 0.8658935 -0.4999239 0.0174524
            0.7659278 -0.6426897 0.0174524 0.6426897 -0.7659278 0.0174524 0.4999239 -0.8658935
            0.0174524 0.3419681 -0.9395495 0.0174524 0.1736217 -0.9846578 0.0174524 0 -0.9998477
            0.0174524 -0.1736217 -0.9846578 0.0174524 -0.3419681 -0.9395495 0.0174524 -0.4999239
            -0.8658935 0.0174524 -0.6426897 -0.7659278 0.0174524 -0.7659278 -0.6426897 0.0174524
            -0.8658935 -0.4999239 0.0174524 -0.9395495 -0.3419681 0.0174524 -0.9846578 -0.1736217
            0.0174524 -0.9998477 0 0.0174524 -0.9998477 0 0.0174524 -0.9950745 -0.0975818 0.0174524
            -0.9807537 -0.1944674 0.0174524 -0.9571884 -0.2889389 0.0174524 -0.9244843 -0.3808205
            0.0174524 -0.8826182 -0.4697664 0.0174524 -0.832274 -0.5540898 0.0174524 -0.7742057
            -0.6326934 0.0174524 -0.7082909 -0.705705 0.0174524 -0.6352943 -0.7720729 0.0174524
            -0.5565432 -0.8306353 0.0174524 -0.4721824 -0.8813281 0.0174524 -0.3828499 -0.9236457
            0.0174524 -0.2902237 -0.9567997 0.0174524 -0.1950302 -0.980642 0.0174524 -0.0972706
            -0.9951049 0.0174524 0.0014152 -0.9998467 0.0174524 0.0993998 -0.9948945 0.0174524
            0.1967169 -0.980305 0.0174524 0.292511 -0.9561029 0.0174524 0.385008 -0.9227482
            0.0174524 0.4736337 -0.880549 0.0174524 0.5580093 -0.8296512 0.0174524 0.6371109
            -0.7705746 0.0174524 0.7100073 -0.703978 0.0174524 0.7755461 -0.6310496 0.0174524
            0.8332661 -0.5525966 0.0174524 0.8832915 -0.4684993 0.0174524 0.924894 -0.3798243
            0.0174524 0.9574086 -0.2882085 0.0174524 0.9808497 -0.1939828 0.0174524 0.9950967
            -0.0973549 0.0174524</float_array>
          <technique_common>
            <accessor count="52" source="#ID529" stride="3">
              <param name="X" type="float" />
              <param name="Y" type="float" />
              <param name="Z" type="float" />
            </accessor>
          </technique_common>
        </source>
        <source id="ID530">
          <float_array id="ID531" count="104">0.891408 1 0 1 0 0.9444444 0 0.8888888 0 0.8333333 0
            0.7777777 0 0.7222222 0 0.6666667 0 0.6111111 0 0.5555555 0 0.5 0 0.4444444 0 0.3888889
            0 0.3333333 0 0.2777778 0 0.2222223 0 0.1666667 0 0.1111111 0 0.0555555 0 0 0.9248444 0
            0.9346665 0.0311155 0.9439554 0.0623075 0.9525672 0.0933171 0.9605219 0.1243783
            0.9678231 0.1556876 0.9743809 0.1869659 0.9801569 0.2180903 0.9852114 0.2494179
            0.9895224 0.2808389 0.9930634 0.3120949 0.9958767 0.3434404 0.997973 0.3749225 0.9993424
            0.4062556 1 0.4375098 0.9999537 0.468984 0.9992009 0.5004506 0.9977454 0.5316971
            0.9955665 0.5630377 0.9926471 0.5945057 0.9890035 0.6258215 0.9846129 0.657084 0.9794482
            0.6884673 0.9735172 0.7199107 0.9668263 0.7513573 0.9594391 0.782585 0.9513969 0.8136049
            0.9426484 0.8447691 0.9332772 0.8759645 0.9234285 0.9069258 0.913127 0.9378498 0.902389
            0.968957</float_array>
          <technique_common>
            <accessor count="52" source="#ID531" stride="2">
              <param name="S" type="float" />
              <param name="T" type="float" />
            </accessor>
          </technique_common>
        </source>
        <vertices id="ID532">
          <input semantic="POSITION" source="#ID526" />
        </vertices>
        <triangles count="50" material="ID533">
          <input semantic="VERTEX" source="#ID532" offset="0" />
          <input semantic="NORMAL" source="#ID528" offset="1" />
          <input semantic="TEXCOORD" source="#ID530" offset="2" set="0" />
          <p>0 0 0 1 1 1 51 51 51 51 51 51 1 1 1 2 2 2 50 50 50 2 2 2 49 49 49 50 50 50 51 51 51 2 2
            2 2 2 2 3 3 3 49 49 49 49 49 49 3 3 3 48 48 48 48 48 48 3 3 3 4 4 4 47 47 47 4 4 4 46 46
            46 47 47 47 48 48 48 4 4 4 4 4 4 5 5 5 46 46 46 46 46 46 5 5 5 45 45 45 45 45 45 5 5 5
            44 44 44 44 44 44 5 5 5 6 6 6 43 43 43 6 6 6 42 42 42 43 43 43 44 44 44 6 6 6 6 6 6 7 7
            7 42 42 42 42 42 42 7 7 7 41 41 41 41 41 41 7 7 7 40 40 40 40 40 40 7 7 7 8 8 8 39 39 39
            8 8 8 9 9 9 38 38 38 9 9 9 37 37 37 38 38 38 39 39 39 9 9 9 9 9 9 10 10 10 37 37 37 37
            37 37 10 10 10 36 36 36 36 36 36 10 10 10 35 35 35 35 35 35 10 10 10 11 11 11 34 34 34
            11 11 11 33 33 33 34 34 34 35 35 35 11 11 11 11 11 11 12 12 12 33 33 33 33 33 33 12 12
            12 32 32 32 32 32 32 12 12 12 13 13 13 31 31 31 13 13 13 30 30 30 31 31 31 32 32 32 13
            13 13 13 13 13 14 14 14 30 30 30 30 30 30 14 14 14 29 29 29 29 29 29 14 14 14 28 28 28
            28 28 28 14 14 14 15 15 15 27 27 27 15 15 15 26 26 26 27 27 27 28 28 28 15 15 15 15 15
            15 16 16 16 26 26 26 26 26 26 16 16 16 25 25 25 25 25 25 16 16 16 17 17 17 24 24 24 17
            17 17 23 23 23 24 24 24 25 25 25 17 17 17 17 17 17 18 18 18 23 23 23 23 23 23 18 18 18
            22 22 22 22 22 22 18 18 18 21 21 21 21 21 21 18 18 18 19 19 19 20 20 20 21 21 21 19 19
            19 39 39 39 40 40 40 8 8 8</p>
        </triangles>
      </mesh>
    </geometry>
    <geometry id="ID534">
      <mesh>
        <source id="ID535">
          <float_array id="ID536" count="705">0.0815564 -0.050843 0.0877477 0.0811412 -0.0499453
            0.0877478 0.0782444 -0.043269 0.087748 0.0762893 -0.0382835 0.0877477 0.0752523
            -0.0354513 0.0877477 0.0752403 -0.0354177 0.0877477 0.0725847 -0.0274383 0.0877477
            0.0704706 -0.0201548 0.0877477 0.0702362 -0.019285 0.0877477 0.0696786 -0.0171588
            0.0877477 0.0681697 -0.0109551 0.0877477 0.0673559 -0.0072913 0.0877477 0.0668707
            -0.0049841 0.0877477 0.0663604 -0.0024476 0.0877477 0.0641614 0.0100582 0.0877476
            0.0640333 0.0099984 0.0945403 0.0636371 0.0098137 0.1155316 0.063484 0.0097422 0.1236411
            0.0633523 0.0096808 0.1306162 0.0631855 0.0096031 0.1394459 0.0630902 0.0095587
            0.1444886 0.0629105 0.0094749 0.154 0.0633872 0.0054362 0.154 0.06362 0 0.154 0.0635533
            -0.0029116 0.154 0.0627344 -0.0105782 0.154 0.0611158 -0.017674 0.154 0.0588031
            -0.0242837 0.154 0.0558562 -0.0304562 0.154 0.0523166 -0.0362004 0.154 0.0481833
            -0.0415436 0.154 0.0434631 -0.0464593 0.154 0.0430939 -0.0468019 0.154 0.0381086
            -0.0509434 0.154 0.0351836 -0.0530059 0.154 0.0320706 -0.0549452 0.154 0.0287661
            -0.0567451 0.154 0.0268867 -0.0576594 0.1539999 0.0269017 -0.0576918 0.1526563 0.0269791
            -0.0578577 0.1495105 0.0270046 -0.0579124 0.1488705 0.0270289 -0.057964 0.1483481
            0.0271108 -0.0581398 0.1469482 0.0272872 -0.0585181 0.1449615 0.027357 -0.0586678
            0.144384 0.0275312 -0.0590402 0.143237 0.0277515 -0.0595134 0.1421643 0.0277841
            -0.0595835 0.1420309 0.0279527 -0.0599449 0.1414207 0.0281435 -0.0603525 0.140856
            0.0283381 -0.060769 0.1403797 0.0285873 -0.0613052 0.139879 0.0288493 -0.0618676
            0.1394557 0.0291289 -0.0624657 0.1390915 0.029145 -0.0625002 0.1390727 0.029745
            -0.0637883 0.1385067 0.0301512 -0.0646601 0.1382369 0.0311011 -0.066697 0.137832
            0.0312199 -0.0669517 0.1377974 0.0313118 -0.0671485 0.1377726 0.0328312 -0.0704073
            0.1375386 0.0339334 -0.072772 0.1374999 0.0340404 -0.0730001 0.1375 0.040689 -0.0698998
            0.1369848 0.0470705 -0.066924 0.1354929 0.0530589 -0.0641315 0.1331237 0.058672
            -0.0615142 0.1299178 0.0639069 -0.0590731 0.1258689 0.0687395 -0.0568196 0.1209222
            0.0705763 -0.0559631 0.118632 0.0731154 -0.0547791 0.1149565 0.0753777 -0.0537241
            0.1109982 0.076928 -0.0530012 0.1077368 0.0786456 -0.0522003 0.1032753 0.0799559
            -0.0515893 0.0987695 0.0806641 -0.051259 0.095479 0.0615591 -0.0324035 0.1264754
            0.0604645 -0.0205315 0.1476729 0.0558462 -0.0304771 0.1539412 0.0583572 -0.0255697
            0.1509524 0.0599625 -0.0261273 0.1363182 0.0464759 -0.0446408 0.1457929 0.0362523
            -0.0527693 0.1480231 0.0300238 -0.0564716 0.1483336 0.0332446 -0.054655 0.148255
            0.0417062 -0.048816 0.1471545 0.0434283 -0.0464949 0.1538916 0.0477215 -0.0421653
            0.1521868 0.0542618 -0.0357221 0.1418067 0.0506417 -0.0402699 0.1439964 0.0514928
            -0.0376665 0.150106 0.0547932 -0.0330151 0.1476861 0.0573669 -0.0310073 0.139246
            0.0576416 -0.028217 0.1449404 0.060034 -0.0232712 0.1418662 0.0481749 -0.0509502
            0.1360239 0.0464648 -0.0475165 0.1402885 0.0604292 -0.0291579 0.1311579 0.0355627
            -0.055425 0.1420297 0.0356073 -0.0539999 0.1448101 0.0462768 -0.0460159 0.1429013
            0.0291376 -0.0576239 0.1449469 0.0413159 -0.0501291 0.144125 0.0414582 -0.0494554
            0.1456017 0.0463324 -0.0453141 0.1443155 0.0358689 -0.0533648 0.1463727 0.0289545
            -0.0590042 0.1420667 0.0414123 -0.0516 0.1414462 0.0545675 -0.0387005 0.1365304
            0.0508178 -0.0432063 0.1386268 0.0505763 -0.0416884 0.141201 0.0542929 -0.0371718
            0.1390808 0.0577664 -0.0340161 0.1340373 0.0574699 -0.0324803 0.1365719 0.060119
            -0.0276177 0.1336827 0.0378717 -0.0590529 0.1381967 0.0363032 -0.0571048 0.1398149
            0.0470923 -0.0491596 0.1379923 0.0297671 -0.0607073 0.1399039 0.0292237 -0.0598113
            0.1408865 0.0358277 -0.0562308 0.1408465 0.042093 -0.0532603 0.1391884 0.0316519
            -0.0627579 0.1385135 0.0305841 -0.061692 0.1391183 0.0369886 -0.0580468 0.1389346
            0.0433815 -0.0551177 0.1373683 0.0392997 -0.0552155 0.1395748 0.0407185 -0.0571151
            0.1378487 0.0426632 -0.054165 0.138225 0.0399235 -0.0561375 0.1386501 0.0559251
            -0.0420199 0.132012 0.0523302 -0.0465759 0.1342198 0.0551082 -0.0403154 0.1341717
            0.0513985 -0.0448342 0.1362968 0.0589998 -0.0372952 0.1294294 0.0582735 -0.0356202
            0.1316544 0.0609067 -0.0307524 0.1287537 0.0661645 -0.0110109 0.1106024 0.0642057
            0.0011414 0.1311772 0.0633617 -0.0100279 0.1401646 0.0621454 -0.015355 0.1440861
            0.0635344 -0.0043253 0.1512821 0.0640624 -0.0045336 0.1358717 0.0637758 0.0013179
            0.1466583 0.0634712 0.0071381 0.1416411 0.063815 0.0069894 0.126098 0.0650309 -0.0220862
            0.1193812 0.0635558 -0.0158494 0.1293115 0.0648772 -0.004835 0.120668 0.0620343
            -0.0210776 0.1330131 0.0619497 -0.0181708 0.1384486 0.0633559 -0.0129053 0.1346639
            0.0645033 -0.0104352 0.1251964 0.0642155 -0.0074626 0.1304856 0.0645106 -0.0018368
            0.1259004 0.0635807 -0.0273375 0.1231342 0.0625434 -0.0241219 0.1278833 0.0640839
            -0.0188999 0.1241954 0.0658871 -0.0166424 0.1152003 0.0650326 -0.013486 0.1200812
            0.0654018 -0.0078843 0.1155494 0.0653359 0.0007005 0.10041 0.0659343 -0.0052148
            0.1056388 0.0647272 0.0009351 0.1157623 0.064172 0.0068364 0.1105645 0.0720503
            -0.0473218 0.1120476 0.0561719 -0.0593013 0.1307922 0.0428625 -0.0635502 0.1362957
            0.0375594 -0.0675524 0.1372729 0.0345523 -0.0694382 0.1375054 0.0343701 -0.0650788
            0.1377235 0.0403127 -0.0655842 0.1368576 0.0348467 -0.060933 0.1384163 0.0373466
            -0.063183 0.137469 0.0401347 -0.0612262 0.1370788 0.0528273 -0.0639385 0.1331804
            0.0474844 -0.0593271 0.1348277 0.0515723 -0.0549309 0.1329751 0.0452461 -0.0614622
            0.1356141 0.0427558 -0.0592152 0.1365682 0.0452173 -0.0571525 0.1359427 0.0495903
            -0.0571491 0.133946 0.0458636 -0.0530616 0.1367577 0.0475252 -0.05504 0.1352065
            0.0496871 -0.0528801 0.1343651 0.0658424 -0.0395507 0.1185682 0.0617175 -0.0496563
            0.125192 0.0583614 -0.045689 0.1282707 0.0551879 -0.0503817 0.1307821 0.053603
            -0.0484282 0.1323885 0.0570147 -0.0438127 0.1300487 0.0591202 -0.0545357 0.1281185
            0.0570436 -0.0524229 0.1293707 0.0599399 -0.0476404 0.1266596 0.0537591 -0.0570795
            0.1318022 0.0633855 -0.0358749 0.1222947 0.0610997 -0.0408553 0.1254456 0.0599448
            -0.0390413 0.1273619 0.0623871 -0.0341116 0.1243237 0.0639669 -0.0446641 0.1220148
            0.0624477 -0.0427319 0.1236686 0.0645427 -0.0376897 0.1203801 0.0657219 -0.0538337
            0.1225804 0.0637301 -0.0589094 0.1259431 0.0712124 -0.0527715 0.1162416 0.067412
            -0.0486603 0.1190002 0.0687888 -0.0433852 0.1151944 0.0754659 -0.0513084 0.1090118
            0.0712929 -0.0241907 0.092311 0.0726667 -0.0360788 0.1028962 0.068241 -0.0288855
            0.1107008 0.068468 -0.0175163 0.1012689 0.0672907 -0.0342988 0.1148139 0.0651792
            -0.030735 0.1187892 0.0664293 -0.0254189 0.1148921 0.0686339 -0.0232914 0.1061861
            0.0670991 -0.0199146 0.1105769 0.0671984 -0.0142254 0.1058508 0.0725648 -0.0417672
            0.1076205 0.0698017 -0.0379921 0.1111264 0.0703651 -0.0324534 0.1067346 0.0722502
            -0.0302224 0.0977984 0.0703948 -0.0267416 0.1019582 0.0698756 -0.0208519 0.0967865
            0.0668983 -0.0055646 0.0905426 0.0678338 -0.0115893 0.0960143 0.0689182 -0.0148201
            0.091299 0.0773034 -0.0433406 0.0952436 0.078317 -0.0493906 0.1007715 0.075438
            -0.0455779 0.104194 0.0750141 -0.0397191 0.0990908 0.0757511 -0.0371159 0.0893276
            0.0740695 -0.0336915 0.0936126 0.0726017 -0.0274943 0.0877574 0.0794542 -0.0469171
            0.0912966</float_array>
          <technique_common>
            <accessor count="235" source="#ID536" stride="3">
              <param name="X" type="float" />
              <param name="Y" type="float" />
              <param name="Z" type="float" />
            </accessor>
          </technique_common>
        </source>
        <source id="ID537">
          <float_array id="ID538" count="705">0.9051058 0.4218908 0.0528359 0.9074012 0.4168989
            0.0530885 0.9240329 0.3786274 0.0529584 0.9349232 0.351186 0.0508624 0.9406236 0.3358781
            0.0491244 0.9406874 0.3357027 0.0491023 0.9542461 0.2958536 0.0434177 0.9643576
            0.2619139 0.037623 0.9653845 0.258204 0.0369235 0.9678039 0.2492364 0.0351685 0.9741615
            0.2238591 0.029941 0.9772844 0.2101741 0.0272418 0.9790651 0.201915 0.0257249 0.9808916
            0.1930419 0.0242178 0.9877182 0.1550035 0.0196663 0.9877538 0.1547356 0.0199823
            0.9882814 0.1513285 0.0199898 0.988426 0.1503812 0.019988 0.9885514 0.1495546 0.0199867
            0.9886963 0.1485936 0.0199886 0.9887371 0.1483223 0.019985 0.9887113 0.1485046 0.019908
            0.9961444 0.0854269 0.0199654 0.9997867 0.0000128 0.0206552 0.998736 -0.0458113
            0.0206803 0.9858823 -0.1661915 0.0204045 0.9604432 -0.2777523 0.0200619 0.9240903
            -0.3816523 0.0199634 0.8778063 -0.4785937 0.0201045 0.8221242 -0.5689365 0.0205692
            0.7572277 -0.6528152 0.0209399 0.6829925 -0.7301427 0.0203214 0.6772001 -0.7355214
            0.0202052 0.5989291 -0.8005908 0.0183902 0.5529397 -0.8330253 0.0180706 0.5040919
            -0.8634514 0.0185225 0.4521296 -0.8917432 0.0193088 0.4228386 -0.9059909 0.0196983
            0.4227502 -0.9055887 0.0345153 0.4216372 -0.9025182 0.0876522 0.4211053 -0.901224
            0.1023017 0.4204337 -0.8995863 0.1182371 0.4176729 -0.8930574 0.1673255 0.4090075
            -0.8743528 0.2611899 0.4048039 -0.8656895 0.294475 0.3899485 -0.835515 0.3871109
            0.3669155 -0.7884893 0.4936169 0.3629744 -0.7803667 0.5091928 0.3415609 -0.7358668
            0.5846676 0.315584 -0.6811639 0.6606228 0.2882807 -0.6229399 0.727214 0.2536236
            -0.5481242 0.7970163 0.2198891 -0.4745244 0.8523352 0.1879389 -0.4044081 0.8950604
            0.1862443 -0.4006849 0.8970867 0.1300595 -0.2771658 0.9519788 0.1025957 -0.2169223
            0.9707826 0.0557039 -0.1149178 0.991812 0.0514723 -0.1057662 0.993058 0.048342
            -0.0990055 0.993912 0.0144694 -0.0269381 0.9995324 0.0018762 -0.0015275 0.9999971
            0.000677 0.0011272 0.9999991 0.1257579 0.0610103 0.9901832 0.2477906 0.116639 0.9617667
            0.3626217 0.1681585 0.9166396 0.4696919 0.217681 0.8555726 0.5692491 0.264517 0.7784511
            0.6611523 0.3077438 0.6842305 0.696112 0.3240818 0.640624 0.7445167 0.3465689 0.5706004
            0.7877302 0.3664061 0.4952048 0.817425 0.3798163 0.4330773 0.8502631 0.3947957 0.348122
            0.8751712 0.4065841 0.2622303 0.8884266 0.4133176 0.1996665 0.897085 -0.1516602
            0.4150154 0.9475329 -0.3146707 0.056247 0.8776082 -0.4789357 0.0205995 0.9158227
            -0.3993914 0.0418952 0.9288154 -0.3120077 0.1998826 0.7148049 -0.6684204 0.2055919
            0.5547465 -0.8204239 0.138423 0.4662617 -0.8770159 0.1159445 0.5128491 -0.8496749
            0.1226312 0.6375862 -0.7499031 0.1764348 0.6824157 -0.7306395 0.0217886 0.7488221
            -0.6610935 0.047126 0.839977 -0.4939214 0.2246785 0.782346 -0.5822442 0.2211932
            0.8069456 -0.5859569 0.0741172 0.857654 -0.5050929 0.0964925 0.8886216 -0.4038461
            0.2173937 0.9011573 -0.4191503 0.1105826 0.9373508 -0.3290555 0.1144377 0.5769974
            -0.3237684 0.749832 0.6628591 -0.5772321 0.4768867 0.9175211 -0.2531159 0.3067366
            0.4552992 -0.7310047 0.5082664 0.5154602 -0.8076367 0.2863977 0.6926703 -0.6417581
            0.3291723 0.4343189 -0.8627253 0.2589828 0.605369 -0.730049 0.3171069 0.6227021
            -0.7445732 0.2405265 0.7044671 -0.6589666 0.2636078 0.5369776 -0.8188153 0.2029693
            0.376035 -0.7762506 0.5059966 0.5605528 -0.6591809 0.5012595 0.8164657 -0.4158837
            0.4005304 0.7479051 -0.4957115 0.4414839 0.7675613 -0.5528083 0.3244266 0.829817
            -0.4650484 0.3084376 0.8722632 -0.3355809 0.355728 0.8815287 -0.3772281 0.2839122
            0.9239408 -0.2881965 0.2515474 0.2903734 -0.3130144 0.9042706 0.3706463 -0.5498178
            0.7485464 0.6231897 -0.4675793 0.6269004 0.267828 -0.5487379 0.7919311 0.3273201
            -0.6796494 0.6564589 0.4150182 -0.6532329 0.6332824 0.5015533 -0.5191901 0.6920159
            0.1616732 -0.2768379 0.9472183 0.2087836 -0.4059299 0.8897361 0.3272727 -0.431496
            0.8406568 0.4397642 -0.3329969 0.8340986 0.4352976 -0.5382453 0.7216703 0.3646281
            -0.3271575 0.871788 0.4697867 -0.4286492 0.7717255 0.3980501 -0.4344586 0.8079616
            0.7745981 -0.2575325 0.5776458 0.6877844 -0.2963393 0.6626732 0.798197 -0.3456027
            0.4933968 0.7211808 -0.4083183 0.5596198 0.843079 -0.2091656 0.4954468 0.8596177
            -0.2788425 0.4281406 0.9087148 -0.2070835 0.3624277 0.9880503 0.0983899 0.1186427
            0.9983552 0.0489317 0.0298765 0.9893648 -0.1338074 0.0570336 0.9722448 -0.2257105
            0.0616023 0.9974181 -0.0674594 0.0246249 0.9982001 -0.0404812 0.0442486 0.999385
            0.0244969 0.0250894 0.9930135 0.1162077 0.0204933 0.9921449 0.1232966 0.0211268
            0.9663463 -0.0183393 0.2565902 0.9822663 -0.1276239 0.1373499 0.9974447 0.034699
            0.0624504 0.9603074 -0.2191363 0.1725949 0.9657443 -0.2362832 0.1072762 0.9856431
            -0.1428778 0.0899644 0.9942813 -0.0412985 0.0984845 0.9964839 -0.0515668 0.066036
            0.9985782 0.0323548 0.0423641 0.9381677 -0.0865303 0.3351924 0.9526367 -0.1686352
            0.2530721 0.9768973 -0.0851117 0.1960297 0.9821123 0.0456264 0.1826847 0.990178
            -0.0077646 0.1395968 0.9943023 0.0578653 0.0895241 0.9873772 0.1538071 0.0378122
            0.9883831 0.1351716 0.0694798 0.9948267 0.0951325 0.0356313 0.9902996 0.1371996
            0.0219751 0.8106026 0.294744 0.5060133 0.4693229 0.1565337 0.8690416 0.2360726 0.0126982
            0.9716524 0.1108798 0.0057021 0.9938174 0.0477264 -0.0137059 0.9987664 0.1139615
            -0.0948531 0.9889467 0.1729455 0.0143759 0.9848264 0.2215498 -0.2928005 0.9301524
            0.1777569 -0.099581 0.979023 0.2461355 -0.1161834 0.9622467 0.3620903 0.1633486
            0.9177188 0.3680379 -0.0103204 0.9297535 0.4995474 -0.0369598 0.8654978 0.3012937
            0.0029393 0.9535269 0.3188891 -0.135797 0.9380133 0.3931426 -0.1527987 0.9066926
            0.4347418 -0.024274 0.9002279 0.511394 -0.3313327 0.7929028 0.4654189 -0.1651532
            0.8695457 0.5332916 -0.172516 0.8281536 0.8368977 0.1026161 0.5376543 0.6762044
            0.1172595 0.7273223 0.7196931 -0.0593247 0.6917531 0.6186018 -0.0546448 0.7838022
            0.6517773 -0.1735504 0.7382863 0.7473466 -0.1591192 0.6451001 0.5759609 0.1374596
            0.8058374 0.5926516 0.0503758 0.8038821 0.6951254 0.0343847 0.7180657 0.4785239
            0.0726636 0.8750628 0.8671234 -0.0243277 0.497499 0.8020789 -0.0494372 0.5951684
            0.8233033 -0.130872 0.5523081 0.8828882 -0.0895902 0.4609577 0.7642908 0.1036399
            0.6364892 0.7817279 0.0299719 0.6228991 0.8512819 0.0406669 0.5231302 0.6587906
            0.2453649 0.7111898 0.5689288 0.2610819 0.7798437 0.7407256 0.3142801 0.5937622
            0.7432283 0.2259161 0.629741 0.8169268 0.2107012 0.5368758 0.814187 0.358231 0.4569137
            0.95777 0.2722929 0.0923758 0.9135641 0.2761647 0.2985527 0.9324628 0.1443784 0.3311617
            0.9693111 0.1974828 0.1464119 0.8929364 0.1171826 0.434664 0.9162492 0.0147718 0.4003365
            0.9501198 0.0626164 0.3055349 0.9567772 0.1749482 0.2323155 0.9699199 0.1100982
            0.2171033 0.978867 0.1481577 0.1409565 0.8694267 0.2801075 0.4069852 0.8761609 0.2072125
            0.435207 0.9194378 0.2167481 0.3281071 0.9420526 0.2777865 0.1880732 0.9469932 0.2318876
            0.2223332 0.9621591 0.2396925 0.1296045 0.9789307 0.2005284 0.0385093 0.9751376
            0.2061549 0.0812826 0.9704012 0.2337679 0.060614 0.9127184 0.3629168 0.1877143 0.8732143
            0.384351 0.2996182 0.8700805 0.3378207 0.3589388 0.9126077 0.3240388 0.249291 0.936501
            0.3427899 0.0738977 0.9395723 0.3142467 0.1358414 0.9542543 0.2958114 0.0435245
            0.9111204 0.3948633 0.118079</float_array>
          <technique_common>
            <accessor count="235" source="#ID538" stride="3">
              <param name="X" type="float" />
              <param name="Y" type="float" />
              <param name="Z" type="float" />
            </accessor>
          </technique_common>
        </source>
        <source id="ID539">
          <float_array id="ID540" count="470">0.3738669 1 0.3693231 0.9926762 0.3338445 0.9378257
            0.3061026 0.8974139 0.2896554 0.8743199 0.2894618 0.8740514 0.242882 0.8115821 0.1979739
            0.7547322 0.1927166 0.7482607 0.1796615 0.7323405 0.1399101 0.6850722 0.1164409
            0.6579278 0.1014642 0.640869 0.0845973 0.6218838 0 0.5297622 0.0179534 0.4955071
            0.1164409 0.3075985 0.1504283 0.2427535 0.1796615 0.1869795 0.2166674 0.1163767 0.242882
            0.0663625 0.2776656 0 0.3061026 0.0287582 0.3465863 0.0660038 0.3693231 0.0852897
            0.4325437 0.1336655 0.4957642 0.1754143 0.5589848 0.2114052 0.6222054 0.2421734
            0.6854259 0.2679853 0.7486464 0.2889428 0.8118671 0.3049706 0.8164806 0.3059419
            0.8750876 0.3158089 0.9066978 0.3191454 0.9383081 0.32098 0.9699184 0.3211958 0.9871138
            0.3205867 0.9818754 0.3316031 0.9699184 0.3585035 0.9677073 0.3638889 0.9656287
            0.3691303 0.9607345 0.3823916 0.9549938 0.4007245 0.9536214 0.405946 0.9508938 0.4184662
            0.9490876 0.4306528 0.9489122 0.4323187 0.9483249 0.4402004 0.9481533 0.4481157
            0.9483885 0.455403 0.9491534 0.4639128 0.9503486 0.4719436 0.9519336 0.4797099 0.9520321
            0.4801332 0.9564202 0.4955071 0.9596905 0.5045776 0.9687309 0.5252645 0.9699184
            0.5276974 0.9708582 0.5295904 0.9867302 0.5586954 0.9984791 0.5782803 1 0.5807595
            0.9383081 0.5879325 0.8750876 0.602784 0.8118671 0.6244617 0.7486464 0.6526495 0.6854259
            0.6873957 0.6222054 0.7291265 0.5965309 0.7482607 0.5589848 0.7787838 0.5227704 0.811449
            0.4957642 0.8382038 0.4624104 0.8746374 0.4325437 0.9112281 0.4129681 0.9378257
            0.4957642 0.4955071 0.4957642 0.2427535 0.6222054 0.2427535 0.5589848 0.2427535
            0.4957642 0.3691303 0.7486464 0.3691303 0.8750876 0.3691303 0.9383081 0.3691303
            0.9066978 0.3691303 0.8118671 0.3691303 0.8118671 0.3059419 0.7486464 0.3059419
            0.6222054 0.3691303 0.6854259 0.3691303 0.6854259 0.3059419 0.6222054 0.3059419
            0.5589848 0.3691303 0.5589848 0.3059419 0.4957642 0.3059419 0.7486464 0.4955071
            0.7486464 0.4323187 0.4957642 0.4323187 0.8750876 0.4323187 0.8750876 0.4007245
            0.7486464 0.4007245 0.9383081 0.4007245 0.8118671 0.4007245 0.8118671 0.3849274
            0.7486464 0.3849274 0.8750876 0.3849274 0.9383081 0.4323187 0.8118671 0.4323187
            0.6222054 0.4323187 0.6854259 0.4323187 0.6854259 0.4007245 0.6222054 0.4007245
            0.5589848 0.4323187 0.5589848 0.4007245 0.4957642 0.4007245 0.8750876 0.4955071
            0.8750876 0.4639128 0.7486464 0.4639128 0.9383081 0.4639128 0.9383081 0.4481157
            0.8750876 0.4481157 0.8118671 0.4639128 0.9383081 0.4955071 0.9383081 0.4797099
            0.8750876 0.4797099 0.8118671 0.4955071 0.8434773 0.4639128 0.8434773 0.4955071
            0.8118671 0.4797099 0.8434773 0.4797099 0.6222054 0.4955071 0.6854259 0.4955071
            0.6222054 0.4639128 0.6854259 0.4639128 0.5589848 0.4955071 0.5589848 0.4639128
            0.4957642 0.4639128 0.242882 0.4955071 0.242882 0.2427535 0.3693231 0.2427535 0.4325437
            0.2427535 0.3693231 0.1163767 0.3061026 0.2427535 0.3061026 0.1163767 0.242882 0.1163767
            0.1796615 0.2427535 0.3693231 0.4955071 0.3693231 0.3691303 0.242882 0.3691303 0.4325437
            0.3691303 0.4325437 0.3059419 0.3693231 0.3059419 0.3061026 0.3691303 0.3061026
            0.3059419 0.242882 0.3059419 0.4325437 0.4955071 0.4325437 0.4323187 0.3693231 0.4323187
            0.3061026 0.4955071 0.3061026 0.4323187 0.242882 0.4323187 0.1164409 0.4955071 0.1796615
            0.4955071 0.1796615 0.3691303 0.1164409 0.3691303 0.4957642 0.7482607 0.7486464
            0.6218838 0.8750876 0.5586954 0.9383081 0.5586954 0.9699184 0.5586954 0.9383081
            0.5271012 0.9066978 0.5586954 0.9066978 0.4955071 0.9066978 0.5271012 0.8750876
            0.5271012 0.8118671 0.6218838 0.8118671 0.5586954 0.7486464 0.5586954 0.8434773
            0.5586954 0.8434773 0.5271012 0.8118671 0.5271012 0.7802568 0.5586954 0.7802568
            0.4955071 0.7802568 0.5271012 0.7486464 0.5271012 0.4957642 0.6218838 0.6222054
            0.6218838 0.6222054 0.5586954 0.6854259 0.5586954 0.6854259 0.5271012 0.6222054
            0.5271012 0.6854259 0.6218838 0.6854259 0.5902897 0.6222054 0.5902897 0.7486464
            0.5902897 0.4957642 0.5586954 0.5589848 0.5586954 0.5589848 0.5271012 0.4957642
            0.5271012 0.5589848 0.6218838 0.5589848 0.5902897 0.4957642 0.5902897 0.6222054
            0.6850722 0.6854259 0.6850722 0.5589848 0.7482607 0.5589848 0.6850722 0.4957642
            0.6850722 0.4957642 0.811449 0.242882 0.7482607 0.3693231 0.7482607 0.3693231 0.6218838
            0.242882 0.6218838 0.4325437 0.6218838 0.4325437 0.5586954 0.3693231 0.5586954 0.3061026
            0.6218838 0.3061026 0.5586954 0.242882 0.5586954 0.4325437 0.7482607 0.4325437 0.6850722
            0.3693231 0.6850722 0.3061026 0.7482607 0.3061026 0.6850722 0.242882 0.6850722 0.1164409
            0.6218838 0.1796615 0.6218838 0.1796615 0.6850722 0.3693231 0.8746374 0.4325437
            0.8746374 0.4325437 0.811449 0.3693231 0.811449 0.3061026 0.8746374 0.3061026 0.811449
            0.242882 0.811449 0.3693231 0.9378257</float_array>
          <technique_common>
            <accessor count="235" source="#ID540" stride="2">
              <param name="S" type="float" />
              <param name="T" type="float" />
            </accessor>
          </technique_common>
        </source>
        <vertices id="ID541">
          <input semantic="POSITION" source="#ID535" />
        </vertices>
        <triangles count="392" material="ID542">
          <input semantic="VERTEX" source="#ID541" offset="0" />
          <input semantic="NORMAL" source="#ID537" offset="1" />
          <input semantic="TEXCOORD" source="#ID539" offset="2" set="0" />
          <p>0 0 0 1 1 1 75 75 75 75 75 75 1 1 1 234 234 234 227 227 227 234 234 234 2 2 2 231 231
            231 2 2 2 3 3 3 4 4 4 231 231 231 3 3 3 4 4 4 5 5 5 231 231 231 231 231 231 5 5 5 232
            232 232 230 230 230 232 232 232 209 209 209 218 218 218 209 209 209 219 219 219 206 206
            206 219 219 219 185 185 185 199 199 199 185 185 185 200 200 200 193 193 193 200 200 200
            187 187 187 188 188 188 187 187 187 190 190 190 189 189 189 190 190 190 130 130 130 131
            131 131 130 130 130 133 133 133 95 95 95 133 133 133 117 117 117 182 182 182 117 117 117
            121 121 121 128 128 128 121 121 121 129 129 129 127 127 127 129 129 129 115 115 115 174
            174 174 115 115 115 173 173 173 171 171 171 173 173 173 168 168 168 63 63 63 168 168 168
            169 169 169 62 62 62 169 169 169 61 61 61 62 62 62 63 63 63 169 169 169 1 1 1 2 2 2 234
            234 234 232 232 232 5 5 5 233 233 233 208 208 208 233 233 233 7 7 7 8 8 8 208 208 208 7
            7 7 8 8 8 223 223 223 208 208 208 8 8 8 226 226 226 223 223 223 8 8 8 9 9 9 226 226 226
            226 226 226 9 9 9 10 10 10 225 225 225 10 10 10 224 224 224 161 161 161 224 224 224 13
            13 13 15 15 15 13 13 13 14 14 14 15 15 15 161 161 161 13 13 13 15 15 15 164 164 164 161
            161 161 15 15 15 16 16 16 164 164 164 164 164 164 16 16 16 163 163 163 162 162 162 163
            163 163 160 160 160 137 137 137 160 160 160 158 158 158 216 216 216 158 158 158 214 214
            214 210 210 210 214 214 214 213 213 213 212 212 212 213 213 213 201 201 201 185 185 185
            201 201 201 200 200 200 185 185 185 212 212 212 201 201 201 185 185 185 219 219 219 212
            212 212 212 212 212 219 219 219 220 220 220 210 210 210 220 220 220 222 222 222 215 215
            215 222 222 222 211 211 211 217 217 217 211 211 211 225 225 225 137 137 137 225 225 225
            162 162 162 160 160 160 137 137 137 162 162 162 5 5 5 6 6 6 233 233 233 233 233 233 6 6
            6 7 7 7 10 10 10 11 11 11 224 224 224 224 224 224 11 11 11 12 12 12 13 13 13 224 224 224
            12 12 12 16 16 16 17 17 17 163 163 163 163 163 163 17 17 17 145 145 145 154 154 154 145
            145 145 138 138 138 153 153 153 138 138 138 142 142 142 151 151 151 142 142 142 139 139
            139 150 150 150 139 139 139 140 140 140 94 94 94 140 140 140 77 77 77 93 93 93 77 77 77
            79 79 79 91 91 91 79 79 79 78 78 78 29 29 29 78 78 78 28 28 28 29 29 29 91 91 91 78 78
            78 29 29 29 90 90 90 91 91 91 29 29 29 30 30 30 90 90 90 90 90 90 30 30 30 87 87 87 89
            89 89 87 87 87 81 81 81 104 104 104 81 81 81 85 85 85 103 103 103 85 85 85 82 82 82 105
            105 105 82 82 82 84 84 84 99 99 99 84 84 84 83 83 83 101 101 101 83 83 83 42 42 42 43 43
            43 101 101 101 42 42 42 43 43 43 44 44 44 101 101 101 101 101 101 44 44 44 45 45 45 106
            106 106 45 45 45 46 46 46 47 47 47 106 106 106 46 46 46 47 47 47 48 48 48 106 106 106
            106 106 106 48 48 48 119 119 119 120 120 120 119 119 119 118 118 118 116 116 116 118 118
            118 123 123 123 124 124 124 123 123 123 172 172 172 115 115 115 172 172 172 173 173 173
            115 115 115 124 124 124 172 172 172 115 115 115 129 129 129 124 124 124 124 124 124 129
            129 129 126 126 126 116 116 116 126 126 126 120 120 120 118 118 118 116 116 116 120 120
            120 17 17 17 18 18 18 145 145 145 145 145 145 18 18 18 138 138 138 138 138 138 18 18 18
            19 19 19 144 144 144 19 19 19 20 20 20 143 143 143 20 20 20 22 22 22 23 23 23 143 143
            143 22 22 22 23 23 23 141 141 141 143 143 143 23 23 23 24 24 24 141 141 141 141 141 141
            24 24 24 25 25 25 140 140 140 25 25 25 26 26 26 77 77 77 26 26 26 27 27 27 79 79 79 27
            27 27 28 28 28 78 78 78 79 79 79 28 28 28 20 20 20 21 21 21 22 22 22 30 30 30 31 31 31
            87 87 87 87 87 87 31 31 31 86 86 86 81 81 81 86 86 86 85 85 85 81 81 81 87 87 87 86 86
            86 31 31 31 32 32 32 86 86 86 86 86 86 32 32 32 85 85 85 85 85 85 32 32 32 33 33 33 82
            82 82 33 33 33 34 34 34 84 84 84 34 34 34 35 35 35 83 83 83 35 35 35 36 36 36 39 39 39
            36 36 36 38 38 38 39 39 39 83 83 83 36 36 36 39 39 39 40 40 40 83 83 83 83 83 83 40 40
            40 41 41 41 42 42 42 83 83 83 41 41 41 36 36 36 37 37 37 38 38 38 48 48 48 49 49 49 119
            119 119 119 119 119 49 49 49 50 50 50 118 118 118 50 50 50 51 51 51 52 52 52 118 118 118
            51 51 51 52 52 52 123 123 123 118 118 118 52 52 52 53 53 53 123 123 123 123 123 123 53
            53 53 54 54 54 55 55 55 123 123 123 54 54 54 55 55 55 122 122 122 123 123 123 55 55 55
            56 56 56 122 122 122 122 122 122 56 56 56 170 170 170 172 172 172 170 170 170 173 173
            173 172 172 172 122 122 122 170 170 170 172 172 172 123 123 123 122 122 122 56 56 56 57
            57 57 170 170 170 170 170 170 57 57 57 58 58 58 169 169 169 58 58 58 59 59 59 60 60 60
            169 169 169 59 59 59 60 60 60 61 61 61 169 169 169 168 168 168 63 63 63 171 171 171 171
            171 171 63 63 63 64 64 64 167 167 167 64 64 64 178 178 178 179 179 179 178 178 178 180
            180 180 125 125 125 180 180 180 182 182 182 128 128 128 182 182 182 121 121 121 128 128
            128 125 125 125 182 182 182 128 128 128 127 127 127 125 125 125 128 128 128 129 129 129
            127 127 127 67 67 67 202 202 202 203 203 203 66 66 66 203 203 203 191 191 191 166 166
            166 191 191 191 194 194 194 175 175 175 194 194 194 181 181 181 176 176 176 181 181 181
            183 183 183 180 180 180 183 183 183 182 182 182 180 180 180 176 176 176 183 183 183 180
            180 180 178 178 178 176 176 176 176 176 176 178 178 178 64 64 64 175 175 175 64 64 64 65
            65 65 166 166 166 65 65 65 66 66 66 191 191 191 166 166 166 66 66 66 66 66 66 67 67 67
            203 203 203 67 67 67 68 68 68 202 202 202 202 202 202 68 68 68 69 69 69 205 205 205 69
            69 69 204 204 204 165 165 165 204 204 204 71 71 71 207 207 207 71 71 71 72 72 72 73 73
            73 207 207 207 72 72 72 73 73 73 229 229 229 207 207 207 73 73 73 228 228 228 229 229
            229 73 73 73 74 74 74 228 228 228 228 228 228 74 74 74 75 75 75 227 227 227 75 75 75 234
            234 234 227 227 227 228 228 228 75 75 75 227 227 227 229 229 229 228 228 228 227 227 227
            230 230 230 229 229 229 227 227 227 231 231 231 230 230 230 227 227 227 2 2 2 231 231
            231 69 69 69 70 70 70 204 204 204 204 204 204 70 70 70 71 71 71 26 26 26 77 77 77 140
            140 140 79 79 79 91 91 91 93 93 93 93 93 93 91 91 91 88 88 88 92 92 92 88 88 88 111 111
            111 113 113 113 111 111 111 108 108 108 112 112 112 108 108 108 132 132 132 135 135 135
            132 132 132 130 130 130 134 134 134 130 130 130 197 197 197 76 76 76 197 197 197 198 198
            198 155 155 155 198 198 198 213 213 213 146 146 146 213 213 213 214 214 214 158 158 158
            146 146 146 214 214 214 158 158 158 159 159 159 146 146 146 158 158 158 160 160 160 159
            159 159 159 159 159 160 160 160 148 148 148 152 152 152 148 148 148 154 154 154 153 153
            153 154 154 154 138 138 138 153 153 153 152 152 152 154 154 154 153 153 153 147 147 147
            152 152 152 153 153 153 151 151 151 147 147 147 153 153 153 142 142 142 151 151 151 198
            198 198 155 155 155 76 76 76 76 76 76 155 155 155 136 136 136 134 134 134 136 136 136
            135 135 135 130 130 130 134 134 134 135 135 135 136 136 136 134 134 134 76 76 76 76 76
            76 134 134 134 197 197 197 79 79 79 77 77 77 27 27 27 147 147 147 151 151 151 149 149
            149 156 156 156 149 149 149 114 114 114 97 97 97 114 114 114 112 112 112 135 135 135 112
            112 112 132 132 132 135 135 135 97 97 97 112 112 112 135 135 135 136 136 136 97 97 97 97
            97 97 136 136 136 156 156 156 114 114 114 97 97 97 156 156 156 114 114 114 149 149 149
            80 80 80 113 113 113 80 80 80 92 92 92 111 111 111 113 113 113 92 92 92 82 82 82 85 85
            85 33 33 33 83 83 83 84 84 84 35 35 35 84 84 84 82 82 82 34 34 34 88 88 88 92 92 92 93
            93 93 93 93 93 92 92 92 94 94 94 77 77 77 93 93 93 94 94 94 91 91 91 90 90 90 88 88 88
            88 88 88 90 90 90 89 89 89 111 111 111 89 89 89 110 110 110 108 108 108 110 110 110 109
            109 109 132 132 132 109 109 109 133 133 133 130 130 130 132 132 132 133 133 133 110 110
            110 89 89 89 104 104 104 100 100 100 104 104 104 103 103 103 102 102 102 103 103 103 105
            105 105 99 99 99 105 105 105 84 84 84 99 99 99 102 102 102 105 105 105 99 99 99 107 107
            107 102 102 102 99 99 99 98 98 98 107 107 107 99 99 99 101 101 101 98 98 98 99 99 99 83
            83 83 101 101 101 89 89 89 90 90 90 87 87 87 92 92 92 80 80 80 94 94 94 94 94 94 80 80
            80 150 150 150 140 140 140 94 94 94 150 150 150 133 133 133 95 95 95 131 131 131 131 131
            131 95 95 95 184 184 184 189 189 189 184 184 184 177 177 177 188 188 188 177 177 177 194
            194 194 192 192 192 194 194 194 191 191 191 186 186 186 191 191 191 202 202 202 205 205
            205 202 202 202 69 69 69 205 205 205 186 186 186 202 202 202 205 205 205 199 199 199 186
            186 186 205 205 205 206 206 206 199 199 199 205 205 205 165 165 165 206 206 206 205 205
            205 204 204 204 165 165 165 184 184 184 95 95 95 183 183 183 181 181 181 184 184 184 183
            183 183 181 181 181 177 177 177 184 184 184 181 181 181 194 194 194 177 177 177 183 183
            183 95 95 95 182 182 182 182 182 182 95 95 95 117 117 117 81 81 81 104 104 104 89 89 89
            117 117 117 133 133 133 96 96 96 107 107 107 96 96 96 102 102 102 107 107 107 117 117
            117 96 96 96 107 107 107 121 121 121 117 117 117 107 107 107 126 126 126 121 121 121 107
            107 107 98 98 98 126 126 126 126 126 126 98 98 98 120 120 120 120 120 120 98 98 98 106
            106 106 119 119 119 120 120 120 106 106 106 103 103 103 102 102 102 100 100 100 100 100
            100 102 102 102 96 96 96 109 109 109 96 96 96 133 133 133 109 109 109 100 100 100 96 96
            96 109 109 109 110 110 110 100 100 100 100 100 100 110 110 110 104 104 104 82 82 82 105
            105 105 103 103 103 85 85 85 103 103 103 104 104 104 45 45 45 106 106 106 101 101 101
            101 101 101 106 106 106 98 98 98 108 108 108 112 112 112 113 113 113 113 113 113 112 112
            112 114 114 114 80 80 80 113 113 113 114 114 114 108 108 108 109 109 109 132 132 132 108
            108 108 111 111 111 110 110 110 111 111 111 88 88 88 89 89 89 123 123 123 124 124 124
            116 116 116 116 116 116 124 124 124 126 126 126 118 118 118 119 119 119 50 50 50 121 121
            121 126 126 126 129 129 129 125 125 125 127 127 127 179 179 179 180 180 180 125 125 125
            179 179 179 179 179 179 127 127 127 174 174 174 167 167 167 174 174 174 171 171 171 64
            64 64 167 167 167 171 171 171 184 184 184 189 189 189 131 131 131 131 131 131 189 189
            189 130 130 130 158 158 158 216 216 216 137 137 137 137 137 137 216 216 216 217 217 217
            225 225 225 137 137 137 217 217 217 138 138 138 144 144 144 142 142 142 138 138 138 19
            19 19 144 144 144 139 139 139 142 142 142 143 143 143 141 141 141 139 139 139 143 143
            143 141 141 141 140 140 140 139 139 139 141 141 141 25 25 25 140 140 140 20 20 20 143
            143 143 144 144 144 144 144 144 143 143 143 142 142 142 213 213 213 146 146 146 155 155
            155 155 155 155 146 146 146 157 157 157 156 156 156 157 157 157 147 147 147 149 149 149
            156 156 156 147 147 147 147 147 147 157 157 157 152 152 152 152 152 152 157 157 157 159
            159 159 148 148 148 152 152 152 159 159 159 154 154 154 148 148 148 163 163 163 145 145
            145 154 154 154 163 163 163 80 80 80 149 149 149 150 150 150 150 150 150 149 149 149 151
            151 151 139 139 139 150 150 150 151 151 151 157 157 157 156 156 156 155 155 155 155 155
            155 156 156 156 136 136 136 157 157 157 146 146 146 159 159 159 224 224 224 161 161 161
            225 225 225 225 225 225 161 161 161 162 162 162 162 162 162 161 161 161 164 164 164 163
            163 163 162 162 162 164 164 164 163 163 163 148 148 148 160 160 160 207 207 207 229 229
            229 165 165 165 71 71 71 207 207 207 165 165 165 115 115 115 174 174 174 127 127 127 65
            65 65 166 166 166 175 175 175 175 175 175 166 166 166 194 194 194 58 58 58 169 169 169
            170 170 170 170 170 170 169 169 169 168 168 168 173 173 173 170 170 170 168 168 168 173
            173 173 171 171 171 174 174 174 178 178 178 179 179 179 167 167 167 167 167 167 179 179
            179 174 174 174 181 181 181 176 176 176 175 175 175 175 175 175 176 176 176 64 64 64 130
            130 130 190 190 190 197 197 197 197 197 197 190 190 190 196 196 196 195 195 195 196 196
            196 201 201 201 213 213 213 195 195 195 201 201 201 213 213 213 198 198 198 195 195 195
            195 195 195 198 198 198 197 197 197 196 196 196 195 195 195 197 197 197 186 186 186 193
            193 193 192 192 192 191 191 191 186 186 186 192 192 192 200 200 200 193 193 193 199 199
            199 199 199 199 193 193 193 186 186 186 185 185 185 199 199 199 206 206 206 190 190 190
            189 189 189 188 188 188 188 188 188 189 189 189 177 177 177 192 192 192 193 193 193 188
            188 188 194 194 194 192 192 192 188 188 188 190 190 190 187 187 187 196 196 196 196 196
            196 187 187 187 200 200 200 201 201 201 196 196 196 200 200 200 193 193 193 187 187 187
            188 188 188 191 191 191 203 203 203 202 202 202 206 206 206 165 165 165 218 218 218 219
            219 219 206 206 206 218 218 218 208 208 208 223 223 223 221 221 221 232 232 232 221 221
            221 209 209 209 232 232 232 208 208 208 221 221 221 232 232 232 233 233 233 208 208 208
            222 222 222 220 220 220 221 221 221 223 223 223 222 222 222 221 221 221 223 223 223 211
            211 211 222 222 222 223 223 223 225 225 225 211 211 211 223 223 223 226 226 226 225 225
            225 225 225 225 226 226 226 10 10 10 229 229 229 230 230 230 218 218 218 165 165 165 229
            229 229 218 218 218 221 221 221 220 220 220 209 209 209 209 209 209 220 220 220 219 219
            219 211 211 211 217 217 217 215 215 215 215 215 215 217 217 217 216 216 216 210 210 210
            216 216 216 214 214 214 210 210 210 215 215 215 216 216 216 210 210 210 222 222 222 215
            215 215 213 213 213 212 212 212 210 210 210 210 210 210 212 212 212 220 220 220 230 230
            230 209 209 209 218 218 218 231 231 231 232 232 232 230 230 230</p>
        </triangles>
      </mesh>
    </geometry>
    <geometry id="ID543">
      <mesh>
        <source id="ID544">
          <float_array id="ID545" count="117">0.0921188 -0.162428 0.0877476 0.096 -0.162428
            0.0877476 0.096 -0.1612223 0.0965121 0.096 -0.1585619 0.1049497 0.096 -0.1545225
            0.1128208 0.096 -0.1492188 0.1199018 0.096 -0.1428014 0.1259917 0.096 -0.1354525
            0.1309175 0.096 -0.1273809 0.1345394 0.096 -0.1188156 0.1367546 0.096 -0.11 0.1375 0.096
            -0.1011844 0.1367546 0.096 -0.0926191 0.1345394 0.096 -0.0845475 0.1309175 0.096
            -0.0771986 0.1259917 0.096 -0.0707812 0.1199018 0.096 -0.0654775 0.1128208 0.096
            -0.0614381 0.1049497 0.096 -0.0587777 0.0965121 0.096 -0.057572 0.0877476 0.0921188
            -0.057572 0.0877476 0.0921188 -0.0582552 0.0938725 0.0921188 -0.060499 0.1024898
            0.0921188 -0.0641667 0.110604 0.0921188 -0.0691531 0.1179816 0.0921188 -0.0753146
            0.1244103 0.0921188 -0.0824739 0.1297053 0.0921188 -0.090425 0.1337142 0.0921188
            -0.0989393 0.1363217 0.0921188 -0.1077719 0.1374527 0.0921188 -0.1166685 0.1370748
            0.0921188 -0.1253732 0.1351988 0.0921188 -0.1336357 0.1318786 0.0921188 -0.1412183
            0.1272099 0.0921188 -0.1479027 0.1213268 0.0921188 -0.1534968 0.1143987 0.0921188
            -0.1578395 0.1066248 0.0921188 -0.160806 0.0982289 0.0921188 -0.1623109 0.0894523</float_array>
          <technique_common>
            <accessor count="39" source="#ID545" stride="3">
              <param name="X" type="float" />
              <param name="Y" type="float" />
              <param name="Z" type="float" />
            </accessor>
          </technique_common>
        </source>
        <source id="ID546">
          <float_array id="ID547" count="117">0 -0.9986295 0.052336 0 -0.9986295 0.052336 0
            -0.9756623 0.2192786 0 -0.9249888 0.3799944 0 -0.8480481 0.5299193 0 -0.7470251
            0.6647959 0 -0.6247885 0.780794 0 -0.4848096 0.8746197 0 -0.3310634 0.9436085 0
            -0.1679159 0.9858013 0 0 1 0 0.1679159 0.9858013 0 0.3310634 0.9436085 0 0.4848096
            0.8746197 0 0.6247885 0.780794 0 0.7470251 0.6647959 0 0.8480481 0.5299193 0 0.9249888
            0.3799944 0 0.9756623 0.2192786 0 0.9986295 0.052336 0 0.9986295 0.052336 0 0.9856159
            0.1690008 0 0.9428775 0.3331398 0 0.8730141 0.4876949 0 0.7780358 0.62822 0 0.6606748
            0.7506723 0 0.5243073 0.8515291 0 0.3728565 0.927889 0 0.2106793 0.9775552 0 0.0424412
            0.999099 0 -0.1270178 0.9919004 0 -0.2928228 0.9561667 0 -0.4502037 0.8929259 0
            -0.5946332 0.8039972 0 -0.7219561 0.6919389 0 -0.8285096 0.5599748 0 -0.9112285
            0.4119012 0 -0.967733 0.2519781 0 -0.9963975 0.0848059</float_array>
          <technique_common>
            <accessor count="39" source="#ID547" stride="3">
              <param name="X" type="float" />
              <param name="Y" type="float" />
              <param name="Z" type="float" />
            </accessor>
          </technique_common>
        </source>
        <source id="ID548">
          <float_array id="ID549" count="78">0 1 1 1 1 0.9444444 1 0.8888889 1 0.8333333 1 0.7777777
            1 0.7222223 1 0.6666667 1 0.6111111 1 0.5555556 1 0.5 1 0.4444444 1 0.3888889 1
            0.3333333 1 0.2777778 1 0.2222222 1 0.1666667 1 0.1111111 1 0.0555555 1 0 0 0 0
            0.0386766 0 0.0945946 0 0.1505126 0 0.2064305 0 0.2623485 0 0.3182665 0 0.3741845 0
            0.4301025 0 0.4860205 0 0.5419385 0 0.5978565 0 0.6537745 0 0.7096925 0 0.7656105 0
            0.8215284 0 0.8774464 0 0.9333645 0 0.9892824</float_array>
          <technique_common>
            <accessor count="39" source="#ID549" stride="2">
              <param name="S" type="float" />
              <param name="T" type="float" />
            </accessor>
          </technique_common>
        </source>
        <vertices id="ID550">
          <input semantic="POSITION" source="#ID544" />
        </vertices>
        <triangles count="37" material="ID551">
          <input semantic="VERTEX" source="#ID550" offset="0" />
          <input semantic="NORMAL" source="#ID546" offset="1" />
          <input semantic="TEXCOORD" source="#ID548" offset="2" set="0" />
          <p>0 0 0 1 1 1 38 38 38 38 38 38 1 1 1 2 2 2 37 37 37 2 2 2 3 3 3 36 36 36 3 3 3 4 4 4 35
            35 35 4 4 4 5 5 5 34 34 34 5 5 5 6 6 6 33 33 33 6 6 6 7 7 7 32 32 32 7 7 7 8 8 8 31 31
            31 8 8 8 9 9 9 30 30 30 9 9 9 10 10 10 29 29 29 10 10 10 11 11 11 28 28 28 11 11 11 12
            12 12 27 27 27 12 12 12 13 13 13 26 26 26 13 13 13 14 14 14 25 25 25 14 14 14 15 15 15
            24 24 24 15 15 15 16 16 16 23 23 23 16 16 16 17 17 17 22 22 22 17 17 17 18 18 18 21 21
            21 18 18 18 19 19 19 20 20 20 21 21 21 19 19 19 21 21 21 22 22 22 18 18 18 22 22 22 23
            23 23 17 17 17 23 23 23 24 24 24 16 16 16 24 24 24 25 25 25 15 15 15 25 25 25 26 26 26
            14 14 14 26 26 26 27 27 27 13 13 13 27 27 27 28 28 28 12 12 12 28 28 28 29 29 29 11 11
            11 29 29 29 30 30 30 10 10 10 30 30 30 31 31 31 9 9 9 31 31 31 32 32 32 8 8 8 32 32 32
            33 33 33 7 7 7 33 33 33 34 34 34 6 6 6 34 34 34 35 35 35 5 5 5 35 35 35 36 36 36 4 4 4
            36 36 36 37 37 37 3 3 3 37 37 37 38 38 38 2 2 2</p>
        </triangles>
      </mesh>
    </geometry>
    <geometry id="ID552">
      <mesh>
        <source id="ID553">
          <float_array id="ID554" count="216">0.0841 -0.118 0.0378 0.0840529 -0.1185383 0.0378
            0.083913 -0.1190602 0.0378 0.0836847 -0.11955 0.0378 0.0833747 -0.1199926 0.0378
            0.0829926 -0.1203748 0.0378 0.08255 -0.1206847 0.0378 0.0820603 -0.120913 0.0378
            0.0815383 -0.1210529 0.0378 0.081 -0.1211 0.0378 0.0804617 -0.1210529 0.0378 0.0799397
            -0.120913 0.0378 0.07945 -0.1206847 0.0378 0.0790074 -0.1203748 0.0378 0.0786253
            -0.1199926 0.0378 0.0783153 -0.11955 0.0378 0.078087 -0.1190602 0.0378 0.0779471
            -0.1185383 0.0378 0.0779 -0.118 0.0378 0.0779471 -0.1174617 0.0378 0.078087 -0.1169398
            0.0378 0.0783153 -0.11645 0.0378 0.0786253 -0.1160074 0.0378 0.0790074 -0.1156252 0.0378
            0.07945 -0.1153153 0.0378 0.0799397 -0.115087 0.0378 0.0804617 -0.1149471 0.0378 0.081
            -0.1149 0.0378 0.0815383 -0.1149471 0.0378 0.0820603 -0.115087 0.0378 0.08255 -0.1153153
            0.0378 0.0829926 -0.1156252 0.0378 0.0833747 -0.1160074 0.0378 0.0836847 -0.11645 0.0378
            0.083913 -0.1169398 0.0378 0.0840529 -0.1174617 0.0378 0.081 -0.12075 0.0378 0.0814775
            -0.1207082 0.0378 0.0819406 -0.1205842 0.0378 0.082375 -0.1203816 0.0378 0.0827677
            -0.1201066 0.0378 0.0831066 -0.1197676 0.0378 0.0833816 -0.119375 0.0378 0.0835842
            -0.1189406 0.0378 0.0837082 -0.1184775 0.0378 0.08375 -0.118 0.0378 0.0837082 -0.1175225
            0.0378 0.0835842 -0.1170594 0.0378 0.0833816 -0.116625 0.0378 0.0831066 -0.1162324
            0.0378 0.0827677 -0.1158934 0.0378 0.082375 -0.1156184 0.0378 0.0819406 -0.1154158
            0.0378 0.0814775 -0.1152918 0.0378 0.081 -0.11525 0.0378 0.0805225 -0.1152918 0.0378
            0.0800594 -0.1154158 0.0378 0.079625 -0.1156184 0.0378 0.0792323 -0.1158934 0.0378
            0.0788934 -0.1162324 0.0378 0.0786184 -0.116625 0.0378 0.0784158 -0.1170594 0.0378
            0.0782918 -0.1175225 0.0378 0.07825 -0.118 0.0378 0.0782918 -0.1184775 0.0378 0.0784158
            -0.1189406 0.0378 0.0786184 -0.119375 0.0378 0.0788934 -0.1197676 0.0378 0.0792323
            -0.1201066 0.0378 0.079625 -0.1203816 0.0378 0.0800594 -0.1205842 0.0378 0.0805225
            -0.1207082 0.0378</float_array>
          <technique_common>
            <accessor count="72" source="#ID554" stride="3">
              <param name="X" type="float" />
              <param name="Y" type="float" />
              <param name="Z" type="float" />
            </accessor>
          </technique_common>
        </source>
        <source id="ID555">
          <float_array id="ID556" count="216">0 0 -1 0 0 -1 0 0 -1 0 0 -1 0 0 -1 0 0 -1 0 0 -1 0 0
            -1 0 0 -1 0 0 -1 0 0 -1 0 0 -1 0 0 -1 0 0 -1 0 0 -1 0 0 -1 0 0 -1 0 0 -1 0 0 -1 0 0 -1 0
            0 -1 0 0 -1 0 0 -1 0 0 -1 0 0 -1 0 0 -1 0 0 -1 0 0 -1 0 0 -1 0 0 -1 0 0 -1 0 0 -1 0 0 -1
            0 0 -1 0 0 -1 0 0 -1 0 0 -1 0 0 -1 0 0 -1 0 0 -1 0 0 -1 0 0 -1 0 0 -1 0 0 -1 0 0 -1 0 0
            -1 0 0 -1 0 0 -1 0 0 -1 0 0 -1 0 0 -1 0 0 -1 0 0 -1 0 0 -1 0 0 -1 0 0 -1 0 0 -1 0 0 -1 0
            0 -1 0 0 -1 0 0 -1 0 0 -1 0 0 -1 0 0 -1 0 0 -1 0 0 -1 0 0 -1 0 0 -1 0 0 -1 0 0 -1 0 0 -1
            0 0 -1</float_array>
          <technique_common>
            <accessor count="72" source="#ID556" stride="3">
              <param name="X" type="float" />
              <param name="Y" type="float" />
              <param name="Z" type="float" />
            </accessor>
          </technique_common>
        </source>
        <source id="ID557">
          <float_array id="ID558" count="144">1 0.5 0.9924039 0.5868241 0.9698464 0.67101 0.9330127
            0.7499999 0.8830222 0.8213938 0.8213938 0.8830222 0.7499999 0.9330127 0.67101 0.9698464
            0.5868241 0.9924039 0.5 1 0.4131759 0.9924039 0.3289899 0.9698464 0.25 0.9330127
            0.1786062 0.8830222 0.1169778 0.8213938 0.0669873 0.7499999 0.0301537 0.67101 0.0075961
            0.5868241 0 0.5 0.0075961 0.4131759 0.0301537 0.3289899 0.0669873 0.25 0.1169778
            0.1786062 0.1786062 0.1169778 0.25 0.0669873 0.3289899 0.0301537 0.4131759 0.0075961 0.5
            0 0.5868241 0.0075961 0.67101 0.0301537 0.7499999 0.0669873 0.8213938 0.1169778
            0.8830222 0.1786062 0.9330127 0.25 0.9698464 0.3289899 0.9924039 0.4131759 0.5 0.9435484
            0.5770214 0.9368099 0.6517025 0.9167991 0.7217742 0.8841242 0.7851074 0.8397778
            0.8397778 0.7851074 0.8841242 0.7217742 0.9167991 0.6517025 0.9368099 0.5770214
            0.9435484 0.5 0.9368099 0.4229786 0.9167991 0.3482975 0.8841242 0.2782258 0.8397778
            0.2148926 0.7851074 0.1602222 0.7217742 0.1158758 0.6517025 0.0832009 0.5770214
            0.0631901 0.5 0.0564516 0.4229786 0.0631901 0.3482975 0.0832009 0.2782258 0.1158758
            0.2148926 0.1602222 0.1602222 0.2148926 0.1158758 0.2782258 0.0832009 0.3482975
            0.0631901 0.4229786 0.0564516 0.5 0.0631901 0.5770214 0.0832009 0.6517025 0.1158758
            0.7217742 0.1602222 0.7851074 0.2148926 0.8397778 0.2782258 0.8841242 0.3482975
            0.9167991 0.4229786 0.9368099</float_array>
          <technique_common>
            <accessor count="72" source="#ID558" stride="2">
              <param name="S" type="float" />
              <param name="T" type="float" />
            </accessor>
          </technique_common>
        </source>
        <vertices id="ID559">
          <input semantic="POSITION" source="#ID553" />
        </vertices>
        <triangles count="72" material="ID560">
          <input semantic="VERTEX" source="#ID559" offset="0" />
          <input semantic="NORMAL" source="#ID555" offset="1" />
          <input semantic="TEXCOORD" source="#ID557" offset="2" set="0" />
          <p>9 9 9 36 36 36 8 8 8 9 9 9 10 10 10 36 36 36 36 36 36 10 10 10 71 71 71 71 71 71 10 10
            10 11 11 11 70 70 70 11 11 11 12 12 12 69 69 69 12 12 12 13 13 13 68 68 68 13 13 13 14
            14 14 67 67 67 14 14 14 15 15 15 66 66 66 15 15 15 16 16 16 65 65 65 16 16 16 17 17 17
            64 64 64 17 17 17 63 63 63 64 64 64 65 65 65 17 17 17 8 8 8 37 37 37 7 7 7 8 8 8 36 36
            36 37 37 37 7 7 7 38 38 38 6 6 6 7 7 7 37 37 37 38 38 38 6 6 6 39 39 39 5 5 5 6 6 6 38
            38 38 39 39 39 5 5 5 40 40 40 4 4 4 5 5 5 39 39 39 40 40 40 17 17 17 18 18 18 63 63 63
            63 63 63 18 18 18 62 62 62 62 62 62 18 18 18 19 19 19 61 61 61 19 19 19 20 20 20 60 60
            60 20 20 20 21 21 21 59 59 59 21 21 21 22 22 22 58 58 58 22 22 22 23 23 23 57 57 57 23
            23 23 24 24 24 56 56 56 24 24 24 25 25 25 55 55 55 25 25 25 26 26 26 54 54 54 26 26 26
            27 27 27 28 28 28 54 54 54 27 27 27 28 28 28 53 53 53 54 54 54 28 28 28 29 29 29 53 53
            53 53 53 53 29 29 29 52 52 52 52 52 52 29 29 29 30 30 30 51 51 51 30 30 30 31 31 31 50
            50 50 31 31 31 32 32 32 49 49 49 32 32 32 33 33 33 48 48 48 33 33 33 34 34 34 47 47 47
            34 34 34 35 35 35 46 46 46 35 35 35 0 0 0 45 45 45 0 0 0 44 44 44 45 45 45 46 46 46 0 0
            0 40 40 40 41 41 41 4 4 4 4 4 4 41 41 41 3 3 3 3 3 3 41 41 41 42 42 42 2 2 2 42 42 42 43
            43 43 1 1 1 43 43 43 44 44 44 0 0 0 1 1 1 44 44 44 46 46 46 47 47 47 35 35 35 47 47 47
            48 48 48 34 34 34 48 48 48 49 49 49 33 33 33 49 49 49 50 50 50 32 32 32 50 50 50 51 51
            51 31 31 31 51 51 51 52 52 52 30 30 30 54 54 54 55 55 55 26 26 26 55 55 55 56 56 56 25
            25 25 56 56 56 57 57 57 24 24 24 57 57 57 58 58 58 23 23 23 58 58 58 59 59 59 22 22 22
            59 59 59 60 60 60 21 21 21 60 60 60 61 61 61 20 20 20 61 61 61 62 62 62 19 19 19 65 65
            65 66 66 66 16 16 16 66 66 66 67 67 67 15 15 15 67 67 67 68 68 68 14 14 14 68 68 68 69
            69 69 13 13 13 69 69 69 70 70 70 12 12 12 70 70 70 71 71 71 11 11 11 3 3 3 42 42 42 2 2
            2 2 2 2 43 43 43 1 1 1</p>
        </triangles>
      </mesh>
    </geometry>
    <geometry id="ID561">
      <mesh>
        <source id="ID562">
          <float_array id="ID563" count="96">0.0921188 -0.162428 0.0877476 0.0853443 -0.162231
            0.0877476 0.0785928 -0.1616403 0.0877476 0.071887 -0.160658 0.0877476 0.0652497
            -0.1592875 0.0877476 0.0587033 -0.1575334 0.0877476 0.0522699 -0.1554016 0.0877476
            0.0459714 -0.1528994 0.0877476 0.039829 -0.1500352 0.0877476 0.0338636 -0.1468186
            0.0877476 0.0280953 -0.1432607 0.0877476 0.0225436 -0.1393734 0.0877476 0.0172274
            -0.1351698 0.0877476 0.0121645 -0.1306642 0.0877476 0.0073722 -0.1258719 0.0877476
            0.0028667 -0.1208091 0.0877476 -0.0013369 -0.1154928 0.0877476 -0.0052242 -0.1099412
            0.0877476 -0.0087822 -0.1041729 0.0877476 -0.0119987 -0.0982074 0.0877476 -0.012853
            -0.0964705 0.0877476 -0.0129836 -0.0965313 0.085 -0.0066557 -0.1079809 0.085 0.0009143
            -0.11865 0.085 0.0096313 -0.1284044 0.085 0.0193856 -0.1371214 0.085 0.0300546
            -0.1446915 0.085 0.0415041 -0.1510195 0.085 0.0535901 -0.1560257 0.085 0.0661606
            -0.1596472 0.085 0.0790576 -0.1618386 0.085 0.0921188 -0.162572 0.085</float_array>
          <technique_common>
            <accessor count="32" source="#ID563" stride="3">
              <param name="X" type="float" />
              <param name="Y" type="float" />
              <param name="Z" type="float" />
            </accessor>
          </technique_common>
        </source>
        <source id="ID564">
          <float_array id="ID565" count="96">0 -0.9986295 0.052336 -0.0580651 -0.99694 0.052336
            -0.1159338 -0.9918771 0.052336 -0.1734102 -0.9834581 0.052336 -0.2302998 -0.9717113
            0.052336 -0.2864102 -0.9566766 0.052336 -0.3415514 -0.9384048 0.052336 -0.395537
            -0.9169577 0.052336 -0.4481841 -0.892408 0.052336 -0.4993148 -0.8648385 0.052336
            -0.5487559 -0.8343428 0.052336 -0.5963402 -0.8010239 0.052336 -0.6419067 -0.7649946
            0.052336 -0.6853012 -0.7263768 0.052336 -0.7263768 -0.6853012 0.052336 -0.7649946
            -0.6419067 0.052336 -0.8010239 -0.5963402 0.052336 -0.8343428 -0.5487559 0.052336
            -0.8648385 -0.4993148 0.052336 -0.892408 -0.4481841 0.052336 -0.8997306 -0.4332965
            0.052336 -0.8997372 -0.4332826 0.052336 -0.8455672 -0.5312974 0.052336 -0.7807636
            -0.6226308 0.052336 -0.7061413 -0.7061341 0.052336 -0.6226387 -0.7807573 0.052336
            -0.531306 -0.8455619 0.052336 -0.4332917 -0.8997329 0.052336 -0.3298285 -0.942589
            0.052336 -0.2222174 -0.9735915 0.052336 -0.1118117 -0.9923503 0.052336 0 -0.9986295
            0.052336</float_array>
          <technique_common>
            <accessor count="32" source="#ID565" stride="3">
              <param name="X" type="float" />
              <param name="Y" type="float" />
              <param name="Z" type="float" />
            </accessor>
          </technique_common>
        </source>
        <source id="ID566">
          <float_array id="ID567" count="64">0 0 0 0.0518515 0 0.1037029 0 0.1555545 0 0.207406 0
            0.2592576 0 0.311109 0 0.3629606 0 0.4148121 0 0.4666637 0 0.5185151 0 0.5703666 0
            0.6222182 0 0.6740698 0 0.7259212 0 0.7777727 0 0.8296243 0 0.8814756 0 0.9333272 0
            0.9851788 0 0.9999862 1 1 1 0.9 1 0.8 1 0.6999999 1 0.5999998 1 0.4999999 1 0.4 1 0.3 1
            0.2 1 0.0999999 1 0</float_array>
          <technique_common>
            <accessor count="32" source="#ID567" stride="2">
              <param name="S" type="float" />
              <param name="T" type="float" />
            </accessor>
          </technique_common>
        </source>
        <vertices id="ID568">
          <input semantic="POSITION" source="#ID562" />
        </vertices>
        <triangles count="30" material="ID569">
          <input semantic="VERTEX" source="#ID568" offset="0" />
          <input semantic="NORMAL" source="#ID564" offset="1" />
          <input semantic="TEXCOORD" source="#ID566" offset="2" set="0" />
          <p>0 0 0 1 1 1 31 31 31 31 31 31 1 1 1 30 30 30 30 30 30 1 1 1 2 2 2 3 3 3 30 30 30 2 2 2
            3 3 3 29 29 29 30 30 30 3 3 3 4 4 4 29 29 29 29 29 29 4 4 4 5 5 5 28 28 28 5 5 5 6 6 6 7
            7 7 28 28 28 6 6 6 7 7 7 27 27 27 28 28 28 7 7 7 8 8 8 27 27 27 27 27 27 8 8 8 9 9 9 26
            26 26 9 9 9 10 10 10 11 11 11 26 26 26 10 10 10 11 11 11 25 25 25 26 26 26 11 11 11 12
            12 12 25 25 25 25 25 25 12 12 12 24 24 24 24 24 24 12 12 12 13 13 13 14 14 14 24 24 24
            13 13 13 14 14 14 23 23 23 24 24 24 14 14 14 15 15 15 23 23 23 23 23 23 15 15 15 16 16
            16 22 22 22 16 16 16 17 17 17 18 18 18 22 22 22 17 17 17 18 18 18 21 21 21 22 22 22 18
            18 18 19 19 19 21 21 21 21 21 21 19 19 19 20 20 20 22 22 22 23 23 23 16 16 16 26 26 26
            27 27 27 9 9 9 28 28 28 29 29 29 5 5 5</p>
        </triangles>
      </mesh>
    </geometry>
    <geometry id="ID570">
      <mesh>
        <source id="ID571">
          <float_array id="ID572" count="12">0.0921188 -0.162428 0.0822524 0.096 -0.162428 0.0822524
            0.096 -0.162572 0.085 0.0921188 -0.162572 0.085</float_array>
          <technique_common>
            <accessor count="4" source="#ID572" stride="3">
              <param name="X" type="float" />
              <param name="Y" type="float" />
              <param name="Z" type="float" />
            </accessor>
          </technique_common>
        </source>
        <source id="ID573">
          <float_array id="ID574" count="12">0 -0.9986295 -0.052336 0 -0.9986295 -0.052336 0
            -0.9986295 -0.052336 0 -0.9986295 -0.052336</float_array>
          <technique_common>
            <accessor count="4" source="#ID574" stride="3">
              <param name="X" type="float" />
              <param name="Y" type="float" />
              <param name="Z" type="float" />
            </accessor>
          </technique_common>
        </source>
        <source id="ID575">
          <float_array id="ID576" count="8">1 0 0 0 0 1 1 1</float_array>
          <technique_common>
            <accessor count="4" source="#ID576" stride="2">
              <param name="S" type="float" />
              <param name="T" type="float" />
            </accessor>
          </technique_common>
        </source>
        <vertices id="ID577">
          <input semantic="POSITION" source="#ID571" />
        </vertices>
        <triangles count="2" material="ID578">
          <input semantic="VERTEX" source="#ID577" offset="0" />
          <input semantic="NORMAL" source="#ID573" offset="1" />
          <input semantic="TEXCOORD" source="#ID575" offset="2" set="0" />
          <p>0 0 0 1 1 1 3 3 3 3 3 3 1 1 1 2 2 2</p>
        </triangles>
      </mesh>
    </geometry>
    <geometry id="ID579">
      <mesh>
        <source id="ID580">
          <float_array id="ID581" count="120">0.096 -0.057572 0.0877476 0.096 -0.0587777 0.0965121
            0.096 -0.0614381 0.1049497 0.096 -0.0654775 0.1128208 0.096 -0.0707812 0.1199018 0.096
            -0.0771986 0.1259917 0.096 -0.0845475 0.1309175 0.096 -0.0926191 0.1345394 0.096
            -0.1011844 0.1367546 0.096 -0.11 0.1375 0.096 -0.1188156 0.1367546 0.096 -0.1273809
            0.1345394 0.096 -0.1354525 0.1309175 0.096 -0.1428014 0.1259917 0.096 -0.1492188
            0.1199018 0.096 -0.1545225 0.1128208 0.096 -0.1585619 0.1049497 0.096 -0.1612223
            0.0965121 0.096 -0.162428 0.0877476 0.096 -0.162572 0.085 0.096 -0.162428 0.0822524
            0.096 -0.1612223 0.0734879 0.096 -0.1585619 0.0650503 0.096 -0.1545225 0.0571792 0.096
            -0.1492188 0.0500982 0.096 -0.1428014 0.0440083 0.096 -0.1354525 0.0390825 0.096
            -0.1273809 0.0354606 0.096 -0.1188156 0.0332454 0.096 -0.11 0.0325 0.096 -0.1011844
            0.0332454 0.096 -0.0926191 0.0354606 0.096 -0.0845475 0.0390825 0.096 -0.0771986
            0.0440083 0.096 -0.0707812 0.0500982 0.096 -0.0654775 0.0571792 0.096 -0.0614381
            0.0650503 0.096 -0.0587777 0.0734879 0.096 -0.057572 0.0822524 0.096 -0.057428 0.085</float_array>
          <technique_common>
            <accessor count="40" source="#ID581" stride="3">
              <param name="X" type="float" />
              <param name="Y" type="float" />
              <param name="Z" type="float" />
            </accessor>
          </technique_common>
        </source>
        <source id="ID582">
          <float_array id="ID583" count="120">1 0 0 1 0 0 1 0 0 1 0 0 1 0 0 1 0 0 1 0 0 1 0 0 1 0 0
            1 0 0 1 0 0 1 0 0 1 0 0 1 0 0 1 0 0 1 0 0 1 0 0 1 0 0 1 0 0 1 0 0 1 0 0 1 0 0 1 0 0 1 0
            0 1 0 0 1 0 0 1 0 0 1 0 0 1 0 0 1 0 0 1 0 0 1 0 0 1 0 0 1 0 0 1 0 0 1 0 0 1 0 0 1 0 0 1
            0 0 1 0 0</float_array>
          <technique_common>
            <accessor count="40" source="#ID583" stride="3">
              <param name="X" type="float" />
              <param name="Y" type="float" />
              <param name="Z" type="float" />
            </accessor>
          </technique_common>
        </source>
        <source id="ID584">
          <float_array id="ID585" count="80">0.0013695 0.526168 0.0128374 0.6096393 0.0381394
            0.6899972 0.0765571 0.7649596 0.1269994 0.8323979 0.1880339 0.890397 0.2579274 0.9373099
            0.3346952 0.9718042 0.4161571 0.9929007 0.5 1 0.5838429 0.9929007 0.6653049 0.9718042
            0.7420726 0.9373099 0.8119661 0.890397 0.8730006 0.8323979 0.923443 0.7649596 0.9618605
            0.6899972 0.9871626 0.6096393 0.9986305 0.526168 1 0.5 0.9986305 0.473832 0.9871626
            0.3903607 0.9618605 0.3100028 0.923443 0.2350404 0.8730006 0.1676021 0.8119661 0.109603
            0.7420726 0.0626902 0.6653049 0.0281957 0.5838429 0.0070993 0.5 0 0.4161571 0.0070993
            0.3346952 0.0281957 0.2579274 0.0626902 0.1880339 0.109603 0.1269994 0.1676021 0.0765571
            0.2350404 0.0381394 0.3100028 0.0128374 0.3903607 0.0013695 0.473832 0 0.5</float_array>
          <technique_common>
            <accessor count="40" source="#ID585" stride="2">
              <param name="S" type="float" />
              <param name="T" type="float" />
            </accessor>
          </technique_common>
        </source>
        <vertices id="ID586">
          <input semantic="POSITION" source="#ID580" />
        </vertices>
        <triangles count="38" material="ID587">
          <input semantic="VERTEX" source="#ID586" offset="0" />
          <input semantic="NORMAL" source="#ID582" offset="1" />
          <input semantic="TEXCOORD" source="#ID584" offset="2" set="0" />
          <p>8 8 8 10 10 10 7 7 7 8 8 8 9 9 9 10 10 10 7 7 7 11 11 11 6 6 6 7 7 7 10 10 10 11 11 11
            6 6 6 12 12 12 5 5 5 6 6 6 11 11 11 12 12 12 5 5 5 13 13 13 4 4 4 5 5 5 12 12 12 13 13
            13 13 13 13 14 14 14 4 4 4 4 4 4 14 14 14 3 3 3 3 3 3 14 14 14 15 15 15 2 2 2 15 15 15
            16 16 16 1 1 1 16 16 16 17 17 17 0 0 0 17 17 17 18 18 18 38 38 38 18 18 18 20 20 20 37
            37 37 20 20 20 21 21 21 36 36 36 21 21 21 22 22 22 35 35 35 22 22 22 23 23 23 34 34 34
            23 23 23 24 24 24 33 33 33 24 24 24 25 25 25 32 32 32 25 25 25 26 26 26 31 31 31 26 26
            26 27 27 27 30 30 30 27 27 27 28 28 28 29 29 29 30 30 30 28 28 28 18 18 18 19 19 19 20
            20 20 30 30 30 31 31 31 27 27 27 31 31 31 32 32 32 26 26 26 32 32 32 33 33 33 25 25 25
            33 33 33 34 34 34 24 24 24 34 34 34 35 35 35 23 23 23 35 35 35 36 36 36 22 22 22 36 36
            36 37 37 37 21 21 21 37 37 37 38 38 38 20 20 20 39 39 39 0 0 0 38 38 38 38 38 38 0 0 0
            18 18 18 3 3 3 15 15 15 2 2 2 2 2 2 16 16 16 1 1 1 1 1 1 17 17 17 0 0 0</p>
        </triangles>
      </mesh>
    </geometry>
    <geometry id="ID588">
      <mesh>
        <source id="ID589">
          <float_array id="ID590" count="12">0.0921188 -0.057428 0.085 0.096 -0.057428 0.085 0.096
            -0.057572 0.0822524 0.0921188 -0.057572 0.0822524</float_array>
          <technique_common>
            <accessor count="4" source="#ID590" stride="3">
              <param name="X" type="float" />
              <param name="Y" type="float" />
              <param name="Z" type="float" />
            </accessor>
          </technique_common>
        </source>
        <source id="ID591">
          <float_array id="ID592" count="12">0 0.9986295 -0.052336 0 0.9986295 -0.052336 0 0.9986295
            -0.052336 0 0.9986295 -0.052336</float_array>
          <technique_common>
            <accessor count="4" source="#ID592" stride="3">
              <param name="X" type="float" />
              <param name="Y" type="float" />
              <param name="Z" type="float" />
            </accessor>
          </technique_common>
        </source>
        <source id="ID593">
          <float_array id="ID594" count="8">0 0 0 1 1 1 1 0</float_array>
          <technique_common>
            <accessor count="4" source="#ID594" stride="2">
              <param name="S" type="float" />
              <param name="T" type="float" />
            </accessor>
          </technique_common>
        </source>
        <vertices id="ID595">
          <input semantic="POSITION" source="#ID589" />
        </vertices>
        <triangles count="2" material="ID596">
          <input semantic="VERTEX" source="#ID595" offset="0" />
          <input semantic="NORMAL" source="#ID591" offset="1" />
          <input semantic="TEXCOORD" source="#ID593" offset="2" set="0" />
          <p>1 1 1 2 2 2 0 0 0 0 0 0 2 2 2 3 3 3</p>
        </triangles>
      </mesh>
    </geometry>
    <geometry id="ID597">
      <mesh>
        <source id="ID598">
          <float_array id="ID599" count="60">0.0921188 -0.057428 0.085 0.0902615 -0.0572771 0.085
            0.0884529 -0.0568286 0.085 0.0867404 -0.0560941 0.085 0.0851688 -0.0550929 0.085
            0.0837794 -0.0538512 0.085 0.0826085 -0.0524016 0.085 0.0816869 -0.0507821 0.085
            0.0815564 -0.050843 0.0877477 0.0817041 -0.0511481 0.0877476 0.0823818 -0.0523218
            0.0877476 0.0831911 -0.0534089 0.0877476 0.0841211 -0.0543947 0.0877476 0.0851593
            -0.0552658 0.0877476 0.0862917 -0.0560106 0.0877476 0.0875028 -0.0566188 0.0877476
            0.0887763 -0.0570823 0.0877476 0.0900951 -0.0573949 0.0877476 0.0914412 -0.0575522
            0.0877476 0.0921188 -0.057572 0.0877476</float_array>
          <technique_common>
            <accessor count="20" source="#ID599" stride="3">
              <param name="X" type="float" />
              <param name="Y" type="float" />
              <param name="Z" type="float" />
            </accessor>
          </technique_common>
        </source>
        <source id="ID600">
          <float_array id="ID601" count="60">0 0.9986295 0.052336 0.1611366 0.9855435 0.052336
            0.3180502 0.9466283 0.052336 0.4666283 0.8829038 0.052336 0.6029769 0.7960401 0.052336
            0.7235227 0.6883137 0.052336 0.8251064 0.562548 0.052336 0.9050657 0.4220391 0.052336
            0.9050646 0.4220415 0.052336 0.892408 0.4481841 0.052336 0.8343428 0.5487559 0.052336
            0.7649946 0.6419067 0.052336 0.6853012 0.7263768 0.052336 0.5963402 0.8010239 0.052336
            0.4993148 0.8648385 0.052336 0.395537 0.9169577 0.052336 0.2864102 0.9566766 0.052336
            0.1734102 0.9834581 0.052336 0.0580651 0.99694 0.052336 0 0.9986295 0.052336</float_array>
          <technique_common>
            <accessor count="20" source="#ID601" stride="3">
              <param name="X" type="float" />
              <param name="Y" type="float" />
              <param name="Z" type="float" />
            </accessor>
          </technique_common>
        </source>
        <source id="ID602">
          <float_array id="ID603" count="40">0 1 0 0.8571428 0 0.7142857 0 0.5714285 0 0.4285714 0
            0.2857143 0 0.1428571 0 0 1 0.0000023 0.9999885 0.0256409 0.9999885 0.1282051 0.9999885
            0.2307692 0.9999885 0.3333333 0.9999885 0.4358974 0.9999885 0.5384615 0.9999885
            0.6410257 0.9999885 0.7435896 0.9999885 0.8461538 0.9999885 0.9487179 0.9999885 1</float_array>
          <technique_common>
            <accessor count="20" source="#ID603" stride="2">
              <param name="S" type="float" />
              <param name="T" type="float" />
            </accessor>
          </technique_common>
        </source>
        <vertices id="ID604">
          <input semantic="POSITION" source="#ID598" />
        </vertices>
        <triangles count="18" material="ID605">
          <input semantic="VERTEX" source="#ID604" offset="0" />
          <input semantic="NORMAL" source="#ID600" offset="1" />
          <input semantic="TEXCOORD" source="#ID602" offset="2" set="0" />
          <p>19 19 19 0 0 0 18 18 18 18 18 18 0 0 0 1 1 1 17 17 17 1 1 1 16 16 16 17 17 17 18 18 18
            1 1 1 1 1 1 2 2 2 16 16 16 16 16 16 2 2 2 15 15 15 15 15 15 2 2 2 3 3 3 14 14 14 3 3 3 4
            4 4 13 13 13 4 4 4 12 12 12 13 13 13 14 14 14 4 4 4 4 4 4 5 5 5 12 12 12 12 12 12 5 5 5
            11 11 11 11 11 11 5 5 5 6 6 6 10 10 10 6 6 6 9 9 9 10 10 10 11 11 11 6 6 6 6 6 6 7 7 7 9
            9 9 9 9 9 7 7 7 8 8 8 14 14 14 15 15 15 3 3 3</p>
        </triangles>
      </mesh>
    </geometry>
    <geometry id="ID606">
      <mesh>
        <source id="ID607">
          <float_array id="ID608" count="18">-0.0129836 -0.0965313 0.085 -0.012853 -0.0964705
            0.0877476 -0.0134755 -0.095157 0.0877476 -0.013606 -0.0952179 0.085 -0.0134003
            -0.0956566 0.085 -0.0131929 -0.0960944 0.085</float_array>
          <technique_common>
            <accessor count="6" source="#ID608" stride="3">
              <param name="X" type="float" />
              <param name="Y" type="float" />
              <param name="Z" type="float" />
            </accessor>
          </technique_common>
        </source>
        <source id="ID609">
          <float_array id="ID610" count="18">-0.8997372 -0.4332826 0.052336 -0.8997306 -0.4332965
            0.052336 -0.9050658 -0.4220389 0.052336 -0.9050657 -0.4220391 0.052336 -0.9033051
            -0.4257943 0.052336 -0.901529 -0.4295422 0.052336</float_array>
          <technique_common>
            <accessor count="6" source="#ID610" stride="3">
              <param name="X" type="float" />
              <param name="Y" type="float" />
              <param name="Z" type="float" />
            </accessor>
          </technique_common>
        </source>
        <source id="ID611">
          <float_array id="ID612" count="12">1 0.0012423 0 0 0.0000103 1 1 0.9999809 1 0.6670744 1
            0.3341488</float_array>
          <technique_common>
            <accessor count="6" source="#ID612" stride="2">
              <param name="S" type="float" />
              <param name="T" type="float" />
            </accessor>
          </technique_common>
        </source>
        <vertices id="ID613">
          <input semantic="POSITION" source="#ID607" />
        </vertices>
        <triangles count="4" material="ID614">
          <input semantic="VERTEX" source="#ID613" offset="0" />
          <input semantic="NORMAL" source="#ID609" offset="1" />
          <input semantic="TEXCOORD" source="#ID611" offset="2" set="0" />
          <p>0 0 0 1 1 1 5 5 5 5 5 5 1 1 1 2 2 2 4 4 4 2 2 2 3 3 3 4 4 4 5 5 5 2 2 2</p>
        </triangles>
      </mesh>
    </geometry>
    <geometry id="ID615">
      <mesh>
        <source id="ID616">
          <float_array id="ID617" count="120">0.0634639 0 0 0.0626825 -0.0099279 0 0.0603577
            -0.0196114 0 0.0565467 -0.028812 0 0.0513433 -0.0373031 0 0.0448757 -0.0448757 0
            0.0373031 -0.0513433 0 0.028812 -0.0565467 0 0.0196114 -0.0603577 0 0.0099279 -0.0626825
            0 0 -0.0634639 0 -0.0099279 -0.0626825 0 -0.0196114 -0.0603577 0 -0.028812 -0.0565467 0
            -0.0373031 -0.0513433 0 -0.0448757 -0.0448757 0 -0.0513433 -0.0373031 0 -0.0565467
            -0.028812 0 -0.0603577 -0.0196114 0 -0.0626825 -0.0099279 0 -0.0634639 0 0 -0.0626825
            0.0099279 0 -0.0603577 0.0196114 0 -0.0565467 0.028812 0 -0.0513433 0.0373031 0
            -0.0448757 0.0448757 0 -0.0373031 0.0513433 0 -0.028812 0.0565467 0 -0.0196114 0.0603577
            0 -0.0099279 0.0626825 0 0 0.0634639 0 0.0099279 0.0626825 0 0.0196114 0.0603577 0
            0.028812 0.0565467 0 0.0373031 0.0513433 0 0.0448757 0.0448757 0 0.0513433 0.0373031 0
            0.0565467 0.028812 0 0.0603577 0.0196114 0 0.0626825 0.0099279 0</float_array>
          <technique_common>
            <accessor count="40" source="#ID617" stride="3">
              <param name="X" type="float" />
              <param name="Y" type="float" />
              <param name="Z" type="float" />
            </accessor>
          </technique_common>
        </source>
        <source id="ID618">
          <float_array id="ID619" count="120">0 0 -1 0 0 -1 0 0 -1 0 0 -1 0 0 -1 0 0 -1 0 0 -1 0 0
            -1 0 0 -1 0 0 -1 0 0 -1 0 0 -1 0 0 -1 0 0 -1 0 0 -1 0 0 -1 0 0 -1 0 0 -1 0 0 -1 0 0 -1 0
            0 -1 0 0 -1 0 0 -1 0 0 -1 0 0 -1 0 0 -1 0 0 -1 0 0 -1 0 0 -1 0 0 -1 0 0 -1 0 0 -1 0 0 -1
            0 0 -1 0 0 -1 0 0 -1 0 0 -1 0 0 -1 0 0 -1 0 0 -1</float_array>
          <technique_common>
            <accessor count="40" source="#ID619" stride="3">
              <param name="X" type="float" />
              <param name="Y" type="float" />
              <param name="Z" type="float" />
            </accessor>
          </technique_common>
        </source>
        <source id="ID620">
          <float_array id="ID621" count="80">0 0.5 0.0061558 0.5782173 0.0244718 0.6545085 0.0544967
            0.7269952 0.0954915 0.7938926 0.1464466 0.8535534 0.2061074 0.9045085 0.2730048
            0.9455033 0.3454915 0.9755282 0.4217828 0.9938442 0.5 1 0.5782173 0.9938442 0.6545085
            0.9755282 0.7269952 0.9455033 0.7938926 0.9045085 0.8535534 0.8535534 0.9045085
            0.7938926 0.9455033 0.7269952 0.9755282 0.6545085 0.9938442 0.5782173 1 0.5 0.9938442
            0.4217828 0.9755282 0.3454915 0.9455033 0.2730048 0.9045085 0.2061074 0.8535534
            0.1464466 0.7938926 0.0954915 0.7269952 0.0544967 0.6545085 0.0244718 0.5782173
            0.0061558 0.5 0 0.4217828 0.0061558 0.3454915 0.0244718 0.2730048 0.0544967 0.2061074
            0.0954915 0.1464466 0.1464466 0.0954915 0.2061074 0.0544967 0.2730048 0.0244718
            0.3454915 0.0061558 0.4217828</float_array>
          <technique_common>
            <accessor count="40" source="#ID621" stride="2">
              <param name="S" type="float" />
              <param name="T" type="float" />
            </accessor>
          </technique_common>
        </source>
        <vertices id="ID622">
          <input semantic="POSITION" source="#ID616" />
        </vertices>
        <triangles count="38" material="ID623">
          <input semantic="VERTEX" source="#ID622" offset="0" />
          <input semantic="NORMAL" source="#ID618" offset="1" />
          <input semantic="TEXCOORD" source="#ID620" offset="2" set="0" />
          <p>9 9 9 11 11 11 8 8 8 9 9 9 10 10 10 11 11 11 8 8 8 12 12 12 7 7 7 8 8 8 11 11 11 12 12
            12 7 7 7 13 13 13 6 6 6 7 7 7 12 12 12 13 13 13 6 6 6 14 14 14 5 5 5 6 6 6 13 13 13 14
            14 14 5 5 5 15 15 15 4 4 4 5 5 5 14 14 14 15 15 15 15 15 15 16 16 16 4 4 4 4 4 4 16 16
            16 3 3 3 3 3 3 16 16 16 17 17 17 2 2 2 17 17 17 18 18 18 1 1 1 18 18 18 19 19 19 0 0 0
            19 19 19 20 20 20 39 39 39 20 20 20 21 21 21 38 38 38 21 21 21 22 22 22 37 37 37 22 22
            22 23 23 23 36 36 36 23 23 23 24 24 24 35 35 35 24 24 24 25 25 25 34 34 34 25 25 25 26
            26 26 33 33 33 26 26 26 27 27 27 32 32 32 27 27 27 28 28 28 31 31 31 28 28 28 29 29 29
            30 30 30 31 31 31 29 29 29 31 31 31 32 32 32 28 28 28 32 32 32 33 33 33 27 27 27 33 33
            33 34 34 34 26 26 26 34 34 34 35 35 35 25 25 25 35 35 35 36 36 36 24 24 24 36 36 36 37
            37 37 23 23 23 37 37 37 38 38 38 22 22 22 38 38 38 39 39 39 21 21 21 39 39 39 0 0 0 20
            20 20 3 3 3 17 17 17 2 2 2 2 2 2 18 18 18 1 1 1 1 1 1 19 19 19 0 0 0</p>
        </triangles>
      </mesh>
    </geometry>
    <geometry id="ID624">
      <mesh>
        <source id="ID625">
          <float_array id="ID626" count="60">0.0816869 -0.0507821 0.085 0.0815564 -0.050843
            0.0822523 0.0812806 -0.0502484 0.0822523 0.0782541 -0.0432924 0.0822523 0.0763716
            -0.0385004 0.0822523 0.0755441 -0.0362601 0.0822523 0.0752404 -0.0354151 0.0822523
            0.0726355 -0.0275951 0.0822524 0.0707722 -0.0212435 0.0822524 0.0702152 -0.019194
            0.0822524 0.0697096 -0.0172654 0.0822524 0.0681561 -0.0108762 0.0822524 0.0673745
            -0.0073559 0.0822524 0.0670449 -0.0058008 0.0822524 0.0663477 -0.0023572 0.0822524
            0.0641664 0.0100605 0.0822524 0.0642133 0.0100823 0.085 0.0671066 -0.0057704 0.085
            0.0708627 -0.0212007 0.085 0.0756626 -0.0362056 0.085</float_array>
          <technique_common>
            <accessor count="20" source="#ID626" stride="3">
              <param name="X" type="float" />
              <param name="Y" type="float" />
              <param name="Z" type="float" />
            </accessor>
          </technique_common>
        </source>
        <source id="ID627">
          <float_array id="ID628" count="60">0.9050657 0.4220391 -0.052336 0.9050657 0.4220391
            -0.052336 0.9066957 0.418527 -0.0523257 0.9242238 0.378453 -0.0508302 0.9347178
            0.3520557 -0.0485728 0.9392058 0.3400878 -0.0472509 0.9408319 0.3356382 -0.0467151
            0.9542379 0.2962197 -0.0410344 0.9631231 0.2666575 -0.0358838 0.9656447 0.2576051
            -0.0342025 0.9678742 0.2493082 -0.0326343 0.9743428 0.2233604 -0.0276808 0.977359
            0.21008 -0.0252157 0.9785791 0.204443 -0.0242083 0.9810539 0.1924601 -0.0221897
            0.9877686 0.1548764 -0.0180694 0.9877355 0.1550877 -0.0180693 0.9782434 0.2060422
            -0.0242168 0.9625596 0.2686829 -0.0358952 0.9386754 0.3415485 -0.0472563</float_array>
          <technique_common>
            <accessor count="20" source="#ID628" stride="3">
              <param name="X" type="float" />
              <param name="Y" type="float" />
              <param name="Z" type="float" />
            </accessor>
          </technique_common>
        </source>
        <source id="ID629">
          <float_array id="ID630" count="40">0 1 1 1 0.9999998 0.9896569 0.999998 0.8696216
            0.9999967 0.7879251 0.9999961 0.75 0.9999959 0.7357388 0.9999939 0.6048704 0.9999922 0.5
            0.9999917 0.4664207 0.9999912 0.43494 0.9999896 0.3314142 0.9999887 0.27487 0.9999883
            0.25 0.9999875 0.195163 0.9999844 0 0 0 0 0.25 0 0.5 0 0.75</float_array>
          <technique_common>
            <accessor count="20" source="#ID630" stride="2">
              <param name="S" type="float" />
              <param name="T" type="float" />
            </accessor>
          </technique_common>
        </source>
        <vertices id="ID631">
          <input semantic="POSITION" source="#ID625" />
        </vertices>
        <triangles count="18" material="ID632">
          <input semantic="VERTEX" source="#ID631" offset="0" />
          <input semantic="NORMAL" source="#ID627" offset="1" />
          <input semantic="TEXCOORD" source="#ID629" offset="2" set="0" />
          <p>1 1 1 2 2 2 0 0 0 0 0 0 2 2 2 3 3 3 19 19 19 3 3 3 4 4 4 5 5 5 19 19 19 4 4 4 5 5 5 6 6
            6 19 19 19 19 19 19 6 6 6 7 7 7 18 18 18 7 7 7 8 8 8 9 9 9 18 18 18 8 8 8 9 9 9 10 10 10
            18 18 18 18 18 18 10 10 10 11 11 11 17 17 17 11 11 11 12 12 12 13 13 13 17 17 17 12 12
            12 13 13 13 14 14 14 17 17 17 17 17 17 14 14 14 16 16 16 16 16 16 14 14 14 15 15 15 17
            17 17 18 18 18 11 11 11 18 18 18 19 19 19 7 7 7 19 19 19 0 0 0 3 3 3</p>
        </triangles>
      </mesh>
    </geometry>
    <geometry id="ID633">
      <mesh>
        <source id="ID634">
          <float_array id="ID635" count="192">-0.065 0 0.085 -0.0635 0 0.16 -0.0627182 0.0099336
            0.16 -0.0603921 0.0196226 0.16 -0.0565789 0.0288284 0.16 -0.0513726 0.0373243 0.16
            -0.0449013 0.0449013 0.16 -0.0373244 0.0513726 0.16 -0.0288284 0.0565789 0.16 -0.0196226
            0.0603921 0.16 -0.0099336 0.0627182 0.16 0 0.0635 0.16 0.0099336 0.0627182 0.16
            0.0196226 0.0603921 0.16 0.0288284 0.0565789 0.16 0.0373244 0.0513726 0.16 0.0449013
            0.0449013 0.16 0.0513726 0.0373243 0.16 0.0565789 0.0288284 0.16 0.0603921 0.0196226
            0.16 0.0627182 0.0099336 0.16 0.0635 0 0.16 0.06362 0 0.154 0.0633872 0.0054362 0.154
            0.0629105 0.0094749 0.154 0.0630902 0.0095587 0.1444886 0.0631855 0.0096031 0.1394459
            0.0633523 0.0096808 0.1306162 0.063484 0.0097422 0.1236411 0.0636371 0.0098137 0.1155316
            0.0640333 0.0099984 0.0945403 0.0641614 0.0100582 0.0877476 0.0642133 0.0100823 0.085
            0.0629944 0.0160214 0.085 0.0612278 0.021821 0.085 0.0589281 0.0274308 0.085 0.0561162
            0.0328021 0.085 0.0528156 0.0378878 0.085 0.049056 0.042644 0.085 0.0448692 0.0470291
            0.085 0.0402923 0.0510052 0.085 0.0353646 0.0545373 0.085 0.0301295 0.0575952 0.085
            0.0246321 0.0601517 0.085 0.0189205 0.0621853 0.085 0.0130442 0.0636775 0.085 0.0070545
            0.064616 0.085 0.0010034 0.0649921 0.085 -0.0050565 0.064803 0.085 -0.0110723 0.0640498
            0.085 -0.0169919 0.0627397 0.085 -0.0227635 0.0608835 0.085 -0.0283373 0.0584979 0.085
            -0.0336643 0.055603 0.085 -0.0386986 0.0522247 0.085 -0.0433961 0.0483917 0.085
            -0.0477162 0.044138 0.085 -0.0516209 0.0395001 0.085 -0.0550769 0.0345187 0.085
            -0.0580533 0.0292368 0.085 -0.060525 0.0237007 0.085 -0.0624698 0.0179583 0.085
            -0.0638715 0.0120598 0.085 -0.064717 0.0060562 0.085</float_array>
          <technique_common>
            <accessor count="64" source="#ID635" stride="3">
              <param name="X" type="float" />
              <param name="Y" type="float" />
              <param name="Z" type="float" />
            </accessor>
          </technique_common>
        </source>
        <source id="ID636">
          <float_array id="ID637" count="192">-0.9998001 0 0.019996 -0.9998001 0 0.019996 -0.9874908
            0.1564032 0.019996 -0.9508663 0.3089552 0.019996 -0.8908284 0.4538997 0.019996
            -0.8088552 0.5876677 0.019996 -0.7069654 0.7069654 0.019996 -0.5876677 0.8088552
            0.019996 -0.4538997 0.8908284 0.019996 -0.3089552 0.9508663 0.019996 -0.1564032
            0.9874908 0.019996 0 0.9998001 0.019996 0.1564032 0.9874908 0.019996 0.3089552 0.9508663
            0.019996 0.4538997 0.8908284 0.019996 0.5876677 0.8088552 0.019996 0.7069654 0.7069654
            0.019996 0.8088552 0.5876677 0.019996 0.8908284 0.4538997 0.019996 0.9508663 0.3089552
            0.019996 0.9874908 0.1564032 0.019996 0.9998001 0 0.019996 0.9998001 0 0.019996
            0.9961435 0.0854302 0.019996 0.9886503 0.1488987 0.019996 0.988519 0.1497681 0.019996
            0.9884493 0.1502267 0.019996 0.9883275 0.1510261 0.019996 0.9882313 0.1516542 0.019996
            0.9881195 0.1523809 0.019996 0.9878305 0.1542439 0.019996 0.9877369 0.1548413 0.019996
            0.9876992 0.155082 0.019996 0.9689533 0.2464338 0.019996 0.9417775 0.3356416 0.019996
            0.9064082 0.4219293 0.019996 0.8631531 0.5045462 0.019996 0.8123885 0.5827736 0.019996
            0.7545561 0.6559308 0.019996 0.6901591 0.7233813 0.019996 0.6197577 0.7845385 0.019996
            0.5439643 0.8388701 0.019996 0.4634384 0.8859035 0.019996 0.3788806 0.9252295 0.019996
            0.2910265 0.956506 0.019996 0.2006405 0.9794608 0.019996 0.1085089 0.9938943 0.019996
            0.0154332 0.9996809 0.019996 -0.0777767 0.9967703 0.019996 -0.1703099 0.9851876 0.019996
            -0.2613615 0.9650338 0.019996 -0.3501392 0.9364842 0.019996 -0.4358706 0.8997872
            0.019996 -0.51781 0.8552619 0.019996 -0.5952444 0.8032959 0.019996 -0.6675002 0.7443411
            0.019996 -0.7339486 0.6789106 0.019996 -0.7940118 0.6075734 0.019996 -0.847167 0.5309504
            0.019996 -0.8929517 0.4497081 0.019996 -0.9309678 0.3645533 0.019996 -0.9608844
            0.2762269 0.019996 -0.9824413 0.1854973 0.019996 -0.9954509 0.0931539 0.019996</float_array>
          <technique_common>
            <accessor count="64" source="#ID637" stride="3">
              <param name="X" type="float" />
              <param name="Y" type="float" />
              <param name="Z" type="float" />
            </accessor>
          </technique_common>
        </source>
        <source id="ID638">
          <float_array id="ID639" count="128">1 0 0 0 0 0.05 0 0.1 0 0.1500001 0 0.2 0 0.25 0 0.3 0
            0.35 0 0.4 0 0.45 0 0.5 0 0.55 0 0.6 0 0.65 0 0.7 0 0.75 0 0.8 0 0.85 0 0.9 0 0.95 0 1
            0.0799999 1 0.0799999 0.9727681 0.0799997 0.9524176 0.2068181 0.9521376 0.274055 0.95199
            0.3917834 0.9517325 0.4847849 0.9515302 0.5929124 0.9512962 0.8727961 0.9506959
            0.9633651 0.9505033 1 0.9504258 1 0.920725 1 0.8910242 1 0.8613234 1 0.8316225 1
            0.8019218 1 0.772221 1 0.7425202 1 0.7128194 1 0.6831185 1 0.6534178 1 0.623717 1
            0.5940161 1 0.5643153 1 0.5346145 1 0.5049137 1 0.4752129 1 0.4455121 1 0.4158113 1
            0.3861105 1 0.3564097 1 0.3267089 1 0.2970081 1 0.2673073 1 0.2376065 1 0.2079056 1
            0.1782049 1 0.1485041 1 0.1188032 1 0.0891025 1 0.0594016 1 0.0297008</float_array>
          <technique_common>
            <accessor count="64" source="#ID639" stride="2">
              <param name="S" type="float" />
              <param name="T" type="float" />
            </accessor>
          </technique_common>
        </source>
        <vertices id="ID640">
          <input semantic="POSITION" source="#ID634" />
        </vertices>
        <triangles count="62" material="ID641">
          <input semantic="VERTEX" source="#ID640" offset="0" />
          <input semantic="NORMAL" source="#ID636" offset="1" />
          <input semantic="TEXCOORD" source="#ID638" offset="2" set="0" />
          <p>0 0 0 1 1 1 63 63 63 63 63 63 1 1 1 2 2 2 62 62 62 2 2 2 3 3 3 61 61 61 3 3 3 60 60 60
            61 61 61 62 62 62 3 3 3 3 3 3 4 4 4 60 60 60 60 60 60 4 4 4 59 59 59 59 59 59 4 4 4 58
            58 58 58 58 58 4 4 4 5 5 5 57 57 57 5 5 5 56 56 56 57 57 57 58 58 58 5 5 5 5 5 5 6 6 6
            56 56 56 56 56 56 6 6 6 55 55 55 55 55 55 6 6 6 7 7 7 54 54 54 7 7 7 53 53 53 54 54 54
            55 55 55 7 7 7 7 7 7 8 8 8 53 53 53 53 53 53 8 8 8 52 52 52 52 52 52 8 8 8 51 51 51 51
            51 51 8 8 8 9 9 9 50 50 50 9 9 9 10 10 10 49 49 49 10 10 10 48 48 48 49 49 49 50 50 50
            10 10 10 10 10 10 11 11 11 48 48 48 48 48 48 11 11 11 47 47 47 47 47 47 11 11 11 46 46
            46 46 46 46 11 11 11 12 12 12 45 45 45 12 12 12 13 13 13 44 44 44 13 13 13 43 43 43 44
            44 44 45 45 45 13 13 13 13 13 13 14 14 14 43 43 43 43 43 43 14 14 14 42 42 42 42 42 42
            14 14 14 41 41 41 41 41 41 14 14 14 15 15 15 40 40 40 15 15 15 16 16 16 39 39 39 16 16
            16 38 38 38 39 39 39 40 40 40 16 16 16 16 16 16 17 17 17 38 38 38 38 38 38 17 17 17 37
            37 37 37 37 37 17 17 17 36 36 36 36 36 36 17 17 17 18 18 18 35 35 35 18 18 18 19 19 19
            34 34 34 19 19 19 33 33 33 34 34 34 35 35 35 19 19 19 23 23 23 24 24 24 20 20 20 21 21
            21 23 23 23 20 20 20 21 21 21 22 22 22 23 23 23 24 24 24 25 25 25 20 20 20 20 20 20 25
            25 25 19 19 19 19 19 19 25 25 25 26 26 26 27 27 27 19 19 19 26 26 26 27 27 27 33 33 33
            19 19 19 27 27 27 28 28 28 33 33 33 33 33 33 28 28 28 29 29 29 30 30 30 33 33 33 29 29
            29 30 30 30 31 31 31 33 33 33 33 33 33 31 31 31 32 32 32 35 35 35 36 36 36 18 18 18 40
            40 40 41 41 41 15 15 15 45 45 45 46 46 46 12 12 12 50 50 50 51 51 51 9 9 9 62 62 62 63
            63 63 2 2 2</p>
        </triangles>
      </mesh>
    </geometry>
    <geometry id="ID642">
      <mesh>
        <source id="ID643">
          <float_array id="ID644" count="39">-0.048999 -0.0427094 0.085 -0.0437837 -0.0490305 0.085
            -0.038553 -0.0558721 0.085 -0.0382559 -0.0562741 0.085 -0.0286488 -0.07 0.085 -0.0284884
            -0.07 0.0877476 -0.0315621 -0.0654658 0.0877476 -0.0320378 -0.0647769 0.0877476
            -0.0358799 -0.0593395 0.0877476 -0.0376267 -0.0569426 0.0877476 -0.0384596 -0.0558167
            0.0877476 -0.0439996 -0.048623 0.0877476 -0.0489472 -0.0426852 0.0877476</float_array>
          <technique_common>
            <accessor count="13" source="#ID644" stride="3">
              <param name="X" type="float" />
              <param name="Y" type="float" />
              <param name="Z" type="float" />
            </accessor>
          </technique_common>
        </source>
        <source id="ID645">
          <float_array id="ID646" count="39">-0.7565397 -0.6536412 0.0200209 -0.7831663 -0.6201924
            0.0448541 -0.8023475 -0.5938544 0.0597952 -0.8033 -0.5925047 0.0603939 -0.8303179
            -0.5531054 0.0681661 -0.8315092 -0.5547435 0.0291914 -0.8232388 -0.567141 0.025078
            -0.8219258 -0.5690672 0.024504 -0.8107356 -0.5850507 0.0205766 -0.8051708 -0.5927304
            0.0192531 -0.8023788 -0.596521 0.0187349 -0.7806208 -0.6247625 0.0174075 -0.7536949
            -0.6569202 0.0199975</float_array>
          <technique_common>
            <accessor count="13" source="#ID646" stride="3">
              <param name="X" type="float" />
              <param name="Y" type="float" />
              <param name="Z" type="float" />
            </accessor>
          </technique_common>
        </source>
        <source id="ID647">
          <float_array id="ID648" count="26">0 0 0 0.2501931 0 0.5003861 0 0.5147066 0 0.9976393 1 1
            0.9999979 0.839967 0.9999976 0.8158146 0.9999951 0.6251841 0.999994 0.5404744 0.9999935
            0.5003861 0.99999 0.2363615 0.9999869 0</float_array>
          <technique_common>
            <accessor count="13" source="#ID648" stride="2">
              <param name="S" type="float" />
              <param name="T" type="float" />
            </accessor>
          </technique_common>
        </source>
        <vertices id="ID649">
          <input semantic="POSITION" source="#ID643" />
        </vertices>
        <triangles count="11" material="ID650">
          <input semantic="VERTEX" source="#ID649" offset="0" />
          <input semantic="NORMAL" source="#ID645" offset="1" />
          <input semantic="TEXCOORD" source="#ID647" offset="2" set="0" />
          <p>12 12 12 0 0 0 11 11 11 11 11 11 0 0 0 1 1 1 10 10 10 1 1 1 2 2 2 3 3 3 10 10 10 2 2 2
            3 3 3 9 9 9 10 10 10 3 3 3 8 8 8 9 9 9 3 3 3 7 7 7 8 8 8 3 3 3 4 4 4 7 7 7 7 7 7 4 4 4 6
            6 6 6 6 6 4 4 4 5 5 5 10 10 10 11 11 11 1 1 1</p>
        </triangles>
      </mesh>
    </geometry>
    <geometry id="ID651">
      <mesh>
        <source id="ID652">
          <float_array id="ID653" count="981">-0.0134755 -0.095157 0.0877476 -0.012853 -0.0964705
            0.0877476 -0.0119987 -0.0982074 0.0877476 -0.0087822 -0.1041729 0.0877476 -0.0052242
            -0.1099412 0.0877476 -0.0013369 -0.1154928 0.0877476 0.0028667 -0.1208091 0.0877476
            0.0073722 -0.1258719 0.0877476 0.0121645 -0.1306642 0.0877476 0.0172274 -0.1351698
            0.0877476 0.0225436 -0.1393734 0.0877476 0.0280953 -0.1432607 0.0877476 0.0338636
            -0.1468186 0.0877476 0.039829 -0.1500352 0.0877476 0.0459714 -0.1528994 0.0877476
            0.0522699 -0.1554016 0.0877476 0.0587033 -0.1575334 0.0877476 0.0652497 -0.1592875
            0.0877476 0.071887 -0.160658 0.0877476 0.0785928 -0.1616403 0.0877476 0.0853443
            -0.162231 0.0877476 0.0921188 -0.162428 0.0877476 0.0921188 -0.1623109 0.0894523
            0.0921188 -0.160806 0.0982289 0.0921188 -0.1578395 0.1066248 0.0921188 -0.1534968
            0.1143987 0.0921188 -0.1479027 0.1213268 0.0921188 -0.1412183 0.1272099 0.0921188
            -0.1336357 0.1318786 0.0921188 -0.1253732 0.1351988 0.0921188 -0.1166685 0.1370748
            0.0921188 -0.1077719 0.1374527 0.0921188 -0.0989393 0.1363217 0.0921188 -0.090425
            0.1337142 0.0921188 -0.0824739 0.1297053 0.0921188 -0.0753146 0.1244103 0.0921188
            -0.0691531 0.1179816 0.0921188 -0.0641667 0.110604 0.0921188 -0.060499 0.1024898
            0.0921188 -0.0582552 0.0938725 0.0921188 -0.057572 0.0877476 0.0914412 -0.0575522
            0.0877476 0.0900951 -0.0573949 0.0877476 0.0887763 -0.0570823 0.0877476 0.0875028
            -0.0566188 0.0877476 0.0862917 -0.0560106 0.0877476 0.0851593 -0.0552658 0.0877476
            0.0841211 -0.0543947 0.0877476 0.0831911 -0.0534089 0.0877476 0.0823818 -0.0523218
            0.0877476 0.0817041 -0.0511481 0.0877476 0.0815564 -0.050843 0.0877477 0.0806641
            -0.051259 0.095479 0.0799559 -0.0515893 0.0987695 0.0786456 -0.0522003 0.1032753
            0.076928 -0.0530012 0.1077368 0.0753777 -0.0537241 0.1109982 0.0731154 -0.0547791
            0.1149565 0.0705763 -0.0559631 0.118632 0.0687395 -0.0568196 0.1209222 0.0639069
            -0.0590731 0.1258689 0.058672 -0.0615142 0.1299178 0.0530589 -0.0641315 0.1331237
            0.0470705 -0.066924 0.1354929 0.040689 -0.0698998 0.1369848 0.0340404 -0.0730001 0.1375
            0.0314804 -0.0741938 0.137424 0.0296698 -0.0750381 0.137278 0.0264172 -0.0765548
            0.1368217 0.0215996 -0.0788013 0.1356736 0.0170099 -0.0809415 0.1340218 0.012638
            -0.0829801 0.1318889 0.0084801 -0.0849189 0.1292815 0.0049716 -0.086555 0.1265632
            0.0045396 -0.0867565 0.126191 0.0008276 -0.0884874 0.1225938 -0.0022409 -0.0899183
            0.1189657 -0.002635 -0.0901021 0.1184464 -0.0071621 -0.0922131 0.1112573 -0.0086602
            -0.0929116 0.1081608 -0.0104992 -0.0937692 0.1034688 -0.0110727 -0.0940366 0.1016883
            -0.0125574 -0.0947289 0.095618 -0.0128615 -0.0948708 0.0938379 0.0778223 -0.118
            0.1366509 0.0778365 -0.1176905 0.1367057 0.0778808 -0.1173831 0.1367593 0.0779545
            -0.1170832 0.1368108 0.0780572 -0.1167914 0.1368599 0.0781889 -0.116509 0.1369067
            0.0783474 -0.1162408 0.1369504 0.0785305 -0.1159907 0.1369906 0.0787388 -0.115758
            0.1370275 0.0789707 -0.1155456 0.1370609 0.0792225 -0.1153571 0.1370905 0.079491
            -0.1151945 0.1371163 0.0797731 -0.1150595 0.1371382 0.0800678 -0.1149529 0.1371564
            0.080373 -0.1148755 0.137171 0.0806832 -0.1148288 0.1371818 0.0809955 -0.1148129
            0.1371891 0.0813101 -0.1148281 0.1371929 0.0816217 -0.1148741 0.1371931 0.0819251
            -0.1149501 0.1371898 0.0822203 -0.1150559 0.137183 0.082505 -0.115191 0.1371725
            0.0827737 -0.1153527 0.1371584 0.0830245 -0.1155396 0.1371408 0.0832569 -0.1157514
            0.1371192 0.0834666 -0.1159843 0.137094 0.0836511 -0.116235 0.1370652 0.0838109
            -0.1165039 0.1370324 0.0839437 -0.1167874 0.136996 0.0840472 -0.1170801 0.1369563
            0.0841215 -0.117381 0.1369133 0.0841662 -0.1176895 0.1368669 0.0841806 -0.118 0.1368178
            0.0841648 -0.1183082 0.1367667 0.0841188 -0.1186144 0.1367135 0.084043 -0.1189156
            0.1366587 0.0839388 -0.1192065 0.1366033 0.083807 -0.1194857 0.1365478 0.0836477
            -0.1197521 0.1364924 0.0834635 -0.1200013 0.1364382 0.0832567 -0.1202306 0.1363861
            0.0830269 -0.1204401 0.1363363 0.082777 -0.1206268 0.1362896 0.0825112 -0.1207874
            0.1362471 0.0822303 -0.1209215 0.1362091 0.0819352 -0.1210282 0.1361761 0.0816314
            -0.1211054 0.136149 0.0813222 -0.1211522 0.1361282 0.0810077 -0.1211683 0.1361139
            0.0806932 -0.1211533 0.1361064 0.0803836 -0.1211076 0.136106 0.0800783 -0.1210312
            0.1361125 0.0797816 -0.1209249 0.1361259 0.0794992 -0.120791 0.1361458 0.0792317
            -0.1206302 0.136172 0.0789801 -0.1204429 0.1362042 0.0787488 -0.1202326 0.1362416
            0.078541 -0.1200026 0.1362834 0.0783561 -0.1197526 0.1363295 0.0781962 -0.1194854
            0.136379 0.0780641 -0.1192056 0.1364309 0.0779599 -0.1189147 0.1364846 0.0778841
            -0.1186136 0.1365399 0.0778382 -0.1183076 0.1365956 -0.011894 -0.0981548 0.0894523
            -0.0105492 -0.0974794 0.0982289 -0.0078982 -0.0961481 0.1066248 -0.0040174 -0.094199
            0.1143987 0.0009816 -0.0916884 0.1213268 0.0069551 -0.0886885 0.1272099 0.0137311
            -0.0852854 0.1318786 0.0211147 -0.0815772 0.1351988 0.0288936 -0.0776705 0.1370748
            0.0368439 -0.0736777 0.1374527 0.0447369 -0.0697137 0.1363217 0.0523455 -0.0658925
            0.1337142 0.059451 -0.062324 0.1297053 0.0658487 -0.059111 0.1244103 0.0713548
            -0.0563457 0.1179816 0.0758108 -0.0541078 0.110604 0.0790885 -0.0524617 0.1024898
            0.0810936 -0.0514547 0.0938725 0.081811 -0.0526972 0.0938725 -0.0051263 -0.1098768
            0.0894523 -0.003869 -0.1090498 0.0982289 -0.0013905 -0.1074197 0.1066248 0.0022378
            -0.1050333 0.1143987 0.0069115 -0.1019594 0.1213268 0.0124963 -0.0982862 0.1272099
            0.0188314 -0.0941195 0.1318786 0.0257347 -0.0895792 0.1351988 0.0330074 -0.0847958
            0.1370748 0.0404404 -0.079907 0.1374527 0.0478198 -0.0750535 0.1363217 0.0549334
            -0.0703748 0.1337142 0.0615765 -0.0660056 0.1297053 0.067558 -0.0620715 0.1244103
            0.0727058 -0.0586857 0.1179816 0.0768719 -0.0559457 0.110604 0.0799363 -0.0539302
            0.1024898 0.0029564 -0.1207338 0.0894523 0.0041092 -0.1197664 0.0982289 0.0063817
            -0.1178596 0.1066248 0.0097084 -0.1150682 0.1143987 0.0139937 -0.1114724 0.1213268
            0.0191143 -0.1071757 0.1272099 0.0249229 -0.1023017 0.1318786 0.0312523 -0.0969907
            0.1351988 0.0379206 -0.0913954 0.1370748 0.0447357 -0.0856768 0.1374527 0.0515018
            -0.0799993 0.1363217 0.0580242 -0.0745264 0.1337142 0.0641151 -0.0694155 0.1297053
            0.0695994 -0.0648136 0.1244103 0.0743194 -0.0608531 0.1179816 0.0781392 -0.0576479
            0.110604 0.0809489 -0.0552903 0.1024898 0.0826677 -0.053848 0.0938725 0.0122449
            -0.130579 0.0894523 0.0132776 -0.1294844 0.0982289 0.0153134 -0.1273267 0.1066248
            0.0182935 -0.1241678 0.1143987 0.0221324 -0.1200989 0.1213268 0.0267196 -0.1152368
            0.1272099 0.031923 -0.1097214 0.1318786 0.0375931 -0.1037115 0.1351988 0.0435667
            -0.0973799 0.1370748 0.0496719 -0.0909088 0.1374527 0.0557331 -0.0844842 0.1363217
            0.061576 -0.0782911 0.1337142 0.0670324 -0.0725077 0.1297053 0.0719454 -0.0673002
            0.1244103 0.0761737 -0.0628185 0.1179816 0.0795955 -0.0591916 0.110604 0.0821125
            -0.0565237 0.1024898 0.0836523 -0.0548916 0.0938725 0.0226136 -0.1392794 0.0894523
            0.0235123 -0.1380723 0.0982289 0.0252837 -0.1356927 0.1066248 0.027877 -0.1322094
            0.1143987 0.0312176 -0.1277222 0.1213268 0.0352092 -0.1223605 0.1272099 0.0397372
            -0.1162783 0.1318786 0.0446712 -0.1096508 0.1351988 0.0498694 -0.1026685 0.1370748
            0.055182 -0.0955323 0.1374527 0.0604564 -0.0884476 0.1363217 0.0655408 -0.081618
            0.1337142 0.0702889 -0.0752402 0.1297053 0.0745642 -0.0694976 0.1244103 0.0782435
            -0.0645554 0.1179816 0.0812212 -0.0605557 0.110604 0.0834115 -0.0576136 0.1024898
            0.0847514 -0.0558138 0.0938725 0.0339222 -0.1467171 0.0894523 0.0346746 -0.1454139
            0.0982289 0.0361579 -0.1428448 0.1066248 0.0383293 -0.1390839 0.1143987 0.0411263
            -0.1342393 0.1213268 0.0444685 -0.1284504 0.1272099 0.0482598 -0.1218837 0.1318786
            0.052391 -0.1147281 0.1351988 0.0567434 -0.1071896 0.1370748 0.0611917 -0.0994849
            0.1374527 0.065608 -0.0918358 0.1363217 0.0698651 -0.0844622 0.1337142 0.0738407
            -0.0775762 0.1297053 0.0774203 -0.0713762 0.1244103 0.0805011 -0.0660402 0.1179816
            0.0829943 -0.0617219 0.110604 0.0848282 -0.0585454 0.1024898 0.0859501 -0.0566022
            0.0938725 0.0460178 -0.1527917 0.0894523 0.0466139 -0.15141 0.0982289 0.0477888
            -0.1486861 0.1066248 0.0495089 -0.1446985 0.1143987 0.0517246 -0.139562 0.1213268
            0.0543722 -0.1334242 0.1272099 0.0573755 -0.1264618 0.1318786 0.0606481 -0.118875
            0.1351988 0.0640959 -0.1108821 0.1370748 0.0676196 -0.1027131 0.1374527 0.071118
            -0.094603 0.1363217 0.0744903 -0.086785 0.1337142 0.0776396 -0.0794841 0.1297053
            0.0804753 -0.0729104 0.1244103 0.0829157 -0.0672528 0.1179816 0.0848907 -0.0626743
            0.110604 0.0863435 -0.0593064 0.1024898 0.0872322 -0.0572462 0.0938725 0.0587369
            -0.1574211 0.0894523 0.0591685 -0.1559795 0.0982289 0.0600193 -0.1531376 0.1066248
            0.0612648 -0.1489773 0.1143987 0.0628692 -0.1436182 0.1213268 0.0647863 -0.1372146
            0.1272099 0.066961 -0.1299506 0.1318786 0.0693307 -0.1220352 0.1351988 0.0718273
            -0.1136962 0.1370748 0.0743788 -0.1051733 0.1374527 0.076912 -0.0967119 0.1363217
            0.079354 -0.0885552 0.1337142 0.0816344 -0.0809381 0.1297053 0.0836877 -0.0740796
            0.1244103 0.0854548 -0.068177 0.1179816 0.0868849 -0.0634001 0.110604 0.0879369
            -0.0598864 0.1024898 0.0885804 -0.0577369 0.0938725 0.081378 -0.1068322 0.1374527
            0.0829117 -0.0981338 0.1363217 0.0843902 -0.0897488 0.1337142 0.0857709 -0.0819185
            0.1297053 0.0870141 -0.074868 0.1244103 0.088084 -0.0688001 0.1179816 0.0889499
            -0.0638895 0.110604 0.0895868 -0.0602774 0.1024898 0.0899764 -0.0580677 0.0938725
            0.0719073 -0.1605426 0.0894523 0.0721687 -0.1590605 0.0982289 0.0726838 -0.1561392
            0.1066248 0.0734379 -0.1518624 0.1143987 0.0744093 -0.1463533 0.1213268 0.07557
            -0.1397704 0.1272099 0.0768867 -0.132303 0.1318786 0.0783215 -0.1241661 0.1351988
            0.0853512 -0.162114 0.0894523 0.0854387 -0.1606116 0.0982289 0.0856111 -0.1576501
            0.1066248 0.0858637 -0.1533148 0.1143987 0.0861889 -0.1477302 0.1213268 0.0865776
            -0.141057 0.1272099 0.0870185 -0.1334873 0.1318786 0.0874989 -0.1252388 0.1351988
            0.088005 -0.1165487 0.1370748 0.0885223 -0.1076672 0.1374527 0.0890359 -0.0988496
            0.1363217 0.089531 -0.0903497 0.1337142 0.0899933 -0.082412 0.1297053 0.0904095
            -0.0752648 0.1244103 0.0907678 -0.0691138 0.1179816 0.0910577 -0.0641359 0.110604
            0.091271 -0.0604742 0.1024898 0.0914015 -0.0582343 0.0938725</float_array>
          <technique_common>
            <accessor count="327" source="#ID653" stride="3">
              <param name="X" type="float" />
              <param name="Y" type="float" />
              <param name="Z" type="float" />
            </accessor>
          </technique_common>
        </source>
        <source id="ID654">
          <float_array id="ID655" count="981">-0.9050658 -0.4220389 0.0523354 -0.8997306 -0.4332965
            0.052336 -0.892408 -0.4481841 0.052336 -0.8648385 -0.4993148 0.052336 -0.8343428
            -0.5487559 0.052336 -0.8010239 -0.5963402 0.052336 -0.7649946 -0.6419067 0.052336
            -0.7263768 -0.6853012 0.052336 -0.6853012 -0.7263768 0.052336 -0.6419067 -0.7649946
            0.052336 -0.5963402 -0.8010239 0.052336 -0.5487559 -0.8343428 0.052336 -0.4993148
            -0.8648385 0.052336 -0.4481841 -0.892408 0.052336 -0.395537 -0.9169577 0.052336
            -0.3415514 -0.9384048 0.052336 -0.2864102 -0.9566766 0.052336 -0.2302998 -0.9717113
            0.052336 -0.1734102 -0.9834581 0.052336 -0.1159338 -0.9918771 0.052336 -0.0580651
            -0.99694 0.052336 0 -0.9986295 0.052336 0 -0.9963975 0.0848059 0 -0.967733 0.2519781 0
            -0.9112285 0.4119012 0 -0.8285096 0.5599748 0 -0.7219561 0.6919389 0 -0.5946332
            0.8039972 0 -0.4502037 0.8929259 0 -0.2928228 0.9561667 0 -0.1270178 0.9919004 0
            0.0424412 0.999099 0 0.2106793 0.9775552 0 0.3728565 0.927889 0 0.5243073 0.8515291 0
            0.6606748 0.7506723 0 0.7780358 0.62822 0 0.8730141 0.4876949 0 0.9428775 0.3331398 0
            0.9856159 0.1690008 0 0.9986295 0.052336 0.0580651 0.99694 0.052336 0.1734102 0.9834581
            0.052336 0.2864102 0.9566766 0.052336 0.395537 0.9169577 0.052336 0.4993148 0.8648385
            0.052336 0.5963402 0.8010239 0.052336 0.6853012 0.7263768 0.052336 0.7649946 0.6419067
            0.052336 0.8343428 0.5487559 0.052336 0.892408 0.4481841 0.052336 0.9050646 0.4220414
            0.0523366 0.8880694 0.4141162 0.199601 0.8745795 0.4078256 0.2622766 0.8496234 0.3961882
            0.348102 0.8169038 0.3809305 0.433082 0.787377 0.3671618 0.4952067 0.7442843 0.3470671
            0.5706007 0.6959219 0.3245151 0.6406112 0.6609353 0.3082005 0.6842346 0.568886 0.2652768
            0.778458 0.469171 0.2187787 0.8555785 0.3622555 0.1689229 0.9166439 0.2481915 0.1157338
            0.9617727 0.1266377 0.0590522 0.9901897 -0.0000007 -0.0000003 1 -0.0487639 -0.022739
            0.9985515 -0.0832516 -0.0388209 0.9957721 -0.145205 -0.0677104 0.9870819 -0.2369695
            -0.1105009 0.9652124 -0.3243913 -0.1512664 0.9337499 -0.4076667 -0.1900984 0.893124
            -0.4868639 -0.2270287 0.8434581 -0.5536933 -0.2581918 0.7916822 -0.5619221 -0.2620289
            0.7845919 -0.6326259 -0.2949986 0.7160728 -0.6910753 -0.3222539 0.6469679 -0.6985822
            -0.3257545 0.6370769 -0.7848126 -0.3659642 0.5001394 -0.8133472 -0.3792701 0.4411583
            -0.8483765 -0.3956045 0.3517875 -0.8593007 -0.4006985 0.3178726 -0.8875787 -0.4138846
            0.2022466 -0.8933737 -0.4165868 0.1683412 -0.0348482 -0.1757029 0.9838263 -0.0338162
            -0.1699327 0.9848753 -0.0327059 -0.1641614 0.9858912 -0.0315219 -0.158376 0.9868756
            -0.0302865 -0.1526547 0.9878154 -0.0290206 -0.1470657 0.9887009 -0.0277307 -0.141609
            0.9895342 -0.0264499 -0.1364052 0.9902999 -0.0251886 -0.1314781 0.990999 -0.0239506
            -0.1268308 0.9916352 -0.0227663 -0.1225752 0.9921981 -0.021641 -0.1187255 0.9926913
            -0.0205998 -0.1153717 0.9931087 -0.0196427 -0.1125246 0.9934548 -0.0187714 -0.1101997
            0.9937322 -0.017999 -0.1084493 0.993939 -0.0173205 -0.1072791 0.994078 -0.0167369
            -0.1067028 0.9941501 -0.016251 -0.1067378 0.9941544 -0.0158555 -0.1073833 0.9940913
            -0.0155507 -0.1086248 0.9939612 -0.0153306 -0.1104601 0.9937623 -0.0151897 -0.1128673
            0.993494 -0.0151257 -0.115801 0.9931573 -0.0151343 -0.1192612 0.9927475 -0.0152114
            -0.1231738 0.9922685 -0.0153552 -0.1275075 0.9917188 -0.0155655 -0.1322468 0.9910946
            -0.0158386 -0.1372881 0.9904045 -0.016177 -0.142616 0.9896459 -0.0165809 -0.1481684
            0.9888231 -0.0170492 -0.153866 0.9879446 -0.0175891 -0.1597161 0.9870063 -0.0181907
            -0.1655566 0.9860325 -0.0188617 -0.1714002 0.9850209 -0.0196053 -0.1772163 0.9839767
            -0.0204102 -0.1828751 0.9829243 -0.0212836 -0.1883859 0.9818645 -0.022222 -0.1936968
            0.9808097 -0.0232138 -0.1987194 0.9797814 -0.0242629 -0.2034564 0.9787833 -0.025358
            -0.2078479 0.9778324 -0.0264857 -0.2118341 0.9769467 -0.0276443 -0.2154104 0.9761323
            -0.0288122 -0.2185141 0.9754084 -0.0299807 -0.2211277 0.9747839 -0.0311402 -0.2232397
            0.9742661 -0.0322639 -0.2248055 0.9738694 -0.0333438 -0.225822 0.9735978 -0.0343629
            -0.2262818 0.9734555 -0.0353 -0.2261752 0.9734468 -0.0361479 -0.2255039 0.9735714
            -0.0368864 -0.2242847 0.9738253 -0.0375035 -0.2225246 0.9742055 -0.0379909 -0.2202362
            0.9747065 -0.0383365 -0.2174583 0.9753165 -0.0385357 -0.214194 0.9760307 -0.0385836
            -0.210508 0.9768304 -0.0384787 -0.2064274 0.977705 -0.0382208 -0.2019587 0.9786479
            -0.037816 -0.1971864 0.9796364 -0.0372681 -0.1921364 0.9806603 -0.0365809 -0.1868149
            0.9817138 -0.0357716 -0.1813311 0.9827713 -0.8904133 -0.4471824 0.0848059 -0.8647978
            -0.4343178 0.2519781 -0.8143035 -0.4089586 0.4119012 -0.7403833 -0.3718345 0.5599748
            -0.6451635 -0.3240133 0.6919389 -0.5313836 -0.2668709 0.8039972 -0.4023167 -0.2020511
            0.8929259 -0.261676 -0.1314186 0.9561667 -0.1135073 -0.0570055 0.9919004 0.0379268
            0.0190476 0.999099 0.1882699 0.0945527 0.9775552 0.3331967 0.1673377 0.927889 0.4685381
            0.2353087 0.8515291 0.5904005 0.2965103 0.7506723 0.6952782 0.3491818 0.62822 0.7801539
            0.391808 0.4876949 0.842586 0.4231626 0.3331398 0.8807786 0.4423436 0.1690008 0.8234701
            0.5416048 0.1690008 -0.8324779 -0.5475293 0.0848059 -0.8085291 -0.5317779 0.2519781
            -0.7613203 -0.5007282 0.4119012 -0.6922097 -0.4552735 0.5599748 -0.6031855 -0.3967214
            0.6919389 -0.4968088 -0.3267563 0.8039972 -0.3761397 -0.247391 0.8929259 -0.2446499
            -0.1609087 0.9561667 -0.1061218 -0.0697974 0.9919004 0.0354591 0.0233218 0.999099
            0.17602 0.1157702 0.9775552 0.311517 0.204888 0.927889 0.4380524 0.2881116 0.8515291
            0.5519857 0.3630467 0.7506723 0.6500394 0.4275376 0.62822 0.7293926 0.4797291 0.4876949
            0.7877626 0.5181196 0.3331398 -0.7632847 -0.6404719 0.0848059 -0.7413265 -0.6220468
            0.2519781 -0.6980415 -0.5857264 0.4119012 -0.6346752 -0.5325558 0.5599748 -0.5530505
            -0.4640644 0.6919389 -0.4555154 -0.3822228 0.8039972 -0.3448761 -0.2893854 0.8929259
            -0.2243153 -0.1882229 0.9561667 -0.0973013 -0.0816455 0.9919004 0.0325118 0.0272807
            0.999099 0.1613897 0.135422 0.9775552 0.2856246 0.2396675 0.927889 0.4016427 0.3370182
            0.8515291 0.5061062 0.4246735 0.7506723 0.59601 0.5001118 0.62822 0.6687676 0.5611627
            0.4876949 0.722286 0.6060699 0.3331398 0.7550256 0.6335417 0.1690008 -0.6837695
            -0.7247533 0.0848059 -0.6640986 -0.7039034 0.2519781 -0.6253229 -0.6628036 0.4119012
            -0.5685578 -0.6026361 0.5599748 -0.4954363 -0.5251318 0.6919389 -0.408062 -0.4325205
            0.8039972 -0.3089485 -0.3274663 0.8929259 -0.2009472 -0.2129916 0.9561667 -0.0871649
            -0.0923894 0.9919004 0.0291249 0.0308706 0.999099 0.1445769 0.1532425 0.9775552
            0.2558696 0.271206 0.927889 0.3598015 0.3813673 0.8515291 0.4533825 0.4805574 0.7506723
            0.5339205 0.5659227 0.62822 0.5990986 0.6350074 0.4876949 0.6470417 0.6858242 0.3331398
            0.6763707 0.716911 0.1690008 -0.5950073 -0.7992336 0.0848059 -0.57789 -0.7762411
            0.2519781 -0.5441479 -0.7309175 0.4119012 -0.4947517 -0.6645668 0.5599748 -0.4311223
            -0.5790977 0.6919389 -0.3550903 -0.4769691 0.8039972 -0.268843 -0.3611189 0.8929259
            -0.1748616 -0.2348799 0.9561667 -0.0758498 -0.1018839 0.9919004 0.0253441 0.0340431
            0.999099 0.1258089 0.1689907 0.9775552 0.2226544 0.2990768 0.927889 0.3130946 0.420559
            0.8515291 0.3945276 0.5299425 0.7506723 0.4646107 0.6240805 0.62822 0.5213279 0.7002649
            0.4876949 0.5630473 0.7563038 0.3331398 0.588569 0.7905854 0.1690008 -0.4981987
            -0.8629056 0.0848059 -0.4838665 -0.8380813 0.2519781 -0.4556142 -0.789147 0.4119012
            -0.4142548 -0.7175104 0.5599748 -0.360978 -0.6252323 0.6919389 -0.2973166 -0.5149674
            0.8039972 -0.2251019 -0.3898879 0.8929259 -0.1464114 -0.253592 0.9561667 -0.0635089
            -0.1100007 0.9919004 0.0212206 0.0367552 0.999099 0.1053396 0.1824536 0.9775552
            0.1864282 0.3229032 0.927889 0.2621537 0.4540634 0.8515291 0.3303374 0.5721611 0.7506723
            0.3890179 0.6737987 0.62822 0.436507 0.7560524 0.4876949 0.4714387 0.8165558 0.3331398
            0.492808 0.8535684 0.1690008 -0.3946529 -0.9149082 0.0848059 -0.3832994 -0.888588
            0.2519781 -0.3609192 -0.8367047 0.4119012 -0.3281559 -0.7607509 0.5599748 -0.2859522
            -0.6629117 0.6919389 -0.2355222 -0.5460017 0.8039972 -0.1783166 -0.4133843 0.8929259
            -0.1159812 -0.2688746 0.9561667 -0.0503092 -0.1166298 0.9919004 0.0168101 0.0389702
            0.999099 0.0834458 0.1934491 0.9775552 0.1476809 0.3423628 0.927889 0.2076675 0.4814274
            0.8515291 0.2616799 0.6066422 0.7506723 0.3081642 0.7144049 0.62822 0.3457832 0.8016156
            0.4876949 0.3734547 0.8657653 0.3331398 0.3903825 0.9050084 0.1690008 -0.28577
            -0.9545383 0.0848059 -0.2775489 -0.927078 0.2519781 -0.2613433 -0.8729473 0.4119012
            -0.2376193 -0.7937036 0.5599748 -0.2070593 -0.6916264 0.6919389 -0.1705427 -0.5696523
            0.8039972 -0.1291199 -0.4312905 0.8929259 -0.0839825 -0.2805212 0.9561667 -0.0364291
            -0.1216817 0.9919004 0.0121723 0.0406582 0.999099 0.0604235 0.2018285 0.9775552
            0.1069364 0.3571926 0.927889 0.150373 0.5022809 0.8515291 0.1894836 0.6329194 0.7506723
            0.2231432 0.7453501 0.62822 0.2503833 0.8363383 0.4876949 0.2704203 0.9032667 0.3331398
            0.2826778 0.9442097 0.1690008 0.0073698 0.0417964 0.999099 0.0365841 0.2074786 0.9775552
            0.0647459 0.3671919 0.927889 0.091045 0.5163419 0.8515291 0.114725 0.6506376 0.7506723
            0.1351045 0.7662156 0.62822 0.1515973 0.859751 0.4876949 0.163729 0.928553 0.3331398
            0.1711504 0.9706422 0.1690008 -0.1730226 -0.9812599 0.0848059 -0.1680451 -0.9530309
            0.2519781 -0.1582332 -0.8973849 0.4119012 -0.1438692 -0.8159227 0.5599748 -0.1253664
            -0.710988 0.6919389 -0.103257 -0.5855994 0.8039972 -0.0781771 -0.4433641 0.8929259
            -0.0508481 -0.2883741 0.9561667 -0.0579354 -0.9947118 0.0848059 -0.0562687 -0.9660957
            0.2519781 -0.0529832 -0.9096869 0.4119012 -0.0481736 -0.827108 0.5599748 -0.041978
            -0.7207347 0.6919389 -0.0345748 -0.5936272 0.8039972 -0.026177 -0.4494421 0.8929259
            -0.0170261 -0.2923274 0.9561667 -0.0073854 -0.1268029 0.9919004 0.0024677 0.0423694
            0.999099 0.0122499 0.2103228 0.9775552 0.0216797 0.3722257 0.927889 0.0304858 0.5234202
            0.8515291 0.0384148 0.659557 0.7506723 0.0452388 0.7767195 0.62822 0.0507613 0.8715371
            0.4876949 0.0548234 0.9412823 0.3331398 0.0573085 0.9839484 0.1690008</float_array>
          <technique_common>
            <accessor count="327" source="#ID655" stride="3">
              <param name="X" type="float" />
              <param name="Y" type="float" />
              <param name="Z" type="float" />
            </accessor>
          </technique_common>
        </source>
        <source id="ID656">
          <float_array id="ID657" count="654">0 1 0.0000002 0.9890036 0.0000002 0.9743589 0.0000002
            0.9230767 0.0000002 0.8717947 0.0000002 0.8205127 0.0000002 0.7692306 0.0000002
            0.7179486 0.0000002 0.6666666 0.0000002 0.6153845 0.0000002 0.5641024 0.0000002
            0.5128204 0.0000002 0.4615384 0.0000002 0.4102564 0.0000002 0.3589743 0.0000002
            0.3076923 0.0000002 0.2564103 0.0000002 0.2051282 0.0000002 0.1538462 0.0000002
            0.1025641 0.0000002 0.0512821 0.0000002 0 0.0107178 0 0.0666358 0 0.1225537 0 0.1784717
            0 0.2343897 0 0.2903077 0 0.3462256 0 0.4021437 0 0.4580616 0 0.5139796 0 0.5698976 0
            0.6258156 0 0.6817335 0 0.7376515 0 0.7935695 0 0.8494875 0 0.9054054 0 0.9613234 0 1 0
            1 0.0512821 1 0.1538462 1 0.2564103 1 0.3589743 1 0.4615384 1 0.5641024 1 0.6666666 1
            0.7692306 1 0.8717947 1 0.9743589 0.9999998 0.9999975 0.9510711 0.9999977 0.9298552
            0.9999977 0.9001652 0.9999979 0.8697512 0.9999981 0.8466473 0.9999981 0.8172867
            0.9999983 0.7882908 0.9999983 0.7691067 0.9999985 0.7234506 0.9999985 0.6791742
            0.9999987 0.6354008 0.9999989 0.5913417 0.9999992 0.5461621 0.9999993 0.4999999
            0.9999996 0.4822743 0.9999989 0.4697098 0.9999989 0.4470149 0.9999989 0.4128902
            0.9999992 0.3794662 0.9999992 0.3463706 0.9999992 0.3132594 0.9999993 0.2835806
            0.9999993 0.2797872 0.9999993 0.2455817 0.9999996 0.2144449 0.9999996 0.2101967
            0.9999996 0.1552256 0.9999998 0.1332059 0.9999998 0.1011305 0.9999998 0.0892778
            0.9999998 0.0498184 1 0.0384564 1 0.4406966 0.1725879 0.4426571 0.1731489 0.444621
            0.1733462 0.4465923 0.1731785 0.4485441 0.1726414 0.4504528 0.1717355 0.4523181
            0.1704583 0.4540986 0.1688285 0.4557861 0.166851 0.4573795 0.1645189 0.4588404 0.1618745
            0.4601642 0.1589282 0.4613201 0.1557473 0.4623047 0.1523384 0.4631131 0.1487226
            0.4637275 0.1449739 0.4641463 0.1410988 0.4643652 0.1371466 0.4643784 0.1331833
            0.4641863 0.1292192 0.4637939 0.1253396 0.463202 0.1215616 0.4624179 0.1179205 0.4614566
            0.1144882 0.4603181 0.111265 0.4590269 0.1083093 0.4575932 0.1056438 0.4560219 0.103275
            0.4543471 0.1012457 0.4525737 0.0995608 0.450722 0.0982333 0.4488183 0.0972754 0.4468595
            0.0966845 0.4448998 0.0964658 0.4429345 0.0966127 0.4409736 0.0971217 0.4390607
            0.0979736 0.4371925 0.0991673 0.4353862 0.1006875 0.433672 0.1025064 0.4320488 0.1046249
            0.4305372 0.1070133 0.4291578 0.1096421 0.4279123 0.1125074 0.4268228 0.1155603
            0.4258957 0.1187866 0.4251354 0.1221703 0.424558 0.1256502 0.4241652 0.1292206 0.4239604
            0.1328445 0.4239478 0.1364739 0.4241273 0.1401067 0.4244942 0.143683 0.4250469 0.1471773
            0.4257815 0.1505731 0.4266857 0.1538178 0.4277585 0.1569074 0.4289787 0.1597899
            0.4303371 0.1624452 0.4318316 0.1648698 0.4334337 0.1670191 0.4351344 0.1688795
            0.4369314 0.1704478 0.4387876 0.1716859 0.0107178 0.9743589 0.0666358 0.9743589
            0.1225537 0.9743589 0.1784717 0.9743589 0.2343897 0.9743589 0.2903077 0.9743589
            0.3462256 0.9743589 0.4021437 0.9743589 0.4580616 0.9743589 0.5139796 0.9743589
            0.5698976 0.9743589 0.6258156 0.9743589 0.6817335 0.9743589 0.7376515 0.9743589
            0.7935695 0.9743589 0.8494875 0.9743589 0.9054054 0.9743589 0.9613234 0.9743589
            0.9613234 0.8717947 0.0107178 0.8717947 0.0666358 0.8717947 0.1225537 0.8717947
            0.1784717 0.8717947 0.2343897 0.8717947 0.2903077 0.8717947 0.3462256 0.8717947
            0.4021437 0.8717947 0.4580616 0.8717947 0.5139796 0.8717947 0.5698976 0.8717947
            0.6258156 0.8717947 0.6817335 0.8717947 0.7376515 0.8717947 0.7935695 0.8717947
            0.8494875 0.8717947 0.9054054 0.8717947 0.0107178 0.7692306 0.0666358 0.7692306
            0.1225537 0.7692306 0.1784717 0.7692306 0.2343897 0.7692306 0.2903077 0.7692306
            0.3462256 0.7692306 0.4021437 0.7692306 0.4580616 0.7692306 0.5139796 0.7692306
            0.5698976 0.7692306 0.6258156 0.7692306 0.6817335 0.7692306 0.7376515 0.7692306
            0.7935695 0.7692306 0.8494875 0.7692306 0.9054054 0.7692306 0.9613234 0.7692306
            0.0107178 0.6666666 0.0666358 0.6666666 0.1225537 0.6666666 0.1784717 0.6666666
            0.2343897 0.6666666 0.2903077 0.6666666 0.3462256 0.6666666 0.4021437 0.6666666
            0.4580616 0.6666666 0.5139796 0.6666666 0.5698976 0.6666666 0.6258156 0.6666666
            0.6817335 0.6666666 0.7376515 0.6666666 0.7935695 0.6666666 0.8494875 0.6666666
            0.9054054 0.6666666 0.9613234 0.6666666 0.0107178 0.5641024 0.0666358 0.5641024
            0.1225537 0.5641024 0.1784717 0.5641024 0.2343897 0.5641024 0.2903077 0.5641024
            0.3462256 0.5641024 0.4021437 0.5641024 0.4580616 0.5641024 0.5139796 0.5641024
            0.5698976 0.5641024 0.6258156 0.5641024 0.6817335 0.5641024 0.7376515 0.5641024
            0.7935695 0.5641024 0.8494875 0.5641024 0.9054054 0.5641024 0.9613234 0.5641024
            0.0107178 0.4615384 0.0666358 0.4615384 0.1225537 0.4615384 0.1784717 0.4615384
            0.2343897 0.4615384 0.2903077 0.4615384 0.3462256 0.4615384 0.4021437 0.4615384
            0.4580616 0.4615384 0.5139796 0.4615384 0.5698976 0.4615384 0.6258156 0.4615384
            0.6817335 0.4615384 0.7376515 0.4615384 0.7935695 0.4615384 0.8494875 0.4615384
            0.9054054 0.4615384 0.9613234 0.4615384 0.0107178 0.3589743 0.0666358 0.3589743
            0.1225537 0.3589743 0.1784717 0.3589743 0.2343897 0.3589743 0.2903077 0.3589743
            0.3462256 0.3589743 0.4021437 0.3589743 0.4580616 0.3589743 0.5139796 0.3589743
            0.5698976 0.3589743 0.6258156 0.3589743 0.6817335 0.3589743 0.7376515 0.3589743
            0.7935695 0.3589743 0.8494875 0.3589743 0.9054054 0.3589743 0.9613234 0.3589743
            0.0107178 0.2564103 0.0666358 0.2564103 0.1225537 0.2564103 0.1784717 0.2564103
            0.2343897 0.2564103 0.2903077 0.2564103 0.3462256 0.2564103 0.4021437 0.2564103
            0.4580616 0.2564103 0.5139796 0.2564103 0.5698976 0.2564103 0.6258156 0.2564103
            0.6817335 0.2564103 0.7376515 0.2564103 0.7935695 0.2564103 0.8494875 0.2564103
            0.9054054 0.2564103 0.9613234 0.2564103 0.5139796 0.1538462 0.5698976 0.1538462
            0.6258156 0.1538462 0.6817335 0.1538462 0.7376515 0.1538462 0.7935695 0.1538462
            0.8494875 0.1538462 0.9054054 0.1538462 0.9613234 0.1538462 0.0107178 0.1538462
            0.0666358 0.1538462 0.1225537 0.1538462 0.1784717 0.1538462 0.2343897 0.1538462
            0.2903077 0.1538462 0.3462256 0.1538462 0.4021437 0.1538462 0.0107178 0.0512821
            0.0666358 0.0512821 0.1225537 0.0512821 0.1784717 0.0512821 0.2343897 0.0512821
            0.2903077 0.0512821 0.3462256 0.0512821 0.4021437 0.0512821 0.4580616 0.0512821
            0.5139796 0.0512821 0.5698976 0.0512821 0.6258156 0.0512821 0.6817335 0.0512821
            0.7376515 0.0512821 0.7935695 0.0512821 0.8494875 0.0512821 0.9054054 0.0512821
            0.9613234 0.0512821</float_array>
          <technique_common>
            <accessor count="327" source="#ID657" stride="2">
              <param name="S" type="float" />
              <param name="T" type="float" />
            </accessor>
          </technique_common>
        </source>
        <vertices id="ID658">
          <input semantic="POSITION" source="#ID652" />
        </vertices>
        <triangles count="506" material="ID659">
          <input semantic="VERTEX" source="#ID658" offset="0" />
          <input semantic="NORMAL" source="#ID654" offset="1" />
          <input semantic="TEXCOORD" source="#ID656" offset="2" set="0" />
          <p>83 83 83 0 0 0 148 148 148 149 149 149 148 148 148 168 168 168 169 169 169 168 168 168
            186 186 186 187 187 187 186 186 186 205 205 205 206 206 206 205 205 205 224 224 224 225
            225 225 224 224 224 243 243 243 244 244 244 243 243 243 262 262 262 263 263 263 262 262
            262 281 281 281 282 282 282 281 281 281 84 84 84 85 85 85 282 282 282 84 84 84 85 85 85
            86 86 86 282 282 282 282 282 282 86 86 86 87 87 87 88 88 88 282 282 282 87 87 87 88 88
            88 89 89 89 282 282 282 282 282 282 89 89 89 90 90 90 91 91 91 282 282 282 90 90 90 91
            91 91 92 92 92 282 282 282 282 282 282 92 92 92 93 93 93 94 94 94 282 282 282 93 93 93
            94 94 94 95 95 95 282 282 282 282 282 282 95 95 95 283 283 283 264 264 264 283 283 283
            265 265 265 246 246 246 265 265 265 247 247 247 228 228 228 247 247 247 229 229 229 210
            210 210 229 229 229 211 211 211 192 192 192 211 211 211 193 193 193 175 175 175 193 193
            193 176 176 176 156 156 156 176 176 176 157 157 157 66 66 66 157 157 157 65 65 65 66 66
            66 156 156 156 157 157 157 66 66 66 67 67 67 156 156 156 156 156 156 67 67 67 68 68 68
            155 155 155 68 68 68 69 69 69 70 70 70 155 155 155 69 69 69 70 70 70 71 71 71 155 155
            155 155 155 155 71 71 71 154 154 154 174 174 174 154 154 154 173 173 173 191 191 191 173
            173 173 190 190 190 209 209 209 190 190 190 208 208 208 227 227 227 208 208 208 226 226
            226 245 245 245 226 226 226 244 244 244 263 263 263 244 244 244 262 262 262 263 263 263
            245 245 245 244 244 244 263 263 263 264 264 264 245 245 245 263 263 263 282 282 282 264
            264 264 263 263 263 281 281 281 282 282 282 0 0 0 1 1 1 148 148 148 148 148 148 1 1 1 2
            2 2 3 3 3 148 148 148 2 2 2 3 3 3 167 167 167 148 148 148 3 3 3 4 4 4 167 167 167 167
            167 167 4 4 4 5 5 5 184 184 184 5 5 5 6 6 6 7 7 7 184 184 184 6 6 6 7 7 7 202 202 202
            184 184 184 7 7 7 8 8 8 202 202 202 202 202 202 8 8 8 9 9 9 220 220 220 9 9 9 10 10 10
            11 11 11 220 220 220 10 10 10 11 11 11 238 238 238 220 220 220 11 11 11 12 12 12 238 238
            238 238 238 238 12 12 12 13 13 13 256 256 256 13 13 13 14 14 14 15 15 15 256 256 256 14
            14 14 15 15 15 274 274 274 256 256 256 15 15 15 16 16 16 274 274 274 274 274 274 16 16
            16 17 17 17 301 301 301 17 17 17 18 18 18 19 19 19 301 301 301 18 18 18 19 19 19 309 309
            309 301 301 301 19 19 19 20 20 20 309 309 309 309 309 309 20 20 20 22 22 22 23 23 23 309
            309 309 22 22 22 23 23 23 310 310 310 309 309 309 23 23 23 24 24 24 310 310 310 310 310
            310 24 24 24 311 311 311 302 302 302 311 311 311 303 303 303 276 276 276 303 303 303 277
            277 277 258 258 258 277 277 277 259 259 259 240 240 240 259 259 259 241 241 241 222 222
            222 241 241 241 223 223 223 204 204 204 223 223 223 205 205 205 186 186 186 204 204 204
            205 205 205 186 186 186 185 185 185 204 204 204 186 186 186 168 168 168 185 185 185 185
            185 185 168 168 168 167 167 167 184 184 184 167 167 167 5 5 5 184 184 184 185 185 185
            167 167 167 184 184 184 203 203 203 185 185 185 184 184 184 202 202 202 203 203 203 203
            203 203 202 202 202 221 221 221 222 222 222 221 221 221 240 240 240 241 241 241 222 222
            222 240 240 240 20 20 20 21 21 21 22 22 22 24 24 24 25 25 25 311 311 311 311 311 311 25
            25 25 312 312 312 303 303 303 312 312 312 304 304 304 277 277 277 304 304 304 278 278
            278 259 259 259 278 278 278 260 260 260 241 241 241 260 260 260 242 242 242 223 223 223
            242 242 242 224 224 224 205 205 205 223 223 223 224 224 224 25 25 25 26 26 26 312 312
            312 312 312 312 26 26 26 313 313 313 304 304 304 313 313 313 305 305 305 278 278 278 305
            305 305 279 279 279 260 260 260 279 279 279 261 261 261 242 242 242 261 261 261 243 243
            243 224 224 224 242 242 242 243 243 243 26 26 26 27 27 27 313 313 313 313 313 313 27 27
            27 314 314 314 305 305 305 314 314 314 306 306 306 279 279 279 306 306 306 280 280 280
            261 261 261 280 280 280 262 262 262 243 243 243 261 261 261 262 262 262 27 27 27 28 28
            28 314 314 314 314 314 314 28 28 28 315 315 315 306 306 306 315 315 315 307 307 307 280
            280 280 307 307 307 281 281 281 262 262 262 280 280 280 281 281 281 28 28 28 29 29 29
            315 315 315 315 315 315 29 29 29 316 316 316 307 307 307 316 316 316 308 308 308 281 281
            281 308 308 308 143 143 143 144 144 144 281 281 281 143 143 143 144 144 144 145 145 145
            281 281 281 281 281 281 145 145 145 146 146 146 147 147 147 281 281 281 146 146 146 147
            147 147 84 84 84 281 281 281 29 29 29 30 30 30 316 316 316 316 316 316 30 30 30 317 317
            317 120 120 120 317 317 317 119 119 119 120 120 120 316 316 316 317 317 317 120 120 120
            121 121 121 316 316 316 316 316 316 121 121 121 122 122 122 123 123 123 316 316 316 122
            122 122 123 123 123 124 124 124 316 316 316 316 316 316 124 124 124 125 125 125 126 126
            126 316 316 316 125 125 125 126 126 126 127 127 127 316 316 316 316 316 316 127 127 127
            128 128 128 129 129 129 316 316 316 128 128 128 129 129 129 130 130 130 316 316 316 316
            316 316 130 130 130 308 308 308 308 308 308 130 130 130 131 131 131 132 132 132 308 308
            308 131 131 131 132 132 132 133 133 133 308 308 308 308 308 308 133 133 133 134 134 134
            135 135 135 308 308 308 134 134 134 135 135 135 136 136 136 308 308 308 308 308 308 136
            136 136 137 137 137 138 138 138 308 308 308 137 137 137 138 138 138 139 139 139 308 308
            308 308 308 308 139 139 139 140 140 140 141 141 141 308 308 308 140 140 140 141 141 141
            142 142 142 308 308 308 308 308 308 142 142 142 143 143 143 30 30 30 31 31 31 317 317
            317 317 317 317 31 31 31 318 318 318 108 108 108 318 318 318 107 107 107 108 108 108 317
            317 317 318 318 318 108 108 108 109 109 109 317 317 317 317 317 317 109 109 109 110 110
            110 111 111 111 317 317 317 110 110 110 111 111 111 112 112 112 317 317 317 317 317 317
            112 112 112 113 113 113 114 114 114 317 317 317 113 113 113 114 114 114 115 115 115 317
            317 317 317 317 317 115 115 115 116 116 116 117 117 117 317 317 317 116 116 116 117 117
            117 118 118 118 317 317 317 317 317 317 118 118 118 119 119 119 31 31 31 32 32 32 318
            318 318 318 318 318 32 32 32 319 319 319 292 292 292 319 319 319 293 293 293 283 283 283
            293 293 293 284 284 284 265 265 265 284 284 284 266 266 266 247 247 247 266 266 266 248
            248 248 229 229 229 248 248 248 230 230 230 211 211 211 230 230 230 212 212 212 193 193
            193 212 212 212 194 194 194 176 176 176 194 194 194 177 177 177 157 157 157 177 177 177
            158 158 158 64 64 64 158 158 158 63 63 63 64 64 64 157 157 157 158 158 158 64 64 64 65
            65 65 157 157 157 32 32 32 33 33 33 319 319 319 319 319 319 33 33 33 320 320 320 293 293
            293 320 320 320 294 294 294 284 284 284 294 294 294 285 285 285 266 266 266 285 285 285
            267 267 267 248 248 248 267 267 267 249 249 249 230 230 230 249 249 249 231 231 231 212
            212 212 231 231 231 213 213 213 194 194 194 213 213 213 195 195 195 177 177 177 195 195
            195 178 178 178 158 158 158 178 178 178 159 159 159 62 62 62 159 159 159 61 61 61 62 62
            62 158 158 158 159 159 159 62 62 62 63 63 63 158 158 158 33 33 33 34 34 34 320 320 320
            320 320 320 34 34 34 321 321 321 294 294 294 321 321 321 295 295 295 285 285 285 295 295
            295 286 286 286 267 267 267 286 286 286 268 268 268 249 249 249 268 268 268 250 250 250
            231 231 231 250 250 250 232 232 232 213 213 213 232 232 232 214 214 214 195 195 195 214
            214 214 196 196 196 178 178 178 196 196 196 179 179 179 159 159 159 179 179 179 160 160
            160 61 61 61 160 160 160 60 60 60 61 61 61 159 159 159 160 160 160 34 34 34 35 35 35 321
            321 321 321 321 321 35 35 35 322 322 322 295 295 295 322 322 322 296 296 296 286 286 286
            296 296 296 287 287 287 268 268 268 287 287 287 269 269 269 250 250 250 269 269 269 251
            251 251 232 232 232 251 251 251 233 233 233 214 214 214 233 233 233 215 215 215 196 196
            196 215 215 215 197 197 197 179 179 179 197 197 197 180 180 180 160 160 160 180 180 180
            161 161 161 60 60 60 161 161 161 59 59 59 60 60 60 160 160 160 161 161 161 35 35 35 36
            36 36 322 322 322 322 322 322 36 36 36 323 323 323 296 296 296 323 323 323 297 297 297
            287 287 287 297 297 297 288 288 288 269 269 269 288 288 288 270 270 270 251 251 251 270
            270 270 252 252 252 233 233 233 252 252 252 234 234 234 215 215 215 234 234 234 216 216
            216 197 197 197 216 216 216 198 198 198 180 180 180 198 198 198 181 181 181 161 161 161
            181 181 181 162 162 162 59 59 59 162 162 162 58 58 58 59 59 59 161 161 161 162 162 162
            36 36 36 37 37 37 323 323 323 323 323 323 37 37 37 324 324 324 297 297 297 324 324 324
            298 298 298 288 288 288 298 298 298 289 289 289 270 270 270 289 289 289 271 271 271 252
            252 252 271 271 271 253 253 253 234 234 234 253 253 253 235 235 235 216 216 216 235 235
            235 217 217 217 198 198 198 217 217 217 199 199 199 181 181 181 199 199 199 182 182 182
            162 162 162 182 182 182 163 163 163 57 57 57 163 163 163 56 56 56 57 57 57 162 162 162
            163 163 163 57 57 57 58 58 58 162 162 162 37 37 37 38 38 38 324 324 324 324 324 324 38
            38 38 325 325 325 298 298 298 325 325 325 299 299 299 289 289 289 299 299 299 290 290
            290 271 271 271 290 290 290 272 272 272 253 253 253 272 272 272 254 254 254 235 235 235
            254 254 254 236 236 236 217 217 217 236 236 236 218 218 218 199 199 199 218 218 218 200
            200 200 182 182 182 200 200 200 183 183 183 163 163 163 183 183 183 164 164 164 55 55 55
            164 164 164 54 54 54 55 55 55 163 163 163 164 164 164 55 55 55 56 56 56 163 163 163 38
            38 38 39 39 39 325 325 325 325 325 325 39 39 39 326 326 326 299 299 299 326 326 326 300
            300 300 290 290 290 300 300 300 291 291 291 272 272 272 291 291 291 273 273 273 254 254
            254 273 273 273 255 255 255 236 236 236 255 255 255 237 237 237 218 218 218 237 237 237
            219 219 219 200 200 200 219 219 219 201 201 201 183 183 183 201 201 201 166 166 166 164
            164 164 166 166 166 53 53 53 54 54 54 164 164 164 53 53 53 39 39 39 40 40 40 326 326 326
            326 326 326 40 40 40 41 41 41 300 300 300 41 41 41 42 42 42 291 291 291 42 42 42 43 43
            43 273 273 273 43 43 43 44 44 44 255 255 255 44 44 44 45 45 45 237 237 237 45 45 45 46
            46 46 219 219 219 46 46 46 47 47 47 201 201 201 47 47 47 48 48 48 166 166 166 48 48 48
            49 49 49 165 165 165 49 49 49 50 50 50 51 51 51 165 165 165 50 50 50 51 51 51 52 52 52
            165 165 165 165 165 165 52 52 52 53 53 53 166 166 166 165 165 165 53 53 53 166 166 166
            49 49 49 165 165 165 71 71 71 72 72 72 154 154 154 154 154 154 72 72 72 153 153 153 173
            173 173 153 153 153 172 172 172 190 190 190 172 172 172 189 189 189 208 208 208 189 189
            189 207 207 207 226 226 226 207 207 207 225 225 225 244 244 244 225 225 225 243 243 243
            244 244 244 226 226 226 225 225 225 72 72 72 73 73 73 153 153 153 153 153 153 73 73 73
            74 74 74 152 152 152 74 74 74 75 75 75 76 76 76 152 152 152 75 75 75 76 76 76 77 77 77
            152 152 152 152 152 152 77 77 77 151 151 151 171 171 171 151 151 151 170 170 170 188 188
            188 170 170 170 187 187 187 206 206 206 187 187 187 205 205 205 206 206 206 188 188 188
            187 187 187 206 206 206 207 207 207 188 188 188 206 206 206 225 225 225 207 207 207 206
            206 206 224 224 224 225 225 225 77 77 77 78 78 78 151 151 151 151 151 151 78 78 78 150
            150 150 170 170 170 150 150 150 169 169 169 187 187 187 169 169 169 186 186 186 187 187
            187 170 170 170 169 169 169 78 78 78 79 79 79 150 150 150 150 150 150 79 79 79 80 80 80
            81 81 81 150 150 150 80 80 80 81 81 81 149 149 149 150 150 150 81 81 81 82 82 82 149 149
            149 149 149 149 82 82 82 83 83 83 148 148 148 149 149 149 83 83 83 283 283 283 95 95 95
            292 292 292 293 293 293 283 283 283 292 292 292 95 95 95 96 96 96 292 292 292 292 292
            292 96 96 96 97 97 97 98 98 98 292 292 292 97 97 97 98 98 98 99 99 99 292 292 292 292
            292 292 99 99 99 100 100 100 101 101 101 292 292 292 100 100 100 101 101 101 102 102 102
            292 292 292 292 292 292 102 102 102 103 103 103 104 104 104 292 292 292 103 103 103 104
            104 104 105 105 105 292 292 292 292 292 292 105 105 105 318 318 318 319 319 319 292 292
            292 318 318 318 105 105 105 106 106 106 318 318 318 318 318 318 106 106 106 107 107 107
            168 168 168 169 169 169 149 149 149 149 149 149 169 169 169 150 150 150 151 151 151 150
            150 150 170 170 170 172 172 172 153 153 153 152 152 152 171 171 171 152 152 152 151 151
            151 171 171 171 172 172 172 152 152 152 171 171 171 189 189 189 172 172 172 171 171 171
            188 188 188 189 189 189 171 171 171 170 170 170 188 188 188 154 154 154 153 153 153 173
            173 173 68 68 68 155 155 155 156 156 156 156 156 156 155 155 155 175 175 175 176 176 176
            156 156 156 175 175 175 175 175 175 155 155 155 174 174 174 192 192 192 174 174 174 191
            191 191 210 210 210 191 191 191 209 209 209 228 228 228 209 209 209 227 227 227 246 246
            246 227 227 227 245 245 245 264 264 264 246 246 246 245 245 245 264 264 264 265 265 265
            246 246 246 74 74 74 152 152 152 153 153 153 167 167 167 168 168 168 148 148 148 173 173
            173 172 172 172 190 190 190 174 174 174 173 173 173 191 191 191 193 193 193 175 175 175
            192 192 192 192 192 192 175 175 175 174 174 174 176 176 176 177 177 177 157 157 157 177
            177 177 178 178 178 158 158 158 178 178 178 179 179 179 159 159 159 179 179 179 180 180
            180 160 160 160 180 180 180 181 181 181 161 161 161 181 181 181 182 182 182 162 162 162
            182 182 182 183 183 183 163 163 163 183 183 183 166 166 166 164 164 164 174 174 174 155
            155 155 154 154 154 189 189 189 188 188 188 207 207 207 190 190 190 189 189 189 208 208
            208 191 191 191 190 190 190 209 209 209 211 211 211 192 192 192 210 210 210 210 210 210
            192 192 192 191 191 191 193 193 193 194 194 194 176 176 176 194 194 194 195 195 195 177
            177 177 195 195 195 196 196 196 178 178 178 196 196 196 197 197 197 179 179 179 197 197
            197 198 198 198 180 180 180 198 198 198 199 199 199 181 181 181 199 199 199 200 200 200
            182 182 182 200 200 200 201 201 201 183 183 183 201 201 201 48 48 48 166 166 166 185 185
            185 203 203 203 204 204 204 204 204 204 203 203 203 222 222 222 223 223 223 204 204 204
            222 222 222 208 208 208 207 207 207 226 226 226 209 209 209 208 208 208 227 227 227 229
            229 229 210 210 210 228 228 228 228 228 228 210 210 210 209 209 209 211 211 211 212 212
            212 193 193 193 212 212 212 213 213 213 194 194 194 213 213 213 214 214 214 195 195 195
            214 214 214 215 215 215 196 196 196 215 215 215 216 216 216 197 197 197 216 216 216 217
            217 217 198 198 198 217 217 217 218 218 218 199 199 199 218 218 218 219 219 219 200 200
            200 219 219 219 47 47 47 201 201 201 9 9 9 220 220 220 202 202 202 202 202 202 220 220
            220 221 221 221 221 221 221 220 220 220 239 239 239 240 240 240 239 239 239 258 258 258
            259 259 259 240 240 240 258 258 258 221 221 221 222 222 222 203 203 203 227 227 227 226
            226 226 245 245 245 247 247 247 228 228 228 246 246 246 246 246 246 228 228 228 227 227
            227 229 229 229 230 230 230 211 211 211 230 230 230 231 231 231 212 212 212 231 231 231
            232 232 232 213 213 213 232 232 232 233 233 233 214 214 214 233 233 233 234 234 234 215
            215 215 234 234 234 235 235 235 216 216 216 235 235 235 236 236 236 217 217 217 236 236
            236 237 237 237 218 218 218 237 237 237 46 46 46 219 219 219 220 220 220 238 238 238 239
            239 239 239 239 239 238 238 238 257 257 257 258 258 258 257 257 257 276 276 276 277 277
            277 258 258 258 276 276 276 239 239 239 240 240 240 221 221 221 241 241 241 242 242 242
            223 223 223 247 247 247 248 248 248 229 229 229 248 248 248 249 249 249 230 230 230 249
            249 249 250 250 250 231 231 231 250 250 250 251 251 251 232 232 232 251 251 251 252 252
            252 233 233 233 252 252 252 253 253 253 234 234 234 253 253 253 254 254 254 235 235 235
            254 254 254 255 255 255 236 236 236 255 255 255 45 45 45 237 237 237 13 13 13 256 256
            256 238 238 238 238 238 238 256 256 256 257 257 257 257 257 257 256 256 256 275 275 275
            276 276 276 275 275 275 302 302 302 303 303 303 276 276 276 302 302 302 257 257 257 258
            258 258 239 239 239 259 259 259 260 260 260 241 241 241 260 260 260 261 261 261 242 242
            242 265 265 265 266 266 266 247 247 247 266 266 266 267 267 267 248 248 248 267 267 267
            268 268 268 249 249 249 268 268 268 269 269 269 250 250 250 269 269 269 270 270 270 251
            251 251 270 270 270 271 271 271 252 252 252 271 271 271 272 272 272 253 253 253 272 272
            272 273 273 273 254 254 254 273 273 273 44 44 44 255 255 255 256 256 256 274 274 274 275
            275 275 275 275 275 274 274 274 301 301 301 302 302 302 301 301 301 310 310 310 311 311
            311 302 302 302 310 310 310 275 275 275 276 276 276 257 257 257 277 277 277 278 278 278
            259 259 259 278 278 278 279 279 279 260 260 260 279 279 279 280 280 280 261 261 261 282
            282 282 283 283 283 264 264 264 283 283 283 284 284 284 265 265 265 284 284 284 285 285
            285 266 266 266 285 285 285 286 286 286 267 267 267 286 286 286 287 287 287 268 268 268
            287 287 287 288 288 288 269 269 269 288 288 288 289 289 289 270 270 270 289 289 289 290
            290 290 271 271 271 290 290 290 291 291 291 272 272 272 291 291 291 43 43 43 273 273 273
            293 293 293 294 294 294 284 284 284 294 294 294 295 295 295 285 285 285 295 295 295 296
            296 296 286 286 286 296 296 296 297 297 297 287 287 287 297 297 297 298 298 298 288 288
            288 298 298 298 299 299 299 289 289 289 299 299 299 300 300 300 290 290 290 300 300 300
            42 42 42 291 291 291 301 301 301 302 302 302 275 275 275 303 303 303 304 304 304 277 277
            277 304 304 304 305 305 305 278 278 278 305 305 305 306 306 306 279 279 279 306 306 306
            307 307 307 280 280 280 307 307 307 308 308 308 281 281 281 301 301 301 274 274 274 17
            17 17 309 309 309 310 310 310 301 301 301 311 311 311 312 312 312 303 303 303 312 312
            312 313 313 313 304 304 304 313 313 313 314 314 314 305 305 305 314 314 314 315 315 315
            306 306 306 315 315 315 316 316 316 307 307 307 319 319 319 320 320 320 293 293 293 320
            320 320 321 321 321 294 294 294 321 321 321 322 322 322 295 295 295 322 322 322 323 323
            323 296 296 296 323 323 323 324 324 324 297 297 297 324 324 324 325 325 325 298 298 298
            325 325 325 326 326 326 299 299 299 326 326 326 41 41 41 300 300 300</p>
        </triangles>
      </mesh>
    </geometry>
    <geometry id="ID660">
      <mesh>
        <source id="ID661">
          <float_array id="ID662" count="204">0.0210771 -0.07 0.1371042 0.0210093 -0.07 0.1370995
            0.0192764 -0.07 0.1369765 0.0167892 -0.07 0.1367866 0.0144681 -0.07 0.1365849 0.0119847
            -0.07 0.1363241 0.0114466 -0.07 0.1362594 0.0080517 -0.07 0.1357603 0.0069906 -0.07
            0.1355657 0.0023397 -0.07 0.1344268 0.0019295 -0.07 0.1343005 -0.0020983 -0.07 0.1327921
            -0.0038312 -0.07 0.1319761 -0.0062888 -0.07 0.130621 -0.0091707 -0.07 0.1286979
            -0.0102821 -0.07 0.1278476 -0.0139268 -0.07 0.1245617 -0.0140764 -0.07 0.1244085
            -0.0149821 -0.07 0.1234465 -0.0182551 -0.07 0.1194026 -0.0185069 -0.07 0.1190485
            -0.0204865 -0.07 0.1160008 -0.021073 -0.07 0.1149958 -0.0224117 -0.07 0.1124849
            -0.0232865 -0.07 0.1106467 -0.023821 -0.07 0.1094287 -0.0245928 -0.07 0.1075132
            -0.0256683 -0.07 0.1044368 -0.0256842 -0.07 0.1043866 -0.0267675 -0.07 0.1005095
            -0.0267897 -0.07 0.1004178 -0.0275419 -0.07 0.0968135 -0.0279539 -0.07 0.0941487
            -0.0282103 -0.07 0.0919171 -0.0284884 -0.07 0.0877476 -0.0282127 -0.07 0.0919174
            -0.0279572 -0.07 0.0941491 -0.0275462 -0.07 0.0968143 -0.0267951 -0.07 0.1004191
            -0.0267729 -0.07 0.1005109 -0.0256908 -0.07 0.1043886 -0.0256749 -0.07 0.1044389
            -0.0246001 -0.07 0.107516 -0.0238286 -0.07 0.1094319 -0.0232944 -0.07 0.1106503 -0.02242
            -0.07 0.112489 -0.0210818 -0.07 0.1150009 -0.0204956 -0.07 0.1160062 -0.0185166 -0.07
            0.1190553 -0.0182648 -0.07 0.1194096 -0.0149923 -0.07 0.1234558 -0.0140867 -0.07
            0.1244185 -0.0139371 -0.07 0.1245718 -0.0102922 -0.07 0.1278603 -0.0091805 -0.07
            0.1287113 -0.0062978 -0.07 0.130636 -0.0038392 -0.07 0.131992 -0.0021054 -0.07 0.1328083
            0.0019246 -0.07 0.1343161 0.0023351 -0.07 0.1344423 0.0069881 -0.07 0.1355785 0.0080496
            -0.07 0.1357723 0.0114455 -0.07 0.1362684 0.0119837 -0.07 0.1363327 0.0144675 -0.07
            0.1365914 0.0167888 -0.07 0.1367912 0.0192762 -0.07 0.1369789 0.0210093 -0.07 0.1370996</float_array>
          <technique_common>
            <accessor count="68" source="#ID662" stride="3">
              <param name="X" type="float" />
              <param name="Y" type="float" />
              <param name="Z" type="float" />
            </accessor>
          </technique_common>
        </source>
        <source id="ID663">
          <float_array id="ID664" count="204">0 1 0 0 1 0 0 1 0 0 1 0 0 1 0 0 1 0 0 1 0 0 1 0 0 1 0
            0 1 0 0 1 0 0 1 0 0 1 0 0 1 0 0 1 0 0 1 0 0 1 0 0 1 0 0 1 0 0 1 0 0 1 0 0 1 0 0 1 0 0 1
            0 0 1 0 0 1 0 0 1 0 0 1 0 0 1 0 0 1 0 0 1 0 0 1 0 0 1 0 0 1 0 0 1 0 0 1 0 0 1 0 0 1 0 0
            1 0 0 1 0 0 1 0 0 1 0 0 1 0 0 1 0 0 1 0 0 1 0 0 1 0 0 1 0 0 1 0 0 1 0 0 1 0 0 1 0 0 1 0
            0 1 0 0 1 0 0 1 0 0 1 0 0 1 0 0 1 0 0 1 0 0 1 0 0 1 0 0 1 0 0 1 0 0 1 0 0 1 0 0 1 0 0 1
            0</float_array>
          <technique_common>
            <accessor count="68" source="#ID664" stride="3">
              <param name="X" type="float" />
              <param name="Y" type="float" />
              <param name="Z" type="float" />
            </accessor>
          </technique_common>
        </source>
        <source id="ID665">
          <float_array id="ID666" count="136">1 0 0.9986311 0.0000958 0.9636692 0.0025884 0.9134886
            0.0064364 0.8666598 0.0105223 0.8165575 0.0158059 0.805701 0.0171179 0.737207 0.0272285
            0.7157993 0.0311716 0.6219667 0.0542462 0.613691 0.0568053 0.532428 0.0873661 0.4974667
            0.1038996 0.4478844 0.1313546 0.3897415 0.1703192 0.3673169 0.1875459 0.2937848
            0.2541212 0.2907666 0.2572247 0.2724945 0.2767155 0.2064607 0.3586477 0.2013794
            0.3658226 0.1614401 0.4275713 0.1496084 0.447932 0.1226001 0.4988062 0.1049502 0.5360485
            0.0941667 0.5607268 0.0785941 0.599536 0.0568967 0.6618665 0.056575 0.6628835 0.0347202
            0.7414346 0.0342724 0.743294 0.019096 0.8163189 0.0107832 0.8703102 0.0056102 0.9155232
            0 1 0.0055627 0.9155186 0.0107165 0.8703014 0.01901 0.8163038 0.034163 0.7432676
            0.0346103 0.7414079 0.056442 0.6628411 0.0567634 0.6618239 0.0784471 0.5994797 0.0940127
            0.5606611 0.1047913 0.5359763 0.1224326 0.4987223 0.1494297 0.44783 0.1612576 0.4274615
            0.2011849 0.3656852 0.2062651 0.3585066 0.2722879 0.2765262 0.2905586 0.257022 0.2935768
            0.2539163 0.3671132 0.1872885 0.389542 0.1700473 0.4477024 0.1310511 0.497306 0.1035786
            0.5322849 0.0870394 0.6135925 0.0564895 0.6218725 0.0539336 0.7157496 0.0309132
            0.7371653 0.0269864 0.8056785 0.0169338 0.8165371 0.0156314 0.8666476 0.0103911 0.913481
            0.0063428 0.9636657 0.0025395 0.9986309 0.0000935</float_array>
          <technique_common>
            <accessor count="68" source="#ID666" stride="2">
              <param name="S" type="float" />
              <param name="T" type="float" />
            </accessor>
          </technique_common>
        </source>
        <vertices id="ID667">
          <input semantic="POSITION" source="#ID661" />
        </vertices>
        <triangles count="66" material="ID668">
          <input semantic="VERTEX" source="#ID667" offset="0" />
          <input semantic="NORMAL" source="#ID663" offset="1" />
          <input semantic="TEXCOORD" source="#ID665" offset="2" set="0" />
          <p>0 0 0 1 1 1 67 67 67 67 67 67 1 1 1 66 66 66 66 66 66 1 1 1 2 2 2 3 3 3 66 66 66 2 2 2
            3 3 3 65 65 65 66 66 66 3 3 3 4 4 4 65 65 65 65 65 65 4 4 4 64 64 64 64 64 64 4 4 4 5 5
            5 63 63 63 5 5 5 6 6 6 62 62 62 6 6 6 7 7 7 61 61 61 7 7 7 8 8 8 60 60 60 8 8 8 9 9 9 59
            59 59 9 9 9 10 10 10 58 58 58 10 10 10 11 11 11 57 57 57 11 11 11 12 12 12 56 56 56 12
            12 12 55 55 55 56 56 56 57 57 57 12 12 12 12 12 12 13 13 13 55 55 55 55 55 55 13 13 13
            54 54 54 54 54 54 13 13 13 14 14 14 53 53 53 14 14 14 15 15 15 52 52 52 15 15 15 16 16
            16 51 51 51 16 16 16 17 17 17 18 18 18 51 51 51 17 17 17 18 18 18 50 50 50 51 51 51 18
            18 18 49 49 49 50 50 50 18 18 18 19 19 19 49 49 49 49 49 49 19 19 19 48 48 48 48 48 48
            19 19 19 20 20 20 47 47 47 20 20 20 21 21 21 46 46 46 21 21 21 22 22 22 45 45 45 22 22
            22 23 23 23 44 44 44 23 23 23 24 24 24 43 43 43 24 24 24 25 25 25 42 42 42 25 25 25 26
            26 26 27 27 27 42 42 42 26 26 26 27 27 27 41 41 41 42 42 42 27 27 27 40 40 40 41 41 41
            27 27 27 28 28 28 40 40 40 40 40 40 28 28 28 39 39 39 39 39 39 28 28 28 29 29 29 38 38
            38 29 29 29 30 30 30 37 37 37 30 30 30 31 31 31 36 36 36 31 31 31 32 32 32 35 35 35 32
            32 32 33 33 33 34 34 34 35 35 35 33 33 33 35 35 35 36 36 36 32 32 32 36 36 36 37 37 37
            31 31 31 37 37 37 38 38 38 30 30 30 38 38 38 39 39 39 29 29 29 42 42 42 43 43 43 25 25
            25 43 43 43 44 44 44 24 24 24 44 44 44 45 45 45 23 23 23 45 45 45 46 46 46 22 22 22 46
            46 46 47 47 47 21 21 21 47 47 47 48 48 48 20 20 20 51 51 51 52 52 52 16 16 16 52 52 52
            53 53 53 15 15 15 53 53 53 54 54 54 14 14 14 57 57 57 58 58 58 11 11 11 58 58 58 59 59
            59 10 10 10 59 59 59 60 60 60 9 9 9 60 60 60 61 61 61 8 8 8 61 61 61 62 62 62 7 7 7 62
            62 62 63 63 63 6 6 6 63 63 63 64 64 64 5 5 5</p>
        </triangles>
      </mesh>
    </geometry>
    <geometry id="ID669">
      <mesh>
        <source id="ID670">
          <float_array id="ID671" count="522">0.0210771 -0.07 0.1371042 0.0210093 -0.07 0.1370996
            0.0192762 -0.07 0.1369789 0.0167888 -0.07 0.1367912 0.0144675 -0.07 0.1365914 0.0119837
            -0.07 0.1363327 0.0114455 -0.07 0.1362684 0.0080496 -0.07 0.1357723 0.0069881 -0.07
            0.1355785 0.0023351 -0.07 0.1344423 0.0019246 -0.07 0.1343161 -0.0021054 -0.07 0.1328083
            -0.0038392 -0.07 0.131992 -0.0062978 -0.07 0.130636 -0.0091805 -0.07 0.1287113
            -0.0102922 -0.07 0.1278603 -0.0139371 -0.07 0.1245718 -0.0140867 -0.07 0.1244185
            -0.0149923 -0.07 0.1234558 -0.0182648 -0.07 0.1194096 -0.0185166 -0.07 0.1190553
            -0.0204956 -0.07 0.1160062 -0.0210818 -0.07 0.1150009 -0.02242 -0.07 0.112489 -0.0232944
            -0.07 0.1106503 -0.0238286 -0.07 0.1094319 -0.0246001 -0.07 0.107516 -0.0256749 -0.07
            0.1044389 -0.0256908 -0.07 0.1043886 -0.0267729 -0.07 0.1005109 -0.0267951 -0.07
            0.1004191 -0.0275462 -0.07 0.0968143 -0.0279572 -0.07 0.0941491 -0.0282127 -0.07
            0.0919174 -0.0284884 -0.07 0.0877476 -0.0262167 -0.0734465 0.0877476 -0.0241233
            -0.076699 0.0877476 -0.021696 -0.0805728 0.0877476 -0.0195928 -0.0840341 0.0877476
            -0.0173796 -0.0878125 0.0877476 -0.0151046 -0.0919212 0.0877476 -0.0134755 -0.095157
            0.0877476 -0.0128615 -0.0948708 0.0938379 -0.0125574 -0.0947289 0.095618 -0.0110727
            -0.0940366 0.1016883 -0.0104992 -0.0937692 0.1034688 -0.0086602 -0.0929116 0.1081608
            -0.0071621 -0.0922131 0.1112573 -0.002635 -0.0901021 0.1184464 -0.0022409 -0.0899183
            0.1189657 0.0008276 -0.0884874 0.1225938 0.0045396 -0.0867565 0.126191 0.0049716
            -0.086555 0.1265632 0.0084801 -0.0849189 0.1292815 0.012638 -0.0829801 0.1318889
            0.0170099 -0.0809415 0.1340218 0.0215996 -0.0788013 0.1356736 0.0264172 -0.0765548
            0.1368217 0.0296698 -0.0750381 0.137278 0.0314804 -0.0741938 0.137424 0.0311132
            -0.0738517 0.1374141 0.029402 -0.0725198 0.1373745 0.0275438 -0.0714648 0.1373342
            0.0266501 -0.0710737 0.1373138 0.0246547 -0.0704327 0.1372622 0.0225835 -0.0700757
            0.1371879 0.0216776 -0.070012 0.1371415 0.0128693 -0.0755 0.133959 0.0128864 -0.0751537
            0.1340826 0.0129408 -0.0748139 0.1342176 0.0130302 -0.0744872 0.1343596 0.0131534
            -0.0741741 0.134507 0.0134181 -0.073705 0.1347488 0.0137582 -0.0732891 0.1349865
            0.0141712 -0.0729321 0.1352128 0.0146452 -0.0726495 0.135416 0.0149039 -0.0725386
            0.1355071 0.0151733 -0.0724509 0.1355896 0.0154514 -0.0723876 0.1356627 0.0157377
            -0.0723494 0.1357264 0.0160277 -0.0723376 0.1357802 0.0163177 -0.0723527 0.1358239
            0.016607 -0.072395 0.135858 0.0168937 -0.0724646 0.1358832 0.0173464 -0.0726362 0.135906
            0.0177683 -0.072876 0.1359084 0.0181483 -0.0731765 0.1358934 0.0184776 -0.0735324
            0.1358633 0.0187718 -0.073976 0.1358148 0.0189865 -0.0744614 0.1357513 0.0191167
            -0.0749748 0.1356733 0.019159 -0.0755 0.1355809 0.0191266 -0.0759404 0.1354917 0.0190334
            -0.0763699 0.135392 0.0188833 -0.076778 0.1352828 0.0186802 -0.0771583 0.1351642
            0.0183536 -0.0775919 0.1350014 0.0179623 -0.0779585 0.1348279 0.017515 -0.0782532
            0.1346453 0.0170268 -0.0784667 0.134459 0.0165751 -0.0785834 0.1342965 0.0161121
            -0.0786318 0.1341396 0.0156413 -0.0786106 0.1339909 0.0151766 -0.0785187 0.1338572
            0.0147247 -0.078355 0.1337432 0.0142995 -0.0781223 0.1336558 0.0139103 -0.0778227
            0.1336003 0.0137343 -0.0776511 0.1335863 0.0135725 -0.0774666 0.133582 0.0134104
            -0.0772479 0.133589 0.0132679 -0.0770162 0.1336084 0.0131471 -0.0767757 0.1336398
            0.013048 -0.0765279 0.133683 0.0129702 -0.076273 0.1337376 0.0129146 -0.0760142
            0.1338027 -0.0026737 -0.0896959 0.1186129 0.0126097 -0.0809484 0.132334 -0.0040997
            -0.0783886 0.1240128 0.0123179 -0.0742466 0.1342611 0.02171 -0.0729454 0.1365186
            0.0266275 -0.0717438 0.1372411 0.0167536 -0.07053 0.1365635 0.0119982 -0.0713282
            0.1355435 0.0264497 -0.0759001 0.1368714 0.021653 -0.0768012 0.1359273 0.0125094
            -0.0774842 0.133214 0.0040994 -0.0800557 0.1284589 0.0033919 -0.0743883 0.1311487
            -0.0051361 -0.0735395 0.1273059 0.0078021 -0.0744489 0.1328018 0.0028837 -0.0719387
            0.1327768 0.007379 -0.0717875 0.1342738 -0.0009196 -0.0740821 0.1293144 -0.0014983
            -0.0718079 0.1310719 -0.0057735 -0.0714116 0.1291712 0.0083119 -0.0806081 0.1304746
            0.0081041 -0.0774113 0.1315518 0.0037908 -0.0771096 0.1297209 -0.0000367 -0.079313
            0.1263029 -0.000437 -0.076595 0.1277331 -0.0045815 -0.0758735 0.1255926 0.0045232
            -0.086429 0.1262896 0.0005763 -0.0852155 0.1237864 -0.0033081 -0.0838467 0.1211687
            -0.0169161 -0.0809979 0.1057658 -0.0195143 -0.072607 0.113316 -0.0119948 -0.0759651
            0.119009 -0.0132763 -0.0717259 0.1227518 -0.0230951 -0.0704829 0.1101414 -0.0099143
            -0.0856439 0.1124084 -0.0080881 -0.0772784 0.1215858 -0.00632 -0.0877347 0.1155585
            -0.0071332 -0.0823303 0.1184421 -0.0108951 -0.0806566 0.1155996 -0.0158085 -0.0744202
            0.1162614 -0.0134515 -0.0834112 0.1091537 -0.0145832 -0.0787993 0.1126217 -0.0181805
            -0.0767161 0.1094772 -0.0235107 -0.0753386 0.0983762 -0.0202801 -0.0783343 0.1021934
            -0.0250119 -0.0716462 0.1025221 -0.0216643 -0.0743506 0.1061247 -0.0265931 -0.0719742
            0.0942871 -0.0144241 -0.0896529 0.0984104 -0.0090063 -0.0908124 0.1093508 -0.0156747
            -0.0853368 0.1020965 -0.0203957 -0.0824437 0.0898779 -0.0174728 -0.0862047 0.0942595
            -0.0219857 -0.0789719 0.0941866 -0.0188956 -0.0823171 0.0982616 -0.0249246 -0.0752505
            0.0898342 -0.0113098 -0.092938 0.102441 -0.0131509 -0.0939129 0.0946829 -0.015983
            -0.0899258 0.0901346</float_array>
          <technique_common>
            <accessor count="174" source="#ID671" stride="3">
              <param name="X" type="float" />
              <param name="Y" type="float" />
              <param name="Z" type="float" />
            </accessor>
          </technique_common>
        </source>
        <source id="ID672">
          <float_array id="ID673" count="522">-0.0659243 -0.2671584 0.961395 -0.0660037 -0.2694285
            0.9607558 -0.0680768 -0.3253814 0.9431291 -0.0732297 -0.4030856 0.9122277 -0.0820757
            -0.4719582 0.8777922 -0.0986863 -0.5472665 0.83112 -0.1028569 -0.5613551 0.8211582
            -0.1318661 -0.6331268 0.7627331 -0.1435619 -0.6536245 0.7430781 -0.2012382 -0.7183545
            0.6659355 -0.2067514 -0.7223698 0.6598755 -0.2660121 -0.7505488 0.6049083 -0.2937204
            -0.7566543 0.5841255 -0.3353406 -0.7598869 0.5568829 -0.3880171 -0.7563041 0.5267321
            -0.4094916 -0.7529222 0.5151939 -0.4844506 -0.7343187 0.4754826 -0.4877014 -0.7333018
            0.4737255 -0.5075698 -0.726743 0.4628364 -0.5823489 -0.697069 0.4182877 -0.5883852
            -0.6943444 0.4143534 -0.635735 -0.671353 0.3809542 -0.6500601 -0.6638488 0.3697656
            -0.6834596 -0.645439 0.3410152 -0.7051665 -0.6328818 0.3196887 -0.7185431 -0.6249499
            0.3051778 -0.7379654 -0.6132243 0.2817144 -0.7647344 -0.5967504 0.2430437 -0.7651288
            -0.5965059 0.2424016 -0.7917544 -0.5799079 0.191916 -0.7922892 -0.5795716 0.1907211
            -0.8102317 -0.5682458 0.1436011 -0.8198777 -0.5621524 0.1085595 -0.8255248 -0.5585802
            0.0806033 -0.8314669 -0.5547468 0.0303131 -0.8374512 -0.5454538 0.0339945 -0.8431774
            -0.5363225 0.0375504 -0.8503102 -0.5246246 0.0417315 -0.8573523 -0.5127252 0.0453878
            -0.8667932 -0.4962609 0.0489349 -0.8818148 -0.4686897 0.0522748 -0.9045801 -0.4230699
            0.0524086 -0.892804 -0.4178004 0.1683561 -0.886932 -0.4152506 0.2022836 -0.8589465
            -0.4014398 0.3178946 -0.8482324 -0.3959239 0.3517756 -0.8135499 -0.3788137 0.4411765
            -0.7850052 -0.3655812 0.5001172 -0.6984805 -0.3259555 0.6370855 -0.6909662 -0.3224748
            0.6469743 -0.6324818 -0.2952926 0.7160789 -0.5616639 -0.262591 0.7845888 -0.5534133
            -0.2587807 0.7916857 -0.4864758 -0.227884 0.8434514 -0.4072301 -0.1910522 0.8931196
            -0.3242672 -0.1515265 0.9337507 -0.2374415 -0.1094586 0.9652152 -0.1459293 -0.0661431
            0.9870814 -0.0838238 -0.0376948 0.9957674 -0.0492003 -0.0218763 0.9985493 -0.0506309
            -0.0273951 0.9983416 -0.0580752 -0.055116 0.9967896 -0.0653154 -0.0910226 0.9937046
            -0.0674215 -0.1109273 0.9915389 -0.068389 -0.1618571 0.9844416 -0.0662265 -0.2219813
            0.9727992 -0.065649 -0.2492631 0.9662081 -0.2694021 -0.3084032 0.9123102 -0.2606793
            -0.3170564 0.911878 -0.2516237 -0.3250694 0.9116005 -0.2422407 -0.3323948 0.9115005
            -0.2325342 -0.3389866 0.9116008 -0.2167162 -0.3476816 0.9122235 -0.2018675 -0.3531377
            0.9135334 -0.1882677 -0.3549523 0.9157315 -0.1761849 -0.3527577 0.9189782 -0.1710594
            -0.3500037 0.9209974 -0.1665892 -0.3460892 0.9232932 -0.1628743 -0.3410253 0.9258367
            -0.1599814 -0.3348532 0.9285899 -0.1579294 -0.3276326 0.9315123 -0.15674 -0.319495
            0.9345349 -0.1564046 -0.3104852 0.9376228 -0.1568945 -0.300821 0.9406863 -0.1593726
            -0.283922 0.9455097 -0.1636913 -0.2664026 0.9498604 -0.1694652 -0.2491963 0.9535108
            -0.1763833 -0.2328712 0.9563785 -0.1849926 -0.2164889 0.9585981 -0.1942483 -0.2023517
            0.9598549 -0.2039929 -0.1905697 0.9602448 -0.2140122 -0.1812777 0.9598631 -0.2225873
            -0.1752903 0.9590246 -0.2311551 -0.170946 0.9577812 -0.239793 -0.1680862 0.9561623
            -0.2484988 -0.1665932 0.9541987 -0.259143 -0.1665428 0.9513718 -0.2694035 -0.1683446
            0.9481993 -0.2791782 -0.1718846 0.9447302 -0.2881264 -0.1769827 0.9410952 -0.2949618
            -0.182604 0.9378983 -0.3008927 -0.1893905 0.9346629 -0.3057608 -0.1973243 0.9314362
            -0.30925 -0.2062459 0.9283464 -0.3112326 -0.2162504 0.9254026 -0.3114957 -0.2272254
            0.9226804 -0.3098945 -0.2390337 0.9202328 -0.3083602 -0.2452317 0.9191166 -0.3063316
            -0.2515828 0.9180779 -0.3035291 -0.2587024 0.9170295 -0.3001357 -0.2659346 0.9160771
            -0.2962112 -0.2731659 0.9152263 -0.2917433 -0.2804196 0.9144675 -0.2867414 -0.2876791
            0.9137943 -0.2813965 -0.2946971 0.9132193 -0.6939006 -0.3296008 0.6402072 -0.3783076
            -0.2138441 0.9006409 -0.528544 -0.4951678 0.6895289 -0.2413965 -0.3557021 0.9028863
            -0.1415411 -0.1742293 0.9744795 -0.0790434 -0.1020749 0.9916314 -0.0931978 -0.3771502
            0.921451 -0.1493809 -0.4749617 0.8672351 -0.1379778 -0.0693723 0.9880028 -0.2100911
            -0.1247196 0.9696941 -0.3175167 -0.2706959 0.9087942 -0.461664 -0.3587181 0.8112877
            -0.3364775 -0.5196483 0.7853334 -0.4257305 -0.6313812 0.64816 -0.2897022 -0.4432665
            0.848285 -0.2652293 -0.6223401 0.7364416 -0.2080255 -0.5573417 0.8038007 -0.3816412
            -0.5824526 0.7177039 -0.3198341 -0.6714259 0.6685008 -0.3726939 -0.7064186 0.6017242
            -0.4229003 -0.2847641 0.8602701 -0.3619399 -0.3520526 0.8631676 -0.4027654 -0.4302578
            0.8078727 -0.4964499 -0.4304421 0.7538283 -0.441271 -0.5004697 0.7448557 -0.4783166
            -0.5595315 0.6768587 -0.5575824 -0.2657666 0.7864286 -0.5909578 -0.3301335 0.7360576
            -0.6185842 -0.3956061 0.6788589 -0.7638219 -0.5313998 0.36632 -0.6701197 -0.6268964
            0.3974173 -0.594004 -0.5894693 0.5474351 -0.5183544 -0.6880246 0.5078689 -0.7104791
            -0.6262557 0.3209724 -0.7316262 -0.4488632 0.5130741 -0.5603451 -0.5490569 0.6201208
            -0.715206 -0.3907982 0.5794456 -0.6426169 -0.4570036 0.6149725 -0.6657092 -0.5091633
            0.5455126 -0.6306756 -0.6152787 0.4729487 -0.7464971 -0.4973924 0.4419761 -0.6904715
            -0.548173 0.4719698 -0.7186328 -0.5721723 0.3952035 -0.8078241 -0.5548726 0.1988385
            -0.7860145 -0.5489616 0.2842928 -0.7791886 -0.5815578 0.2337855 -0.7499411 -0.5817168
            0.3149508 -0.8220709 -0.5568761 0.1186949 -0.8453467 -0.4693306 0.2551816 -0.7914563
            -0.3985981 0.4633751 -0.8057967 -0.4996616 0.3178521 -0.8506903 -0.5194073 0.0808832
            -0.8460821 -0.5046353 0.1717215 -0.8318772 -0.5353535 0.1462085 -0.8182224 -0.5248351
            0.2346493 -0.8380307 -0.5417325 0.0650419 -0.8482234 -0.4123396 0.3324049 -0.8839622
            -0.4296457 0.1844324 -0.8695539 -0.4838477 0.0988308</float_array>
          <technique_common>
            <accessor count="174" source="#ID673" stride="3">
              <param name="X" type="float" />
              <param name="Y" type="float" />
              <param name="Z" type="float" />
            </accessor>
          </technique_common>
        </source>
        <source id="ID674">
          <float_array id="ID675" count="348">0.8671153 0.0657967 0.8661501 0.0654392 0.8430908
            0.0569566 0.8119785 0.0457574 0.7835652 0.0359486 0.7492979 0.0250351 0.7422566
            0.0229507 0.7009791 0.0121161 0.6866173 0.0090163 0.6239368 0.0003502 0.6183727 0
            0.5612562 0.0007352 0.5357559 0.0037017 0.4985756 0.0110379 0.4531484 0.0249501
            0.4350578 0.0320345 0.3732144 0.0630822 0.3705609 0.0646561 0.3543603 0.0747083
            0.2930229 0.1198631 0.2879994 0.1240797 0.2478533 0.1607491 0.2353735 0.1732674
            0.2054639 0.2055783 0.1851727 0.2294716 0.172181 0.2456762 0.1524523 0.2717403 0.122953
            0.3143221 0.1224921 0.3150249 0.0886967 0.370177 0.0879461 0.3714893 0.0598116 0.4238853
            0.0404749 0.4640315 0.0257567 0.4973024 0 0.5623122 0.0309675 0.6231155 0.0598116
            0.6806708 0.0934005 0.7489286 0.1224921 0.8092988 0.1532477 0.8747416 0.1851727
            0.9453405 0.2083244 1 0.2478533 0.9031569 0.2608794 0.8747416 0.3105339 0.7775364
            0.3267127 0.7489286 0.3732144 0.6732576 0.4072321 0.6231155 0.4985756 0.505823 0.5059585
            0.4973024 0.5612562 0.4375139 0.6239368 0.3777215 0.6309941 0.3714893 0.6866173 0.325764
            0.7492979 0.2812718 0.8119785 0.2441227 0.874659 0.2144209 0.9373397 0.1925134 0.9779529
            0.1827697 1 0.1790541 0.9951219 0.1723203 0.972697 0.1445159 0.9487476 0.1197406
            0.9373397 0.1094664 0.9120668 0.0898688 0.8860281 0.0741708 0.874659 0.0688136 0.7556731
            0.1453225 0.7561746 0.138666 0.7571768 0.132204 0.7586798 0.1259364 0.7606836 0.1198631
            0.7648356 0.1107667 0.7698399 0.1031446 0.7756652 0.0970692 0.7822929 0.0926067
            0.7858002 0.0911174 0.7894407 0.0901355 0.7931687 0.0896893 0.7969454 0.0897925
            0.8007494 0.0904404 0.8045321 0.091621 0.8082944 0.093334 0.8119785 0.0955409 0.8177956
            0.1001693 0.8232183 0.105915 0.8280775 0.1125334 0.8322921 0.1198631 0.8360795 0.1285505
            0.8388431 0.1375601 0.8405303 0.1467235 0.8410762 0.1557565 0.8406569 0.1631267
            0.8394459 0.1700927 0.8374431 0.1766546 0.8346703 0.1827697 0.8302682 0.1895085
            0.8249308 0.1951444 0.8187493 0.1996127 0.8119785 0.2027785 0.8057961 0.2043568
            0.7993466 0.2048383 0.7927479 0.2041876 0.786275 0.202344 0.7799845 0.1992588 0.7740886
            0.1949321 0.7687783 0.189416 0.7663838 0.1862243 0.764194 0.1827697 0.762048 0.178693
            0.7601905 0.1743512 0.7586489 0.1698251 0.7574181 0.1651074 0.756501 0.1602163 0.755915
            0.1553315 0.4985756 0.4973024 0.7492979 0.2456762 0.4985756 0.2456762 0.7492979
            0.1198631 0.874659 0.1198631 0.9373397 0.1198631 0.8119785 0.0569566 0.7492979 0.0569566
            0.9373397 0.1827697 0.874659 0.1827697 0.7492979 0.1827697 0.6239368 0.2456762 0.6239368
            0.1198631 0.4985756 0.1198631 0.6866173 0.1198631 0.6239368 0.0569566 0.6866173
            0.0569566 0.5612562 0.1198631 0.5612562 0.0569566 0.4985756 0.0569566 0.6866173
            0.2456762 0.6866173 0.1827697 0.6239368 0.1827697 0.5612562 0.2456762 0.5612562
            0.1827697 0.4985756 0.1827697 0.6239368 0.3714893 0.5612562 0.3714893 0.4985756
            0.3714893 0.2478533 0.4973024 0.2478533 0.2456762 0.3732144 0.2456762 0.3732144
            0.1198631 0.1851727 0.2456762 0.3732144 0.4973024 0.435895 0.2456762 0.435895 0.4973024
            0.435895 0.3714893 0.3732144 0.3714893 0.3105339 0.2456762 0.3105339 0.4973024 0.3105339
            0.3714893 0.2478533 0.3714893 0.1224921 0.4973024 0.1851727 0.4973024 0.1224921
            0.3714893 0.1851727 0.3714893 0.0598116 0.4973024 0.2478533 0.7489286 0.3732144
            0.6231155 0.2478533 0.6231155 0.1224921 0.7489286 0.1851727 0.7489286 0.1224921
            0.6231155 0.1851727 0.6231155 0.0598116 0.6231155 0.3105339 0.7489286 0.2478533
            0.8747416 0.1851727 0.8747416</float_array>
          <technique_common>
            <accessor count="174" source="#ID675" stride="2">
              <param name="S" type="float" />
              <param name="T" type="float" />
            </accessor>
          </technique_common>
        </source>
        <vertices id="ID676">
          <input semantic="POSITION" source="#ID670" />
        </vertices>
        <triangles count="233" material="ID677">
          <input semantic="VERTEX" source="#ID676" offset="0" />
          <input semantic="NORMAL" source="#ID672" offset="1" />
          <input semantic="TEXCOORD" source="#ID674" offset="2" set="0" />
          <p>66 66 66 0 0 0 119 119 119 65 65 65 119 119 119 64 64 64 65 65 65 66 66 66 119 119 119
            0 0 0 1 1 1 119 119 119 119 119 119 1 1 1 2 2 2 86 86 86 2 2 2 85 85 85 86 86 86 119 119
            119 2 2 2 86 86 86 87 87 87 119 119 119 119 119 119 87 87 87 88 88 88 89 89 89 119 119
            119 88 88 88 89 89 89 90 90 90 119 119 119 119 119 119 90 90 90 124 124 124 123 123 123
            124 124 124 57 57 57 58 58 58 123 123 123 57 57 57 58 58 58 61 61 61 123 123 123 58 58
            58 60 60 60 61 61 61 58 58 58 59 59 59 60 60 60 3 3 3 121 121 121 2 2 2 3 3 3 4 4 4 121
            121 121 121 121 121 4 4 4 122 122 122 77 77 77 122 122 122 76 76 76 77 77 77 121 121 121
            122 122 122 77 77 77 78 78 78 121 121 121 121 121 121 78 78 78 79 79 79 80 80 80 121 121
            121 79 79 79 80 80 80 81 81 81 121 121 121 121 121 121 81 81 81 82 82 82 83 83 83 121
            121 121 82 82 82 83 83 83 84 84 84 121 121 121 121 121 121 84 84 84 2 2 2 2 2 2 84 84 84
            85 85 85 4 4 4 5 5 5 122 122 122 122 122 122 5 5 5 6 6 6 7 7 7 122 122 122 6 6 6 7 7 7
            131 131 131 122 122 122 7 7 7 8 8 8 131 131 131 131 131 131 8 8 8 130 130 130 129 129
            129 130 130 130 127 127 127 136 136 136 127 127 127 137 137 137 126 126 126 137 137 137
            138 138 138 142 142 142 138 138 138 143 143 143 50 50 50 143 143 143 49 49 49 50 50 50
            142 142 142 143 143 143 50 50 50 51 51 51 142 142 142 142 142 142 51 51 51 141 141 141
            126 126 126 141 141 141 52 52 52 53 53 53 126 126 126 52 52 52 53 53 53 135 135 135 126
            126 126 53 53 53 54 54 54 135 135 135 135 135 135 54 54 54 116 116 116 136 136 136 116
            116 116 125 125 125 129 129 129 125 125 125 118 118 118 131 131 131 118 118 118 122 122
            122 131 131 131 129 129 129 118 118 118 131 131 131 130 130 130 129 129 129 8 8 8 9 9 9
            130 130 130 130 130 130 9 9 9 10 10 10 133 133 133 10 10 10 11 11 11 12 12 12 133 133
            133 11 11 11 12 12 12 134 134 134 133 133 133 12 12 12 13 13 13 134 134 134 134 134 134
            13 13 13 14 14 14 128 128 128 14 14 14 15 15 15 147 147 147 15 15 15 16 16 16 17 17 17
            147 147 147 16 16 16 17 17 17 18 18 18 147 147 147 147 147 147 18 18 18 19 19 19 154 154
            154 19 19 19 20 20 20 21 21 21 154 154 154 20 20 20 21 21 21 145 145 145 154 154 154 21
            21 21 22 22 22 145 145 145 145 145 145 22 22 22 23 23 23 148 148 148 23 23 23 24 24 24
            25 25 25 148 148 148 24 24 24 25 25 25 26 26 26 148 148 148 148 148 148 26 26 26 161 161
            161 145 145 145 161 161 161 157 157 157 154 154 154 157 157 157 156 156 156 146 146 146
            156 156 156 153 153 153 150 150 150 153 153 153 152 152 152 117 117 117 152 152 152 143
            143 143 138 138 138 117 117 117 143 143 143 138 138 138 139 139 139 117 117 117 138 138
            138 137 137 137 139 139 139 139 139 139 137 137 137 127 127 127 132 132 132 127 127 127
            133 133 133 128 128 128 133 133 133 134 134 134 14 14 14 128 128 128 134 134 134 26 26
            26 27 27 27 161 161 161 161 161 161 27 27 27 160 160 160 158 158 158 160 160 160 30 30
            30 31 31 31 158 158 158 30 30 30 31 31 31 162 162 162 158 158 158 31 31 31 32 32 32 162
            162 162 162 162 162 32 32 32 33 33 33 170 170 170 33 33 33 35 35 35 36 36 36 170 170 170
            35 35 35 36 36 36 37 37 37 170 170 170 170 170 170 37 37 37 168 168 168 162 162 162 168
            168 168 158 158 158 162 162 162 170 170 170 168 168 168 162 162 162 33 33 33 170 170 170
            27 27 27 28 28 28 160 160 160 160 160 160 28 28 28 29 29 29 30 30 30 160 160 160 29 29
            29 33 33 33 34 34 34 35 35 35 168 168 168 37 37 37 166 166 166 169 169 169 166 166 166
            167 167 167 165 165 165 167 167 167 163 163 163 171 171 171 163 163 163 44 44 44 45 45
            45 171 171 171 44 44 44 45 45 45 164 164 164 171 171 171 45 45 45 46 46 46 164 164 164
            164 164 164 46 46 46 47 47 47 149 149 149 47 47 47 151 151 151 152 152 152 151 151 151
            143 143 143 152 152 152 149 149 149 151 151 151 152 152 152 153 153 153 149 149 149 149
            149 149 153 153 153 155 155 155 164 164 164 155 155 155 165 165 165 171 171 171 165 165
            165 163 163 163 171 171 171 164 164 164 165 165 165 37 37 37 38 38 38 166 166 166 166
            166 166 38 38 38 39 39 39 167 167 167 39 39 39 173 173 173 163 163 163 173 173 173 172
            172 172 43 43 43 172 172 172 42 42 42 43 43 43 163 163 163 172 172 172 43 43 43 44 44 44
            163 163 163 39 39 39 40 40 40 173 173 173 173 173 173 40 40 40 42 42 42 172 172 172 173
            173 173 42 42 42 40 40 40 41 41 41 42 42 42 47 47 47 48 48 48 151 151 151 151 151 151 48
            48 48 115 115 115 143 143 143 115 115 115 49 49 49 143 143 143 151 151 151 115 115 115
            48 48 48 49 49 49 115 115 115 51 51 51 52 52 52 141 141 141 54 54 54 55 55 55 116 116
            116 116 116 116 55 55 55 103 103 103 104 104 104 116 116 116 103 103 103 104 104 104 105
            105 105 116 116 116 116 116 116 105 105 105 106 106 106 125 125 125 106 106 106 107 107
            107 108 108 108 125 125 125 107 107 107 108 108 108 109 109 109 125 125 125 125 125 125
            109 109 109 110 110 110 111 111 111 125 125 125 110 110 110 111 111 111 112 112 112 125
            125 125 125 125 125 112 112 112 113 113 113 114 114 114 125 125 125 113 113 113 114 114
            114 118 118 118 125 125 125 114 114 114 67 67 67 118 118 118 118 118 118 67 67 67 68 68
            68 69 69 69 118 118 118 68 68 68 69 69 69 70 70 70 118 118 118 118 118 118 70 70 70 71
            71 71 72 72 72 118 118 118 71 71 71 72 72 72 122 122 122 118 118 118 72 72 72 73 73 73
            122 122 122 122 122 122 73 73 73 74 74 74 75 75 75 122 122 122 74 74 74 75 75 75 76 76
            76 122 122 122 95 95 95 96 96 96 56 56 56 124 124 124 56 56 56 57 57 57 124 124 124 95
            95 95 56 56 56 124 124 124 94 94 94 95 95 95 124 124 124 93 93 93 94 94 94 124 124 124
            92 92 92 93 93 93 124 124 124 91 91 91 92 92 92 124 124 124 90 90 90 91 91 91 123 123
            123 61 61 61 120 120 120 119 119 119 120 120 120 64 64 64 119 119 119 123 123 123 120
            120 120 119 119 119 124 124 124 123 123 123 61 61 61 62 62 62 120 120 120 120 120 120 62
            62 62 63 63 63 64 64 64 120 120 120 63 63 63 96 96 96 97 97 97 56 56 56 56 56 56 97 97
            97 55 55 55 55 55 55 97 97 97 98 98 98 99 99 99 55 55 55 98 98 98 99 99 99 100 100 100
            55 55 55 55 55 55 100 100 100 101 101 101 102 102 102 55 55 55 101 101 101 102 102 102
            103 103 103 55 55 55 117 117 117 140 140 140 150 150 150 152 152 152 117 117 117 150 150
            150 125 125 125 116 116 116 106 106 106 116 116 116 136 136 136 135 135 135 135 135 135
            136 136 136 126 126 126 126 126 126 136 136 136 137 137 137 141 141 141 126 126 126 142
            142 142 142 142 142 126 126 126 138 138 138 10 10 10 133 133 133 130 130 130 130 130 130
            133 133 133 127 127 127 154 154 154 146 146 146 147 147 147 19 19 19 154 154 154 147 147
            147 133 133 133 128 128 128 132 132 132 132 132 132 128 128 128 140 140 140 139 139 139
            140 140 140 117 117 117 139 139 139 132 132 132 140 140 140 139 139 139 127 127 127 132
            132 132 125 125 125 129 129 129 136 136 136 136 136 136 129 129 129 127 127 127 140 140
            140 128 128 128 150 150 150 150 150 150 128 128 128 147 147 147 146 146 146 150 150 150
            147 147 147 146 146 146 153 153 153 150 150 150 153 153 153 156 156 156 155 155 155 155
            155 155 156 156 156 144 144 144 165 165 165 144 144 144 169 169 169 167 167 167 165 165
            165 169 169 169 156 156 156 157 157 157 144 144 144 144 144 144 157 157 157 159 159 159
            169 169 169 159 159 159 168 168 168 166 166 166 169 169 169 168 168 168 145 145 145 157
            157 157 154 154 154 23 23 23 148 148 148 145 145 145 145 145 145 148 148 148 161 161 161
            146 146 146 154 154 154 156 156 156 147 147 147 128 128 128 15 15 15 47 47 47 149 149
            149 164 164 164 164 164 164 149 149 149 155 155 155 155 155 155 144 144 144 165 165 165
            157 157 157 161 161 161 159 159 159 159 159 159 161 161 161 158 158 158 168 168 168 159
            159 159 158 158 158 160 160 160 158 158 158 161 161 161 163 163 163 167 167 167 173 173
            173 167 167 167 166 166 166 39 39 39 159 159 159 169 169 169 144 144 144</p>
        </triangles>
      </mesh>
    </geometry>
    <geometry id="ID678">
      <mesh>
        <source id="ID679">
          <float_array id="ID680" count="132">0.0128693 -0.0755 0.133959 0.0129 -0.0755 0.1322
            0.0129471 -0.0749617 0.1322 0.013087 -0.0744398 0.1322 0.0133153 -0.07395 0.1322
            0.0136253 -0.0735074 0.1322 0.0140074 -0.0731252 0.1322 0.01445 -0.0728153 0.1322
            0.0149397 -0.072587 0.1322 0.0154617 -0.0724471 0.1322 0.016 -0.0724 0.1322 0.0165383
            -0.0724471 0.1322 0.0170603 -0.072587 0.1322 0.01755 -0.0728153 0.1322 0.0179926
            -0.0731252 0.1322 0.0183747 -0.0735074 0.1322 0.0186847 -0.07395 0.1322 0.018913
            -0.0744398 0.1322 0.0190529 -0.0749617 0.1322 0.0191 -0.0755 0.1322 0.019159 -0.0755
            0.1355809 0.0191167 -0.0749748 0.1356733 0.0189865 -0.0744614 0.1357513 0.0187718
            -0.073976 0.1358148 0.0184776 -0.0735324 0.1358633 0.0181483 -0.0731765 0.1358934
            0.0177683 -0.072876 0.1359084 0.0173464 -0.0726362 0.135906 0.0168937 -0.0724646
            0.1358832 0.016607 -0.072395 0.135858 0.0163177 -0.0723527 0.1358239 0.0160277
            -0.0723376 0.1357802 0.0157377 -0.0723494 0.1357264 0.0154514 -0.0723876 0.1356627
            0.0151733 -0.0724509 0.1355896 0.0149039 -0.0725386 0.1355071 0.0146452 -0.0726495
            0.135416 0.0141712 -0.0729321 0.1352128 0.0137582 -0.0732891 0.1349865 0.0134181
            -0.073705 0.1347488 0.0131534 -0.0741741 0.134507 0.0130302 -0.0744872 0.1343596
            0.0129408 -0.0748139 0.1342176 0.0128864 -0.0751537 0.1340826</float_array>
          <technique_common>
            <accessor count="44" source="#ID680" stride="3">
              <param name="X" type="float" />
              <param name="Y" type="float" />
              <param name="Z" type="float" />
            </accessor>
          </technique_common>
        </source>
        <source id="ID681">
          <float_array id="ID682" count="132">0.9998477 0 0.0174524 0.9998477 0 0.0174524 0.9846578
            -0.1736217 0.0174524 0.9395495 -0.3419681 0.0174524 0.8658935 -0.4999239 0.0174524
            0.7659278 -0.6426897 0.0174524 0.6426897 -0.7659278 0.0174524 0.4999239 -0.8658935
            0.0174524 0.3419681 -0.9395495 0.0174524 0.1736217 -0.9846578 0.0174524 0 -0.9998477
            0.0174524 -0.1736217 -0.9846578 0.0174524 -0.3419681 -0.9395495 0.0174524 -0.4999239
            -0.8658935 0.0174524 -0.6426897 -0.7659278 0.0174524 -0.7659278 -0.6426897 0.0174524
            -0.8658935 -0.4999239 0.0174524 -0.9395495 -0.3419681 0.0174524 -0.9846578 -0.1736217
            0.0174524 -0.9998477 0 0.0174524 -0.9998477 0 0.0174524 -0.9859458 -0.1661515 0.0174524
            -0.9443713 -0.3284177 0.0174524 -0.8761519 -0.481719 0.0174524 -0.7829868 -0.6217934
            0.0174524 -0.678788 -0.7341269 0.0174524 -0.5587538 -0.8291499 0.0174524 -0.4253937
            -0.9048401 0.0174524 -0.2823918 -0.9591404 0.0174524 -0.1918412 -0.9812708 0.0174524
            -0.1004066 -0.9947934 0.0174524 -0.008767 -0.9998093 0.0174524 0.0829622 -0.9963999
            0.0174524 0.1735489 -0.9846706 0.0174524 0.2616334 -0.9650095 0.0174524 0.34706
            -0.9376805 0.0174524 0.4292069 -0.9030375 0.0174524 0.5800208 -0.8144147 0.0174524
            0.7118799 -0.7020844 0.0174524 0.8209466 -0.5707382 0.0174524 0.9063548 -0.4221568
            0.0174524 0.9463322 -0.3227242 0.0174524 0.9756113 -0.2188103 0.0174524 0.9937227
            -0.1105012 0.0174524</float_array>
          <technique_common>
            <accessor count="44" source="#ID682" stride="3">
              <param name="X" type="float" />
              <param name="Y" type="float" />
              <param name="Z" type="float" />
            </accessor>
          </technique_common>
        </source>
        <source id="ID683">
          <float_array id="ID684" count="88">0.4743144 1 0 1 0 0.9444444 0 0.8888888 0 0.8333333 0
            0.7777777 0 0.7222222 0 0.6666667 0 0.6111111 0 0.5555555 0 0.5 0 0.4444444 0 0.3888889
            0 0.3333333 0 0.2777778 0 0.2222223 0 0.1666667 0 0.1111111 0 0.0555555 0 0 0.9116719 0
            0.9366055 0.0531423 0.9576395 0.1065322 0.9747537 0.1600141 0.9878353 0.2136342
            0.9959558 0.2624607 1 0.311247 0.9993398 0.3601128 0.9931917 0.4088579 0.9864101
            0.4385447 0.9771913 0.4679807 0.9654205 0.4972089 0.9509224 0.5264421 0.9337265 0.555532
            0.9140186 0.5842743 0.891785 0.6128379 0.8672031 0.6412299 0.8124083 0.6969901 0.7513925
            0.7522051 0.6873076 0.8066234 0.6221058 0.8612506 0.5823628 0.8953848 0.5440595
            0.9297715 0.5076628 0.964749</float_array>
          <technique_common>
            <accessor count="44" source="#ID684" stride="2">
              <param name="S" type="float" />
              <param name="T" type="float" />
            </accessor>
          </technique_common>
        </source>
        <vertices id="ID685">
          <input semantic="POSITION" source="#ID679" />
        </vertices>
        <triangles count="42" material="ID686">
          <input semantic="VERTEX" source="#ID685" offset="0" />
          <input semantic="NORMAL" source="#ID681" offset="1" />
          <input semantic="TEXCOORD" source="#ID683" offset="2" set="0" />
          <p>0 0 0 1 1 1 43 43 43 43 43 43 1 1 1 2 2 2 42 42 42 2 2 2 3 3 3 41 41 41 3 3 3 40 40 40
            41 41 41 42 42 42 3 3 3 3 3 3 4 4 4 40 40 40 40 40 40 4 4 4 39 39 39 39 39 39 4 4 4 5 5
            5 38 38 38 5 5 5 6 6 6 37 37 37 6 6 6 7 7 7 36 36 36 7 7 7 8 8 8 35 35 35 8 8 8 34 34 34
            35 35 35 36 36 36 8 8 8 8 8 8 9 9 9 34 34 34 34 34 34 9 9 9 33 33 33 33 33 33 9 9 9 32
            32 32 32 32 32 9 9 9 10 10 10 31 31 31 10 10 10 30 30 30 31 31 31 32 32 32 10 10 10 10
            10 10 11 11 11 30 30 30 30 30 30 11 11 11 29 29 29 29 29 29 11 11 11 28 28 28 28 28 28
            11 11 11 12 12 12 27 27 27 12 12 12 13 13 13 26 26 26 13 13 13 14 14 14 25 25 25 14 14
            14 15 15 15 24 24 24 15 15 15 16 16 16 23 23 23 16 16 16 17 17 17 22 22 22 17 17 17 18
            18 18 21 21 21 18 18 18 20 20 20 21 21 21 22 22 22 18 18 18 18 18 18 19 19 19 20 20 20
            22 22 22 23 23 23 17 17 17 23 23 23 24 24 24 16 16 16 24 24 24 25 25 25 15 15 15 25 25
            25 26 26 26 14 14 14 26 26 26 27 27 27 13 13 13 27 27 27 28 28 28 12 12 12 36 36 36 37
            37 37 7 7 7 37 37 37 38 38 38 6 6 6 38 38 38 39 39 39 5 5 5 42 42 42 43 43 43 2 2 2</p>
        </triangles>
      </mesh>
    </geometry>
    <geometry id="ID687">
      <mesh>
        <source id="ID688">
          <float_array id="ID689" count="108">0.0129 -0.0755 0.1322 0.0129471 -0.0760383 0.1322
            0.013087 -0.0765602 0.1322 0.0133153 -0.07705 0.1322 0.0136253 -0.0774926 0.1322
            0.0140074 -0.0778748 0.1322 0.01445 -0.0781847 0.1322 0.0149397 -0.078413 0.1322
            0.0154617 -0.0785529 0.1322 0.016 -0.0786 0.1322 0.0165383 -0.0785529 0.1322 0.0170603
            -0.078413 0.1322 0.01755 -0.0781847 0.1322 0.0179926 -0.0778748 0.1322 0.0183747
            -0.0774926 0.1322 0.0186847 -0.07705 0.1322 0.018913 -0.0765602 0.1322 0.0190529
            -0.0760383 0.1322 0.0191 -0.0755 0.1322 0.0190529 -0.0749617 0.1322 0.018913 -0.0744398
            0.1322 0.0186847 -0.07395 0.1322 0.0183747 -0.0735074 0.1322 0.0179926 -0.0731252 0.1322
            0.01755 -0.0728153 0.1322 0.0170603 -0.072587 0.1322 0.0165383 -0.0724471 0.1322 0.016
            -0.0724 0.1322 0.0154617 -0.0724471 0.1322 0.0149397 -0.072587 0.1322 0.01445 -0.0728153
            0.1322 0.0140074 -0.0731252 0.1322 0.0136253 -0.0735074 0.1322 0.0133153 -0.07395 0.1322
            0.013087 -0.0744398 0.1322 0.0129471 -0.0749617 0.1322</float_array>
          <technique_common>
            <accessor count="36" source="#ID689" stride="3">
              <param name="X" type="float" />
              <param name="Y" type="float" />
              <param name="Z" type="float" />
            </accessor>
          </technique_common>
        </source>
        <source id="ID690">
          <float_array id="ID691" count="108">0 0 1 0 0 1 0 0 1 0 0 1 0 0 1 0 0 1 0 0 1 0 0 1 0 0 1
            0 0 1 0 0 1 0 0 1 0 0 1 0 0 1 0 0 1 0 0 1 0 0 1 0 0 1 0 0 1 0 0 1 0 0 1 0 0 1 0 0 1 0 0
            1 0 0 1 0 0 1 0 0 1 0 0 1 0 0 1 0 0 1 0 0 1 0 0 1 0 0 1 0 0 1 0 0 1 0 0 1</float_array>
          <technique_common>
            <accessor count="36" source="#ID691" stride="3">
              <param name="X" type="float" />
              <param name="Y" type="float" />
              <param name="Z" type="float" />
            </accessor>
          </technique_common>
        </source>
        <source id="ID692">
          <float_array id="ID693" count="72">0.5 1 0.4131759 0.9924039 0.3289899 0.9698464 0.25
            0.9330127 0.1786062 0.8830222 0.1169778 0.8213938 0.0669873 0.7499999 0.0301537 0.67101
            0.0075961 0.5868241 0 0.5 0.0075961 0.4131759 0.0301537 0.3289899 0.0669873 0.25
            0.1169778 0.1786062 0.1786062 0.1169778 0.25 0.0669873 0.3289899 0.0301537 0.4131759
            0.0075961 0.5 0 0.5868241 0.0075961 0.67101 0.0301537 0.7499999 0.0669873 0.8213938
            0.1169778 0.8830222 0.1786062 0.9330127 0.25 0.9698464 0.3289899 0.9924039 0.4131759 1
            0.5 0.9924039 0.5868241 0.9698464 0.67101 0.9330127 0.7499999 0.8830222 0.8213938
            0.8213938 0.8830222 0.7499999 0.9330127 0.67101 0.9698464 0.5868241 0.9924039</float_array>
          <technique_common>
            <accessor count="36" source="#ID693" stride="2">
              <param name="S" type="float" />
              <param name="T" type="float" />
            </accessor>
          </technique_common>
        </source>
        <vertices id="ID694">
          <input semantic="POSITION" source="#ID688" />
        </vertices>
        <triangles count="34" material="ID695">
          <input semantic="VERTEX" source="#ID694" offset="0" />
          <input semantic="NORMAL" source="#ID690" offset="1" />
          <input semantic="TEXCOORD" source="#ID692" offset="2" set="0" />
          <p>0 0 0 1 1 1 35 35 35 35 35 35 1 1 1 34 34 34 34 34 34 1 1 1 2 2 2 33 33 33 2 2 2 3 3 3
            32 32 32 3 3 3 4 4 4 31 31 31 4 4 4 5 5 5 30 30 30 5 5 5 6 6 6 29 29 29 6 6 6 7 7 7 28
            28 28 7 7 7 8 8 8 27 27 27 8 8 8 9 9 9 26 26 26 9 9 9 10 10 10 25 25 25 10 10 10 11 11
            11 24 24 24 11 11 11 12 12 12 23 23 23 12 12 12 13 13 13 22 22 22 13 13 13 14 14 14 21
            21 21 14 14 14 15 15 15 20 20 20 15 15 15 16 16 16 19 19 19 16 16 16 17 17 17 18 18 18
            19 19 19 17 17 17 19 19 19 20 20 20 16 16 16 20 20 20 21 21 21 15 15 15 21 21 21 22 22
            22 14 14 14 22 22 22 23 23 23 13 13 13 23 23 23 24 24 24 12 12 12 24 24 24 25 25 25 11
            11 11 25 25 25 26 26 26 10 10 10 26 26 26 27 27 27 9 9 9 27 27 27 28 28 28 8 8 8 28 28
            28 29 29 29 7 7 7 29 29 29 30 30 30 6 6 6 30 30 30 31 31 31 5 5 5 31 31 31 32 32 32 4 4
            4 32 32 32 33 33 33 3 3 3 33 33 33 34 34 34 2 2 2</p>
        </triangles>
      </mesh>
    </geometry>
    <geometry id="ID696">
      <mesh>
        <source id="ID697">
          <float_array id="ID698" count="45">-0.0284884 -0.07 0.0877476 -0.0286488 -0.07 0.085
            -0.0237803 -0.077501 0.085 -0.0195614 -0.0843654 0.085 -0.019362 -0.0847006 0.085
            -0.0159457 -0.0906652 0.085 -0.0146292 -0.0931409 0.085 -0.013606 -0.0952179 0.085
            -0.0134755 -0.095157 0.0877476 -0.0151046 -0.0919212 0.0877476 -0.0173796 -0.0878125
            0.0877476 -0.0195928 -0.0840341 0.0877476 -0.021696 -0.0805728 0.0877476 -0.0241233
            -0.076699 0.0877476 -0.0262167 -0.0734465 0.0877476</float_array>
          <technique_common>
            <accessor count="15" source="#ID698" stride="3">
              <param name="X" type="float" />
              <param name="Y" type="float" />
              <param name="Z" type="float" />
            </accessor>
          </technique_common>
        </source>
        <source id="ID699">
          <float_array id="ID700" count="45">-0.831499 -0.5547747 0.0288851 -0.8303353 -0.5531169
            0.0678603 -0.8436239 -0.5329914 0.0649534 -0.8574551 -0.5110732 0.0597902 -0.8582328
            -0.5097997 0.0595041 -0.8759931 -0.4792355 0.0544935 -0.8881565 -0.4564847 0.052912
            -0.9050657 -0.4220391 0.052336 -0.9050654 -0.4220397 0.052336 -0.8819452 -0.4685798
            0.0510457 -0.866883 -0.4962328 0.0476109 -0.857462 -0.5126821 0.0437707 -0.8503751
            -0.5246516 0.0400367 -0.8432522 -0.5363231 0.0358232 -0.8375406 -0.5454153 0.0323699</float_array>
          <technique_common>
            <accessor count="15" source="#ID700" stride="3">
              <param name="X" type="float" />
              <param name="Y" type="float" />
              <param name="Z" type="float" />
            </accessor>
          </technique_common>
        </source>
        <source id="ID701">
          <float_array id="ID702" count="30">1 0.0020997 0 0 0 0.2436287 0 0.4872573 0 0.5000001 0
            0.7500001 0 0.875 0 1 0.9999897 0.9999982 0.9999916 0.8141831 0.9999935 0.6266738
            0.9999951 0.4772176 0.9999964 0.3515087 0.9999977 0.2189987 0.9999989 0.112248</float_array>
          <technique_common>
            <accessor count="15" source="#ID702" stride="2">
              <param name="S" type="float" />
              <param name="T" type="float" />
            </accessor>
          </technique_common>
        </source>
        <vertices id="ID703">
          <input semantic="POSITION" source="#ID697" />
        </vertices>
        <triangles count="13" material="ID704">
          <input semantic="VERTEX" source="#ID703" offset="0" />
          <input semantic="NORMAL" source="#ID699" offset="1" />
          <input semantic="TEXCOORD" source="#ID701" offset="2" set="0" />
          <p>0 0 0 1 1 1 14 14 14 14 14 14 1 1 1 2 2 2 13 13 13 2 2 2 12 12 12 13 13 13 14 14 14 2 2
            2 2 2 2 3 3 3 12 12 12 12 12 12 3 3 3 11 11 11 11 11 11 3 3 3 4 4 4 10 10 10 4 4 4 5 5 5
            9 9 9 5 5 5 6 6 6 8 8 8 6 6 6 7 7 7 8 8 8 9 9 9 6 6 6 9 9 9 10 10 10 5 5 5 10 10 10 11
            11 11 4 4 4</p>
        </triangles>
      </mesh>
    </geometry>
    <geometry id="ID705">
      <mesh>
        <source id="ID706">
          <float_array id="ID707" count="156">0.0778223 -0.118 0.0333491 0.0779 -0.118 0.0378
            0.0779471 -0.1185383 0.0378 0.078087 -0.1190602 0.0378 0.0783153 -0.11955 0.0378
            0.0786253 -0.1199926 0.0378 0.0790074 -0.1203748 0.0378 0.07945 -0.1206847 0.0378
            0.0799397 -0.120913 0.0378 0.0804617 -0.1210529 0.0378 0.081 -0.1211 0.0378 0.0815383
            -0.1210529 0.0378 0.0820603 -0.120913 0.0378 0.08255 -0.1206847 0.0378 0.0829926
            -0.1203748 0.0378 0.0833747 -0.1199926 0.0378 0.0836847 -0.11955 0.0378 0.083913
            -0.1190602 0.0378 0.0840529 -0.1185383 0.0378 0.0841 -0.118 0.0378 0.0841806 -0.118
            0.0331822 0.0841645 -0.1183105 0.0332337 0.0841186 -0.1186155 0.0332867 0.084043
            -0.1189155 0.0333413 0.0839383 -0.1192078 0.0333969 0.0838063 -0.1194869 0.0334525
            0.0836482 -0.1197513 0.0335075 0.0834637 -0.120001 0.0335617 0.0832555 -0.1202318
            0.0336142 0.0830271 -0.1204401 0.0336637 0.0827783 -0.1206259 0.0337102 0.0825108
            -0.1207875 0.033753 0.0822294 -0.1209219 0.033791 0.0819359 -0.1210281 0.0338238
            0.0816313 -0.1211054 0.033851 0.0813212 -0.1211523 0.0338718 0.081009 -0.1211683
            0.0338861 0.0806944 -0.1211533 0.0338935 0.0803825 -0.1211074 0.033894 0.080079
            -0.1210315 0.0338876 0.079784 -0.1209259 0.0338742 0.0794996 -0.1207911 0.0338542
            0.0792312 -0.1206298 0.0338279 0.0789814 -0.1204441 0.033796 0.0787498 -0.1202336
            0.0337586 0.0785406 -0.1200021 0.0337165 0.0783566 -0.1197534 0.0336707 0.0781972
            -0.119487 0.0336213 0.0780642 -0.1192059 0.0335692 0.0779599 -0.1189151 0.0335154
            0.0778846 -0.1186164 0.0334606 0.0778385 -0.1183097 0.0334048</float_array>
          <technique_common>
            <accessor count="52" source="#ID707" stride="3">
              <param name="X" type="float" />
              <param name="Y" type="float" />
              <param name="Z" type="float" />
            </accessor>
          </technique_common>
        </source>
        <source id="ID708">
          <float_array id="ID709" count="156">0.9998477 0 -0.0174524 0.9998477 0 -0.0174524
            0.9846578 0.1736217 -0.0174524 0.9395495 0.3419681 -0.0174524 0.8658935 0.4999239
            -0.0174524 0.7659278 0.6426897 -0.0174524 0.6426897 0.7659278 -0.0174524 0.4999239
            0.8658935 -0.0174524 0.3419681 0.9395495 -0.0174524 0.1736217 0.9846578 -0.0174524 0
            0.9998477 -0.0174524 -0.1736217 0.9846578 -0.0174524 -0.3419681 0.9395495 -0.0174524
            -0.4999239 0.8658935 -0.0174524 -0.6426897 0.7659278 -0.0174524 -0.7659278 0.6426897
            -0.0174524 -0.8658935 0.4999239 -0.0174524 -0.9395495 0.3419681 -0.0174524 -0.9846578
            0.1736217 -0.0174524 -0.9998477 0 -0.0174524 -0.9998477 0 -0.0174524 -0.99507 0.097627
            -0.0174524 -0.9809276 0.1935881 -0.0174524 -0.9574559 0.2880513 -0.0174524 -0.9247766
            0.38011 -0.0174524 -0.8834943 0.4681167 -0.0174524 -0.8339652 0.5515409 -0.0174524
            -0.776109 0.6303572 -0.0174524 -0.7107315 0.7032469 -0.0174524 -0.638912 0.7690818
            -0.0174524 -0.5606545 0.8278659 -0.0174524 -0.4764423 0.8790325 -0.0174524 -0.3877592
            0.9215955 -0.0174524 -0.2952425 0.955263 -0.0174524 -0.1992003 0.9798034 -0.0174524
            -0.1013642 0.9946963 -0.0174524 -0.0028336 0.9998437 -0.0174524 0.0964574 0.9951841
            -0.0174524 0.1948686 0.9806741 -0.0174524 0.2906461 0.9566715 -0.0174524 0.3837231
            0.9232833 -0.0174524 0.4734226 0.8806625 -0.0174524 0.5580082 0.8296519 -0.0174524
            0.6367112 0.7709048 -0.0174524 0.7096042 0.7043843 -0.0174524 0.7754036 0.6312248
            -0.0174524 0.8332177 0.5526696 -0.0174524 0.8832394 0.4685975 -0.0174524 0.9248679
            0.379888 -0.0174524 0.957413 0.288194 -0.0174524 0.9808352 0.1940559 -0.0174524
            0.9950852 0.097472 -0.0174524</float_array>
          <technique_common>
            <accessor count="52" source="#ID709" stride="3">
              <param name="X" type="float" />
              <param name="Y" type="float" />
              <param name="Z" type="float" />
            </accessor>
          </technique_common>
        </source>
        <source id="ID710">
          <float_array id="ID711" count="104">0.9638465 1 0 1 0 0.9444444 0 0.8888888 0 0.8333333 0
            0.7777777 0 0.7222222 0 0.6666667 0 0.6111111 0 0.5555555 0 0.5 0 0.4444444 0 0.3888889
            0 0.3333333 0 0.2777778 0 0.2222223 0 0.1666667 0 0.1111111 0 0.0555555 0 0 1 0
            0.9888515 0.03113 0.9773712 0.0620221 0.9655454 0.0930219 0.9534978 0.1241338 0.9414647
            0.155093 0.9295561 0.185992 0.9178087 0.2171309 0.9064533 0.2483151 0.8957167 0.2793445
            0.8856496 0.3105168 0.8763892 0.3418998 0.8681553 0.3732288 0.8610561 0.4045846
            0.8551698 0.4361557 0.8506504 0.4676743 0.8475689 0.4990979 0.8459537 0.5307558
            0.8458471 0.5624377 0.8472492 0.5938849 0.8501355 0.6253784 0.8544795 0.6570076
            0.8601607 0.6884668 0.8670732 0.7197456 0.8751792 0.7511751 0.8842933 0.782513 0.8942128
            0.813577 0.9049002 0.8447337 0.9161928 0.8759426 0.9278352 0.9069306 0.9397159 0.9378261
            0.9517947 0.9689196</float_array>
          <technique_common>
            <accessor count="52" source="#ID711" stride="2">
              <param name="S" type="float" />
              <param name="T" type="float" />
            </accessor>
          </technique_common>
        </source>
        <vertices id="ID712">
          <input semantic="POSITION" source="#ID706" />
        </vertices>
        <triangles count="50" material="ID713">
          <input semantic="VERTEX" source="#ID712" offset="0" />
          <input semantic="NORMAL" source="#ID708" offset="1" />
          <input semantic="TEXCOORD" source="#ID710" offset="2" set="0" />
          <p>0 0 0 1 1 1 51 51 51 51 51 51 1 1 1 2 2 2 50 50 50 2 2 2 49 49 49 50 50 50 51 51 51 2 2
            2 2 2 2 3 3 3 49 49 49 49 49 49 3 3 3 48 48 48 48 48 48 3 3 3 4 4 4 47 47 47 4 4 4 46 46
            46 47 47 47 48 48 48 4 4 4 4 4 4 5 5 5 46 46 46 46 46 46 5 5 5 45 45 45 45 45 45 5 5 5
            44 44 44 44 44 44 5 5 5 6 6 6 43 43 43 6 6 6 42 42 42 43 43 43 44 44 44 6 6 6 6 6 6 7 7
            7 42 42 42 42 42 42 7 7 7 41 41 41 41 41 41 7 7 7 40 40 40 40 40 40 7 7 7 8 8 8 39 39 39
            8 8 8 9 9 9 38 38 38 9 9 9 37 37 37 38 38 38 39 39 39 9 9 9 9 9 9 10 10 10 37 37 37 37
            37 37 10 10 10 36 36 36 36 36 36 10 10 10 35 35 35 35 35 35 10 10 10 11 11 11 34 34 34
            11 11 11 33 33 33 34 34 34 35 35 35 11 11 11 11 11 11 12 12 12 33 33 33 33 33 33 12 12
            12 32 32 32 32 32 32 12 12 12 13 13 13 31 31 31 13 13 13 30 30 30 31 31 31 32 32 32 13
            13 13 13 13 13 14 14 14 30 30 30 30 30 30 14 14 14 29 29 29 29 29 29 14 14 14 28 28 28
            28 28 28 14 14 14 15 15 15 27 27 27 15 15 15 26 26 26 27 27 27 28 28 28 15 15 15 15 15
            15 16 16 16 26 26 26 26 26 26 16 16 16 25 25 25 25 25 25 16 16 16 17 17 17 24 24 24 17
            17 17 23 23 23 24 24 24 25 25 25 17 17 17 17 17 17 18 18 18 23 23 23 23 23 23 18 18 18
            22 22 22 22 22 22 18 18 18 21 21 21 21 21 21 18 18 18 19 19 19 20 20 20 21 21 21 19 19
            19 39 39 39 40 40 40 8 8 8</p>
        </triangles>
      </mesh>
    </geometry>
    <geometry id="ID714">
      <mesh>
        <source id="ID715">
          <float_array id="ID716" count="96">0.0921188 -0.162572 0.085 0.0790576 -0.1618386 0.085
            0.0661606 -0.1596472 0.085 0.0535901 -0.1560257 0.085 0.0415041 -0.1510195 0.085
            0.0300546 -0.1446915 0.085 0.0193856 -0.1371214 0.085 0.0096313 -0.1284044 0.085
            0.0009143 -0.11865 0.085 -0.0066557 -0.1079809 0.085 -0.0129836 -0.0965313 0.085
            -0.012853 -0.0964705 0.0822524 -0.0119987 -0.0982074 0.0822524 -0.0087822 -0.1041729
            0.0822524 -0.0052242 -0.1099412 0.0822524 -0.0013369 -0.1154928 0.0822524 0.0028667
            -0.1208091 0.0822524 0.0073722 -0.1258719 0.0822524 0.0121645 -0.1306642 0.0822524
            0.0172274 -0.1351698 0.0822524 0.0225436 -0.1393734 0.0822524 0.0280953 -0.1432607
            0.0822524 0.0338636 -0.1468186 0.0822524 0.039829 -0.1500352 0.0822524 0.0459714
            -0.1528994 0.0822524 0.0522699 -0.1554016 0.0822524 0.0587033 -0.1575334 0.0822524
            0.0652497 -0.1592875 0.0822524 0.071887 -0.160658 0.0822524 0.0785928 -0.1616403
            0.0822524 0.0853443 -0.162231 0.0822524 0.0921188 -0.162428 0.0822524</float_array>
          <technique_common>
            <accessor count="32" source="#ID716" stride="3">
              <param name="X" type="float" />
              <param name="Y" type="float" />
              <param name="Z" type="float" />
            </accessor>
          </technique_common>
        </source>
        <source id="ID717">
          <float_array id="ID718" count="96">0 -0.9986295 -0.052336 -0.1118117 -0.9923503 -0.052336
            -0.2222174 -0.9735915 -0.052336 -0.3298285 -0.942589 -0.052336 -0.4332917 -0.8997329
            -0.052336 -0.531306 -0.8455619 -0.052336 -0.6226387 -0.7807573 -0.052336 -0.7061413
            -0.7061341 -0.052336 -0.7807636 -0.6226308 -0.052336 -0.8455672 -0.5312974 -0.052336
            -0.8997372 -0.4332826 -0.052336 -0.8997306 -0.4332965 -0.052336 -0.892408 -0.4481841
            -0.052336 -0.8648385 -0.4993148 -0.052336 -0.8343428 -0.5487559 -0.052336 -0.8010239
            -0.5963402 -0.052336 -0.7649946 -0.6419067 -0.052336 -0.7263768 -0.6853012 -0.052336
            -0.6853012 -0.7263768 -0.052336 -0.6419067 -0.7649946 -0.052336 -0.5963402 -0.8010239
            -0.052336 -0.5487559 -0.8343428 -0.052336 -0.4993148 -0.8648385 -0.052336 -0.4481841
            -0.892408 -0.052336 -0.395537 -0.9169577 -0.052336 -0.3415514 -0.9384048 -0.052336
            -0.2864102 -0.9566766 -0.052336 -0.2302998 -0.9717113 -0.052336 -0.1734102 -0.9834581
            -0.052336 -0.1159338 -0.9918771 -0.052336 -0.0580651 -0.99694 -0.052336 0 -0.9986295
            -0.052336</float_array>
          <technique_common>
            <accessor count="32" source="#ID718" stride="3">
              <param name="X" type="float" />
              <param name="Y" type="float" />
              <param name="Z" type="float" />
            </accessor>
          </technique_common>
        </source>
        <source id="ID719">
          <float_array id="ID720" count="64">1 1 1 0.9 1 0.8 1 0.7 1 0.6 1 0.4999999 1 0.4 1 0.3 1
            0.2 1 0.1 1 0 0 0.0000137 0 0.0148211 0 0.0666727 0 0.1185242 0 0.1703757 0 0.2222272 0
            0.2740787 0 0.3259302 0 0.3777818 0 0.4296333 0 0.4814848 0 0.5333363 0 0.5851878 0
            0.6370394 0 0.6888909 0 0.7407423 0 0.7925939 0 0.8444453 0 0.896297 0 0.9481484 0 1</float_array>
          <technique_common>
            <accessor count="32" source="#ID720" stride="2">
              <param name="S" type="float" />
              <param name="T" type="float" />
            </accessor>
          </technique_common>
        </source>
        <vertices id="ID721">
          <input semantic="POSITION" source="#ID715" />
        </vertices>
        <triangles count="30" material="ID722">
          <input semantic="VERTEX" source="#ID721" offset="0" />
          <input semantic="NORMAL" source="#ID717" offset="1" />
          <input semantic="TEXCOORD" source="#ID719" offset="2" set="0" />
          <p>31 31 31 0 0 0 30 30 30 30 30 30 0 0 0 1 1 1 29 29 29 1 1 1 28 28 28 29 29 29 30 30 30
            1 1 1 1 1 1 2 2 2 28 28 28 28 28 28 2 2 2 27 27 27 27 27 27 2 2 2 26 26 26 26 26 26 2 2
            2 3 3 3 25 25 25 3 3 3 24 24 24 25 25 25 26 26 26 3 3 3 3 3 3 4 4 4 24 24 24 24 24 24 4
            4 4 23 23 23 23 23 23 4 4 4 22 22 22 22 22 22 4 4 4 5 5 5 21 21 21 5 5 5 20 20 20 21 21
            21 22 22 22 5 5 5 5 5 5 6 6 6 20 20 20 20 20 20 6 6 6 19 19 19 19 19 19 6 6 6 7 7 7 18
            18 18 7 7 7 17 17 17 18 18 18 19 19 19 7 7 7 7 7 7 8 8 8 17 17 17 17 17 17 8 8 8 16 16
            16 16 16 16 8 8 8 15 15 15 15 15 15 8 8 8 9 9 9 14 14 14 9 9 9 13 13 13 14 14 14 15 15
            15 9 9 9 9 9 9 10 10 10 13 13 13 13 13 13 10 10 10 12 12 12 12 12 12 10 10 10 11 11 11</p>
        </triangles>
      </mesh>
    </geometry>
    <geometry id="ID723">
      <mesh>
        <source id="ID724">
          <float_array id="ID725" count="117">0.0921188 -0.057572 0.0822524 0.096 -0.057572
            0.0822524 0.096 -0.0587777 0.0734879 0.096 -0.0614381 0.0650503 0.096 -0.0654775
            0.0571792 0.096 -0.0707812 0.0500982 0.096 -0.0771986 0.0440083 0.096 -0.0845475
            0.0390825 0.096 -0.0926191 0.0354606 0.096 -0.1011844 0.0332454 0.096 -0.11 0.0325 0.096
            -0.1188156 0.0332454 0.096 -0.1273809 0.0354606 0.096 -0.1354525 0.0390825 0.096
            -0.1428014 0.0440083 0.096 -0.1492188 0.0500982 0.096 -0.1545225 0.0571792 0.096
            -0.1585619 0.0650503 0.096 -0.1612223 0.0734879 0.096 -0.162428 0.0822524 0.0921188
            -0.162428 0.0822524 0.0921188 -0.1623109 0.0805477 0.0921188 -0.160806 0.0717711
            0.0921188 -0.1578395 0.0633752 0.0921188 -0.1534968 0.0556013 0.0921188 -0.1479027
            0.0486732 0.0921188 -0.1412183 0.0427901 0.0921188 -0.1336357 0.0381214 0.0921188
            -0.1253732 0.0348012 0.0921188 -0.1166685 0.0329252 0.0921188 -0.1077719 0.0325473
            0.0921188 -0.0989393 0.0336783 0.0921188 -0.090425 0.0362858 0.0921188 -0.0824739
            0.0402947 0.0921188 -0.0753146 0.0455897 0.0921188 -0.0691531 0.0520185 0.0921188
            -0.0641667 0.059396 0.0921188 -0.060499 0.0675102 0.0921188 -0.0582552 0.0761275</float_array>
          <technique_common>
            <accessor count="39" source="#ID725" stride="3">
              <param name="X" type="float" />
              <param name="Y" type="float" />
              <param name="Z" type="float" />
            </accessor>
          </technique_common>
        </source>
        <source id="ID726">
          <float_array id="ID727" count="117">0 0.9986295 -0.052336 0 0.9986295 -0.052336 0
            0.9756623 -0.2192786 0 0.9249888 -0.3799944 0 0.8480481 -0.5299193 0 0.7470251
            -0.6647959 0 0.6247885 -0.780794 0 0.4848096 -0.8746197 0 0.3310634 -0.9436085 0
            0.1679159 -0.9858013 0 0 -1 0 -0.1679159 -0.9858013 0 -0.3310634 -0.9436085 0 -0.4848096
            -0.8746197 0 -0.6247885 -0.780794 0 -0.7470251 -0.6647959 0 -0.8480481 -0.5299193 0
            -0.9249888 -0.3799944 0 -0.9756623 -0.2192786 0 -0.9986295 -0.052336 0 -0.9986295
            -0.052336 0 -0.9963975 -0.0848059 0 -0.967733 -0.2519781 0 -0.9112285 -0.4119012 0
            -0.8285096 -0.5599748 0 -0.7219561 -0.6919389 0 -0.5946332 -0.8039972 0 -0.4502037
            -0.8929259 0 -0.2928228 -0.9561667 0 -0.1270178 -0.9919004 0 0.0424412 -0.999099 0
            0.2106793 -0.9775552 0 0.3728565 -0.927889 0 0.5243073 -0.8515291 0 0.6606748 -0.7506723
            0 0.7780358 -0.62822 0 0.8730141 -0.4876949 0 0.9428775 -0.3331398 0 0.9856159
            -0.1690008</float_array>
          <technique_common>
            <accessor count="39" source="#ID727" stride="3">
              <param name="X" type="float" />
              <param name="Y" type="float" />
              <param name="Z" type="float" />
            </accessor>
          </technique_common>
        </source>
        <source id="ID728">
          <float_array id="ID729" count="78">0 1 1 1 1 0.9444445 1 0.8888889 1 0.8333333 1 0.7777779
            1 0.7222223 1 0.6666667 1 0.6111111 1 0.5555556 1 0.5000001 1 0.4444444 1 0.3888889 1
            0.3333333 1 0.2777778 1 0.2222223 1 0.1666667 1 0.1111112 1 0.0555556 1 0 0 0 0
            0.0107177 0 0.0666356 0 0.1225536 0 0.1784716 0 0.2343896 0 0.2903076 0 0.3462256 0
            0.4021436 0 0.4580615 0 0.5139795 0 0.5698975 0 0.6258155 0 0.6817335 0 0.7376515 0
            0.7935694 0 0.8494874 0 0.9054054 0 0.9613234</float_array>
          <technique_common>
            <accessor count="39" source="#ID729" stride="2">
              <param name="S" type="float" />
              <param name="T" type="float" />
            </accessor>
          </technique_common>
        </source>
        <vertices id="ID730">
          <input semantic="POSITION" source="#ID724" />
        </vertices>
        <triangles count="37" material="ID731">
          <input semantic="VERTEX" source="#ID730" offset="0" />
          <input semantic="NORMAL" source="#ID726" offset="1" />
          <input semantic="TEXCOORD" source="#ID728" offset="2" set="0" />
          <p>0 0 0 1 1 1 38 38 38 38 38 38 1 1 1 2 2 2 37 37 37 2 2 2 3 3 3 36 36 36 3 3 3 4 4 4 35
            35 35 4 4 4 5 5 5 34 34 34 5 5 5 6 6 6 33 33 33 6 6 6 7 7 7 32 32 32 7 7 7 8 8 8 31 31
            31 8 8 8 9 9 9 30 30 30 9 9 9 10 10 10 29 29 29 10 10 10 11 11 11 28 28 28 11 11 11 12
            12 12 27 27 27 12 12 12 13 13 13 26 26 26 13 13 13 14 14 14 25 25 25 14 14 14 15 15 15
            24 24 24 15 15 15 16 16 16 23 23 23 16 16 16 17 17 17 22 22 22 17 17 17 18 18 18 21 21
            21 18 18 18 19 19 19 20 20 20 21 21 21 19 19 19 21 21 21 22 22 22 18 18 18 22 22 22 23
            23 23 17 17 17 23 23 23 24 24 24 16 16 16 24 24 24 25 25 25 15 15 15 25 25 25 26 26 26
            14 14 14 26 26 26 27 27 27 13 13 13 27 27 27 28 28 28 12 12 12 28 28 28 29 29 29 11 11
            11 29 29 29 30 30 30 10 10 10 30 30 30 31 31 31 9 9 9 31 31 31 32 32 32 8 8 8 32 32 32
            33 33 33 7 7 7 33 33 33 34 34 34 6 6 6 34 34 34 35 35 35 5 5 5 35 35 35 36 36 36 4 4 4
            36 36 36 37 37 37 3 3 3 37 37 37 38 38 38 2 2 2</p>
        </triangles>
      </mesh>
    </geometry>
    <geometry id="ID732">
      <mesh>
        <source id="ID733">
          <float_array id="ID734" count="60">0.0921188 -0.057572 0.0822524 0.0914412 -0.0575522
            0.0822524 0.0900951 -0.0573949 0.0822524 0.0887763 -0.0570823 0.0822524 0.0875028
            -0.0566188 0.0822524 0.0862917 -0.0560106 0.0822524 0.0851593 -0.0552658 0.0822524
            0.0841211 -0.0543947 0.0822524 0.0831911 -0.0534089 0.0822524 0.0823818 -0.0523218
            0.0822524 0.0817041 -0.0511481 0.0822524 0.0815564 -0.050843 0.0822523 0.0816869
            -0.0507821 0.085 0.0826085 -0.0524016 0.085 0.0837794 -0.0538512 0.085 0.0851688
            -0.0550929 0.085 0.0867404 -0.0560941 0.085 0.0884529 -0.0568286 0.085 0.0902615
            -0.0572771 0.085 0.0921188 -0.057428 0.085</float_array>
          <technique_common>
            <accessor count="20" source="#ID734" stride="3">
              <param name="X" type="float" />
              <param name="Y" type="float" />
              <param name="Z" type="float" />
            </accessor>
          </technique_common>
        </source>
        <source id="ID735">
          <float_array id="ID736" count="60">0 0.9986295 -0.052336 0.0580651 0.99694 -0.052336
            0.1734102 0.9834581 -0.052336 0.2864102 0.9566766 -0.052336 0.395537 0.9169577 -0.052336
            0.4993148 0.8648385 -0.052336 0.5963402 0.8010239 -0.052336 0.6853012 0.7263768
            -0.052336 0.7649946 0.6419067 -0.052336 0.8343428 0.5487559 -0.052336 0.892408 0.4481841
            -0.052336 0.9050649 0.4220408 -0.052336 0.9050657 0.4220391 -0.052336 0.8251064 0.562548
            -0.052336 0.7235227 0.6883137 -0.052336 0.6029769 0.7960401 -0.052336 0.4666283
            0.8829038 -0.052336 0.3180502 0.9466283 -0.052336 0.1611366 0.9855435 -0.052336 0
            0.9986295 -0.052336</float_array>
          <technique_common>
            <accessor count="20" source="#ID736" stride="3">
              <param name="X" type="float" />
              <param name="Y" type="float" />
              <param name="Z" type="float" />
            </accessor>
          </technique_common>
        </source>
        <source id="ID737">
          <float_array id="ID738" count="40">0.9999918 0 0.9999918 0.051282 0.9999918 0.1538461
            0.9999918 0.2564103 0.9999918 0.3589744 0.9999918 0.4615385 0.9999918 0.5641025
            0.9999918 0.6666667 0.9999918 0.7692308 0.9999918 0.8717948 0.9999918 0.974359 1
            0.9999983 0 1 0 0.8571429 0 0.7142858 0 0.5714285 0 0.4285714 0 0.2857143 0 0.1428571 0
            0</float_array>
          <technique_common>
            <accessor count="20" source="#ID738" stride="2">
              <param name="S" type="float" />
              <param name="T" type="float" />
            </accessor>
          </technique_common>
        </source>
        <vertices id="ID739">
          <input semantic="POSITION" source="#ID733" />
        </vertices>
        <triangles count="18" material="ID740">
          <input semantic="VERTEX" source="#ID739" offset="0" />
          <input semantic="NORMAL" source="#ID735" offset="1" />
          <input semantic="TEXCOORD" source="#ID737" offset="2" set="0" />
          <p>0 0 0 1 1 1 19 19 19 19 19 19 1 1 1 18 18 18 18 18 18 1 1 1 2 2 2 3 3 3 18 18 18 2 2 2
            3 3 3 17 17 17 18 18 18 3 3 3 4 4 4 17 17 17 17 17 17 4 4 4 16 16 16 16 16 16 4 4 4 5 5
            5 15 15 15 5 5 5 6 6 6 7 7 7 15 15 15 6 6 6 7 7 7 14 14 14 15 15 15 7 7 7 8 8 8 14 14 14
            14 14 14 8 8 8 13 13 13 13 13 13 8 8 8 9 9 9 12 12 12 9 9 9 10 10 10 11 11 11 12 12 12
            10 10 10 12 12 12 13 13 13 9 9 9 15 15 15 16 16 16 5 5 5</p>
        </triangles>
      </mesh>
    </geometry>
    <geometry id="ID741">
      <mesh>
        <source id="ID742">
          <float_array id="ID743" count="18">-0.012853 -0.0964705 0.0822524 -0.0129836 -0.0965313
            0.085 -0.0131929 -0.0960944 0.085 -0.0134003 -0.0956566 0.085 -0.013606 -0.0952179 0.085
            -0.0134755 -0.095157 0.0822524</float_array>
          <technique_common>
            <accessor count="6" source="#ID743" stride="3">
              <param name="X" type="float" />
              <param name="Y" type="float" />
              <param name="Z" type="float" />
            </accessor>
          </technique_common>
        </source>
        <source id="ID744">
          <float_array id="ID745" count="18">-0.8997306 -0.4332965 -0.052336 -0.8997372 -0.4332826
            -0.052336 -0.901529 -0.4295422 -0.052336 -0.9033051 -0.4257943 -0.052336 -0.9050657
            -0.4220391 -0.052336 -0.9050658 -0.4220389 -0.052336</float_array>
          <technique_common>
            <accessor count="6" source="#ID745" stride="3">
              <param name="X" type="float" />
              <param name="Y" type="float" />
              <param name="Z" type="float" />
            </accessor>
          </technique_common>
        </source>
        <source id="ID746">
          <float_array id="ID747" count="12">0 1 1 0.9987673 1 0.6658512 1 0.3329352 1 0.0000215
            0.0000101 0</float_array>
          <technique_common>
            <accessor count="6" source="#ID747" stride="2">
              <param name="S" type="float" />
              <param name="T" type="float" />
            </accessor>
          </technique_common>
        </source>
        <vertices id="ID748">
          <input semantic="POSITION" source="#ID742" />
        </vertices>
        <triangles count="4" material="ID749">
          <input semantic="VERTEX" source="#ID748" offset="0" />
          <input semantic="NORMAL" source="#ID744" offset="1" />
          <input semantic="TEXCOORD" source="#ID746" offset="2" set="0" />
          <p>1 1 1 2 2 2 0 0 0 0 0 0 2 2 2 3 3 3 5 5 5 3 3 3 4 4 4 5 5 5 0 0 0 3 3 3</p>
        </triangles>
      </mesh>
    </geometry>
    <geometry id="ID750">
      <mesh>
        <source id="ID751">
          <float_array id="ID752" count="717">0.0815564 -0.050843 0.0822523 0.0806688 -0.0512568
            0.0745465 0.0799026 -0.0516141 0.0710158 0.0786539 -0.0521964 0.0667495 0.0768662
            -0.05303 0.062122 0.0753839 -0.0537213 0.0590138 0.0730574 -0.0548061 0.0549515
            0.0705658 -0.055968 0.0513541 0.0686927 -0.0568414 0.0490229 0.0638767 -0.0590872
            0.0441042 0.0635311 -0.0592483 0.0438002 0.0586625 -0.0615186 0.0400759 0.0530743
            -0.0641244 0.0368837 0.0521627 -0.0645494 0.036457 0.047115 -0.0669032 0.0345211
            0.0407672 -0.0698633 0.0330274 0.0340404 -0.0730001 0.0324999 0.0332815 -0.0713716
            0.0324775 0.0327075 -0.0701409 0.0324246 0.0310375 -0.0665602 0.0320159 0.0307836
            -0.066016 0.0319068 0.029717 -0.063728 0.0312252 0.0292395 -0.0627039 0.0307498
            0.0288046 -0.0617731 0.0301707 0.0285869 -0.061306 0.0298065 0.028351 -0.060799
            0.0293352 0.0281351 -0.0603367 0.0288139 0.0280827 -0.0602249 0.0286713 0.0277741
            -0.0595632 0.027648 0.0275672 -0.0591179 0.0267038 0.0272857 -0.058515 0.0247581
            0.027241 -0.0584183 0.0243148 0.0270768 -0.0580656 0.0219435 0.0270616 -0.0580331
            0.0216157 0.0270407 -0.0579887 0.021109 0.0269433 -0.0577797 0.0160001 0.0290683
            -0.0567404 0.016 0.0323465 -0.0549376 0.016 0.0383348 -0.05094 0.016 0.0436566
            -0.0464601 0.016 0.044057 -0.0460806 0.016 0.0483525 -0.0415509 0.016 0.0524687
            -0.0362144 0.016 0.0559967 -0.0304763 0.016 0.0560604 -0.0303591 0.016 0.0589366
            -0.0243088 0.016 0.0612461 -0.0177019 0.016 0.0628646 -0.0106058 0.016 0.0632851
            -0.0077094 0.016 0.0636854 -0.0029344 0.016 0.063753 0 0.016 0.0635217 0.0054254 0.016
            0.0630362 0.0095334 0.016 0.0631764 0.0095988 0.0242132 0.0632842 0.009649 0.0305264
            0.0634342 0.0097191 0.0393208 0.0635533 0.0097746 0.0463009 0.063692 0.0098392 0.0544285
            0.0640494 0.010006 0.0753918 0.0641664 0.0100605 0.0822524 0.0663477 -0.0023572
            0.0822524 0.0670449 -0.0058008 0.0822524 0.0673745 -0.0073559 0.0822524 0.0681561
            -0.0108762 0.0822524 0.0697096 -0.0172654 0.0822524 0.0702152 -0.019194 0.0822524
            0.0707722 -0.0212435 0.0822524 0.0726355 -0.0275951 0.0822524 0.0752404 -0.0354151
            0.0822523 0.0755441 -0.0362601 0.0822523 0.0763716 -0.0385004 0.0822523 0.0782541
            -0.0432924 0.0822523 0.0812806 -0.0502484 0.0822523 0.0616034 -0.0323869 0.0434457
            0.0482345 -0.0508524 0.0338563 0.0720425 -0.0473846 0.0578893 0.0711957 -0.0528301
            0.0537034 0.0754682 -0.0514051 0.0609154 0.0380037 -0.0589069 0.0316034 0.0561054
            -0.0592322 0.0391778 0.0527349 -0.0638392 0.0368007 0.0318457 -0.0625877 0.0312243
            0.0374634 -0.0673365 0.0326793 0.0428008 -0.0633831 0.0336466 0.0344357 -0.069194
            0.0324529 0.0344084 -0.0648803 0.0321282 0.0311839 -0.0666724 0.0320429 0.040234
            -0.0653936 0.0330899 0.0350116 -0.0607762 0.0313516 0.037384 -0.0630056 0.0323919
            0.040167 -0.0610668 0.0327936 0.0434652 -0.0549946 0.0324818 0.0474476 -0.0592001
            0.0351089 0.0515546 -0.0548378 0.036958 0.0451979 -0.061316 0.0343249 0.0408229
            -0.0569802 0.0319792 0.0427819 -0.0590722 0.0333159 0.0452392 -0.0570252 0.033951
            0.0495637 -0.0570397 0.0359886 0.045933 -0.0529512 0.0331094 0.0475454 -0.054928
            0.0346945 0.0497072 -0.0527829 0.0355415 0.055971 -0.0419692 0.0378969 0.0616973
            -0.0496364 0.0447555 0.0658494 -0.0395623 0.0513652 0.0590785 -0.0544932 0.0418397
            0.0636807 -0.0589045 0.0440225 0.0656878 -0.0538445 0.0473769 0.0639639 -0.0446627
            0.0479238 0.0673948 -0.0486849 0.0509462 0.0687837 -0.0434195 0.0547436 0.0583711
            -0.045649 0.0416581 0.0551854 -0.0503173 0.0391486 0.0570185 -0.0523676 0.0405754
            0.0599332 -0.0476091 0.0432792 0.0537109 -0.0569954 0.0381533 0.0523798 -0.0465029
            0.035678 0.0536261 -0.0483581 0.0375255 0.0570423 -0.0437663 0.0398698 0.06341
            -0.0358694 0.0476322 0.0611189 -0.0408351 0.0444815 0.0624551 -0.0427202 0.0462645
            0.0645579 -0.037692 0.0495502 0.0590449 -0.0372637 0.0404866 0.0599768 -0.0390145
            0.0425593 0.0624214 -0.0340999 0.0456 0.0661995 -0.0110067 0.0593229 0.0713 -0.0242305
            0.077593 0.0726615 -0.0361365 0.0670314 0.0773239 -0.0434503 0.0746526 0.0783383
            -0.0495142 0.0691327 0.0794968 -0.0470546 0.0785767 0.0757769 -0.0372095 0.0805543
            0.0725586 -0.0418292 0.0623123 0.0754411 -0.0456693 0.0657278 0.0750185 -0.039802
            0.0708235 0.0722484 -0.0302725 0.0721204 0.0740788 -0.0337629 0.0762899 0.0726161
            -0.0275501 0.0821312 0.0650711 -0.0220854 0.0505459 0.0682503 -0.0289063 0.0592302
            0.0684819 -0.0175296 0.0686499 0.0672999 -0.0343174 0.0551185 0.0697991 -0.03803
            0.0588087 0.0703623 -0.0324904 0.0631979 0.0686451 -0.0233106 0.0637401 0.0703947
            -0.0267743 0.0679675 0.0698825 -0.0208773 0.0731275 0.0636229 -0.0273311 0.046791
            0.0664537 -0.0254271 0.0550364 0.0652041 -0.0307387 0.0511392 0.0659254 -0.0166424
            0.0547264 0.0671233 -0.0199227 0.0593494 0.0672213 -0.0142285 0.064072 0.0653597
            0.0007261 0.0695106 0.0669019 -0.005551 0.0793682 0.0678453 -0.0115912 0.0738991
            0.0689247 -0.0148322 0.0786069 0.0605881 -0.0205203 0.0222474 0.0466538 -0.0445626
            0.0240262 0.0365414 -0.0526564 0.0216885 0.0303802 -0.0563362 0.0213117 0.0292387
            -0.0588392 0.0276114 0.0357922 -0.0552898 0.027707 0.0300471 -0.060549 0.0297727
            0.0295116 -0.0596505 0.0287862 0.0365016 -0.0569666 0.0299394 0.0333546 -0.0587845
            0.0297985 0.034079 -0.0597457 0.0306496 0.0371592 -0.0579057 0.0308384 0.0308338
            -0.0615309 0.0305792 0.0360445 -0.0560942 0.0288966 0.0294339 -0.0574629 0.0247308
            0.0325989 -0.0570922 0.0275994 0.0335646 -0.0545308 0.0214257 0.0327422 -0.0556987
            0.024756 0.0358626 -0.053872 0.0249159 0.0419343 -0.0487214 0.0226161 0.0415853
            -0.0514877 0.0283477 0.0465925 -0.0474245 0.0295517 0.0422283 -0.0531425 0.0306276
            0.0394635 -0.0550873 0.0302129 0.0400607 -0.0560063 0.0311551 0.0427745 -0.0540446
            0.0316065 0.0441813 -0.0494868 0.0288835 0.0447995 -0.0511334 0.0311811 0.0471886
            -0.0490637 0.0318652 0.0393276 -0.0507187 0.022088 0.038791 -0.0534227 0.0279541
            0.0387878 -0.0519805 0.0252156 0.0415181 -0.0500242 0.0256552 0.0443727 -0.0466681
            0.0232648 0.0440617 -0.0480059 0.0262285 0.0464312 -0.0459298 0.0269265 0.0479351
            -0.042106 0.0176264 0.0600474 -0.0261053 0.0335979 0.054376 -0.0356746 0.0280771
            0.0546491 -0.0386476 0.0333629 0.0509168 -0.0431345 0.0312451 0.0514737 -0.0447606
            0.0335867 0.0551723 -0.0402627 0.0357286 0.0507818 -0.0402073 0.0258604 0.0506969
            -0.0416202 0.028662 0.0543912 -0.0371208 0.030807 0.0604937 -0.0291359 0.0387595
            0.0578377 -0.0339802 0.0358703 0.0583318 -0.0355856 0.038257 0.0609611 -0.0307324
            0.0411652 0.0574638 -0.0309737 0.0306569 0.057554 -0.0324448 0.0333329 0.0601936
            -0.027595 0.0362339 0.0549363 -0.0329785 0.022194 0.051666 -0.0376188 0.0197451
            0.0584982 -0.0255527 0.0189525 0.0577628 -0.0281907 0.024961 0.060139 -0.0232534
            0.0280508 0.0642909 0.0011568 0.0387649 0.0634595 -0.0100206 0.0297751 0.063626
            -0.0158406 0.0406187 0.0649401 -0.0048235 0.0492626 0.0621103 -0.0210638 0.0369122
            0.0626026 -0.0241097 0.0420408 0.0641394 -0.0188935 0.0457322 0.0645697 -0.0104273
            0.0447352 0.0650852 -0.0134809 0.0498472 0.0654507 -0.0078755 0.0543781 0.0622549
            -0.0153472 0.0258456 0.0620424 -0.018159 0.0314794 0.06344 -0.0128965 0.0352705
            0.0641524 -0.004524 0.0340713 0.0642949 -0.0074537 0.0394507 0.064586 -0.0018236
            0.0440349 0.0659654 -0.005202 0.0642835 0.063891 0.0070165 0.0438444 0.0642164 0.0068706
            0.0593671 0.0647839 0.0009552 0.0541674 0.0636608 -0.0043229 0.0186678 0.0635774
            0.0071585 0.0283133 0.0638894 0.001328 0.0232968</float_array>
          <technique_common>
            <accessor count="239" source="#ID752" stride="3">
              <param name="X" type="float" />
              <param name="Y" type="float" />
              <param name="Z" type="float" />
            </accessor>
          </technique_common>
        </source>
        <source id="ID753">
          <float_array id="ID754" count="717">0.9051507 0.4218 -0.0527926 0.8884315 0.4135393
            -0.199185 0.8741052 0.4062136 -0.2663278 0.8503867 0.394958 -0.3476358 0.8162265
            0.3793001 -0.4357817 0.7879127 0.3663369 -0.4949654 0.7434626 0.3459275 -0.5723614
            0.6959139 0.3239968 -0.6408822 0.6602476 0.3073592 -0.6852763 0.5686523 0.264293
            -0.7789632 0.5620817 0.261204 -0.7847526 0.4694442 0.2177466 -0.8556919 0.36282
            0.1685113 -0.9164963 0.3453774 0.1605733 -0.9246246 0.2487241 0.1168417 -0.9615011
            0.1277919 0.0605479 -0.9899511 -0.0000638 0.0006546 -0.9999998 0.0109855 -0.0245795
            -0.9996375 0.0214622 -0.047558 -0.9986379 0.0699648 -0.1512965 -0.9860093 0.0808635
            -0.1744677 -0.9813369 0.1444249 -0.3101089 -0.9396669 0.1853087 -0.3977931 -0.8985663
            0.2316863 -0.4970203 -0.836237 0.2577352 -0.5529822 -0.7923278 0.28724 -0.6165054
            -0.7330854 0.3156204 -0.6776385 -0.6642212 0.3225476 -0.6925479 -0.6452445 0.3620315
            -0.7772146 -0.5146558 0.3850743 -0.8261615 -0.4113088 0.4094075 -0.8776132 -0.2493604
            0.4122886 -0.8836997 -0.2215693 0.4200247 -0.9001292 -0.1155277 0.4205115 -0.9012122
            -0.1048174 0.4211035 -0.9025744 -0.0896174 0.4225659 -0.9061677 -0.0172662 0.4559939
            -0.8898233 -0.0168565 0.5073259 -0.8616057 -0.0160014 0.6012512 -0.7988958 -0.0161988
            0.6846233 -0.7286609 -0.0185513 0.6908994 -0.7227095 -0.0186833 0.7583254 -0.6515934
            -0.0191989 0.8228237 -0.5679919 -0.0186105 0.8782095 -0.4779291 -0.0182201 0.8792056
            -0.4760942 -0.0182157 0.9242901 -0.3812629 -0.0180645 0.9605176 -0.27762 -0.0182481
            0.9859025 -0.1662829 -0.0186079 0.9924932 -0.1208637 -0.018685 0.9987628 -0.046074
            -0.0187074 0.9998265 0.0000133 -0.0186261 0.9962111 0.0850838 -0.0180088 0.9886557
            0.1491153 -0.0180118 0.9886966 0.1488372 -0.0180678 0.9886334 0.1492576 -0.0180589
            0.9885033 0.1501159 -0.0180641 0.988386 0.1508864 -0.0180633 0.9882578 0.151724
            -0.0180649 0.9877384 0.1550696 -0.0180604 0.9877019 0.1553496 -0.0176491 0.9810265
            0.1925772 -0.0223833 0.978524 0.2046575 -0.0246167 0.9773027 0.2102827 -0.0257014
            0.9743243 0.2233624 -0.0283066 0.9677873 0.249502 -0.0337102 0.965565 0.2577431
            -0.0353956 0.963076 0.2666499 -0.0371814 0.9541067 0.2964005 -0.0427447 0.9406622
            0.3358203 -0.0487783 0.9390402 0.3402471 -0.0493496 0.9345658 0.3521573 -0.050715
            0.9240822 0.3785294 -0.0527983 0.9066572 0.4185338 -0.0529369 0.8979834 -0.1534327
            -0.4124128 0.5848402 -0.3313339 -0.7403917 0.8107919 0.293727 -0.5063013 0.7403678
            0.3131682 -0.5947951 0.8134556 0.3582593 -0.4581925 0.3103222 -0.3281025 -0.8922157
            0.4711246 0.1513361 -0.8689873 0.3624206 0.1607173 -0.918053 0.1829575 -0.303959
            -0.9349521 0.1215947 -0.014406 -0.9924753 0.2469999 -0.0050209 -0.9690025 0.0565145
            -0.0342293 -0.9978148 0.1338897 -0.1268503 -0.9828441 0.0683961 -0.1443585 -0.9871588
            0.1840061 -0.004855 -0.9829131 0.2438121 -0.3123124 -0.9181594 0.1980473 -0.1265587
            -0.9719877 0.2647156 -0.1376617 -0.9544501 0.4533306 -0.3437032 -0.8224108 0.3769459
            -0.0237453 -0.9259309 0.5058026 -0.0470003 -0.8613679 0.3114149 -0.0124145 -0.9501929
            0.3815736 -0.3397681 -0.8596274 0.3346442 -0.1531269 -0.9298201 0.4058361 -0.1670189
            -0.8985553 0.4422877 -0.0359163 -0.8961537 0.5218361 -0.3403425 -0.7822111 0.475367
            -0.1769228 -0.8618147 0.5409526 -0.1822626 -0.8210667 0.7768339 -0.2613758 -0.5728977
            0.6780114 0.112145 -0.7264462 0.8381698 0.1001712 -0.5361316 0.5780983 0.1318945
            -0.8052367 0.5684127 0.2602644 -0.7804931 0.6592537 0.2426538 -0.7116908 0.7656875
            0.0996152 -0.6354521 0.744018 0.2227757 -0.6299271 0.81789 0.2086482 -0.5362105
            0.7221482 -0.0647703 -0.6886993 0.6226859 -0.0621019 -0.7800036 0.5959288 0.0434209
            -0.8018625 0.6973452 0.0288334 -0.7161552 0.4826241 0.0643248 -0.8734623 0.6919978
            -0.3017533 -0.6558079 0.6561362 -0.1804044 -0.7327616 0.7497651 -0.1639144 -0.6410806
            0.8683106 -0.026654 -0.4953042 0.8035597 -0.0532372 -0.5928386 0.7831866 0.0259789
            -0.6212438 0.8525522 0.0382183 -0.5212429 0.8443202 -0.2118896 -0.4921649 0.8246875
            -0.1341992 -0.5494371 0.8839363 -0.0916664 -0.4585344 0.9883937 0.0972504 -0.1167054
            0.9579317 0.2713687 -0.0934122 0.9135443 0.2756834 -0.2990576 0.9120957 0.3633321
            -0.1899243 0.8723235 0.3849322 -0.3014613 0.9104901 0.3954948 -0.1207961 0.9362652
            0.3429751 -0.0759967 0.8696441 0.2796164 -0.4068584 0.8693705 0.3382336 -0.3602679
            0.9121471 0.3239793 -0.251048 0.9420258 0.277105 -0.1892091 0.9392743 0.3141733
            -0.138054 0.9542115 0.2958614 -0.0441175 0.9668841 -0.019752 -0.2544502 0.9334275
            0.1424752 -0.3292627 0.9697462 0.1960639 -0.1454347 0.8941069 0.1155281 -0.4326964
            0.8771665 0.2059387 -0.4337836 0.9201857 0.2153083 -0.3269566 0.9574983 0.1728608
            -0.2309028 0.947625 0.2298942 -0.2217106 0.9625621 0.2381338 -0.1294857 0.9388852
            -0.0878942 -0.33282 0.9509026 0.0608649 -0.3034462 0.917274 0.0131074 -0.398041
            0.9825478 0.0443506 -0.1806458 0.9705034 0.1084965 -0.2152942 0.9792595 0.1469791
            -0.139456 0.9875242 0.153345 -0.0357942 0.9790551 0.2001923 -0.0370699 0.9753792
            0.2054851 -0.0800711 0.9705334 0.2333994 -0.0599132 0.9478523 -0.3142773 -0.0529704
            0.7178034 -0.6677296 -0.1972195 0.5577596 -0.8202386 -0.1269362 0.4706703 -0.8770018
            -0.0966299 0.378076 -0.7726051 -0.5100392 0.461136 -0.7316064 -0.5021013 0.277553
            -0.5514426 -0.7866863 0.3315841 -0.675335 -0.6587675 0.3839737 -0.5538163 -0.7388178
            0.3263081 -0.5548018 -0.7653222 0.2813328 -0.4303286 -0.8577116 0.3446214 -0.4407299
            -0.8288505 0.2253778 -0.4214239 -0.8784115 0.4241537 -0.6542959 -0.6260915 0.437048
            -0.8646342 -0.2477836 0.4154539 -0.7566669 -0.5048299 0.5154934 -0.8500679 -0.1079401
            0.4764752 -0.8401054 -0.2592187 0.518342 -0.8090022 -0.277195 0.6411174 -0.748992
            -0.1672708 0.5678525 -0.6607043 -0.4909312 0.6681508 -0.579094 -0.4671452 0.5125501
            -0.5243368 -0.6799731 0.4479108 -0.5432239 -0.7101293 0.4133328 -0.4431303 -0.7954819
            0.4824015 -0.4365531 -0.7594143 0.620019 -0.6202346 -0.4805054 0.5739377 -0.4997997
            -0.6486878 0.6300015 -0.4720344 -0.6166698 0.599862 -0.7863387 -0.1477732 0.513633
            -0.6986698 -0.4980379 0.5637968 -0.7716658 -0.2943893 0.610122 -0.7301257 -0.3076811
            0.6806336 -0.7091698 -0.1838915 0.6548601 -0.6864299 -0.3161838 0.696612 -0.6420293
            -0.3202032 0.7508931 -0.6591076 -0.0416748 0.9293234 -0.3126074 -0.1965569 0.8411841
            -0.4943171 -0.2192258 0.8181906 -0.4176957 -0.395088 0.7509999 -0.4976901 -0.4339398
            0.7248986 -0.4119203 -0.5521265 0.8001812 -0.3483843 -0.4881992 0.7844261 -0.5820358
            -0.2142662 0.7700588 -0.5535265 -0.3172033 0.8312856 -0.4660452 -0.3029293 0.918178
            -0.2542777 -0.303796 0.8732315 -0.3371248 -0.3518716 0.8607152 -0.2809474 -0.4245444
            0.9094797 -0.2085438 -0.3596613 0.8893682 -0.4044791 -0.2131217 0.8823814 -0.3782859
            -0.2798263 0.9245139 -0.2890754 -0.248414 0.858539 -0.5045336 -0.0914144 0.8084373
            -0.5845956 -0.0683898 0.9163408 -0.3985382 -0.0385602 0.9017553 -0.4189683 -0.1063149
            0.9377668 -0.3290842 -0.1108918 0.9984232 0.0484741 -0.0283084 0.9895119 -0.1337426
            -0.0545809 0.9824654 -0.1283603 -0.1352232 0.9976013 0.0337329 -0.0604468 0.9606405
            -0.2197314 -0.1699641 0.9531061 -0.169619 -0.2506356 0.9772259 -0.0861622 -0.1939218
            0.9944289 -0.042263 -0.0965658 0.990451 -0.0088249 -0.1375822 0.9945543 0.0567252
            -0.0874297 0.9724714 -0.2255484 -0.0585432 0.966018 -0.2364605 -0.1043823 0.9857871
            -0.143269 -0.0877373 0.9982576 -0.0407544 -0.0426699 0.9965544 -0.0523714 -0.0643166
            0.9986649 0.0318587 -0.0406618 0.9886617 0.134083 -0.0676 0.9921449 0.1236051 -0.0192417
            0.9903058 0.1374644 -0.0199505 0.9949351 0.0947362 -0.0336037 0.9974905 -0.0672598
            -0.0221101 0.9931018 0.1157575 -0.0186795 0.9994513 0.0243352 -0.0224716</float_array>
          <technique_common>
            <accessor count="239" source="#ID754" stride="3">
              <param name="X" type="float" />
              <param name="Y" type="float" />
              <param name="Z" type="float" />
            </accessor>
          </technique_common>
        </source>
        <source id="ID755">
          <float_array id="ID756" count="478">0.3719522 0 0.4109758 0.0620443 0.4320817 0.0905964
            0.4605024 0.1252414 0.4952362 0.1629883 0.5210842 0.1884384 0.5583909 0.221868 0.5953052
            0.2516355 0.6215454 0.2710209 0.6847 0.3122655 0.6890333 0.3148325 0.7478546 0.3465367
            0.8110092 0.3742601 0.8209347 0.3780296 0.8741637 0.3954863 0.9373183 0.4099063 1
            0.4167363 0.9916701 0.4306142 0.9856202 0.4412266 0.9688956 0.4744089 0.9665523
            0.4798113 0.9575554 0.5044236 0.9542336 0.5167643 0.9517974 0.5292464 0.9508833
            0.5360222 0.9502032 0.5438285 0.9499364 0.5518215 0.9499382 0.553901 0.9506679 0.5676207
            0.9521488 0.5786577 0.9568524 0.5992193 0.9581348 0.6035727 0.965784 0.6253325 0.9669722
            0.6283239 0.9688956 0.6330279 0.988425 0.6757417 0.9688956 0.6752406 0.9373183 0.6758039
            0.8741637 0.6815646 0.8110092 0.6928784 0.8059314 0.6940148 0.7478546 0.709296 0.6847
            0.730575 0.6215454 0.7566509 0.6203042 0.7572118 0.5583909 0.7876341 0.4952362 0.823797
            0.4320817 0.86568 0.4076201 0.883606 0.3689271 0.9141582 0.3460649 0.9336053 0.3057725
            0.9707705 0.2769519 1 0.242618 0.934191 0.2162266 0.883606 0.1794634 0.8131405 0.1502845
            0.7572118 0.1163088 0.6920884 0.0184029 0.5044236 0 0.4691477 0.083474 0.3780296
            0.1062267 0.3523108 0.1163088 0.3407727 0.1386813 0.3148325 0.1794634 0.266212 0.1913845
            0.2516355 0.2038483 0.2362003 0.242618 0.1867739 0.2883327 0.1252414 0.2931601 0.1185026
            0.3057725 0.1006512 0.3321601 0.0620443 0.3689271 0.0049023 0.4952362 0.5044236
            0.7478546 0.5044236 0.4952362 0.2516355 0.5583909 0.2516355 0.4952362 0.1884384
            0.8741637 0.5044236 0.7478546 0.3780296 0.8110092 0.3780296 0.9373183 0.5044236
            0.9373183 0.4412266 0.8741637 0.4412266 0.9688956 0.4412266 0.9373183 0.4728251
            0.9688956 0.4728251 0.905741 0.4412266 0.905741 0.5044236 0.905741 0.4728251 0.8741637
            0.4728251 0.8110092 0.5044236 0.8110092 0.4412266 0.7478546 0.4412266 0.8425865
            0.4412266 0.8425865 0.5044236 0.8425865 0.4728251 0.8110092 0.4728251 0.7794319
            0.4412266 0.7794319 0.5044236 0.7794319 0.4728251 0.7478546 0.4728251 0.6215454
            0.5044236 0.6215454 0.3780296 0.4952362 0.3780296 0.6847 0.3780296 0.6847 0.3148325
            0.6215454 0.3148325 0.5583909 0.3780296 0.5583909 0.3148325 0.4952362 0.3148325
            0.6215454 0.4412266 0.6847 0.4412266 0.6847 0.4096281 0.6215454 0.4096281 0.7478546
            0.4096281 0.6847 0.5044236 0.6847 0.4728251 0.6215454 0.4728251 0.4952362 0.4412266
            0.5583909 0.4412266 0.5583909 0.4096281 0.4952362 0.4096281 0.5583909 0.5044236
            0.5583909 0.4728251 0.4952362 0.4728251 0.242618 0.5044236 0.242618 0.2516355 0.3689271
            0.2516355 0.3689271 0.1252414 0.4320817 0.1252414 0.3689271 0.0620443 0.3057725
            0.1252414 0.4320817 0.2516355 0.4320817 0.1884384 0.3689271 0.1884384 0.3057725
            0.2516355 0.3057725 0.1884384 0.242618 0.1884384 0.3689271 0.5044236 0.3689271 0.3780296
            0.242618 0.3780296 0.4320817 0.3780296 0.4320817 0.3148325 0.3689271 0.3148325 0.3057725
            0.3780296 0.3057725 0.3148325 0.242618 0.3148325 0.4320817 0.5044236 0.3689271 0.4412266
            0.4320817 0.4412266 0.3057725 0.5044236 0.3057725 0.4412266 0.242618 0.4412266 0.1163088
            0.5044236 0.1163088 0.3780296 0.1794634 0.3780296 0.1794634 0.3148325 0.4952362
            0.7572118 0.7478546 0.6308177 0.8741637 0.6308177 0.9373183 0.6308177 0.9373183
            0.5676207 0.8741637 0.5676207 0.9373183 0.5360222 0.9373183 0.5518215 0.8741637
            0.5360222 0.905741 0.5360222 0.905741 0.5202229 0.8741637 0.5202229 0.9373183 0.5202229
            0.8741637 0.5518215 0.9373183 0.5992193 0.905741 0.5676207 0.905741 0.6308177 0.905741
            0.5992193 0.8741637 0.5992193 0.8110092 0.6308177 0.8110092 0.5676207 0.7478546
            0.5676207 0.8110092 0.5360222 0.8425865 0.5360222 0.8425865 0.5202229 0.8110092
            0.5202229 0.7794319 0.5676207 0.7794319 0.5360222 0.7478546 0.5360222 0.8425865
            0.6308177 0.8425865 0.5676207 0.8425865 0.5992193 0.8110092 0.5992193 0.7794319
            0.6308177 0.7794319 0.5992193 0.7478546 0.5992193 0.7478546 0.6940148 0.4952362
            0.6308177 0.6215454 0.6308177 0.6215454 0.5676207 0.6847 0.5676207 0.6847 0.5360222
            0.6215454 0.5360222 0.6847 0.6308177 0.6847 0.5992193 0.6215454 0.5992193 0.4952362
            0.5676207 0.5583909 0.5676207 0.5583909 0.5360222 0.4952362 0.5360222 0.5583909
            0.6308177 0.5583909 0.5992193 0.4952362 0.5992193 0.6215454 0.6940148 0.6847 0.6940148
            0.5583909 0.7572118 0.5583909 0.6940148 0.4952362 0.6940148 0.242618 0.7572118 0.3689271
            0.7572118 0.3689271 0.6308177 0.242618 0.6308177 0.4320817 0.6308177 0.4320817 0.5676207
            0.3689271 0.5676207 0.3057725 0.6308177 0.3057725 0.5676207 0.242618 0.5676207 0.4320817
            0.7572118 0.4320817 0.6940148 0.3689271 0.6940148 0.3057725 0.7572118 0.3057725
            0.6940148 0.242618 0.6940148 0.1794634 0.5044236 0.1794634 0.7572118 0.1163088 0.6308177
            0.1794634 0.6308177 0.3689271 0.883606 0.242618 0.883606 0.3057725 0.883606</float_array>
          <technique_common>
            <accessor count="239" source="#ID756" stride="2">
              <param name="S" type="float" />
              <param name="T" type="float" />
            </accessor>
          </technique_common>
        </source>
        <vertices id="ID757">
          <input semantic="POSITION" source="#ID751" />
        </vertices>
        <triangles count="403" material="ID758">
          <input semantic="VERTEX" source="#ID757" offset="0" />
          <input semantic="NORMAL" source="#ID753" offset="1" />
          <input semantic="TEXCOORD" source="#ID755" offset="2" set="0" />
          <p>0 0 0 1 1 1 72 72 72 72 72 72 1 1 1 131 131 131 71 71 71 131 131 131 129 129 129 132
            132 132 129 129 129 135 135 135 137 137 137 135 135 135 128 128 128 136 136 136 128 128
            128 144 144 144 146 146 146 144 144 144 140 140 140 145 145 145 140 140 140 152 152 152
            153 153 153 152 152 152 126 126 126 232 232 232 126 126 126 225 225 225 235 235 235 225
            225 225 219 219 219 231 231 231 219 219 219 223 223 223 230 230 230 223 223 223 218 218
            218 228 228 228 218 218 218 220 220 220 227 227 227 220 220 220 195 195 195 215 215 215
            195 195 195 208 208 208 214 214 214 208 208 208 196 196 196 211 211 211 196 196 196 212
            212 212 42 42 42 212 212 212 41 41 41 42 42 42 211 211 211 212 212 212 42 42 42 43 43 43
            211 211 211 211 211 211 43 43 43 44 44 44 213 213 213 44 44 44 45 45 45 158 158 158 45
            45 45 46 46 46 226 226 226 46 46 46 47 47 47 236 236 236 47 47 47 48 48 48 49 49 49 236
            236 236 48 48 48 49 49 49 50 50 50 236 236 236 236 236 236 50 50 50 238 238 238 217 217
            217 238 238 238 229 229 229 228 228 228 229 229 229 230 230 230 218 218 218 228 228 228
            230 230 230 2 2 2 130 130 130 1 1 1 2 2 2 3 3 3 130 130 130 130 130 130 3 3 3 134 134
            134 129 129 129 134 134 134 135 135 135 129 129 129 130 130 130 134 134 134 129 129 129
            1 1 1 130 130 130 129 129 129 131 131 131 1 1 1 134 134 134 3 3 3 77 77 77 75 75 75 77
            77 77 5 5 5 76 76 76 5 5 5 6 6 6 7 7 7 76 76 76 6 6 6 7 7 7 109 109 109 76 76 76 7 7 7
            107 107 107 109 109 109 7 7 7 8 8 8 107 107 107 107 107 107 8 8 8 9 9 9 106 106 106 9 9
            9 10 10 10 105 105 105 10 10 10 11 11 11 79 79 79 11 11 11 12 12 12 80 80 80 12 12 12 13
            13 13 92 92 92 13 13 13 94 94 94 97 97 97 94 94 94 96 96 96 91 91 91 96 96 96 95 95 95
            183 183 183 95 95 95 182 182 182 180 180 180 182 182 182 181 181 181 188 188 188 181 181
            181 166 166 166 171 171 171 166 166 166 167 167 167 165 165 165 167 167 167 164 164 164
            25 25 25 164 164 164 24 24 24 25 25 25 165 165 165 164 164 164 25 25 25 26 26 26 165 165
            165 165 165 165 26 26 26 27 27 27 28 28 28 165 165 165 27 27 27 28 28 28 162 162 162 165
            165 165 28 28 28 29 29 29 162 162 162 162 162 162 29 29 29 172 172 172 173 173 173 172
            172 172 175 175 175 163 163 163 175 175 175 176 176 176 188 188 188 176 176 176 189 189
            189 178 178 178 189 189 189 190 190 190 184 184 184 190 190 190 192 192 192 179 179 179
            192 192 192 193 193 193 198 198 198 193 193 193 202 202 202 197 197 197 202 202 202 203
            203 203 209 209 209 203 203 203 208 208 208 195 195 195 209 209 209 208 208 208 195 195
            195 210 210 210 209 209 209 195 195 195 220 220 220 210 210 210 210 210 210 220 220 220
            221 221 221 204 204 204 221 221 221 207 207 207 206 206 206 207 207 207 123 123 123 102
            102 102 123 123 123 124 124 124 118 118 118 124 124 124 120 120 120 111 111 111 120 120
            120 121 121 121 114 114 114 121 121 121 108 108 108 103 103 103 108 108 108 109 109 109
            107 107 107 103 103 103 109 109 109 107 107 107 105 105 105 103 103 103 107 107 107 106
            106 106 105 105 105 107 107 107 9 9 9 106 106 106 3 3 3 4 4 4 77 77 77 77 77 77 4 4 4 5
            5 5 13 13 13 14 14 14 94 94 94 94 94 94 14 14 14 83 83 83 96 96 96 83 83 83 90 90 90 95
            95 95 90 90 90 78 78 78 182 182 182 78 78 78 169 169 169 181 181 181 169 169 169 166 166
            166 181 181 181 182 182 182 169 169 169 83 83 83 14 14 14 87 87 87 90 90 90 87 87 87 89
            89 89 78 78 78 89 89 89 88 88 88 169 169 169 88 88 88 168 168 168 166 166 166 168 168
            168 167 167 167 166 166 166 169 169 169 168 168 168 16 16 16 84 84 84 15 15 15 16 16 16
            17 17 17 84 84 84 84 84 84 17 17 17 18 18 18 86 86 86 18 18 18 19 19 19 20 20 20 86 86
            86 19 19 19 20 20 20 85 85 85 86 86 86 20 20 20 81 81 81 85 85 85 20 20 20 21 21 21 81
            81 81 81 81 81 21 21 21 170 170 170 168 168 168 170 170 170 167 167 167 168 168 168 81
            81 81 170 170 170 168 168 168 88 88 88 81 81 81 81 81 81 88 88 88 85 85 85 85 85 85 88
            88 88 89 89 89 82 82 82 89 89 89 87 87 87 15 15 15 87 87 87 14 14 14 15 15 15 82 82 82
            87 87 87 15 15 15 84 84 84 82 82 82 82 82 82 84 84 84 85 85 85 89 89 89 82 82 82 85 85
            85 21 21 21 22 22 22 170 170 170 170 170 170 22 22 22 23 23 23 164 164 164 23 23 23 24
            24 24 164 164 164 170 170 170 23 23 23 164 164 164 167 167 167 170 170 170 29 29 29 30
            30 30 172 172 172 172 172 172 30 30 30 31 31 31 32 32 32 172 172 172 31 31 31 32 32 32
            161 161 161 172 172 172 32 32 32 33 33 33 161 161 161 161 161 161 33 33 33 34 34 34 36
            36 36 34 34 34 35 35 35 36 36 36 161 161 161 34 34 34 36 36 36 37 37 37 161 161 161 161
            161 161 37 37 37 174 174 174 175 175 175 174 174 174 176 176 176 175 175 175 161 161 161
            174 174 174 175 175 175 172 172 172 161 161 161 174 174 174 37 37 37 160 160 160 176 176
            176 160 160 160 189 189 189 176 176 176 174 174 174 160 160 160 39 39 39 177 177 177 38
            38 38 39 39 39 40 40 40 177 177 177 177 177 177 40 40 40 191 191 191 192 192 192 191 191
            191 193 193 193 192 192 192 177 177 177 191 191 191 192 192 192 190 190 190 177 177 177
            177 177 177 190 190 190 187 187 187 38 38 38 187 187 187 160 160 160 37 37 37 38 38 38
            160 160 160 191 191 191 40 40 40 194 194 194 159 159 159 194 194 194 201 201 201 202 202
            202 201 201 201 203 203 203 202 202 202 159 159 159 201 201 201 202 202 202 193 193 193
            159 159 159 159 159 159 193 193 193 191 191 191 194 194 194 159 159 159 191 191 191 50
            50 50 51 51 51 238 238 238 238 238 238 51 51 51 53 53 53 237 237 237 53 53 53 54 54 54
            216 216 216 54 54 54 55 55 55 233 233 233 55 55 55 56 56 56 235 235 235 56 56 56 57 57
            57 234 234 234 57 57 57 58 58 58 154 154 154 58 58 58 155 155 155 156 156 156 155 155
            155 63 63 63 157 157 157 63 63 63 64 64 64 65 65 65 157 157 157 64 64 64 65 65 65 127
            127 127 157 157 157 65 65 65 66 66 66 127 127 127 127 127 127 66 66 66 138 138 138 137
            137 137 138 138 138 68 68 68 132 132 132 68 68 68 69 69 69 70 70 70 132 132 132 69 69 69
            70 70 70 71 71 71 132 132 132 132 132 132 71 71 71 129 129 129 51 51 51 52 52 52 53 53
            53 59 59 59 60 60 60 58 58 58 58 58 58 60 60 60 155 155 155 155 155 155 60 60 60 61 61
            61 62 62 62 155 155 155 61 61 61 62 62 62 63 63 63 155 155 155 66 66 66 67 67 67 138 138
            138 138 138 138 67 67 67 68 68 68 71 71 71 72 72 72 131 131 131 124 124 124 123 123 123
            73 73 73 125 125 125 73 73 73 148 148 148 150 150 150 148 148 148 139 139 139 149 149
            149 139 139 139 151 151 151 152 152 152 151 151 151 126 126 126 152 152 152 149 149 149
            151 151 151 152 152 152 140 140 140 149 149 149 149 149 149 140 140 140 150 150 150 139
            139 139 149 149 149 150 150 150 73 73 73 125 125 125 124 124 124 124 124 124 125 125 125
            119 119 119 120 120 120 119 119 119 122 122 122 121 121 121 122 122 122 104 104 104 108
            108 108 104 104 104 110 110 110 109 109 109 110 110 110 75 75 75 76 76 76 75 75 75 5 5 5
            76 76 76 109 109 109 75 75 75 58 58 58 154 154 154 234 234 234 234 234 234 154 154 154
            232 232 232 235 235 235 232 232 232 225 225 225 235 235 235 234 234 234 232 232 232 235
            235 235 57 57 57 234 234 234 148 148 148 73 73 73 207 207 207 221 221 221 148 148 148
            207 207 207 221 221 221 222 222 222 148 148 148 221 221 221 218 218 218 222 222 222 221
            221 221 220 220 220 218 218 218 184 184 184 179 179 179 186 186 186 185 185 185 186 186
            186 99 99 99 183 183 183 99 99 99 91 91 91 95 95 95 183 183 183 91 91 91 99 99 99 186
            186 186 74 74 74 100 100 100 74 74 74 101 101 101 98 98 98 101 101 101 93 93 93 115 115
            115 93 93 93 112 112 112 113 113 113 112 112 112 114 114 114 103 103 103 114 114 114 108
            108 108 103 103 103 113 113 113 114 114 114 103 103 103 105 105 105 113 113 113 113 113
            113 105 105 105 115 115 115 112 112 112 113 113 113 115 115 115 115 115 115 105 105 105
            79 79 79 80 80 80 79 79 79 12 12 12 80 80 80 115 115 115 79 79 79 80 80 80 98 98 98 115
            115 115 80 80 80 92 92 92 98 98 98 80 80 80 13 13 13 92 92 92 75 75 75 110 110 110 133
            133 133 134 134 134 133 133 133 135 135 135 134 134 134 75 75 75 133 133 133 134 134 134
            77 77 77 75 75 75 78 78 78 88 88 88 169 169 169 78 78 78 90 90 90 89 89 89 83 83 83 87
            87 87 90 90 90 85 85 85 84 84 84 86 86 86 86 86 86 84 84 84 18 18 18 91 91 91 99 99 99
            97 97 97 96 96 96 91 91 91 97 97 97 92 92 92 97 97 97 100 100 100 98 98 98 100 100 100
            101 101 101 98 98 98 92 92 92 100 100 100 93 93 93 115 115 115 98 98 98 93 93 93 101 101
            101 117 117 117 112 112 112 117 117 117 118 118 118 111 111 111 118 118 118 120 120 120
            111 111 111 112 112 112 118 118 118 111 111 111 114 114 114 112 112 112 111 111 111 121
            121 121 114 114 114 92 92 92 94 94 94 97 97 97 94 94 94 83 83 83 96 96 96 95 95 95 78 78
            78 182 182 182 95 95 95 96 96 96 90 90 90 97 97 97 99 99 99 100 100 100 100 100 100 99
            99 99 74 74 74 101 101 101 74 74 74 116 116 116 117 117 117 116 116 116 102 102 102 118
            118 118 102 102 102 124 124 124 118 118 118 117 117 117 102 102 102 102 102 102 116 116
            116 199 199 199 200 200 200 199 199 199 198 198 198 197 197 197 198 198 198 202 202 202
            197 197 197 200 200 200 198 198 198 197 197 197 205 205 205 200 200 200 197 197 197 209
            209 209 205 205 205 197 197 197 203 203 203 209 209 209 104 104 104 122 122 122 142 142
            142 143 143 143 142 142 142 144 144 144 128 128 128 143 143 143 144 144 144 128 128 128
            133 133 133 143 143 143 128 128 128 135 135 135 133 133 133 104 104 104 108 108 108 121
            121 121 79 79 79 105 105 105 11 11 11 105 105 105 106 106 106 10 10 10 109 109 109 108
            108 108 110 110 110 142 142 142 143 143 143 104 104 104 104 104 104 143 143 143 110 110
            110 110 110 110 143 143 143 133 133 133 112 112 112 93 93 93 117 117 117 116 116 116 74
            74 74 199 199 199 199 199 199 74 74 74 186 186 186 179 179 179 199 199 199 186 186 186
            179 179 179 198 198 198 199 199 199 179 179 179 193 193 193 198 198 198 116 116 116 117
            117 117 101 101 101 148 148 148 150 150 150 125 125 125 125 125 125 150 150 150 119 119
            119 119 119 119 150 150 150 122 122 122 122 122 122 150 150 150 142 142 142 142 142 142
            150 150 150 140 140 140 144 144 144 142 142 142 140 140 140 119 119 119 120 120 120 124
            124 124 121 121 121 120 120 120 122 122 122 123 123 123 102 102 102 206 206 206 206 206
            206 102 102 102 200 200 200 205 205 205 206 206 206 200 200 200 205 205 205 204 204 204
            206 206 206 205 205 205 210 210 210 204 204 204 205 205 205 209 209 209 210 210 210 126
            126 126 232 232 232 153 153 153 153 153 153 232 232 232 141 141 141 145 145 145 141 141
            141 146 146 146 140 140 140 145 145 145 146 146 146 126 126 126 151 151 151 225 225 225
            225 225 225 151 151 151 224 224 224 219 219 219 224 224 224 223 223 223 219 219 219 225
            225 225 224 224 224 137 137 137 136 136 136 127 127 127 138 138 138 137 137 137 127 127
            127 127 127 127 136 136 136 147 147 147 157 157 157 147 147 147 156 156 156 63 63 63 157
            157 157 156 156 156 128 128 128 136 136 136 137 137 137 135 135 135 137 137 137 132 132
            132 132 132 132 137 137 137 68 68 68 148 148 148 222 222 222 139 139 139 139 139 139 222
            222 222 224 224 224 151 151 151 139 139 139 224 224 224 232 232 232 156 156 156 141 141
            141 232 232 232 154 154 154 156 156 156 156 156 156 154 154 154 155 155 155 152 152 152
            153 153 153 145 145 145 145 145 145 153 153 153 141 141 141 136 136 136 146 146 146 147
            147 147 136 136 136 144 144 144 146 146 146 146 146 146 141 141 141 147 147 147 147 147
            147 141 141 141 156 156 156 147 147 147 157 157 157 127 127 127 40 40 40 41 41 41 194
            194 194 194 194 194 41 41 41 212 212 212 201 201 201 212 212 212 196 196 196 203 203 203
            196 196 196 208 208 208 203 203 203 201 201 201 196 196 196 208 208 208 214 214 214 215
            215 215 215 215 215 214 214 214 158 158 158 226 226 226 158 158 158 46 46 46 226 226 226
            215 215 215 158 158 158 226 226 226 227 227 227 215 215 215 226 226 226 217 217 217 227
            227 227 226 226 226 236 236 236 217 217 217 226 226 226 47 47 47 236 236 236 44 44 44
            213 213 213 211 211 211 211 211 211 213 213 213 214 214 214 196 196 196 211 211 211 214
            214 214 214 214 214 213 213 213 158 158 158 158 158 158 213 213 213 45 45 45 190 190 190
            189 189 189 187 187 187 187 187 187 189 189 189 160 160 160 165 165 165 162 162 162 173
            173 173 171 171 171 173 173 173 163 163 163 188 188 188 163 163 163 176 176 176 188 188
            188 171 171 171 163 163 163 188 188 188 166 166 166 171 171 171 163 163 163 173 173 173
            175 175 175 173 173 173 171 171 171 165 165 165 165 165 165 171 171 171 167 167 167 173
            173 173 162 162 162 172 172 172 177 177 177 187 187 187 38 38 38 190 190 190 184 184 184
            178 178 178 178 178 178 184 184 184 185 185 185 180 180 180 185 185 185 183 183 183 182
            182 182 180 180 180 183 183 183 181 181 181 188 188 188 180 180 180 180 180 180 188 188
            188 178 178 178 185 185 185 180 180 180 178 178 178 179 179 179 184 184 184 192 192 192
            178 178 178 188 188 188 189 189 189 185 185 185 184 184 184 186 186 186 185 185 185 99
            99 99 183 183 183 195 195 195 215 215 215 227 227 227 200 200 200 102 102 102 199 199
            199 204 204 204 207 207 207 206 206 206 204 204 204 210 210 210 221 221 221 207 207 207
            73 73 73 123 123 123 212 212 212 201 201 201 194 194 194 229 229 229 238 238 238 237 237
            237 216 216 216 237 237 237 54 54 54 216 216 216 229 229 229 237 237 237 216 216 216 230
            230 230 229 229 229 216 216 216 231 231 231 230 230 230 216 216 216 233 233 233 231 231
            231 216 216 216 55 55 55 233 233 233 227 227 227 217 217 217 228 228 228 220 220 220 227
            227 227 228 228 228 219 219 219 231 231 231 235 235 235 235 235 235 231 231 231 233 233
            233 56 56 56 235 235 235 233 233 233 224 224 224 222 222 222 223 223 223 223 223 223 222
            222 222 218 218 218 228 228 228 217 217 217 229 229 229 223 223 223 230 230 230 231 231
            231 217 217 217 236 236 236 238 238 238 237 237 237 238 238 238 53 53 53</p>
        </triangles>
      </mesh>
    </geometry>
    <geometry id="ID759">
      <mesh>
        <source id="ID760">
          <float_array id="ID761" count="192">0.063753 0 0.016 0.0634639 0 0 0.0626825 0.0099279 0
            0.0603577 0.0196114 0 0.0565467 0.028812 0 0.0513433 0.0373031 0 0.0448757 0.0448757 0
            0.0373031 0.0513433 0 0.028812 0.0565467 0 0.0196114 0.0603577 0 0.0099279 0.0626825 0 0
            0.0634639 0 -0.0099279 0.0626825 0 -0.0196114 0.0603577 0 -0.028812 0.0565467 0
            -0.0373031 0.0513433 0 -0.0448757 0.0448757 0 -0.0513433 0.0373031 0 -0.0565467 0.028812
            0 -0.0603577 0.0196114 0 -0.0626825 0.0099279 0 -0.0634639 0 0 -0.065 0 0.085 -0.064717
            0.0060562 0.085 -0.0638715 0.0120598 0.085 -0.0624698 0.0179583 0.085 -0.060525
            0.0237007 0.085 -0.0580533 0.0292368 0.085 -0.0550769 0.0345187 0.085 -0.0516209
            0.0395001 0.085 -0.0477162 0.044138 0.085 -0.0433961 0.0483917 0.085 -0.0386986
            0.0522247 0.085 -0.0336643 0.055603 0.085 -0.0283373 0.0584979 0.085 -0.0227635
            0.0608835 0.085 -0.0169919 0.0627397 0.085 -0.0110723 0.0640498 0.085 -0.0050565
            0.064803 0.085 0.0010034 0.0649921 0.085 0.0070545 0.064616 0.085 0.0130442 0.0636775
            0.085 0.0189205 0.0621853 0.085 0.0246321 0.0601517 0.085 0.0301295 0.0575952 0.085
            0.0353646 0.0545373 0.085 0.0402923 0.0510052 0.085 0.0448692 0.0470291 0.085 0.049056
            0.042644 0.085 0.0528156 0.0378878 0.085 0.0561162 0.0328021 0.085 0.0589281 0.0274308
            0.085 0.0612278 0.021821 0.085 0.0629944 0.0160214 0.085 0.0642133 0.0100823 0.085
            0.0641664 0.0100605 0.0822524 0.0640494 0.010006 0.0753918 0.063692 0.0098392 0.0544285
            0.0635533 0.0097746 0.0463009 0.0634342 0.0097191 0.0393208 0.0632842 0.009649 0.0305264
            0.0631764 0.0095988 0.0242132 0.0630362 0.0095334 0.016 0.0635217 0.0054254 0.016</float_array>
          <technique_common>
            <accessor count="64" source="#ID761" stride="3">
              <param name="X" type="float" />
              <param name="Y" type="float" />
              <param name="Z" type="float" />
            </accessor>
          </technique_common>
        </source>
        <source id="ID762">
          <float_array id="ID763" count="192">0.9998367 0 -0.0180693 0.9998367 0 -0.0180693
            0.9875271 0.1564089 -0.0180693 0.9509013 0.3089665 -0.0180693 0.890861 0.4539164
            -0.0180693 0.8088849 0.5876893 -0.0180693 0.7069913 0.7069913 -0.0180693 0.5876893
            0.8088849 -0.0180693 0.4539164 0.890861 -0.0180693 0.3089665 0.9509013 -0.0180693
            0.1564089 0.9875271 -0.0180693 0 0.9998367 -0.0180693 -0.1564089 0.9875271 -0.0180693
            -0.3089665 0.9509013 -0.0180693 -0.4539164 0.890861 -0.0180693 -0.5876893 0.8088849
            -0.0180693 -0.7069913 0.7069913 -0.0180693 -0.8088849 0.5876893 -0.0180693 -0.890861
            0.4539164 -0.0180693 -0.9509013 0.3089665 -0.0180693 -0.9875271 0.1564089 -0.0180693
            -0.9998367 0 -0.0180693 -0.9998367 0 -0.0180693 -0.9954875 0.0931573 -0.0180693
            -0.9824774 0.1855041 -0.0180693 -0.9609197 0.276237 -0.0180693 -0.931002 0.3645667
            -0.0180693 -0.8929845 0.4497246 -0.0180693 -0.847198 0.5309699 -0.0180693 -0.7940409
            0.6075957 -0.0180693 -0.7339756 0.6789354 -0.0180693 -0.6675247 0.7443684 -0.0180693
            -0.5952663 0.8033253 -0.0180693 -0.517829 0.8552933 -0.0180693 -0.4358866 0.8998201
            -0.0180693 -0.350152 0.9365186 -0.0180693 -0.2613711 0.9650692 -0.0180693 -0.1703162
            0.9852238 -0.0180693 -0.0777795 0.9968068 -0.0180693 0.0154338 0.9997176 -0.0180693
            0.1085128 0.9939308 -0.0180693 0.2006478 0.9794968 -0.0180693 0.2910372 0.9565411
            -0.0180693 0.3788945 0.9252635 -0.0180693 0.4634554 0.885936 -0.0180693 0.5439842
            0.8389009 -0.0180693 0.6197804 0.7845672 -0.0180693 0.6901844 0.7234079 -0.0180693
            0.7545838 0.6559548 -0.0180693 0.8124183 0.582795 -0.0180693 0.8631848 0.5045648
            -0.0180693 0.9064415 0.4219448 -0.0180693 0.941812 0.3356539 -0.0180693 0.9689889
            0.2464428 -0.0180693 0.9877355 0.1550877 -0.0180693 0.9877695 0.1548705 -0.0180693
            0.9878548 0.1543254 -0.0180693 0.9881157 0.1526461 -0.0180693 0.9882169 0.1519893
            -0.0180693 0.9883039 0.1514228 -0.0180693 0.9884135 0.1507056 -0.0180693 0.9884923
            0.1501884 -0.0180693 0.9885947 0.1495126 -0.0180693 0.9962097 0.0850865 -0.0180693</float_array>
          <technique_common>
            <accessor count="64" source="#ID763" stride="3">
              <param name="X" type="float" />
              <param name="Y" type="float" />
              <param name="Z" type="float" />
            </accessor>
          </technique_common>
        </source>
        <source id="ID764">
          <float_array id="ID765" count="128">0.1882354 0 0 0 0 0.05 0 0.1 0 0.1500001 0 0.2 0 0.25
            0 0.3 0 0.35 0 0.4 0 0.45 0 0.5 0 0.55 0 0.6 0 0.65 0 0.7 0 0.75 0 0.8 0 0.85 0 0.9 0
            0.95 0 1 1 1 1 0.9702992 1 0.9405984 1 0.9108976 1 0.8811967 1 0.851496 1 0.8217951 1
            0.7920943 1 0.7623936 1 0.7326927 1 0.7029919 1 0.6732911 1 0.6435903 1 0.6138895 1
            0.5841887 1 0.5544879 1 0.5247871 1 0.4950863 1 0.4653855 1 0.4356847 1 0.4059839 1
            0.3762831 1 0.3465822 1 0.3168814 1 0.2871806 1 0.2574798 1 0.2277791 1 0.1980782 1
            0.1683774 1 0.1386766 1 0.1089758 1 0.079275 1 0.0495742 0.9676754 0.0495042 0.8869627
            0.0493285 0.6403353 0.0487875 0.5447159 0.0485759 0.4625971 0.0483935 0.3591341
            0.0481625 0.2848613 0.047996 0.188235 0.0477783 0.1882352 0.0271212</float_array>
          <technique_common>
            <accessor count="64" source="#ID765" stride="2">
              <param name="S" type="float" />
              <param name="T" type="float" />
            </accessor>
          </technique_common>
        </source>
        <vertices id="ID766">
          <input semantic="POSITION" source="#ID760" />
        </vertices>
        <triangles count="62" material="ID767">
          <input semantic="VERTEX" source="#ID766" offset="0" />
          <input semantic="NORMAL" source="#ID762" offset="1" />
          <input semantic="TEXCOORD" source="#ID764" offset="2" set="0" />
          <p>0 0 0 1 1 1 63 63 63 63 63 63 1 1 1 2 2 2 62 62 62 2 2 2 3 3 3 61 61 61 3 3 3 60 60 60
            61 61 61 62 62 62 3 3 3 50 50 50 51 51 51 4 4 4 5 5 5 50 50 50 4 4 4 5 5 5 49 49 49 50
            50 50 5 5 5 48 48 48 49 49 49 5 5 5 6 6 6 48 48 48 48 48 48 6 6 6 47 47 47 47 47 47 6 6
            6 46 46 46 46 46 46 6 6 6 7 7 7 45 45 45 7 7 7 8 8 8 44 44 44 8 8 8 43 43 43 44 44 44 45
            45 45 8 8 8 8 8 8 9 9 9 43 43 43 43 43 43 9 9 9 42 42 42 42 42 42 9 9 9 41 41 41 41 41
            41 9 9 9 10 10 10 40 40 40 10 10 10 11 11 11 39 39 39 11 11 11 38 38 38 39 39 39 40 40
            40 11 11 11 11 11 11 12 12 12 38 38 38 38 38 38 12 12 12 37 37 37 37 37 37 12 12 12 36
            36 36 36 36 36 12 12 12 13 13 13 35 35 35 13 13 13 14 14 14 34 34 34 14 14 14 33 33 33
            34 34 34 35 35 35 14 14 14 14 14 14 15 15 15 33 33 33 33 33 33 15 15 15 32 32 32 32 32
            32 15 15 15 31 31 31 31 31 31 15 15 15 16 16 16 30 30 30 16 16 16 17 17 17 29 29 29 17
            17 17 28 28 28 29 29 29 30 30 30 17 17 17 17 17 17 18 18 18 28 28 28 28 28 28 18 18 18
            27 27 27 27 27 27 18 18 18 26 26 26 26 26 26 18 18 18 19 19 19 25 25 25 19 19 19 20 20
            20 24 24 24 20 20 20 23 23 23 24 24 24 25 25 25 20 20 20 20 20 20 21 21 21 23 23 23 23
            23 23 21 21 21 22 22 22 25 25 25 26 26 26 19 19 19 30 30 30 31 31 31 16 16 16 35 35 35
            36 36 36 13 13 13 40 40 40 41 41 41 10 10 10 45 45 45 46 46 46 7 7 7 51 51 51 52 52 52 4
            4 4 4 4 4 52 52 52 3 3 3 3 3 3 52 52 52 53 53 53 59 59 59 53 53 53 58 58 58 59 59 59 3 3
            3 53 53 53 59 59 59 60 60 60 3 3 3 54 54 54 55 55 55 53 53 53 53 53 53 55 55 55 56 56 56
            57 57 57 53 53 53 56 56 56 57 57 57 58 58 58 53 53 53 62 62 62 63 63 63 2 2 2</p>
        </triangles>
      </mesh>
    </geometry>
    <geometry id="ID768">
      <mesh>
        <source id="ID769">
          <float_array id="ID770" count="36">-0.0284917 -0.07 0.0822524 -0.0286488 -0.07 0.085
            -0.0382559 -0.0562741 0.085 -0.038553 -0.0558721 0.085 -0.0437837 -0.0490305 0.085
            -0.048999 -0.0427094 0.085 -0.0489522 -0.0426875 0.0822524 -0.0440438 -0.0485764
            0.0822523 -0.0374919 -0.0571337 0.0822524 -0.0359652 -0.0592288 0.0822524 -0.0321351
            -0.0646428 0.0822523 -0.0313487 -0.0657817 0.0822523</float_array>
          <technique_common>
            <accessor count="12" source="#ID770" stride="3">
              <param name="X" type="float" />
              <param name="Y" type="float" />
              <param name="Z" type="float" />
            </accessor>
          </technique_common>
        </source>
        <source id="ID771">
          <float_array id="ID772" count="36">-0.8314686 -0.554863 -0.0280532 -0.8303819 -0.553148
            -0.0670312 -0.8033833 -0.5925661 -0.0586574 -0.8024306 -0.5939158 -0.0580453 -0.7832325
            -0.6202447 -0.0429351 -0.7565675 -0.6536652 -0.0180919 -0.7537371 -0.6569276 -0.0180707
            -0.779893 -0.6257209 -0.0155002 -0.8055009 -0.5923328 -0.0176117 -0.8104557 -0.5854958
            -0.0188737 -0.8217626 -0.5693635 -0.0230515 -0.8239267 -0.5661854 -0.0240604</float_array>
          <technique_common>
            <accessor count="12" source="#ID772" stride="3">
              <param name="X" type="float" />
              <param name="Y" type="float" />
              <param name="Z" type="float" />
            </accessor>
          </technique_common>
        </source>
        <source id="ID773">
          <float_array id="ID774" count="24">1 1 0 0.997683 0 0.5147291 0 0.500408 0 0.2502041 0 0
            0.999975 0 0.9999807 0.2287851 0.9999887 0.5456709 0.9999905 0.6212056 0.9999954
            0.8134824 0.9999964 0.8534485</float_array>
          <technique_common>
            <accessor count="12" source="#ID774" stride="2">
              <param name="S" type="float" />
              <param name="T" type="float" />
            </accessor>
          </technique_common>
        </source>
        <vertices id="ID775">
          <input semantic="POSITION" source="#ID769" />
        </vertices>
        <triangles count="10" material="ID776">
          <input semantic="VERTEX" source="#ID775" offset="0" />
          <input semantic="NORMAL" source="#ID771" offset="1" />
          <input semantic="TEXCOORD" source="#ID773" offset="2" set="0" />
          <p>0 0 0 1 1 1 11 11 11 11 11 11 1 1 1 10 10 10 10 10 10 1 1 1 2 2 2 9 9 9 2 2 2 8 8 8 9 9
            9 10 10 10 2 2 2 2 2 2 3 3 3 8 8 8 8 8 8 3 3 3 7 7 7 7 7 7 3 3 3 4 4 4 5 5 5 7 7 7 4 4 4
            5 5 5 6 6 6 7 7 7</p>
        </triangles>
      </mesh>
    </geometry>
    <geometry id="ID777">
      <mesh>
        <source id="ID778">
          <float_array id="ID779" count="48">-0.013606 -0.0952179 0.085 -0.0146292 -0.0931409 0.085
            -0.0159457 -0.0906652 0.085 -0.019362 -0.0847006 0.085 -0.0195614 -0.0843654 0.085
            -0.0237803 -0.077501 0.085 -0.0286488 -0.07 0.085 -0.0284917 -0.07 0.0822524 -0.0260256
            -0.0737441 0.0822523 -0.0239513 -0.0769729 0.0822523 -0.0215707 -0.0807783 0.0822524
            -0.0209209 -0.081838 0.0822524 -0.0193603 -0.0844252 0.0822524 -0.0173466 -0.0878712
            0.0822523 -0.0147733 -0.09255 0.0822524 -0.0134755 -0.095157 0.0822524</float_array>
          <technique_common>
            <accessor count="16" source="#ID779" stride="3">
              <param name="X" type="float" />
              <param name="Y" type="float" />
              <param name="Z" type="float" />
            </accessor>
          </technique_common>
        </source>
        <source id="ID780">
          <float_array id="ID781" count="48">-0.9050657 -0.4220391 -0.052336 -0.8881575 -0.4564852
            -0.0528927 -0.8759966 -0.4792374 -0.0544196 -0.8582464 -0.5098078 -0.0592371 -0.8574695
            -0.5110817 -0.059511 -0.8436536 -0.5330101 -0.064412 -0.8303819 -0.553148 -0.0670312
            -0.8314686 -0.554863 -0.0280532 -0.8380278 -0.5446888 -0.0319917 -0.8437067 -0.5356256
            -0.0355564 -0.8507364 -0.5240799 -0.0398468 -0.8528209 -0.5205883 -0.0410397 -0.8582994
            -0.5112672 -0.0439082 -0.8670191 -0.4960046 -0.0475113 -0.8851559 -0.4624456 -0.0514123
            -0.9050657 -0.4220391 -0.052336</float_array>
          <technique_common>
            <accessor count="16" source="#ID781" stride="3">
              <param name="X" type="float" />
              <param name="Y" type="float" />
              <param name="Z" type="float" />
            </accessor>
          </technique_common>
        </source>
        <source id="ID782">
          <float_array id="ID783" count="32">0 1 0 0.875 0 0.7500001 0 0.5000001 0 0.4872573 0
            0.2436287 0 0 1 0.0020585 1 0.1218514 1 0.2281232 1 0.3587261 1 0.3964759 0.9999971
            0.4919885 1 0.6291234 0.9999904 0.8466038 0.9999899 1</float_array>
          <technique_common>
            <accessor count="16" source="#ID783" stride="2">
              <param name="S" type="float" />
              <param name="T" type="float" />
            </accessor>
          </technique_common>
        </source>
        <vertices id="ID784">
          <input semantic="POSITION" source="#ID778" />
        </vertices>
        <triangles count="14" material="ID785">
          <input semantic="VERTEX" source="#ID784" offset="0" />
          <input semantic="NORMAL" source="#ID780" offset="1" />
          <input semantic="TEXCOORD" source="#ID782" offset="2" set="0" />
          <p>0 0 0 1 1 1 15 15 15 15 15 15 1 1 1 14 14 14 14 14 14 1 1 1 2 2 2 13 13 13 2 2 2 3 3 3
            12 12 12 3 3 3 4 4 4 11 11 11 4 4 4 10 10 10 11 11 11 12 12 12 4 4 4 4 4 4 5 5 5 10 10
            10 10 10 10 5 5 5 9 9 9 9 9 9 5 5 5 8 8 8 8 8 8 5 5 5 6 6 6 7 7 7 8 8 8 6 6 6 12 12 12
            13 13 13 3 3 3 13 13 13 14 14 14 2 2 2</p>
        </triangles>
      </mesh>
    </geometry>
    <geometry id="ID786">
      <mesh>
        <source id="ID787">
          <float_array id="ID788" count="981">0.0921188 -0.162428 0.0822524 0.0853443 -0.162231
            0.0822524 0.0785928 -0.1616403 0.0822524 0.071887 -0.160658 0.0822524 0.0652497
            -0.1592875 0.0822524 0.0587033 -0.1575334 0.0822524 0.0522699 -0.1554016 0.0822524
            0.0459714 -0.1528994 0.0822524 0.039829 -0.1500352 0.0822524 0.0338636 -0.1468186
            0.0822524 0.0280953 -0.1432607 0.0822524 0.0225436 -0.1393734 0.0822524 0.0172274
            -0.1351698 0.0822524 0.0121645 -0.1306642 0.0822524 0.0073722 -0.1258719 0.0822524
            0.0028667 -0.1208091 0.0822524 -0.0013369 -0.1154928 0.0822524 -0.0052242 -0.1099412
            0.0822524 -0.0087822 -0.1041729 0.0822524 -0.0119987 -0.0982074 0.0822524 -0.012853
            -0.0964705 0.0822524 -0.0134755 -0.095157 0.0822524 -0.0127687 -0.0948275 0.0755816
            -0.0109679 -0.0939877 0.0679706 -0.0105505 -0.0937931 0.0666826 -0.0085685 -0.0928689
            0.0616345 -0.0072272 -0.0922434 0.0588676 -0.0025872 -0.0900798 0.0514898 0.0008541
            -0.0884751 0.0473778 0.0045474 -0.0867529 0.0438023 0.0050692 -0.0865095 0.0433539
            0.0084731 -0.0849222 0.0407234 0.0126211 -0.082988 0.0381205 0.0169888 -0.0809514
            0.0359872 0.0176238 -0.0806552 0.035724 0.0215806 -0.0788101 0.034332 0.0264082
            -0.076559 0.03318 0.0314803 -0.0741938 0.032576 0.0340404 -0.0730001 0.0324999 0.0407672
            -0.0698633 0.0330274 0.047115 -0.0669032 0.0345211 0.0521627 -0.0645494 0.036457
            0.0530743 -0.0641244 0.0368837 0.0586625 -0.0615186 0.0400759 0.0635311 -0.0592483
            0.0438002 0.0638767 -0.0590872 0.0441042 0.0686927 -0.0568414 0.0490229 0.0705658
            -0.055968 0.0513541 0.0730574 -0.0548061 0.0549515 0.0753839 -0.0537213 0.0590138
            0.0768662 -0.05303 0.062122 0.0786539 -0.0521964 0.0667495 0.0799026 -0.0516141
            0.0710158 0.0806688 -0.0512568 0.0745465 0.0815564 -0.050843 0.0822523 0.0817041
            -0.0511481 0.0822524 0.0823818 -0.0523218 0.0822524 0.0831911 -0.0534089 0.0822524
            0.0841211 -0.0543947 0.0822524 0.0851593 -0.0552658 0.0822524 0.0862917 -0.0560106
            0.0822524 0.0875028 -0.0566188 0.0822524 0.0887763 -0.0570823 0.0822524 0.0900951
            -0.0573949 0.0822524 0.0914412 -0.0575522 0.0822524 0.0921188 -0.057572 0.0822524
            0.0921188 -0.0582552 0.0761275 0.0921188 -0.060499 0.0675102 0.0921188 -0.0641667
            0.059396 0.0921188 -0.0691531 0.0520185 0.0921188 -0.0753146 0.0455897 0.0921188
            -0.0824739 0.0402947 0.0921188 -0.090425 0.0362858 0.0921188 -0.0989393 0.0336783
            0.0921188 -0.1077719 0.0325473 0.0921188 -0.1166685 0.0329252 0.0921188 -0.1253732
            0.0348012 0.0921188 -0.1336357 0.0381214 0.0921188 -0.1412183 0.0427901 0.0921188
            -0.1479027 0.0486732 0.0921188 -0.1534968 0.0556013 0.0921188 -0.1578395 0.0633752
            0.0921188 -0.160806 0.0717711 0.0921188 -0.1623109 0.0805477 0.0841806 -0.118 0.0331822
            0.0841663 -0.1176893 0.0331331 0.0841219 -0.1173831 0.033087 0.0840474 -0.1170809
            0.0330439 0.0839432 -0.1167861 0.0330039 0.0838111 -0.1165041 0.0329676 0.0836522
            -0.1162366 0.032935 0.0834662 -0.115984 0.032906 0.0832562 -0.1157507 0.0328807
            0.0830255 -0.1155404 0.0328593 0.0827744 -0.1153531 0.0328416 0.0825045 -0.1151907
            0.0328275 0.082221 -0.1150562 0.0328171 0.0819259 -0.1149504 0.0328102 0.0816202
            -0.1148738 0.0328069 0.0813092 -0.1148278 0.0328071 0.0809968 -0.1148129 0.0328109
            0.0806824 -0.114829 0.0328182 0.0803709 -0.1148759 0.0328291 0.0800678 -0.1149528
            0.0328436 0.0797736 -0.1150593 0.0328618 0.0794898 -0.1151949 0.0328838 0.0792217
            -0.1153572 0.0329095 0.0789723 -0.115544 0.0329389 0.0787412 -0.1157556 0.0329722
            0.0785323 -0.1159885 0.0330091 0.0783488 -0.1162387 0.0330492 0.0781901 -0.1165066
            0.0330929 0.0780579 -0.1167896 0.0331397 0.0779543 -0.117084 0.0331894 0.0778802
            -0.1173865 0.0332413 0.0778363 -0.1176923 0.0332946 0.0778223 -0.118 0.0333491 0.0778385
            -0.1183097 0.0334048 0.0778846 -0.1186164 0.0334606 0.0779599 -0.1189151 0.0335154
            0.0780642 -0.1192059 0.0335692 0.0781972 -0.119487 0.0336213 0.0783566 -0.1197534
            0.0336707 0.0785406 -0.1200021 0.0337165 0.0787498 -0.1202336 0.0337586 0.0789814
            -0.1204441 0.033796 0.0792312 -0.1206298 0.0338279 0.0794996 -0.1207911 0.0338542
            0.079784 -0.1209259 0.0338742 0.080079 -0.1210315 0.0338876 0.0803825 -0.1211074
            0.033894 0.0806944 -0.1211533 0.0338935 0.081009 -0.1211683 0.0338861 0.0813212
            -0.1211523 0.0338718 0.0816313 -0.1211054 0.033851 0.0819359 -0.1210281 0.0338238
            0.0822294 -0.1209219 0.033791 0.0825108 -0.1207875 0.033753 0.0827783 -0.1206259
            0.0337102 0.0830271 -0.1204401 0.0336637 0.0832555 -0.1202318 0.0336142 0.0834637
            -0.120001 0.0335617 0.0836482 -0.1197513 0.0335075 0.0838063 -0.1194869 0.0334525
            0.0839383 -0.1192078 0.0333969 0.084043 -0.1189155 0.0333413 0.0841186 -0.1186155
            0.0332867 0.0841645 -0.1183105 0.0332337 0.0853512 -0.162114 0.0805477 0.0854387
            -0.1606116 0.0717711 0.0856111 -0.1576501 0.0633752 0.0858637 -0.1533148 0.0556013
            0.0861889 -0.1477302 0.0486732 0.0865776 -0.141057 0.0427901 0.0870185 -0.1334873
            0.0381214 0.0874989 -0.1252388 0.0348012 0.088005 -0.1165487 0.0329252 0.0885223
            -0.1076672 0.0325473 0.0890359 -0.0988496 0.0336783 0.089531 -0.0903497 0.0362858
            0.0899933 -0.082412 0.0402947 0.0904095 -0.0752648 0.0455897 0.0907678 -0.0691138
            0.0520185 0.0910577 -0.0641359 0.059396 0.091271 -0.0604742 0.0675102 0.0914015
            -0.0582343 0.0761275 0.0719073 -0.1605426 0.0805477 0.0721687 -0.1590605 0.0717711
            0.0726838 -0.1561392 0.0633752 0.0734379 -0.1518624 0.0556013 0.0744093 -0.1463533
            0.0486732 0.07557 -0.1397704 0.0427901 0.0768867 -0.132303 0.0381214 0.0783215
            -0.1241661 0.0348012 0.081378 -0.1068322 0.0325473 0.0829117 -0.0981338 0.0336783
            0.0843902 -0.0897488 0.0362858 0.0857709 -0.0819185 0.0402947 0.0870141 -0.074868
            0.0455897 0.088084 -0.0688001 0.0520185 0.0889499 -0.0638895 0.059396 0.0895868
            -0.0602774 0.0675102 0.0899764 -0.0580677 0.0761275 0.0718273 -0.1136962 0.0329252
            0.0587369 -0.1574211 0.0805477 0.0591685 -0.1559795 0.0717711 0.0600193 -0.1531376
            0.0633752 0.0612648 -0.1489773 0.0556013 0.0628692 -0.1436182 0.0486732 0.0647863
            -0.1372146 0.0427901 0.066961 -0.1299506 0.0381214 0.0693307 -0.1220352 0.0348012
            0.0743788 -0.1051733 0.0325473 0.076912 -0.0967119 0.0336783 0.079354 -0.0885552
            0.0362858 0.0816344 -0.0809381 0.0402947 0.0836877 -0.0740796 0.0455897 0.0854548
            -0.068177 0.0520185 0.0868849 -0.0634001 0.059396 0.0879369 -0.0598864 0.0675102
            0.0885804 -0.0577369 0.0761275 0.0460178 -0.1527917 0.0805477 0.0466139 -0.15141
            0.0717711 0.0477888 -0.1486861 0.0633752 0.0495089 -0.1446985 0.0556013 0.0517246
            -0.139562 0.0486732 0.0543722 -0.1334242 0.0427901 0.0573755 -0.1264618 0.0381214
            0.0606481 -0.118875 0.0348012 0.0640959 -0.1108821 0.0329252 0.0676196 -0.1027131
            0.0325473 0.071118 -0.094603 0.0336783 0.0744903 -0.086785 0.0362858 0.0776396
            -0.0794841 0.0402947 0.0804753 -0.0729104 0.0455897 0.0829157 -0.0672528 0.0520185
            0.0848907 -0.0626743 0.059396 0.0863435 -0.0593064 0.0675102 0.0872322 -0.0572462
            0.0761275 0.0339222 -0.1467171 0.0805477 0.0346746 -0.1454139 0.0717711 0.0361579
            -0.1428448 0.0633752 0.0383293 -0.1390839 0.0556013 0.0411263 -0.1342393 0.0486732
            0.0444685 -0.1284504 0.0427901 0.0482598 -0.1218837 0.0381214 0.052391 -0.1147281
            0.0348012 0.0567434 -0.1071896 0.0329252 0.0611917 -0.0994849 0.0325473 0.065608
            -0.0918358 0.0336783 0.0698651 -0.0844622 0.0362858 0.0738407 -0.0775762 0.0402947
            0.0774203 -0.0713762 0.0455897 0.0805011 -0.0660402 0.0520185 0.0829943 -0.0617219
            0.059396 0.0848282 -0.0585454 0.0675102 0.0859501 -0.0566022 0.0761275 0.0226136
            -0.1392794 0.0805477 0.0235123 -0.1380723 0.0717711 0.0252837 -0.1356927 0.0633752
            0.027877 -0.1322094 0.0556013 0.0312176 -0.1277222 0.0486732 0.0352092 -0.1223605
            0.0427901 0.0397372 -0.1162783 0.0381214 0.0446712 -0.1096508 0.0348012 0.0498694
            -0.1026685 0.0329252 0.055182 -0.0955323 0.0325473 0.0604564 -0.0884476 0.0336783
            0.0655408 -0.081618 0.0362858 0.0702889 -0.0752402 0.0402947 0.0745642 -0.0694976
            0.0455897 0.0782435 -0.0645554 0.0520185 0.0812212 -0.0605557 0.059396 0.0834115
            -0.0576136 0.0675102 0.0847514 -0.0558138 0.0761275 0.0122449 -0.130579 0.0805477
            0.0132776 -0.1294844 0.0717711 0.0153134 -0.1273267 0.0633752 0.0182935 -0.1241678
            0.0556013 0.0221324 -0.1200989 0.0486732 0.0267196 -0.1152368 0.0427901 0.031923
            -0.1097214 0.0381214 0.0375931 -0.1037115 0.0348012 0.0435667 -0.0973799 0.0329252
            0.0496719 -0.0909088 0.0325473 0.0557331 -0.0844842 0.0336783 0.061576 -0.0782911
            0.0362858 0.0670324 -0.0725077 0.0402947 0.0719454 -0.0673002 0.0455897 0.0761737
            -0.0628185 0.0520185 0.0795955 -0.0591916 0.059396 0.0821125 -0.0565237 0.0675102
            0.0836523 -0.0548916 0.0761275 0.0029564 -0.1207338 0.0805477 0.0041092 -0.1197664
            0.0717711 0.0063817 -0.1178596 0.0633752 0.0097084 -0.1150682 0.0556013 0.0139937
            -0.1114724 0.0486732 0.0191143 -0.1071757 0.0427901 0.0249229 -0.1023017 0.0381214
            0.0312523 -0.0969907 0.0348012 0.0379206 -0.0913954 0.0329252 0.0447357 -0.0856768
            0.0325473 0.0515018 -0.0799993 0.0336783 0.0580242 -0.0745264 0.0362858 0.0641151
            -0.0694155 0.0402947 0.0695994 -0.0648136 0.0455897 0.0743194 -0.0608531 0.0520185
            0.0781392 -0.0576479 0.059396 0.0809489 -0.0552903 0.0675102 0.0826677 -0.053848
            0.0761275 -0.0051263 -0.1098768 0.0805477 -0.003869 -0.1090498 0.0717711 -0.0013905
            -0.1074197 0.0633752 0.0022378 -0.1050333 0.0556013 0.0069115 -0.1019594 0.0486732
            0.0124963 -0.0982862 0.0427901 0.0188314 -0.0941195 0.0381214 0.0257347 -0.0895792
            0.0348012 0.0330074 -0.0847958 0.0329252 0.0404404 -0.079907 0.0325473 0.0478198
            -0.0750535 0.0336783 0.0549334 -0.0703748 0.0362858 0.0615765 -0.0660056 0.0402947
            0.067558 -0.0620715 0.0455897 0.0727058 -0.0586857 0.0520185 0.0768719 -0.0559457
            0.059396 0.0799363 -0.0539302 0.0675102 0.081811 -0.0526972 0.0761275 -0.011894
            -0.0981548 0.0805477 -0.0105492 -0.0974794 0.0717711 -0.0078982 -0.0961481 0.0633752
            -0.0040174 -0.094199 0.0556013 0.0009816 -0.0916884 0.0486732 0.0069551 -0.0886885
            0.0427901 0.0137311 -0.0852854 0.0381214 0.0211147 -0.0815772 0.0348012 0.0288936
            -0.0776705 0.0329252 0.0368439 -0.0736777 0.0325473 0.0447369 -0.0697137 0.0336783
            0.0523455 -0.0658925 0.0362858 0.059451 -0.062324 0.0402947 0.0658487 -0.059111
            0.0455897 0.0713548 -0.0563457 0.0520185 0.0758108 -0.0541078 0.059396 0.0790885
            -0.0524617 0.0675102 0.0810936 -0.0514547 0.0761275</float_array>
          <technique_common>
            <accessor count="327" source="#ID788" stride="3">
              <param name="X" type="float" />
              <param name="Y" type="float" />
              <param name="Z" type="float" />
            </accessor>
          </technique_common>
        </source>
        <source id="ID789">
          <float_array id="ID790" count="981">0 -0.9986295 -0.052336 -0.0580651 -0.99694 -0.052336
            -0.1159338 -0.9918771 -0.052336 -0.1734102 -0.9834581 -0.052336 -0.2302998 -0.9717113
            -0.052336 -0.2864102 -0.9566766 -0.052336 -0.3415514 -0.9384048 -0.052336 -0.395537
            -0.9169577 -0.052336 -0.4481841 -0.892408 -0.052336 -0.4993148 -0.8648385 -0.052336
            -0.5487559 -0.8343428 -0.052336 -0.5963402 -0.8010239 -0.052336 -0.6419067 -0.7649946
            -0.052336 -0.6853012 -0.7263768 -0.052336 -0.7263768 -0.6853012 -0.052336 -0.7649946
            -0.6419067 -0.052336 -0.8010239 -0.5963402 -0.052336 -0.8343428 -0.5487559 -0.052336
            -0.8648385 -0.4993148 -0.052336 -0.892408 -0.4481841 -0.052336 -0.8997306 -0.4332965
            -0.052336 -0.9050658 -0.4220389 -0.0523354 -0.8916044 -0.4157617 -0.1793983 -0.8573042
            -0.3997674 -0.3243695 -0.8493541 -0.3960602 -0.348904 -0.8116003 -0.3784554 -0.4450577
            -0.7860532 -0.3665426 -0.4977619 -0.6976718 -0.3253297 -0.6382904 -0.6321224 -0.2947636
            -0.7166141 -0.5617749 -0.26196 -0.7847202 -0.5518343 -0.2573246 -0.7932609 -0.4869978
            -0.2270909 -0.8433641 -0.4079894 -0.1902487 -0.8929446 -0.3247946 -0.1514543 -0.9335791
            -0.3126988 -0.1458139 -0.9385935 -0.2373302 -0.110669 -0.9651045 -0.145377 -0.0677905
            -0.9870511 -0.0487642 -0.0227391 -0.9985514 -0.0000021 -0.000001 -1 0.1281268 0.0597468
            -0.9899565 0.2490388 0.1161292 -0.9615059 0.345184 0.1609626 -0.9246291 0.3625481
            0.1690597 -0.916503 0.4689898 0.2186945 -0.8556993 0.5617266 0.2619386 -0.784762
            0.5683092 0.2650082 -0.7789707 0.6600438 0.3077849 -0.6852815 0.695721 0.3244215
            -0.6408767 0.7431783 0.3465513 -0.5723532 0.787495 0.3672166 -0.4949785 0.8157279
            0.380382 -0.4357723 0.8497823 0.3962619 -0.3476298 0.8735636 0.4073513 -0.2663673
            0.8881593 0.4141575 -0.1991144 0.9050649 0.4220408 -0.0523364 0.892408 0.4481841
            -0.052336 0.8343428 0.5487559 -0.052336 0.7649946 0.6419067 -0.052336 0.6853012
            0.7263768 -0.052336 0.5963402 0.8010239 -0.052336 0.4993148 0.8648385 -0.052336 0.395537
            0.9169577 -0.052336 0.2864102 0.9566766 -0.052336 0.1734102 0.9834581 -0.052336
            0.0580651 0.99694 -0.052336 0 0.9986295 -0.052336 0 0.9856159 -0.1690008 0 0.9428775
            -0.3331398 0 0.8730141 -0.4876949 0 0.7780358 -0.62822 0 0.6606748 -0.7506723 0
            0.5243073 -0.8515291 0 0.3728565 -0.927889 0 0.2106793 -0.9775552 0 0.0424412 -0.999099
            0 -0.1270178 -0.9919004 0 -0.2928228 -0.9561667 0 -0.4502037 -0.8929259 0 -0.5946332
            -0.8039972 0 -0.7219561 -0.6919389 0 -0.8285096 -0.5599748 0 -0.9112285 -0.4119012 0
            -0.967733 -0.2519781 0 -0.9963975 -0.0848059 -0.0175891 -0.1597161 -0.9870063 -0.0170396
            -0.1537706 -0.9879596 -0.0165685 -0.1480523 -0.9888408 -0.0161695 -0.1425624 -0.9896537
            -0.0158371 -0.1373022 -0.9904026 -0.0155664 -0.1322725 -0.9910911 -0.0153555 -0.1275146
            -0.9917178 -0.0152113 -0.1231694 -0.9922691 -0.0151342 -0.1192495 -0.992749 -0.0151258
            -0.1157932 -0.9931582 -0.0151899 -0.1128626 -0.9934945 -0.0153307 -0.1104585 -0.9937625
            -0.0155507 -0.1086261 -0.993961 -0.0158554 -0.107385 -0.9940911 -0.0162503 -0.1067386
            -0.9941543 -0.0167353 -0.106702 -0.9941502 -0.017318 -0.1072756 -0.9940785 -0.0179975
            -0.1084464 -0.9939394 -0.0187717 -0.1102002 -0.9937321 -0.0196441 -0.1125276 -0.9934544
            -0.0206011 -0.115375 -0.9931083 -0.0216446 -0.118736 -0.9926899 -0.0227638 -0.1225637
            -0.9921995 -0.0239404 -0.1267922 -0.9916403 -0.0251751 -0.1314264 -0.9910062 -0.0264371
            -0.1363542 -0.9903073 -0.0277189 -0.1415601 -0.9895415 -0.0290113 -0.1470252 -0.9887072
            -0.0302831 -0.1526398 -0.9878178 -0.0315263 -0.1583976 -0.986872 -0.0327109 -0.1641871
            -0.9858867 -0.0338183 -0.1699444 -0.9848732 -0.0348482 -0.1757029 -0.9838263 -0.0357726
            -0.1813372 -0.9827701 -0.0365828 -0.1868285 -0.9817111 -0.0372703 -0.1921539 -0.9806568
            -0.0378177 -0.1972037 -0.9796329 -0.0382225 -0.2019833 -0.9786428 -0.0384797 -0.2064523
            -0.9776998 -0.0385837 -0.2105278 -0.9768261 -0.0385351 -0.21421 -0.9760272 -0.0383358
            -0.2174671 -0.9753146 -0.0379906 -0.2202375 -0.9747062 -0.0375029 -0.2225237 -0.9742057
            -0.0368848 -0.2242888 -0.9738244 -0.0361476 -0.225507 -0.9735707 -0.0352991 -0.2261761
            -0.9734466 -0.0343599 -0.2262812 -0.9734558 -0.0333394 -0.2258189 -0.9735987 -0.0322601
            -0.224801 -0.9738705 -0.0311368 -0.2232345 -0.9742674 -0.0299788 -0.2211246 -0.9747847
            -0.0288123 -0.218514 -0.9754084 -0.0276438 -0.2154077 -0.9761329 -0.0264867 -0.2118371
            -0.976946 -0.0253617 -0.207862 -0.9778293 -0.0242687 -0.2034812 -0.9787781 -0.0232185
            -0.1987417 -0.9797768 -0.0222254 -0.1937149 -0.9808061 -0.0212789 -0.1883602 -0.9818695
            -0.020393 -0.182778 -0.9829427 -0.0195879 -0.1771216 -0.983994 -0.0188568 -0.1713919
            -0.9850225 -0.0181929 -0.1655898 -0.9860269 -0.0579354 -0.9947118 -0.0848059 -0.0562687
            -0.9660957 -0.2519781 -0.0529832 -0.9096869 -0.4119012 -0.0481736 -0.827108 -0.5599748
            -0.041978 -0.7207347 -0.6919389 -0.0345748 -0.5936272 -0.8039972 -0.026177 -0.4494421
            -0.8929259 -0.0170261 -0.2923274 -0.9561667 -0.0073854 -0.1268029 -0.9919004 0.0024677
            0.0423694 -0.999099 0.0122499 0.2103228 -0.9775552 0.0216797 0.3722257 -0.927889
            0.0304858 0.5234202 -0.8515291 0.0384148 0.659557 -0.7506723 0.0452388 0.7767195
            -0.62822 0.0507613 0.8715371 -0.4876949 0.0548234 0.9412823 -0.3331398 0.0573085
            0.9839484 -0.1690008 -0.1730226 -0.9812599 -0.0848059 -0.1680451 -0.9530309 -0.2519781
            -0.1582332 -0.8973849 -0.4119012 -0.1438692 -0.8159227 -0.5599748 -0.1253664 -0.710988
            -0.6919389 -0.103257 -0.5855994 -0.8039972 -0.0781771 -0.4433641 -0.8929259 -0.0508481
            -0.2883741 -0.9561667 0.0073698 0.0417964 -0.999099 0.0365841 0.2074786 -0.9775552
            0.0647459 0.3671919 -0.927889 0.091045 0.5163419 -0.8515291 0.114725 0.6506376
            -0.7506723 0.1351045 0.7662156 -0.62822 0.1515973 0.859751 -0.4876949 0.163729 0.928553
            -0.3331398 0.1711504 0.9706422 -0.1690008 -0.0364291 -0.1216817 -0.9919004 -0.28577
            -0.9545383 -0.0848059 -0.2775489 -0.927078 -0.2519781 -0.2613433 -0.8729473 -0.4119012
            -0.2376193 -0.7937036 -0.5599748 -0.2070593 -0.6916264 -0.6919389 -0.1705427 -0.5696523
            -0.8039972 -0.1291199 -0.4312905 -0.8929259 -0.0839825 -0.2805212 -0.9561667 0.0121723
            0.0406582 -0.999099 0.0604235 0.2018285 -0.9775552 0.1069364 0.3571926 -0.927889
            0.150373 0.5022809 -0.8515291 0.1894836 0.6329194 -0.7506723 0.2231432 0.7453501
            -0.62822 0.2503833 0.8363383 -0.4876949 0.2704203 0.9032667 -0.3331398 0.2826778
            0.9442097 -0.1690008 -0.3946529 -0.9149082 -0.0848059 -0.3832994 -0.888588 -0.2519781
            -0.3609192 -0.8367047 -0.4119012 -0.3281559 -0.7607509 -0.5599748 -0.2859522 -0.6629117
            -0.6919389 -0.2355222 -0.5460017 -0.8039972 -0.1783166 -0.4133843 -0.8929259 -0.1159812
            -0.2688746 -0.9561667 -0.0503092 -0.1166298 -0.9919004 0.0168101 0.0389702 -0.999099
            0.0834458 0.1934491 -0.9775552 0.1476809 0.3423628 -0.927889 0.2076675 0.4814274
            -0.8515291 0.2616799 0.6066422 -0.7506723 0.3081642 0.7144049 -0.62822 0.3457832
            0.8016156 -0.4876949 0.3734547 0.8657653 -0.3331398 0.3903825 0.9050084 -0.1690008
            -0.4981987 -0.8629056 -0.0848059 -0.4838665 -0.8380813 -0.2519781 -0.4556142 -0.789147
            -0.4119012 -0.4142548 -0.7175104 -0.5599748 -0.360978 -0.6252323 -0.6919389 -0.2973166
            -0.5149674 -0.8039972 -0.2251019 -0.3898879 -0.8929259 -0.1464114 -0.253592 -0.9561667
            -0.0635089 -0.1100007 -0.9919004 0.0212206 0.0367552 -0.999099 0.1053396 0.1824536
            -0.9775552 0.1864282 0.3229032 -0.927889 0.2621537 0.4540634 -0.8515291 0.3303374
            0.5721611 -0.7506723 0.3890179 0.6737987 -0.62822 0.436507 0.7560524 -0.4876949
            0.4714387 0.8165558 -0.3331398 0.492808 0.8535684 -0.1690008 -0.5950073 -0.7992336
            -0.0848059 -0.57789 -0.7762411 -0.2519781 -0.5441479 -0.7309175 -0.4119012 -0.4947517
            -0.6645668 -0.5599748 -0.4311223 -0.5790977 -0.6919389 -0.3550903 -0.4769691 -0.8039972
            -0.268843 -0.3611189 -0.8929259 -0.1748616 -0.2348799 -0.9561667 -0.0758498 -0.1018839
            -0.9919004 0.0253441 0.0340431 -0.999099 0.1258089 0.1689907 -0.9775552 0.2226544
            0.2990768 -0.927889 0.3130946 0.420559 -0.8515291 0.3945276 0.5299425 -0.7506723
            0.4646107 0.6240805 -0.62822 0.5213279 0.7002649 -0.4876949 0.5630473 0.7563038
            -0.3331398 0.588569 0.7905854 -0.1690008 -0.6837695 -0.7247533 -0.0848059 -0.6640986
            -0.7039034 -0.2519781 -0.6253229 -0.6628036 -0.4119012 -0.5685578 -0.6026361 -0.5599748
            -0.4954363 -0.5251318 -0.6919389 -0.408062 -0.4325205 -0.8039972 -0.3089485 -0.3274663
            -0.8929259 -0.2009472 -0.2129916 -0.9561667 -0.0871649 -0.0923894 -0.9919004 0.0291249
            0.0308706 -0.999099 0.1445769 0.1532425 -0.9775552 0.2558696 0.271206 -0.927889
            0.3598015 0.3813673 -0.8515291 0.4533825 0.4805574 -0.7506723 0.5339205 0.5659227
            -0.62822 0.5990986 0.6350074 -0.4876949 0.6470417 0.6858242 -0.3331398 0.6763707
            0.716911 -0.1690008 -0.7632847 -0.6404719 -0.0848059 -0.7413265 -0.6220468 -0.2519781
            -0.6980415 -0.5857264 -0.4119012 -0.6346752 -0.5325558 -0.5599748 -0.5530505 -0.4640644
            -0.6919389 -0.4555154 -0.3822228 -0.8039972 -0.3448761 -0.2893854 -0.8929259 -0.2243153
            -0.1882229 -0.9561667 -0.0973013 -0.0816455 -0.9919004 0.0325118 0.0272807 -0.999099
            0.1613897 0.135422 -0.9775552 0.2856246 0.2396675 -0.927889 0.4016427 0.3370182
            -0.8515291 0.5061062 0.4246735 -0.7506723 0.59601 0.5001118 -0.62822 0.6687676 0.5611627
            -0.4876949 0.722286 0.6060699 -0.3331398 0.7550256 0.6335417 -0.1690008 -0.8324779
            -0.5475293 -0.0848059 -0.8085291 -0.5317779 -0.2519781 -0.7613203 -0.5007282 -0.4119012
            -0.6922097 -0.4552735 -0.5599748 -0.6031855 -0.3967214 -0.6919389 -0.4968088 -0.3267563
            -0.8039972 -0.3761397 -0.247391 -0.8929259 -0.2446499 -0.1609087 -0.9561667 -0.1061218
            -0.0697974 -0.9919004 0.0354591 0.0233218 -0.999099 0.17602 0.1157702 -0.9775552
            0.311517 0.204888 -0.927889 0.4380524 0.2881116 -0.8515291 0.5519857 0.3630467
            -0.7506723 0.6500394 0.4275376 -0.62822 0.7293926 0.4797291 -0.4876949 0.7877626
            0.5181196 -0.3331398 0.8234701 0.5416048 -0.1690008 -0.8904133 -0.4471824 -0.0848059
            -0.8647978 -0.4343178 -0.2519781 -0.8143035 -0.4089586 -0.4119012 -0.7403833 -0.3718345
            -0.5599748 -0.6451635 -0.3240133 -0.6919389 -0.5313836 -0.2668709 -0.8039972 -0.4023167
            -0.2020511 -0.8929259 -0.261676 -0.1314186 -0.9561667 -0.1135073 -0.0570055 -0.9919004
            0.0379268 0.0190476 -0.999099 0.1882699 0.0945527 -0.9775552 0.3331967 0.1673377
            -0.927889 0.4685381 0.2353087 -0.8515291 0.5904005 0.2965103 -0.7506723 0.6952782
            0.3491818 -0.62822 0.7801539 0.391808 -0.4876949 0.842586 0.4231626 -0.3331398 0.8807786
            0.4423436 -0.1690008</float_array>
          <technique_common>
            <accessor count="327" source="#ID790" stride="3">
              <param name="X" type="float" />
              <param name="Y" type="float" />
              <param name="Z" type="float" />
            </accessor>
          </technique_common>
        </source>
        <source id="ID791">
          <float_array id="ID792" count="654">0.9999998 0 0.9999998 0.0512821 0.9999998 0.1025641
            0.9999998 0.1538462 0.9999998 0.2051282 0.9999998 0.2564103 0.9999998 0.3076923
            0.9999998 0.3589743 0.9999998 0.4102564 0.9999998 0.4615384 0.9999998 0.5128204
            0.9999998 0.5641024 0.9999998 0.6153845 0.9999998 0.6666666 0.9999998 0.7179486
            0.9999998 0.7692306 0.9999998 0.8205127 0.9999998 0.8717947 0.9999998 0.9230767
            0.9999998 0.9743589 0.9999998 0.9890036 1 1 0.9578463 1 0.9084632 1 0.8998832 1
            0.8653618 1 0.8456778 0.9999998 0.7892846 0.9999998 0.7541628 0.9999998 0.7201446
            0.9999998 0.7155671 0.9999998 0.6867983 0.9999996 0.6537607 0.9999996 0.6206907
            0.9999996 0.6159959 0.9999996 0.5872456 0.9999996 0.5530485 0.9999996 0.5177258
            0.9999996 0.5000007 0.9999985 0.4532914 0.9999985 0.4083381 0.9999985 0.3713361
            0.9999983 0.3644831 0.9999983 0.3209026 0.9999983 0.2798773 0.9999983 0.2768185
            0.9999983 0.2313663 0.9999983 0.2118231 0.9999983 0.1834165 0.9999983 0.1532662
            0.9999983 0.1312324 0.9999983 0.099669 0.9999983 0.0715414 0.9999981 0.0487653 0.9999981
            0.0000001 0.9999981 0 0.9743589 0 0.8717947 0 0.7692306 0 0.6666666 0 0.5641024 0
            0.4615384 0 0.3589743 0 0.2564103 0 0.1538462 0 0.0512821 0 0 0.0386766 0 0.0945946 0
            0.1505125 0 0.2064305 0 0.2623485 0 0.3182664 0 0.3741844 0 0.4301024 0 0.4860204 0
            0.5419384 0 0.5978563 0 0.6537743 0 0.7096924 0 0.7656103 0 0.8215283 0 0.8774462 0
            0.9333642 0 0.9892822 0 0.5531405 0.0966845 0.5511498 0.0972809 0.549239 0.0982366
            0.5474083 0.0995518 0.5456575 0.1012263 0.5439867 0.1032604 0.5424092 0.1056394
            0.5409716 0.1083124 0.539678 0.1112748 0.5385408 0.1144963 0.5375806 0.1179267 0.5367975
            0.1215643 0.5362065 0.125338 0.5358142 0.1292162 0.5356219 0.1331766 0.5356344 0.1371347
            0.5358524 0.1410828 0.5362715 0.1449662 0.5368871 0.1487242 0.5376963 0.1523448
            0.5386811 0.1557527 0.5398394 0.1589402 0.5411557 0.161872 0.5426074 0.1644997 0.5441962
            0.1668278 0.5458839 0.1688103 0.5476651 0.1704449 0.5495334 0.1717278 0.5514508
            0.1726391 0.5534151 0.1731789 0.5553877 0.1733458 0.5573469 0.1731482 0.5593034
            0.1725879 0.5612144 0.1716848 0.5630732 0.1704444 0.5648715 0.1688745 0.5665721
            0.1670122 0.5681766 0.1648569 0.5696712 0.1624303 0.5710279 0.1597759 0.5722467
            0.1568936 0.5733172 0.1538086 0.5742189 0.1505708 0.5749528 0.1471755 0.575507 0.1436742
            0.5758738 0.140104 0.5760525 0.1364699 0.5760393 0.1328336 0.5758335 0.1292055 0.5754403
            0.1256382 0.5748628 0.1221601 0.5741031 0.1187809 0.5731772 0.1155608 0.5720868
            0.1125067 0.5708433 0.1096446 0.5694677 0.1070217 0.5679597 0.1046371 0.5663357
            0.1025154 0.56462 0.1006932 0.5627988 0.0991591 0.5609063 0.0979431 0.5589942 0.0970877
            0.5570626 0.0965927 0.5551113 0.0964583 0.9892822 0.0512821 0.9333642 0.0512821
            0.8774462 0.0512821 0.8215283 0.0512821 0.7656103 0.0512821 0.7096924 0.0512821
            0.6537743 0.0512821 0.5978563 0.0512821 0.5419384 0.0512821 0.4860204 0.0512821
            0.4301024 0.0512821 0.3741844 0.0512821 0.3182664 0.0512821 0.2623485 0.0512821
            0.2064305 0.0512821 0.1505125 0.0512821 0.0945946 0.0512821 0.0386766 0.0512821
            0.9892822 0.1538462 0.9333642 0.1538462 0.8774462 0.1538462 0.8215283 0.1538462
            0.7656103 0.1538462 0.7096924 0.1538462 0.6537743 0.1538462 0.5978563 0.1538462
            0.4860204 0.1538462 0.4301024 0.1538462 0.3741844 0.1538462 0.3182664 0.1538462
            0.2623485 0.1538462 0.2064305 0.1538462 0.1505125 0.1538462 0.0945946 0.1538462
            0.0386766 0.1538462 0.5419384 0.2564103 0.9892822 0.2564103 0.9333642 0.2564103
            0.8774462 0.2564103 0.8215283 0.2564103 0.7656103 0.2564103 0.7096924 0.2564103
            0.6537743 0.2564103 0.5978563 0.2564103 0.4860204 0.2564103 0.4301024 0.2564103
            0.3741844 0.2564103 0.3182664 0.2564103 0.2623485 0.2564103 0.2064305 0.2564103
            0.1505125 0.2564103 0.0945946 0.2564103 0.0386766 0.2564103 0.9892822 0.3589743
            0.9333642 0.3589743 0.8774462 0.3589743 0.8215283 0.3589743 0.7656103 0.3589743
            0.7096924 0.3589743 0.6537743 0.3589743 0.5978563 0.3589743 0.5419384 0.3589743
            0.4860204 0.3589743 0.4301024 0.3589743 0.3741844 0.3589743 0.3182664 0.3589743
            0.2623485 0.3589743 0.2064305 0.3589743 0.1505125 0.3589743 0.0945946 0.3589743
            0.0386766 0.3589743 0.9892822 0.4615384 0.9333642 0.4615384 0.8774462 0.4615384
            0.8215283 0.4615384 0.7656103 0.4615384 0.7096924 0.4615384 0.6537743 0.4615384
            0.5978563 0.4615384 0.5419384 0.4615384 0.4860204 0.4615384 0.4301024 0.4615384
            0.3741844 0.4615384 0.3182664 0.4615384 0.2623485 0.4615384 0.2064305 0.4615384
            0.1505125 0.4615384 0.0945946 0.4615384 0.0386766 0.4615384 0.9892822 0.5641024
            0.9333642 0.5641024 0.8774462 0.5641024 0.8215283 0.5641024 0.7656103 0.5641024
            0.7096924 0.5641024 0.6537743 0.5641024 0.5978563 0.5641024 0.5419384 0.5641024
            0.4860204 0.5641024 0.4301024 0.5641024 0.3741844 0.5641024 0.3182664 0.5641024
            0.2623485 0.5641024 0.2064305 0.5641024 0.1505125 0.5641024 0.0945946 0.5641024
            0.0386766 0.5641024 0.9892822 0.6666666 0.9333642 0.6666666 0.8774462 0.6666666
            0.8215283 0.6666666 0.7656103 0.6666666 0.7096924 0.6666666 0.6537743 0.6666666
            0.5978563 0.6666666 0.5419384 0.6666666 0.4860204 0.6666666 0.4301024 0.6666666
            0.3741844 0.6666666 0.3182664 0.6666666 0.2623485 0.6666666 0.2064305 0.6666666
            0.1505125 0.6666666 0.0945946 0.6666666 0.0386766 0.6666666 0.9892822 0.7692306
            0.9333642 0.7692306 0.8774462 0.7692306 0.8215283 0.7692306 0.7656103 0.7692306
            0.7096924 0.7692306 0.6537743 0.7692306 0.5978563 0.7692306 0.5419384 0.7692306
            0.4860204 0.7692306 0.4301024 0.7692306 0.3741844 0.7692306 0.3182664 0.7692306
            0.2623485 0.7692306 0.2064305 0.7692306 0.1505125 0.7692306 0.0945946 0.7692306
            0.0386766 0.7692306 0.9892822 0.8717947 0.9333642 0.8717947 0.8774462 0.8717947
            0.8215283 0.8717947 0.7656103 0.8717947 0.7096924 0.8717947 0.6537743 0.8717947
            0.5978563 0.8717947 0.5419384 0.8717947 0.4860204 0.8717947 0.4301024 0.8717947
            0.3741844 0.8717947 0.3182664 0.8717947 0.2623485 0.8717947 0.2064305 0.8717947
            0.1505125 0.8717947 0.0945946 0.8717947 0.0386766 0.8717947 0.9892822 0.9743589
            0.9333642 0.9743589 0.8774462 0.9743589 0.8215283 0.9743589 0.7656103 0.9743589
            0.7096924 0.9743589 0.6537743 0.9743589 0.5978563 0.9743589 0.5419384 0.9743589
            0.4860204 0.9743589 0.4301024 0.9743589 0.3741844 0.9743589 0.3182664 0.9743589
            0.2623485 0.9743589 0.2064305 0.9743589 0.1505125 0.9743589 0.0945946 0.9743589
            0.0386766 0.9743589</float_array>
          <technique_common>
            <accessor count="327" source="#ID792" stride="2">
              <param name="S" type="float" />
              <param name="T" type="float" />
            </accessor>
          </technique_common>
        </source>
        <vertices id="ID793">
          <input semantic="POSITION" source="#ID787" />
        </vertices>
        <triangles count="506" material="ID794">
          <input semantic="VERTEX" source="#ID793" offset="0" />
          <input semantic="NORMAL" source="#ID789" offset="1" />
          <input semantic="TEXCOORD" source="#ID791" offset="2" set="0" />
          <p>83 83 83 0 0 0 148 148 148 149 149 149 148 148 148 167 167 167 168 168 168 167 167 167
            185 185 185 186 186 186 185 185 185 203 203 203 204 204 204 203 203 203 222 222 222 223
            223 223 222 222 222 241 241 241 242 242 242 241 241 241 260 260 260 261 261 261 260 260
            260 279 279 279 280 280 280 279 279 279 298 298 298 299 299 299 298 298 298 317 317 317
            318 318 318 317 317 317 37 37 37 38 38 38 318 318 318 37 37 37 38 38 38 39 39 39 318 318
            318 318 318 318 39 39 39 319 319 319 300 300 300 319 319 319 301 301 301 282 282 282 301
            301 301 283 283 283 264 264 264 283 283 283 265 265 265 246 246 246 265 265 265 247 247
            247 228 228 228 247 247 247 229 229 229 210 210 210 229 229 229 211 211 211 192 192 192
            211 211 211 193 193 193 174 174 174 193 193 193 175 175 175 157 157 157 175 175 175 158
            158 158 74 74 74 158 158 158 73 73 73 74 74 74 157 157 157 158 158 158 74 74 74 75 75 75
            157 157 157 157 157 157 75 75 75 156 156 156 92 92 92 156 156 156 91 91 91 92 92 92 157
            157 157 156 156 156 92 92 92 93 93 93 157 157 157 157 157 157 93 93 93 94 94 94 95 95 95
            157 157 157 94 94 94 95 95 95 174 174 174 157 157 157 95 95 95 96 96 96 174 174 174 174
            174 174 96 96 96 97 97 97 98 98 98 174 174 174 97 97 97 98 98 98 99 99 99 174 174 174
            174 174 174 99 99 99 100 100 100 101 101 101 174 174 174 100 100 100 101 101 101 102 102
            102 174 174 174 174 174 174 102 102 102 103 103 103 104 104 104 174 174 174 103 103 103
            104 104 104 105 105 105 174 174 174 174 174 174 105 105 105 192 192 192 193 193 193 174
            174 174 192 192 192 0 0 0 1 1 1 148 148 148 148 148 148 1 1 1 2 2 2 166 166 166 2 2 2 3
            3 3 4 4 4 166 166 166 3 3 3 4 4 4 184 184 184 166 166 166 4 4 4 5 5 5 184 184 184 184
            184 184 5 5 5 6 6 6 201 201 201 6 6 6 7 7 7 8 8 8 201 201 201 7 7 7 8 8 8 219 219 219
            201 201 201 8 8 8 9 9 9 219 219 219 219 219 219 9 9 9 10 10 10 237 237 237 10 10 10 11
            11 11 12 12 12 237 237 237 11 11 11 12 12 12 255 255 255 237 237 237 12 12 12 13 13 13
            255 255 255 255 255 255 13 13 13 14 14 14 273 273 273 14 14 14 15 15 15 16 16 16 273 273
            273 15 15 15 16 16 16 291 291 291 273 273 273 16 16 16 17 17 17 291 291 291 291 291 291
            17 17 17 18 18 18 309 309 309 18 18 18 19 19 19 20 20 20 309 309 309 19 19 19 20 20 20
            21 21 21 309 309 309 309 309 309 21 21 21 22 22 22 23 23 23 309 309 309 22 22 22 23 23
            23 310 310 310 309 309 309 23 23 23 311 311 311 310 310 310 23 23 23 24 24 24 311 311
            311 311 311 311 24 24 24 25 25 25 312 312 312 25 25 25 26 26 26 27 27 27 312 312 312 26
            26 26 27 27 27 313 313 313 312 312 312 27 27 27 28 28 28 313 313 313 313 313 313 28 28
            28 314 314 314 295 295 295 314 314 314 296 296 296 277 277 277 296 296 296 278 278 278
            259 259 259 278 278 278 260 260 260 241 241 241 259 259 259 260 260 260 241 241 241 240
            240 240 259 259 259 241 241 241 222 222 222 240 240 240 240 240 240 222 222 222 221 221
            221 239 239 239 221 221 221 220 220 220 238 238 238 220 220 220 219 219 219 237 237 237
            219 219 219 10 10 10 237 237 237 238 238 238 219 219 219 237 237 237 256 256 256 238 238
            238 237 237 237 255 255 255 256 256 256 256 256 256 255 255 255 274 274 274 275 275 275
            274 274 274 293 293 293 294 294 294 293 293 293 312 312 312 313 313 313 294 294 294 312
            312 312 313 313 313 295 295 295 294 294 294 313 313 313 314 314 314 295 295 295 28 28 28
            29 29 29 314 314 314 314 314 314 29 29 29 30 30 30 31 31 31 314 314 314 30 30 30 31 31
            31 315 315 315 314 314 314 31 31 31 32 32 32 315 315 315 315 315 315 32 32 32 33 33 33
            316 316 316 33 33 33 34 34 34 35 35 35 316 316 316 34 34 34 35 35 35 36 36 36 316 316
            316 316 316 316 36 36 36 317 317 317 298 298 298 316 316 316 317 317 317 298 298 298 297
            297 297 316 316 316 298 298 298 279 279 279 297 297 297 297 297 297 279 279 279 278 278
            278 296 296 296 297 297 297 278 278 278 296 296 296 315 315 315 297 297 297 296 296 296
            314 314 314 315 315 315 36 36 36 37 37 37 317 317 317 39 39 39 40 40 40 319 319 319 319
            319 319 40 40 40 320 320 320 301 301 301 320 320 320 302 302 302 283 283 283 302 302 302
            284 284 284 265 265 265 284 284 284 266 266 266 247 247 247 266 266 266 248 248 248 229
            229 229 248 248 248 230 230 230 211 211 211 230 230 230 212 212 212 193 193 193 212 212
            212 194 194 194 175 175 175 194 194 194 176 176 176 158 158 158 176 176 176 159 159 159
            73 73 73 159 159 159 72 72 72 73 73 73 158 158 158 159 159 159 40 40 40 41 41 41 320 320
            320 320 320 320 41 41 41 42 42 42 321 321 321 42 42 42 43 43 43 44 44 44 321 321 321 43
            43 43 44 44 44 322 322 322 321 321 321 44 44 44 45 45 45 322 322 322 322 322 322 45 45
            45 46 46 46 323 323 323 46 46 46 47 47 47 48 48 48 323 323 323 47 47 47 48 48 48 324 324
            324 323 323 323 48 48 48 49 49 49 324 324 324 324 324 324 49 49 49 50 50 50 325 325 325
            50 50 50 51 51 51 52 52 52 325 325 325 51 51 51 52 52 52 307 307 307 325 325 325 52 52
            52 326 326 326 307 307 307 52 52 52 53 53 53 326 326 326 326 326 326 53 53 53 54 54 54
            55 55 55 326 326 326 54 54 54 55 55 55 308 308 308 326 326 326 55 55 55 56 56 56 308 308
            308 308 308 308 56 56 56 290 290 290 289 289 289 290 290 290 271 271 271 270 270 270 271
            271 271 252 252 252 251 251 251 252 252 252 233 233 233 232 232 232 233 233 233 214 214
            214 213 213 213 214 214 214 195 195 195 194 194 194 195 195 195 176 176 176 194 194 194
            213 213 213 195 195 195 194 194 194 212 212 212 213 213 213 213 213 213 212 212 212 231
            231 231 232 232 232 231 231 231 250 250 250 251 251 251 250 250 250 269 269 269 270 270
            270 269 269 269 288 288 288 289 289 289 288 288 288 307 307 307 308 308 308 307 307 307
            326 326 326 308 308 308 289 289 289 307 307 307 308 308 308 290 290 290 289 289 289 56
            56 56 57 57 57 290 290 290 290 290 290 57 57 57 272 272 272 271 271 271 272 272 272 253
            253 253 252 252 252 253 253 253 234 234 234 233 233 233 234 234 234 215 215 215 214 214
            214 215 215 215 196 196 196 195 195 195 196 196 196 177 177 177 176 176 176 177 177 177
            159 159 159 176 176 176 195 195 195 177 177 177 57 57 57 58 58 58 272 272 272 272 272
            272 58 58 58 254 254 254 253 253 253 254 254 254 235 235 235 234 234 234 235 235 235 216
            216 216 215 215 215 216 216 216 197 197 197 196 196 196 197 197 197 178 178 178 177 177
            177 178 178 178 160 160 160 159 159 159 160 160 160 72 72 72 159 159 159 177 177 177 160
            160 160 58 58 58 59 59 59 254 254 254 254 254 254 59 59 59 236 236 236 235 235 235 236
            236 236 217 217 217 216 216 216 217 217 217 198 198 198 197 197 197 198 198 198 179 179
            179 178 178 178 179 179 179 161 161 161 160 160 160 161 161 161 71 71 71 72 72 72 160
            160 160 71 71 71 59 59 59 60 60 60 236 236 236 236 236 236 60 60 60 218 218 218 217 217
            217 218 218 218 199 199 199 198 198 198 199 199 199 180 180 180 179 179 179 180 180 180
            162 162 162 161 161 161 162 162 162 70 70 70 71 71 71 161 161 161 70 70 70 60 60 60 61
            61 61 218 218 218 218 218 218 61 61 61 200 200 200 199 199 199 200 200 200 181 181 181
            180 180 180 181 181 181 163 163 163 162 162 162 163 163 163 69 69 69 70 70 70 162 162
            162 69 69 69 61 61 61 62 62 62 200 200 200 200 200 200 62 62 62 182 182 182 181 181 181
            182 182 182 164 164 164 163 163 163 164 164 164 68 68 68 69 69 69 163 163 163 68 68 68
            62 62 62 63 63 63 182 182 182 182 182 182 63 63 63 165 165 165 164 164 164 165 165 165
            67 67 67 68 68 68 164 164 164 67 67 67 63 63 63 64 64 64 165 165 165 165 165 165 64 64
            64 66 66 66 67 67 67 165 165 165 66 66 66 64 64 64 65 65 65 66 66 66 75 75 75 76 76 76
            156 156 156 156 156 156 76 76 76 155 155 155 144 144 144 155 155 155 143 143 143 144 144
            144 156 156 156 155 155 155 144 144 144 145 145 145 156 156 156 156 156 156 145 145 145
            146 146 146 147 147 147 156 156 156 146 146 146 147 147 147 84 84 84 156 156 156 156 156
            156 84 84 84 85 85 85 86 86 86 156 156 156 85 85 85 86 86 86 87 87 87 156 156 156 156
            156 156 87 87 87 88 88 88 89 89 89 156 156 156 88 88 88 89 89 89 90 90 90 156 156 156
            156 156 156 90 90 90 91 91 91 76 76 76 77 77 77 155 155 155 155 155 155 77 77 77 154 154
            154 173 173 173 154 154 154 172 172 172 190 190 190 172 172 172 189 189 189 207 207 207
            189 189 189 206 206 206 225 225 225 206 206 206 224 224 224 243 243 243 224 224 224 242
            242 242 261 261 261 242 242 242 260 260 260 261 261 261 243 243 243 242 242 242 261 261
            261 262 262 262 243 243 243 261 261 261 280 280 280 262 262 262 261 261 261 279 279 279
            280 280 280 77 77 77 78 78 78 154 154 154 154 154 154 78 78 78 153 153 153 172 172 172
            153 153 153 171 171 171 189 189 189 171 171 171 188 188 188 206 206 206 188 188 188 205
            205 205 224 224 224 205 205 205 223 223 223 242 242 242 223 223 223 241 241 241 242 242
            242 224 224 224 223 223 223 78 78 78 79 79 79 153 153 153 153 153 153 79 79 79 152 152
            152 171 171 171 152 152 152 170 170 170 188 188 188 170 170 170 187 187 187 205 205 205
            187 187 187 204 204 204 223 223 223 204 204 204 222 222 222 223 223 223 205 205 205 204
            204 204 79 79 79 80 80 80 152 152 152 152 152 152 80 80 80 151 151 151 170 170 170 151
            151 151 169 169 169 187 187 187 169 169 169 186 186 186 204 204 204 186 186 186 203 203
            203 204 204 204 187 187 187 186 186 186 80 80 80 81 81 81 151 151 151 151 151 151 81 81
            81 150 150 150 169 169 169 150 150 150 168 168 168 186 186 186 168 168 168 185 185 185
            186 186 186 169 169 169 168 168 168 81 81 81 82 82 82 150 150 150 150 150 150 82 82 82
            149 149 149 168 168 168 149 149 149 167 167 167 168 168 168 150 150 150 149 149 149 82
            82 82 83 83 83 149 149 149 149 149 149 83 83 83 148 148 148 192 192 192 105 105 105 183
            183 183 210 210 210 183 183 183 209 209 209 228 228 228 209 209 209 227 227 227 246 246
            246 227 227 227 245 245 245 264 264 264 245 245 245 263 263 263 282 282 282 263 263 263
            281 281 281 300 300 300 281 281 281 299 299 299 318 318 318 299 299 299 317 317 317 318
            318 318 300 300 300 299 299 299 318 318 318 319 319 319 300 300 300 105 105 105 106 106
            106 183 183 183 183 183 183 106 106 106 107 107 107 108 108 108 183 183 183 107 107 107
            108 108 108 109 109 109 183 183 183 183 183 183 109 109 109 110 110 110 111 111 111 183
            183 183 110 110 110 111 111 111 112 112 112 183 183 183 183 183 183 112 112 112 113 113
            113 114 114 114 183 183 183 113 113 113 114 114 114 115 115 115 183 183 183 183 183 183
            115 115 115 116 116 116 117 117 117 183 183 183 116 116 116 117 117 117 191 191 191 183
            183 183 117 117 117 118 118 118 191 191 191 191 191 191 118 118 118 119 119 119 120 120
            120 191 191 191 119 119 119 120 120 120 121 121 121 191 191 191 191 191 191 121 121 121
            122 122 122 123 123 123 191 191 191 122 122 122 123 123 123 173 173 173 191 191 191 123
            123 123 124 124 124 173 173 173 173 173 173 124 124 124 125 125 125 126 126 126 173 173
            173 125 125 125 126 126 126 127 127 127 173 173 173 173 173 173 127 127 127 128 128 128
            129 129 129 173 173 173 128 128 128 129 129 129 130 130 130 173 173 173 173 173 173 130
            130 130 131 131 131 132 132 132 173 173 173 131 131 131 132 132 132 133 133 133 173 173
            173 173 173 173 133 133 133 134 134 134 155 155 155 134 134 134 135 135 135 136 136 136
            155 155 155 135 135 135 136 136 136 137 137 137 155 155 155 155 155 155 137 137 137 138
            138 138 139 139 139 155 155 155 138 138 138 139 139 139 140 140 140 155 155 155 155 155
            155 140 140 140 141 141 141 142 142 142 155 155 155 141 141 141 142 142 142 143 143 143
            155 155 155 151 151 151 150 150 150 169 169 169 152 152 152 151 151 151 170 170 170 153
            153 153 152 152 152 171 171 171 154 154 154 153 153 153 172 172 172 134 134 134 155 155
            155 173 173 173 173 173 173 155 155 155 154 154 154 161 161 161 160 160 160 178 178 178
            162 162 162 161 161 161 179 179 179 163 163 163 162 162 162 180 180 180 164 164 164 163
            163 163 181 181 181 165 165 165 164 164 164 182 182 182 2 2 2 166 166 166 148 148 148
            148 148 148 166 166 166 167 167 167 167 167 167 166 166 166 184 184 184 185 185 185 184
            184 184 202 202 202 203 203 203 202 202 202 221 221 221 222 222 222 203 203 203 221 221
            221 170 170 170 169 169 169 187 187 187 171 171 171 170 170 170 188 188 188 172 172 172
            171 171 171 189 189 189 191 191 191 173 173 173 190 190 190 208 208 208 190 190 190 207
            207 207 226 226 226 207 207 207 225 225 225 244 244 244 225 225 225 243 243 243 262 262
            262 244 244 244 243 243 243 262 262 262 263 263 263 244 244 244 262 262 262 281 281 281
            263 263 263 262 262 262 280 280 280 281 281 281 281 281 281 280 280 280 299 299 299 299
            299 299 280 280 280 298 298 298 174 174 174 175 175 175 157 157 157 175 175 175 176 176
            176 158 158 158 178 178 178 177 177 177 196 196 196 179 179 179 178 178 178 197 197 197
            180 180 180 179 179 179 198 198 198 181 181 181 180 180 180 199 199 199 182 182 182 181
            181 181 200 200 200 172 172 172 190 190 190 173 173 173 184 184 184 185 185 185 167 167
            167 188 188 188 187 187 187 205 205 205 189 189 189 188 188 188 206 206 206 190 190 190
            189 189 189 207 207 207 190 190 190 208 208 208 191 191 191 191 191 191 208 208 208 209
            209 209 183 183 183 191 191 191 209 209 209 211 211 211 192 192 192 210 210 210 210 210
            210 192 192 192 183 183 183 193 193 193 194 194 194 175 175 175 196 196 196 195 195 195
            214 214 214 197 197 197 196 196 196 215 215 215 198 198 198 197 197 197 216 216 216 199
            199 199 198 198 198 217 217 217 200 200 200 199 199 199 218 218 218 6 6 6 201 201 201
            184 184 184 184 184 184 201 201 201 202 202 202 202 202 202 201 201 201 220 220 220 221
            221 221 202 202 202 220 220 220 202 202 202 203 203 203 185 185 185 206 206 206 205 205
            205 224 224 224 207 207 207 206 206 206 225 225 225 207 207 207 226 226 226 208 208 208
            208 208 208 226 226 226 227 227 227 209 209 209 208 208 208 227 227 227 229 229 229 210
            210 210 228 228 228 228 228 228 210 210 210 209 209 209 211 211 211 212 212 212 193 193
            193 231 231 231 232 232 232 213 213 213 213 213 213 232 232 232 214 214 214 215 215 215
            214 214 214 233 233 233 216 216 216 215 215 215 234 234 234 217 217 217 216 216 216 235
            235 235 218 218 218 217 217 217 236 236 236 219 219 219 220 220 220 201 201 201 225 225
            225 224 224 224 243 243 243 225 225 225 244 244 244 226 226 226 226 226 226 244 244 244
            245 245 245 227 227 227 226 226 226 245 245 245 247 247 247 228 228 228 246 246 246 246
            246 246 228 228 228 227 227 227 229 229 229 230 230 230 211 211 211 212 212 212 230 230
            230 231 231 231 231 231 231 230 230 230 249 249 249 250 250 250 249 249 249 268 268 268
            269 269 269 268 268 268 287 287 287 288 288 288 287 287 287 306 306 306 307 307 307 306
            306 306 325 325 325 307 307 307 288 288 288 306 306 306 250 250 250 251 251 251 232 232
            232 232 232 232 251 251 251 233 233 233 234 234 234 233 233 233 252 252 252 235 235 235
            234 234 234 253 253 253 236 236 236 235 235 235 254 254 254 220 220 220 238 238 238 239
            239 239 239 239 239 238 238 238 257 257 257 258 258 258 257 257 257 276 276 276 277 277
            277 276 276 276 295 295 295 296 296 296 277 277 277 295 295 295 221 221 221 239 239 239
            240 240 240 240 240 240 239 239 239 258 258 258 259 259 259 258 258 258 277 277 277 278
            278 278 259 259 259 277 277 277 245 245 245 244 244 244 263 263 263 265 265 265 246 246
            246 264 264 264 264 264 264 246 246 246 245 245 245 247 247 247 248 248 248 229 229 229
            230 230 230 248 248 248 249 249 249 249 249 249 248 248 248 267 267 267 268 268 268 267
            267 267 286 286 286 287 287 287 286 286 286 305 305 305 306 306 306 305 305 305 324 324
            324 325 325 325 324 324 324 50 50 50 325 325 325 306 306 306 324 324 324 249 249 249 250
            250 250 231 231 231 269 269 269 270 270 270 251 251 251 251 251 251 270 270 270 252 252
            252 253 253 253 252 252 252 271 271 271 254 254 254 253 253 253 272 272 272 238 238 238
            256 256 256 257 257 257 257 257 257 256 256 256 275 275 275 276 276 276 275 275 275 294
            294 294 295 295 295 276 276 276 294 294 294 257 257 257 258 258 258 239 239 239 258 258
            258 259 259 259 240 240 240 283 283 283 264 264 264 282 282 282 282 282 282 264 264 264
            263 263 263 265 265 265 266 266 266 247 247 247 248 248 248 266 266 266 267 267 267 267
            267 267 266 266 266 285 285 285 286 286 286 285 285 285 304 304 304 305 305 305 304 304
            304 323 323 323 324 324 324 305 305 305 323 323 323 267 267 267 268 268 268 249 249 249
            268 268 268 269 269 269 250 250 250 288 288 288 289 289 289 270 270 270 270 270 270 289
            289 289 271 271 271 272 272 272 271 271 271 290 290 290 14 14 14 273 273 273 255 255 255
            255 255 255 273 273 273 274 274 274 274 274 274 273 273 273 292 292 292 293 293 293 292
            292 292 311 311 311 312 312 312 311 311 311 25 25 25 312 312 312 293 293 293 311 311 311
            274 274 274 275 275 275 256 256 256 275 275 275 276 276 276 257 257 257 276 276 276 277
            277 277 258 258 258 278 278 278 279 279 279 260 260 260 301 301 301 282 282 282 300 300
            300 300 300 300 282 282 282 281 281 281 283 283 283 284 284 284 265 265 265 266 266 266
            284 284 284 285 285 285 285 285 285 284 284 284 303 303 303 304 304 304 303 303 303 322
            322 322 323 323 323 322 322 322 46 46 46 323 323 323 304 304 304 322 322 322 285 285 285
            286 286 286 267 267 267 286 286 286 287 287 287 268 268 268 287 287 287 288 288 288 269
            269 269 273 273 273 291 291 291 292 292 292 292 292 292 291 291 291 310 310 310 311 311
            311 292 292 292 310 310 310 292 292 292 293 293 293 274 274 274 293 293 293 294 294 294
            275 275 275 301 301 301 302 302 302 283 283 283 284 284 284 302 302 302 303 303 303 303
            303 303 302 302 302 321 321 321 322 322 322 303 303 303 321 321 321 303 303 303 304 304
            304 285 285 285 304 304 304 305 305 305 286 286 286 305 305 305 306 306 306 287 287 287
            18 18 18 309 309 309 291 291 291 291 291 291 309 309 309 310 310 310 33 33 33 316 316
            316 315 315 315 315 315 315 316 316 316 297 297 297 319 319 319 320 320 320 301 301 301
            42 42 42 321 321 321 320 320 320 320 320 320 321 321 321 302 302 302</p>
        </triangles>
      </mesh>
    </geometry>
    <geometry id="ID795">
      <mesh>
        <source id="ID796">
          <float_array id="ID797" count="624">0.0314803 -0.0741938 0.032576 0.0310392 -0.0737858
            0.0325873 0.0297709 -0.0727762 0.0326085 0.0286594 -0.0720574 0.0326177 0.0274799
            -0.0714352 0.0326232 0.0267581 -0.0711174 0.0326263 0.0265773 -0.0710447 0.0326272
            0.0241127 -0.0703104 0.032654 0.0228336 -0.0701032 0.0326864 0.0215362 -0.070007
            0.0327424 0.0210771 -0.07 0.0327698 0.0208467 -0.07 0.0327848 0.0192016 -0.0700004
            0.0328962 0.0181868 -0.0700009 0.0329695 0.0165091 -0.0700018 0.0330998 0.0142716
            -0.0700021 0.0332972 0.0115523 -0.0700001 0.0335909 0.0110308 -0.07 0.0336565 0.0080334
            -0.0700002 0.0341086 0.0078491 -0.0700002 0.0341411 0.0067832 -0.07 0.0343412 0.0020674
            -0.07 0.0355231 0.0017136 -0.07 0.0356342 -0.0023591 -0.0700005 0.0371884 -0.0040301
            -0.0700007 0.0379872 -0.0065426 -0.0700007 0.0393905 -0.0079169 -0.0700004 0.0402719
            -0.0093472 -0.07 0.0412833 -0.0141404 -0.0699999 0.0454961 -0.014215 -0.07 0.0455732
            -0.0145737 -0.07 0.0459498 -0.0186043 -0.0699996 0.0509213 -0.0188012 -0.0699996
            0.0512049 -0.0206254 -0.07 0.0540636 -0.0209526 -0.07 0.0546253 -0.0224598 -0.0699997
            0.0574502 -0.023384 -0.0699996 0.0594165 -0.0241174 -0.0699998 0.0611391 -0.024545
            -0.0699999 0.0622239 -0.0256622 -0.0699998 0.0654234 -0.0257381 -0.0699998 0.0656648
            -0.0267427 -0.0699998 0.0692846 -0.0269411 -0.0699999 0.0701248 -0.0275541 -0.07
            0.0731638 -0.0279172 -0.07 0.0754941 -0.0279808 -0.07 0.0759729 -0.0282569 -0.07
            0.0785005 -0.0284917 -0.07 0.0822524 -0.0313487 -0.0657817 0.0822523 -0.0321351
            -0.0646428 0.0822523 -0.0359652 -0.0592288 0.0822524 -0.0374919 -0.0571337 0.0822524
            -0.0440438 -0.0485764 0.0822523 -0.0489522 -0.0426875 0.0822524 -0.0488232 -0.0426274
            0.0746888 -0.048648 -0.0425457 0.0644105 -0.048496 -0.0424749 0.0554983 -0.0484362
            -0.042447 0.0519937 -0.0482244 -0.0423482 0.0395769 -0.0480124 -0.0422494 0.0271601
            -0.0480043 -0.0422456 0.0266843 -0.0478219 -0.0421606 0.016 -0.046061 -0.0440775 0.016
            -0.0396845 -0.0498958 0.016 -0.0384805 -0.05083 0.016 -0.0332181 -0.054415 0.016
            -0.0266739 -0.0579045 0.016 -0.0200642 -0.0605134 0.016 -0.0133919 -0.0623306 0.016
            -0.0066672 -0.0634033 0.016 0.000116 -0.0637528 0.016 0.0069512 -0.0633729 0.016
            0.0138447 -0.0622315 0.016 0.020805 -0.0602626 0.016 0.0269433 -0.0577797 0.0160001
            0.0270407 -0.0579887 0.021109 0.0270616 -0.0580331 0.0216157 0.0270768 -0.0580656
            0.0219435 0.027241 -0.0584183 0.0243148 0.0272857 -0.058515 0.0247581 0.0275672
            -0.0591179 0.0267038 0.0277741 -0.0595632 0.027648 0.0280827 -0.0602249 0.0286713
            0.0281351 -0.0603367 0.0288139 0.028351 -0.060799 0.0293352 0.0285869 -0.061306
            0.0298065 0.0288046 -0.0617731 0.0301707 0.0292395 -0.0627039 0.0307498 0.029717
            -0.063728 0.0312252 0.0307836 -0.066016 0.0319068 0.0310375 -0.0665602 0.0320159
            0.0327075 -0.0701409 0.0324246 0.0332815 -0.0713716 0.0324775 0.0340404 -0.0730001
            0.0324999 -0.0185816 -0.063211 0.0347834 -0.0154789 -0.0674102 0.042346 0.0073006
            -0.0684127 0.03267 0.0208186 -0.06957 0.0326483 0.0274935 -0.0673685 0.0319876 0.0201549
            -0.0652494 0.0304595 0.0270318 -0.0625423 0.0301613 0.0273567 -0.0647201 0.0312431
            0.0241161 -0.0685694 0.0322462 0.0235591 -0.0639816 0.030249 0.023925 -0.0660566
            0.0314044 0.0205667 -0.0672096 0.0316974 0.0135767 -0.0672089 0.0312938 0.0140692
            -0.0689674 0.0326763 0.0104032 -0.0678995 0.0319183 0.0109278 -0.0695776 0.0333584
            -0.0045071 -0.0689575 0.036758 0.0012851 -0.0689644 0.0345137 -0.0100949 -0.0684389
            0.0393691 -0.0094396 -0.0697898 0.0410439 -0.0148031 -0.0687101 0.0440573 0.0040521
            -0.0645783 0.0248458 0.0058765 -0.0659946 0.029117 -0.0169524 -0.065116 0.0387042
            0.0187652 -0.0627452 0.0269683 0.0256646 -0.0599818 0.0267104 0.0264738 -0.0609478
            0.0286612 0.019557 -0.0637548 0.0288878 0.0121688 -0.0647504 0.0277698 0.0168265
            -0.0663275 0.0308061 0.0154271 -0.0638476 0.0272975 0.0162099 -0.0648798 0.0292008
            0.012944 -0.0658015 0.0296596 0.006642 -0.0670699 0.0309894 -0.0059604 -0.0666122
            0.0331528 -0.0001544 -0.066585 0.030933 -0.0052016 -0.0677043 0.0350131 0.0006065
            -0.0676718 0.0327972 -0.0115592 -0.0661215 0.035744 -0.0108017 -0.0672166 0.0376021
            -0.0161954 -0.0662125 0.0405614 0.0166865 -0.0619651 0.0222409 0.0234243 -0.0596061
            0.0216931 0.0269231 -0.0581016 0.0216522 0.0246287 -0.0595832 0.0243529 0.0102392
            -0.0635971 0.02331 -0.0076598 -0.064883 0.0291059 -0.0019064 -0.0649872 0.0267919
            -0.0009941 -0.0656953 0.0289275 -0.0067811 -0.0656753 0.0311812 0.0050096 -0.065173
            0.0270627 -0.0132187 -0.0642922 0.0317688 -0.0123659 -0.0651491 0.0337978 -0.0177485
            -0.0641172 0.0367769 -0.0378263 -0.0533641 0.0508011 -0.0318404 -0.0623119 0.0655323
            -0.0229035 -0.0689504 0.0562938 -0.0291526 -0.0675494 0.0723505 -0.0274975 -0.0659454
            0.0606877 -0.0304854 -0.0649028 0.0689614 -0.0262174 -0.0687237 0.0639824 -0.0399293
            -0.0535515 0.0762924 -0.0331034 -0.0629346 0.0778987 -0.0316567 -0.0652962 0.0814921
            -0.0286704 -0.0594546 0.0419554 -0.0255802 -0.0636852 0.0494955 -0.0347021 -0.0575095
            0.0584022 -0.0206465 -0.0658405 0.0457108 -0.024192 -0.0661932 0.0529839 -0.0192941
            -0.0684379 0.0491352 -0.0302652 -0.0609077 0.0537264 -0.0288416 -0.0633272 0.0572783
            -0.0332403 -0.0598333 0.0620228 -0.0237373 -0.0616113 0.0381697 -0.0221293 -0.0635693
            0.0420525 -0.0270745 -0.0614428 0.0458166 -0.033367 -0.0567061 0.0461654 -0.0317751
            -0.0587043 0.0500194 -0.0362322 -0.0553568 0.054659 -0.0461742 -0.0452516 0.0610965
            -0.0429838 -0.0492316 0.0688163 -0.0261327 -0.0581797 0.0172438 0.0079545 -0.0633325
            0.018213 0.0019224 -0.0639257 0.0200269 0.0142159 -0.0621656 0.0168104 -0.0116245
            -0.0628406 0.0199968 -0.0222154 -0.0603406 0.026268 -0.006091 -0.0634951 0.0172882
            -0.0039125 -0.0640254 0.0221947 -0.0095666 -0.063673 0.0246867 -0.0170006 -0.0617925
            0.0229876 -0.0150459 -0.0628829 0.0274925 -0.020346 -0.0616444 0.0306199 -0.0190377
            -0.0609083 0.0183348 -0.0241553 -0.0592133 0.0217895 -0.0445148 -0.0461743 0.0348092
            -0.035707 -0.0531357 0.025339 -0.0321032 -0.0560812 0.0338006 -0.0411462 -0.0497082
            0.0428489 -0.0272558 -0.0584525 0.0298611 -0.0303536 -0.0576849 0.0379376 -0.0254542
            -0.059926 0.0340913 -0.0367366 -0.0531748 0.0381239 -0.0350272 -0.0548789 0.0421888
            -0.0394707 -0.0514971 0.0468529 -0.0310027 -0.0558649 0.0211429 -0.0291143 -0.0571213
            0.0255288 -0.0338954 -0.0545842 0.0295872 -0.0402194 -0.0499264 0.0298795 -0.0384741
            -0.0515409 0.0340087 -0.0428333 -0.0479481 0.0388241 -0.0393174 -0.0502068 0.0168656
            -0.0436714 -0.0466014 0.0216901 -0.0478138 -0.0424662 0.0268944</float_array>
          <technique_common>
            <accessor count="208" source="#ID797" stride="3">
              <param name="X" type="float" />
              <param name="Y" type="float" />
              <param name="Z" type="float" />
            </accessor>
          </technique_common>
        </source>
        <source id="ID798">
          <float_array id="ID799" count="624">-0.0492362 -0.0214549 -0.9985567 -0.0500545 -0.0304529
            -0.9982821 -0.0523241 -0.0577095 -0.9969613 -0.0544734 -0.0830804 -0.9950529 -0.0567268
            -0.1116889 -0.9921228 -0.0579351 -0.1298908 -0.9898343 -0.058225 -0.1345958 -0.9891884
            -0.060154 -0.202308 -0.9774727 -0.0601515 -0.2392912 -0.9690828 -0.061004 -0.2772696
            -0.9588535 -0.0617887 -0.2901179 -0.9549941 -0.0622775 -0.2966315 -0.9529592 -0.0657777
            -0.3445832 -0.9364485 -0.0682231 -0.3750598 -0.9244868 -0.0733452 -0.4257318 -0.9018719
            -0.0831848 -0.4912587 -0.8670324 -0.1006698 -0.5639673 -0.819638 -0.1047351 -0.5767042
            -0.8102116 -0.1320619 -0.641248 -0.755884 -0.1339774 -0.6447764 -0.752538 -0.1460127
            -0.6647862 -0.7326251 -0.2034062 -0.725526 -0.6574481 -0.2082265 -0.728818 -0.6522776
            -0.2679986 -0.7550042 -0.5984526 -0.2947051 -0.7601769 -0.5790337 -0.3373188 -0.7626279
            -0.5519191 -0.3619729 -0.7614437 -0.5377538 -0.3887008 -0.7584059 -0.5231943 -0.486605
            -0.735238 -0.471848 -0.4882295 -0.7347206 -0.4709752 -0.4960836 -0.7321644 -0.4667294
            -0.5886706 -0.6956279 -0.4117873 -0.5933743 -0.6934717 -0.4086612 -0.6376166 -0.6718874
            -0.3768453 -0.6456696 -0.6677118 -0.3705019 -0.6831881 -0.6472464 -0.3381215 -0.7065094
            -0.6337147 -0.3150399 -0.7250572 -0.6225385 -0.2945129 -0.7358634 -0.615874 -0.2814326
            -0.763985 -0.5981233 -0.2420234 -0.7658867 -0.5969069 -0.2389973 -0.7908309 -0.5808655
            -0.1928259 -0.7956146 -0.5777854 -0.1821031 -0.8102986 -0.5683632 -0.1427569 -0.8189234
            -0.5628616 -0.1120327 -0.8203745 -0.5619376 -0.1058858 -0.8264845 -0.5580422 -0.0742448
            -0.831418 -0.5548392 -0.0299602 -0.8237666 -0.5663528 -0.025556 -0.8215972 -0.5695453
            -0.024417 -0.8104048 -0.5855337 -0.0198564 -0.8055525 -0.5922319 -0.0186147 -0.7803258
            -0.6251491 -0.0167406 -0.7541493 -0.6564714 -0.017443 -0.7539388 -0.6566973 -0.0180263
            -0.7524426 -0.6584098 -0.0180721 -0.7514225 -0.659574 -0.0180639 -0.7511045 -0.6599362
            -0.0180641 -0.7501252 -0.6610491 -0.0180637 -0.7494608 -0.6618024 -0.0180604 -0.7494567
            -0.661807 -0.0180599 -0.749687 -0.6615484 -0.0179765 -0.7223349 -0.6913112 -0.0179211
            -0.6223729 -0.7824935 -0.0188648 -0.6034911 -0.7971462 -0.0188791 -0.520961 -0.8533735
            -0.0187967 -0.4183292 -0.9081077 -0.0184688 -0.3146523 -0.9490306 -0.0182971 -0.2100452
            -0.9775188 -0.018385 -0.104546 -0.9943428 -0.0187757 0.0017926 -0.9998121 -0.0193008
            0.1090001 -0.9938643 -0.018782 0.2171289 -0.975999 -0.0167629 0.3262129 -0.9451581
            -0.016164 0.4222866 -0.9062874 -0.0178081 0.420056 -0.9030661 -0.0895801 0.4193466
            -0.901759 -0.1047815 0.4187964 -0.9007071 -0.1154824 0.4112084 -0.8841127 -0.2219289
            0.4085384 -0.877898 -0.2497828 0.3860322 -0.8259679 -0.4107995 0.3637908 -0.7764882
            -0.5145118 0.3247041 -0.6916199 -0.6451582 0.3177918 -0.6768012 -0.6640396 0.2889674
            -0.6154662 -0.7332798 0.2587835 -0.5518125 -0.7928014 0.2322793 -0.496186 -0.8365678
            0.1852535 -0.3975901 -0.8986675 0.1436455 -0.3100801 -0.9397959 0.0797218 -0.1750771
            -0.9813218 0.0688328 -0.1520484 -0.9859733 0.02028 -0.0479758 -0.9986426 0.0099118
            -0.0248342 -0.9996424 -0.0011998 -0.000166 -0.9999993 -0.3678318 -0.90118 -0.2292911
            -0.4374914 -0.8049312 -0.4008579 -0.072024 -0.7430011 -0.6654035 -0.0482221 -0.3140715
            -0.9481739 0.0297006 -0.2088114 -0.9775048 0.1430608 -0.5959173 -0.7902001 0.2145181
            -0.5113962 -0.8321394 0.1134938 -0.3343771 -0.9355807 -0.012753 -0.2564744 -0.9664669
            0.1825459 -0.5508183 -0.8144177 0.0783555 -0.3829571 -0.920437 0.0443222 -0.4405664
            -0.8966252 0.039263 -0.6807133 -0.731497 -0.0406182 -0.5540755 -0.8314749 -0.0171003
            -0.7149805 -0.6989352 -0.0878845 -0.6023976 -0.7933432 -0.2650873 -0.8040092 -0.5322574
            -0.1735531 -0.7824096 -0.5980924 -0.3516659 -0.8111408 -0.4673132 -0.3837172 -0.7655067
            -0.5164886 -0.4630094 -0.7696977 -0.4395312 0.0436505 -0.9726318 -0.2282149 0.0174088
            -0.8983002 -0.4390374 -0.3950197 -0.8629239 -0.3151535 0.2722116 -0.8585681 -0.434467
            0.3657824 -0.8345734 -0.4119349 0.3100865 -0.7006919 -0.6425552 0.2258365 -0.7472638
            -0.6249757 0.1455713 -0.8830402 -0.4461491 0.0940763 -0.6404517 -0.7622147 0.2109955
            -0.8714506 -0.4427806 0.1677032 -0.7727912 -0.6121024 0.104611 -0.7960146 -0.5961688
            -0.019624 -0.8305337 -0.5566226 -0.2023215 -0.8978396 -0.3910882 -0.0981831 -0.9026205
            -0.4190898 -0.230255 -0.8557197 -0.4633859 -0.1308464 -0.8494111 -0.5112534 -0.3000367
            -0.884702 -0.3567637 -0.323434 -0.8512579 -0.4132197 -0.4145941 -0.8362681 -0.3588419
            0.2680973 -0.9519607 -0.1479683 0.3662276 -0.9242007 -0.1083073 0.4173163 -0.9027112
            -0.104688 0.3776273 -0.8980088 -0.225783 0.1577758 -0.9680128 -0.195085 -0.1699631
            -0.952583 -0.2523848 -0.0659238 -0.9669123 -0.2464442 -0.0767175 -0.9412534 -0.3288717
            -0.1821823 -0.9298819 -0.3195766 0.037723 -0.9444789 -0.3263994 -0.2700853 -0.9306684
            -0.2467999 -0.2821572 -0.9110788 -0.3005374 -0.3793176 -0.8845466 -0.271469 -0.685032
            -0.7249176 -0.0722882 -0.7660362 -0.6239941 -0.1543375 -0.6707724 -0.6635486 -0.3313121
            -0.8043939 -0.57799 -0.1373969 -0.7260367 -0.6452393 -0.2377751 -0.7863007 -0.5986351
            -0.1528638 -0.7526743 -0.6114855 -0.2440634 -0.7916077 -0.6094024 -0.0445646 -0.813482
            -0.5783821 -0.0610016 -0.8222984 -0.5681367 -0.0323425 -0.5495535 -0.819972 -0.1601156
            -0.6019738 -0.7554423 -0.2587172 -0.7210401 -0.6821064 -0.1217869 -0.522341 -0.7858054
            -0.3311642 -0.635899 -0.7104068 -0.3015869 -0.5643147 -0.728906 -0.3876145 -0.670121
            -0.7183454 -0.186863 -0.698086 -0.68211 -0.2177199 -0.7438895 -0.6528839 -0.1427276
            -0.4621435 -0.8640109 -0.1997713 -0.4869614 -0.8320776 -0.2655474 -0.57199 -0.7931055
            -0.2093111 -0.6255625 -0.7716301 -0.115146 -0.6447613 -0.7493826 -0.1506941 -0.7003962
            -0.7071731 -0.0967025 -0.7460062 -0.6655933 -0.0214562 -0.763624 -0.6445944 -0.0371001
            -0.4097649 -0.9118798 -0.02383 0.1251491 -0.9907206 -0.0530142 0.0276113 -0.9959103
            -0.0860244 0.2232261 -0.9744118 -0.0262994 -0.1849103 -0.9808766 -0.0607395 -0.3636611
            -0.9267225 -0.0945311 -0.0958276 -0.9948316 -0.033572 -0.0699001 -0.9907287 -0.1164925
            -0.1667586 -0.9760334 -0.1398229 -0.2742133 -0.9581252 -0.0824818 -0.2627179 -0.9526497
            -0.1530943 -0.3577831 -0.9210319 -0.1539207 -0.2990345 -0.9536154 -0.0345833 -0.3822524
            -0.9226064 -0.0517739 -0.7061284 -0.7077515 -0.0216906 -0.5647098 -0.8243903 -0.0385157
            -0.5366709 -0.8398425 -0.0815409 -0.6796613 -0.7325838 -0.0371702 -0.4519258 -0.8870614
            -0.0942616 -0.5374987 -0.8351716 -0.116549 -0.4503639 -0.8815928 -0.1413028 -0.6143853
            -0.7867363 -0.0598057 -0.6150573 -0.7839749 -0.0841895 -0.6777489 -0.7334506 -0.0520253
            -0.4875984 -0.8723399 -0.0356505 -0.4652181 -0.8831949 -0.0594882 -0.5463633 -0.8356854
            -0.0558305 -0.6394761 -0.7681717 -0.0313458 -0.6231176 -0.7809741 -0.0424724 -0.6898297
            -0.7234557 -0.0273289 -0.6164717 -0.7871257 -0.0198936 -0.6855283 -0.7277431 -0.0209971
            -0.7469802 -0.6646011 -0.0180523</float_array>
          <technique_common>
            <accessor count="208" source="#ID799" stride="3">
              <param name="X" type="float" />
              <param name="Y" type="float" />
              <param name="Z" type="float" />
            </accessor>
          </technique_common>
        </source>
        <source id="ID800">
          <float_array id="ID801" count="416">0.9767627 0.233178 0.9723277 0.2384412 0.9597428
            0.2522268 0.9488891 0.2629049 0.9374613 0.2730538 0.9305773 0.2786528 0.9288354
            0.2800099 0.9052415 0.296045 0.8931661 0.3025523 0.8807789 0.3079668 0.8764872 0.3095267
            0.8742971 0.3102788 0.8586086 0.3156104 0.848874 0.3188644 0.8327225 0.3241561 0.8111331
            0.3309644 0.7846661 0.3387098 0.779551 0.340097 0.7498435 0.3473022 0.7479689 0.3477037
            0.7366096 0.3499835 0.6885533 0.3563965 0.6848048 0.3566573 0.640497 0.3568535 0.6216407
            0.3552889 0.5924406 0.3508743 0.5759906 0.3473022 0.5584766 0.3426237 0.4963281
            0.3185323 0.4953124 0.3180392 0.4904042 0.3156104 0.4321483 0.2807714 0.4291321
            0.2786528 0.4002153 0.2566713 0.3948207 0.2522268 0.3689842 0.2293426 0.352159 0.2129205
            0.3381268 0.1982296 0.3296085 0.1888432 0.30582 0.1605981 0.3041025 0.1584338 0.2796
            0.1254597 0.2743295 0.1178064 0.256046 0.0894735 0.2426559 0.0667296 0.2400469 0.062076
            0.2268886 0.0373833 0.2089618 0 0.1794918 0.0487967 0.1713692 0.062076 0.1319601
            0.1254597 0.1163277 0.1501132 0.049428 0.2522268 0 0.323607 0.0235873 0.378994 0.0775768
            0.5057611 0.1163277 0.5967482 0.1315663 0.6325283 0.1855563 0.7592955 0.2395469
            0.8860626 0.2416159 0.8909207 0.2880733 1 0.30582 0.9759222 0.3689842 0.8991174
            0.3808079 0.8860626 0.4321483 0.8334197 0.4953124 0.776574 0.5584766 0.7272881 0.6216407
            0.6848327 0.6848048 0.6487512 0.7479689 0.6189092 0.8111331 0.5953282 0.8742971
            0.5782928 0.9374613 0.5683526 0.9927185 0.5662284 0.9723054 0.5117573 0.9702904
            0.5057611 0.9690433 0.5019462 0.9609297 0.4740693 0.9595594 0.4685082 0.954498 0.4423776
            0.9528046 0.4282147 0.9518373 0.4106858 0.9518034 0.4080397 0.9519446 0.3977465
            0.9524999 0.3876758 0.9533056 0.378994 0.9555552 0.3630333 0.9586978 0.3471961 0.9673439
            0.3156104 0.9696028 0.3087063 0.9859065 0.2660315 0.9918955 0.2522268 1 0.2344758
            0.4953124 0.5057611 0.4953124 0.378994 0.7479689 0.378994 0.8742971 0.3156104 0.9374613
            0.3156104 0.8742971 0.378994 0.9374613 0.378994 0.9374613 0.3473022 0.9058793 0.3156104
            0.9058793 0.378994 0.9058793 0.3473022 0.8742971 0.3473022 0.8111331 0.378994 0.8111331
            0.3473022 0.779551 0.378994 0.779551 0.3473022 0.6216407 0.378994 0.6848048 0.378994
            0.5584766 0.378994 0.5584766 0.3473022 0.4953124 0.3473022 0.7479689 0.5057611 0.7479689
            0.4423776 0.4953124 0.4423776 0.8742971 0.4423776 0.9374613 0.4423776 0.9374613
            0.4106858 0.8742971 0.4106858 0.8111331 0.4423776 0.8427151 0.378994 0.8427151 0.4423776
            0.8427151 0.4106858 0.8111331 0.4106858 0.7479689 0.4106858 0.6216407 0.4423776
            0.6848048 0.4423776 0.6216407 0.4106858 0.6848048 0.4106858 0.5584766 0.4423776
            0.5584766 0.4106858 0.4953124 0.4106858 0.8742971 0.5057611 0.9374613 0.5057611
            0.9690433 0.5057611 0.9374613 0.4740693 0.8111331 0.5057611 0.6216407 0.5057611
            0.6848048 0.5057611 0.6848048 0.4740693 0.6216407 0.4740693 0.7479689 0.4740693
            0.5584766 0.5057611 0.5584766 0.4740693 0.4953124 0.4740693 0.2426559 0.5057611
            0.2426559 0.2522268 0.3689842 0.2522268 0.2426559 0.1254597 0.30582 0.2522268 0.2426559
            0.1888432 0.30582 0.1888432 0.1163277 0.2522268 0.1794918 0.1254597 0.1794918 0.062076
            0.3689842 0.5057611 0.3689842 0.378994 0.2426559 0.378994 0.4321483 0.378994 0.3689842
            0.3156104 0.4321483 0.3156104 0.30582 0.378994 0.30582 0.3156104 0.2426559 0.3156104
            0.4321483 0.5057611 0.4321483 0.4423776 0.3689842 0.4423776 0.30582 0.5057611 0.30582
            0.4423776 0.2426559 0.4423776 0.1163277 0.5057611 0.1163277 0.378994 0.4953124 0.7592955
            0.8111331 0.5691447 0.7479689 0.5691447 0.8742971 0.5691447 0.6216407 0.6325283
            0.4953124 0.6325283 0.6848048 0.6325283 0.6848048 0.5691447 0.6216407 0.5691447
            0.5584766 0.6325283 0.5584766 0.5691447 0.4953124 0.5691447 0.5584766 0.6959119
            0.4953124 0.6959119 0.2426559 0.7592955 0.3689842 0.7592955 0.3689842 0.6325283
            0.2426559 0.6325283 0.4321483 0.6325283 0.3689842 0.5691447 0.4321483 0.5691447 0.30582
            0.6325283 0.30582 0.5691447 0.2426559 0.5691447 0.4321483 0.7592955 0.4321483 0.6959119
            0.3689842 0.6959119 0.30582 0.7592955 0.30582 0.6959119 0.2426559 0.6959119 0.3689842
            0.8860626 0.30582 0.8860626 0.2426559 0.8860626</float_array>
          <technique_common>
            <accessor count="208" source="#ID801" stride="2">
              <param name="S" type="float" />
              <param name="T" type="float" />
            </accessor>
          </technique_common>
        </source>
        <vertices id="ID802">
          <input semantic="POSITION" source="#ID796" />
        </vertices>
        <triangles count="320" material="ID803">
          <input semantic="VERTEX" source="#ID802" offset="0" />
          <input semantic="NORMAL" source="#ID798" offset="1" />
          <input semantic="TEXCOORD" source="#ID800" offset="2" set="0" />
          <p>93 93 93 0 0 0 92 92 92 92 92 92 0 0 0 1 1 1 2 2 2 92 92 92 1 1 1 2 2 2 91 91 91 92 92
            92 2 2 2 3 3 3 91 91 91 91 91 91 3 3 3 90 90 90 90 90 90 3 3 3 98 98 98 89 89 89 98 98
            98 101 101 101 88 88 88 101 101 101 87 87 87 88 88 88 89 89 89 101 101 101 3 3 3 4 4 4
            98 98 98 98 98 98 4 4 4 5 5 5 6 6 6 98 98 98 5 5 5 6 6 6 102 102 102 98 98 98 6 6 6 7 7
            7 102 102 102 102 102 102 7 7 7 8 8 8 9 9 9 102 102 102 8 8 8 9 9 9 97 97 97 102 102 102
            9 9 9 10 10 10 97 97 97 97 97 97 10 10 10 11 11 11 12 12 12 97 97 97 11 11 11 12 12 12
            105 105 105 97 97 97 12 12 12 13 13 13 105 105 105 105 105 105 13 13 13 14 14 14 107 107
            107 14 14 14 15 15 15 16 16 16 107 107 107 15 15 15 16 16 16 109 109 109 107 107 107 16
            16 16 17 17 17 109 109 109 109 109 109 17 17 17 18 18 18 108 108 108 18 18 18 96 96 96
            127 127 127 96 96 96 111 111 111 131 131 131 111 111 111 110 110 110 130 130 130 110 110
            110 133 133 133 132 132 132 133 133 133 117 117 117 147 147 147 117 117 117 168 168 168
            167 167 167 168 168 168 158 158 158 194 194 194 158 158 158 197 197 197 196 196 196 197
            197 197 192 192 192 204 204 204 192 192 192 58 58 58 189 189 189 58 58 58 59 59 59 207
            207 207 59 59 59 60 60 60 206 206 206 60 60 60 61 61 61 62 62 62 206 206 206 61 61 61 62
            62 62 63 63 63 206 206 206 206 206 206 63 63 63 205 205 205 190 190 190 205 205 205 64
            64 64 65 65 65 190 190 190 64 64 64 65 65 65 199 199 199 190 190 190 65 65 65 66 66 66
            199 199 199 199 199 199 66 66 66 175 175 175 188 188 188 175 175 175 67 67 67 187 187
            187 67 67 67 68 68 68 179 179 179 68 68 68 69 69 69 181 181 181 69 69 69 70 70 70 182
            182 182 70 70 70 177 177 177 141 141 141 177 177 177 115 115 115 142 142 142 115 115 115
            144 144 144 129 129 129 144 144 144 116 116 116 131 131 131 116 116 116 127 127 127 111
            111 111 131 131 131 127 127 127 18 18 18 19 19 19 96 96 96 96 96 96 19 19 19 20 20 20
            111 111 111 20 20 20 21 21 21 22 22 22 111 111 111 21 21 21 22 22 22 23 23 23 111 111
            111 111 111 111 23 23 23 110 110 110 110 110 110 23 23 23 24 24 24 25 25 25 110 110 110
            24 24 24 25 25 25 112 112 112 110 110 110 25 25 25 26 26 26 112 112 112 112 112 112 26
            26 26 113 113 113 95 95 95 113 113 113 114 114 114 161 161 161 114 114 114 163 163 163
            159 159 159 163 163 163 162 162 162 164 164 164 162 162 162 165 165 165 160 160 160 165
            165 165 166 166 166 174 174 174 166 166 166 155 155 155 52 52 52 155 155 155 51 51 51 52
            52 52 174 174 174 155 155 155 52 52 52 54 54 54 174 174 174 52 52 52 53 53 53 54 54 54
            26 26 26 27 27 27 113 113 113 113 113 113 27 27 27 114 114 114 114 114 114 27 27 27 28
            28 28 29 29 29 114 114 114 28 28 28 29 29 29 30 30 30 114 114 114 114 114 114 30 30 30
            163 163 163 163 163 163 30 30 30 31 31 31 32 32 32 163 163 163 31 31 31 32 32 32 33 33
            33 163 163 163 163 163 163 33 33 33 162 162 162 162 162 162 33 33 33 34 34 34 150 150
            150 34 34 34 35 35 35 36 36 36 150 150 150 35 35 35 36 36 36 152 152 152 150 150 150 36
            36 36 37 37 37 152 152 152 152 152 152 37 37 37 38 38 38 154 154 154 38 38 38 39 39 39
            40 40 40 154 154 154 39 39 39 40 40 40 41 41 41 154 154 154 154 154 154 41 41 41 153 153
            153 149 149 149 153 153 153 156 156 156 155 155 155 156 156 156 50 50 50 51 51 51 155
            155 155 50 50 50 153 153 153 41 41 41 151 151 151 156 156 156 151 151 151 45 45 45 157
            157 157 45 45 45 46 46 46 48 48 48 46 46 46 47 47 47 48 48 48 157 157 157 46 46 46 48 48
            48 49 49 49 157 157 157 157 157 157 49 49 49 156 156 156 45 45 45 157 157 157 156 156
            156 41 41 41 42 42 42 151 151 151 151 151 151 42 42 42 43 43 43 44 44 44 151 151 151 43
            43 43 44 44 44 45 45 45 151 151 151 49 49 49 50 50 50 156 156 156 54 54 54 55 55 55 174
            174 174 174 174 174 55 55 55 173 173 173 172 172 172 173 173 173 148 148 148 171 171 171
            148 148 148 170 170 170 169 169 169 170 170 170 158 158 158 168 168 168 169 169 169 158
            158 158 168 168 168 161 161 161 169 169 169 168 168 168 134 134 134 161 161 161 168 168
            168 117 117 117 134 134 134 134 134 134 117 117 117 133 133 133 112 112 112 133 133 133
            110 110 110 112 112 112 134 134 134 133 133 133 112 112 112 95 95 95 134 134 134 112 112
            112 113 113 113 95 95 95 55 55 55 56 56 56 173 173 173 173 173 173 56 56 56 148 148 148
            148 148 148 56 56 56 57 57 57 198 198 198 57 57 57 192 192 192 197 197 197 198 198 198
            192 192 192 197 197 197 170 170 170 198 198 198 197 197 197 158 158 158 170 170 170 57
            57 57 58 58 58 192 192 192 63 63 63 64 64 64 205 205 205 66 66 66 67 67 67 175 175 175
            70 70 70 71 71 71 177 177 177 177 177 177 71 71 71 176 176 176 115 115 115 176 176 176
            139 139 139 144 144 144 139 139 139 122 122 122 116 116 116 122 122 122 127 127 127 116
            116 116 144 144 144 122 122 122 71 71 71 72 72 72 176 176 176 176 176 176 72 72 72 178
            178 178 139 139 139 178 178 178 135 135 135 124 124 124 135 135 135 118 118 118 125 125
            125 118 118 118 121 121 121 99 99 99 121 121 121 103 103 103 104 104 104 103 103 103 101
            101 101 98 98 98 104 104 104 101 101 101 98 98 98 102 102 102 104 104 104 104 104 104
            102 102 102 105 105 105 99 99 99 105 105 105 123 123 123 125 125 125 123 123 123 126 126
            126 124 124 124 126 126 126 122 122 122 139 139 139 124 124 124 122 122 122 139 139 139
            135 135 135 124 124 124 72 72 72 73 73 73 178 178 178 178 178 178 73 73 73 135 135 135
            135 135 135 73 73 73 136 136 136 118 118 118 136 136 136 138 138 138 119 119 119 138 138
            138 79 79 79 80 80 80 119 119 119 79 79 79 80 80 80 81 81 81 119 119 119 119 119 119 81
            81 81 120 120 120 121 121 121 120 120 120 103 103 103 121 121 121 119 119 119 120 120
            120 121 121 121 118 118 118 119 119 119 119 119 119 118 118 118 138 138 138 73 73 73 74
            74 74 136 136 136 136 136 136 74 74 74 75 75 75 137 137 137 75 75 75 76 76 76 77 77 77
            137 137 137 76 76 76 77 77 77 138 138 138 137 137 137 77 77 77 78 78 78 138 138 138 138
            138 138 78 78 78 79 79 79 81 81 81 82 82 82 120 120 120 120 120 120 82 82 82 83 83 83 84
            84 84 120 120 120 83 83 83 84 84 84 100 100 100 120 120 120 84 84 84 85 85 85 100 100
            100 100 100 100 85 85 85 86 86 86 87 87 87 100 100 100 86 86 86 87 87 87 101 101 101 100
            100 100 100 100 100 101 101 101 103 103 103 120 120 120 100 100 100 103 103 103 89 89 89
            90 90 90 98 98 98 168 168 168 167 167 167 147 147 147 147 147 147 167 167 167 94 94 94
            146 146 146 94 94 94 145 145 145 143 143 143 145 145 145 140 140 140 141 141 141 140 140
            140 182 182 182 177 177 177 141 141 141 182 182 182 158 158 158 194 194 194 167 167 167
            167 167 167 194 194 194 195 195 195 94 94 94 195 195 195 186 186 186 145 145 145 186 186
            186 185 185 185 140 140 140 185 185 185 183 183 183 182 182 182 183 183 183 179 179 179
            181 181 181 179 179 179 69 69 69 181 181 181 182 182 182 179 179 179 181 181 181 70 70
            70 182 182 182 94 94 94 167 167 167 195 195 195 134 134 134 95 95 95 161 161 161 161 161
            161 95 95 95 114 114 114 105 105 105 99 99 99 104 104 104 104 104 104 99 99 99 103 103
            103 121 121 121 99 99 99 125 125 125 125 125 125 99 99 99 123 123 123 97 97 97 105 105
            105 102 102 102 96 96 96 127 127 127 108 108 108 108 108 108 127 127 127 126 126 126 106
            106 106 126 126 126 123 123 123 107 107 107 123 123 123 105 105 105 14 14 14 107 107 107
            105 105 105 126 126 126 106 106 106 108 108 108 108 108 108 106 106 106 107 107 107 109
            109 109 108 108 108 107 107 107 109 109 109 18 18 18 108 108 108 107 107 107 106 106 106
            123 123 123 111 111 111 96 96 96 20 20 20 115 115 115 139 139 139 144 144 144 117 117
            117 147 147 147 132 132 132 132 132 132 147 147 147 146 146 146 128 128 128 146 146 146
            143 143 143 142 142 142 143 143 143 141 141 141 115 115 115 142 142 142 141 141 141 122
            122 122 126 126 126 127 127 127 126 126 126 124 124 124 125 125 125 125 125 125 124 124
            124 118 118 118 143 143 143 142 142 142 128 128 128 128 128 128 142 142 142 129 129 129
            130 130 130 129 129 129 131 131 131 110 110 110 130 130 130 131 131 131 146 146 146 128
            128 128 132 132 132 132 132 132 128 128 128 130 130 130 133 133 133 132 132 132 130 130
            130 129 129 129 116 116 116 131 131 131 130 130 130 128 128 128 129 129 129 135 135 135
            136 136 136 118 118 118 75 75 75 137 137 137 136 136 136 136 136 136 137 137 137 138 138
            138 140 140 140 141 141 141 143 143 143 140 140 140 145 145 145 185 185 185 129 129 129
            142 142 142 144 144 144 145 145 145 94 94 94 186 186 186 146 146 146 145 145 145 143 143
            143 147 147 147 94 94 94 146 146 146 156 156 156 155 155 155 149 149 149 149 149 149 155
            155 155 166 166 166 152 152 152 166 166 166 165 165 165 150 150 150 165 165 165 162 162
            162 34 34 34 150 150 150 162 162 162 38 38 38 154 154 154 152 152 152 152 152 152 154
            154 154 149 149 149 166 166 166 152 152 152 149 149 149 150 150 150 152 152 152 165 165
            165 153 153 153 149 149 149 154 154 154 153 153 153 151 151 151 156 156 156 162 162 162
            164 164 164 159 159 159 159 159 159 164 164 164 171 171 171 169 169 169 171 171 171 170
            170 170 169 169 169 159 159 159 171 171 171 169 169 169 161 161 161 159 159 159 159 159
            159 161 161 161 163 163 163 171 171 171 164 164 164 172 172 172 148 148 148 171 171 171
            172 172 172 166 166 166 174 174 174 160 160 160 160 160 160 174 174 174 172 172 172 164
            164 164 160 160 160 172 172 172 164 164 164 165 165 165 160 160 160 57 57 57 198 198 198
            148 148 148 148 148 148 198 198 198 170 170 170 174 174 174 173 173 173 172 172 172 115
            115 115 177 177 177 176 176 176 175 175 175 188 188 188 199 199 199 199 199 199 188 188
            188 200 200 200 190 190 190 200 200 200 201 201 201 202 202 202 201 201 201 203 203 203
            189 189 189 203 203 203 204 204 204 58 58 58 189 189 189 204 204 204 139 139 139 176 176
            176 178 178 178 68 68 68 179 179 179 187 187 187 187 187 187 179 179 179 184 184 184 188
            188 188 184 184 184 180 180 180 200 200 200 180 180 180 193 193 193 201 201 201 193 193
            193 191 191 191 203 203 203 191 191 191 196 196 196 204 204 204 196 196 196 192 192 192
            204 204 204 203 203 203 196 196 196 140 140 140 183 183 183 182 182 182 179 179 179 183
            183 183 184 184 184 184 184 184 183 183 183 185 185 185 180 180 180 185 185 185 186 186
            186 193 193 193 186 186 186 195 195 195 191 191 191 195 195 195 194 194 194 196 196 196
            194 194 194 197 197 197 196 196 196 191 191 191 194 194 194 180 180 180 186 186 186 193
            193 193 180 180 180 184 184 184 185 185 185 184 184 184 188 188 188 187 187 187 187 187
            187 188 188 188 67 67 67 188 188 188 180 180 180 200 200 200 189 189 189 207 207 207 202
            202 202 203 203 203 189 189 189 202 202 202 190 190 190 199 199 199 200 200 200 190 190
            190 202 202 202 206 206 206 205 205 205 190 190 190 206 206 206 190 190 190 201 201 201
            202 202 202 191 191 191 193 193 193 195 195 195 200 200 200 193 193 193 201 201 201 201
            201 201 191 191 191 203 203 203 60 60 60 206 206 206 207 207 207 207 207 207 206 206 206
            202 202 202 207 207 207 189 189 189 59 59 59</p>
        </triangles>
      </mesh>
    </geometry>
    <geometry id="ID804">
      <mesh>
        <source id="ID805">
          <float_array id="ID806" count="555">-0.0284917 -0.07 0.0822524 -0.0282569 -0.07 0.0785005
            -0.0279808 -0.07 0.0759729 -0.0279172 -0.07 0.0754941 -0.0275541 -0.07 0.0731638
            -0.0269411 -0.0699999 0.0701248 -0.0267427 -0.0699998 0.0692846 -0.0257381 -0.0699998
            0.0656648 -0.0256622 -0.0699998 0.0654234 -0.024545 -0.0699999 0.0622239 -0.0241174
            -0.0699998 0.0611391 -0.023384 -0.0699996 0.0594165 -0.0224598 -0.0699997 0.0574502
            -0.0209526 -0.07 0.0546253 -0.0206254 -0.07 0.0540636 -0.0188012 -0.0699996 0.0512049
            -0.0186043 -0.0699996 0.0509213 -0.0145737 -0.07 0.0459498 -0.014215 -0.07 0.0455732
            -0.0141404 -0.0699999 0.0454961 -0.0093472 -0.07 0.0412833 -0.0079169 -0.0700004
            0.0402719 -0.0065426 -0.0700007 0.0393905 -0.0040301 -0.0700007 0.0379872 -0.0023591
            -0.0700005 0.0371884 0.0017136 -0.07 0.0356342 0.0020674 -0.07 0.0355231 0.0067832 -0.07
            0.0343412 0.0078491 -0.0700002 0.0341411 0.0080334 -0.0700002 0.0341086 0.0110308 -0.07
            0.0336565 0.0115523 -0.0700001 0.0335909 0.0142716 -0.0700021 0.0332972 0.0165091
            -0.0700018 0.0330998 0.0181868 -0.0700009 0.0329695 0.0192016 -0.0700004 0.0328962
            0.0208467 -0.07 0.0327848 0.0210771 -0.07 0.0327698 0.0215362 -0.070007 0.0327424
            0.0228336 -0.0701032 0.0326864 0.0241127 -0.0703104 0.032654 0.0265773 -0.0710447
            0.0326272 0.0267581 -0.0711174 0.0326263 0.0274799 -0.0714352 0.0326232 0.0286594
            -0.0720574 0.0326177 0.0297709 -0.0727762 0.0326085 0.0310392 -0.0737858 0.0325873
            0.0314803 -0.0741938 0.032576 0.0264082 -0.076559 0.03318 0.0215806 -0.0788101 0.034332
            0.0176238 -0.0806552 0.035724 0.0169888 -0.0809514 0.0359872 0.0126211 -0.082988
            0.0381205 0.0084731 -0.0849222 0.0407234 0.0050692 -0.0865095 0.0433539 0.0045474
            -0.0867529 0.0438023 0.0008541 -0.0884751 0.0473778 -0.0025872 -0.0900798 0.0514898
            -0.0072272 -0.0922434 0.0588676 -0.0085685 -0.0928689 0.0616345 -0.0105505 -0.0937931
            0.0666826 -0.0109679 -0.0939877 0.0679706 -0.0127687 -0.0948275 0.0755816 -0.0134755
            -0.095157 0.0822524 -0.0147733 -0.09255 0.0822524 -0.0173466 -0.0878712 0.0822523
            -0.0193603 -0.0844252 0.0822524 -0.0209209 -0.081838 0.0822524 -0.0215707 -0.0807783
            0.0822524 -0.0239513 -0.0769729 0.0822523 -0.0260256 -0.0737441 0.0822523 0.0191595
            -0.0755 0.0343932 0.0191455 -0.0751916 0.0343333 0.0191015 -0.0748873 0.0342785
            0.0190275 -0.0745866 0.034228 0.0189238 -0.074293 0.0341821 0.0187923 -0.0740122
            0.0341412 0.0186336 -0.0737456 0.0341054 0.0184479 -0.0734939 0.0340747 0.0182379
            -0.0732612 0.0340498 0.0179152 -0.0729791 0.034026 0.0175536 -0.0727413 0.0340159
            0.0171655 -0.0725564 0.0340217 0.0167549 -0.0724259 0.0340458 0.0164879 -0.0723727
            0.0340713 0.0162198 -0.0723431 0.0341052 0.0159515 -0.0723366 0.0341478 0.0156835
            -0.0723531 0.0341997 0.0154197 -0.072392 0.0342604 0.0151633 -0.0724522 0.0343294
            0.0146745 -0.0726339 0.0344919 0.0142317 -0.0728878 0.034681 0.0138405 -0.0732057
            0.0348914 0.0135097 -0.073576 0.035114 0.0132421 -0.0739929 0.0353424 0.0130804
            -0.0743448 0.0355192 0.0129631 -0.0747144 0.0356897 0.0128914 -0.0751022 0.0358519
            0.0128686 -0.0755 0.0359999 0.0129032 -0.0759475 0.036143 0.0130047 -0.0763974 0.0362593
            0.0131724 -0.0768315 0.036342 0.0134063 -0.0772424 0.0363884 0.0135608 -0.0774527
            0.0363977 0.0137313 -0.0776484 0.0363956 0.0139177 -0.0778298 0.0363825 0.0141191
            -0.0779957 0.0363587 0.0143319 -0.0781434 0.0363251 0.0145542 -0.0782721 0.0362825
            0.0150246 -0.0784725 0.0361734 0.0155127 -0.0785926 0.0360394 0.0160111 -0.0786334
            0.0358863 0.0165028 -0.0785957 0.0357223 0.0169829 -0.0784814 0.0355512 0.0172898
            -0.0783643 0.035436 0.0175829 -0.0782153 0.0353215 0.01786 -0.0780359 0.0352083
            0.0181172 -0.0778285 0.0350978 0.018351 -0.0775951 0.0349912 0.0185606 -0.077336
            0.0348883 0.0187427 -0.0770544 0.0347898 0.0188933 -0.0767559 0.0346971 0.019007
            -0.0764569 0.0346138 0.0190904 -0.0761448 0.034535 0.0191415 -0.075825 0.0344616
            -0.0026194 -0.0897678 0.0513652 -0.0168325 -0.0812036 0.0643207 -0.0142486 -0.089917
            0.0714891 -0.0111452 -0.0931838 0.0674429 -0.0129446 -0.0942435 0.0750949 -0.0202025
            -0.0827507 0.0800349 -0.0172875 -0.0864889 0.0756508 -0.015766 -0.0902713 0.0796467
            -0.0098503 -0.0857968 0.0576198 -0.0155414 -0.0855624 0.0679034 -0.0088923 -0.0909891
            0.0606049 -0.0234005 -0.075574 0.0717646 -0.0201841 -0.078558 0.0679213 -0.021831
            -0.0792363 0.0758468 -0.018752 -0.0825639 0.071757 -0.0264654 -0.0722108 0.0758798
            -0.024756 -0.0755229 0.080213 -0.0041709 -0.0784711 0.0460491 0.0125677 -0.0807162
            0.0376245 0.0169892 -0.0806848 0.0359433 0.0040314 -0.0800117 0.041537 0.0082539
            -0.0804783 0.0394988 0.0045246 -0.0863669 0.0436883 -0.0001089 -0.0793393 0.0437228
            -0.0033119 -0.0839113 0.0488564 0.0005734 -0.0852216 0.0462131 0.0121778 -0.0741025
            0.0356587 0.021614 -0.0725553 0.0333606 0.0265739 -0.0711769 0.0326452 0.0216221
            -0.0763298 0.0340082 0.0264619 -0.0752519 0.0330774 0.012423 -0.0772836 0.0367317
            0.011799 -0.0712557 0.0343458 0.0165576 -0.0703806 0.0332696 0.0032426 -0.0743958
            0.0388557 -0.0052755 -0.0736456 0.042801 0.0076544 -0.0743887 0.0371571 0.0080036
            -0.0773098 0.0384166 0.0036831 -0.0770885 0.040279 -0.0010659 -0.0741445 0.0407396
            -0.000546 -0.0766385 0.0423054 -0.004687 -0.075968 0.0444899 0.0071821 -0.0717759
            0.0356765 0.0026925 -0.0719778 0.0372355 -0.0016813 -0.0718896 0.0390024 -0.0059457
            -0.071528 0.0409654 -0.0195418 -0.072804 0.0569274 -0.0120512 -0.0761252 0.0511386
            -0.006262 -0.0878504 0.0544437 -0.0081538 -0.0774051 0.0485171 -0.0071341 -0.0824431
            0.0516128 -0.0108894 -0.0808074 0.0544893 -0.0133789 -0.0835939 0.060903 -0.015852
            -0.0746035 0.0539333 -0.0145672 -0.0789781 0.0575047 -0.0181513 -0.076914 0.0606884
            -0.0231038 -0.0706848 0.0601505 -0.0216195 -0.0745601 0.0640799 -0.0249491 -0.0718594
            0.0677201 -0.0133921 -0.0718909 0.0474666</float_array>
          <technique_common>
            <accessor count="185" source="#ID806" stride="3">
              <param name="X" type="float" />
              <param name="Y" type="float" />
              <param name="Z" type="float" />
            </accessor>
          </technique_common>
        </source>
        <source id="ID807">
          <float_array id="ID808" count="555">-0.831418 -0.5548392 -0.0299603 -0.8264846 -0.5580423
            -0.0742423 -0.8203748 -0.5619378 -0.105882 -0.8189238 -0.5628618 -0.1120288 -0.8102992
            -0.5683635 -0.1427524 -0.7956154 -0.5777857 -0.1820985 -0.7908317 -0.5808658 -0.1928214
            -0.7658877 -0.5969073 -0.2389933 -0.7639861 -0.5981237 -0.2420194 -0.7358643 -0.6158744
            -0.2814294 -0.725058 -0.6225389 -0.29451 -0.7065101 -0.6337151 -0.3150376 -0.6831886
            -0.6472467 -0.3381198 -0.6456693 -0.6677124 -0.3705015 -0.6376165 -0.6718878 -0.3768448
            -0.5933737 -0.693472 -0.4086615 -0.5886701 -0.6956282 -0.4117876 -0.4960822 -0.7321645
            -0.4667308 -0.4882281 -0.7347206 -0.4709766 -0.4866036 -0.7352381 -0.4718495 -0.3886987
            -0.7584056 -0.5231962 -0.3619708 -0.7614434 -0.5377556 -0.3373166 -0.7626276 -0.5519209
            -0.294703 -0.7601765 -0.5790353 -0.2679965 -0.7550038 -0.5984539 -0.2082247 -0.7288177
            -0.6522785 -0.2034043 -0.7255257 -0.657449 -0.146011 -0.664786 -0.7326256 -0.1339758
            -0.6447763 -0.7525383 -0.1320603 -0.641248 -0.7558843 -0.1047336 -0.5767044 -0.8102117
            -0.1006683 -0.5639675 -0.8196381 -0.0831835 -0.491259 -0.8670323 -0.0733441 -0.4257321
            -0.9018719 -0.0682221 -0.37506 -0.9244868 -0.0657768 -0.3445833 -0.9364485 -0.0622767
            -0.2966317 -0.9529592 -0.0617879 -0.2901181 -0.9549941 -0.0610032 -0.2772699 -0.9588535
            -0.0601509 -0.2392914 -0.9690828 -0.0601535 -0.2023081 -0.9774727 -0.0582248 -0.1345959
            -0.9891885 -0.0579349 -0.1298909 -0.9898343 -0.0567266 -0.111689 -0.9921228 -0.0544733
            -0.0830805 -0.9950529 -0.0523241 -0.0577095 -0.9969613 -0.0500545 -0.0304529 -0.9982821
            -0.0492363 -0.0214548 -0.9985567 -0.1462212 -0.0659219 -0.987053 -0.2379152 -0.1093865
            -0.9651067 -0.3128099 -0.145575 -0.9385936 -0.3248245 -0.151374 -0.9335818 -0.4076373
            -0.191015 -0.8929418 -0.4865462 -0.2280852 -0.8433563 -0.551458 -0.2581232 -0.7932632
            -0.5614322 -0.2627131 -0.7847138 -0.6319743 -0.2950756 -0.7166163 -0.6976272 -0.3253926
            -0.6383072 -0.7862321 -0.366188 -0.4977403 -0.8118177 -0.3779664 -0.4450769 -0.8492641
            -0.396263 -0.3488927 -0.8570597 -0.4002771 -0.324387 -0.8910105 -0.4170042 -0.1794655
            -0.9045596 -0.4231142 -0.0524068 -0.8851467 -0.4623809 -0.0521465 -0.8671997 -0.4955186
            -0.0492538 -0.8583248 -0.5110624 -0.0457571 -0.8527872 -0.5205041 -0.0427722 -0.8507292
            -0.5239556 -0.0415985 -0.8436735 -0.5355544 -0.0373697 -0.8379786 -0.5446487 -0.0339061
            -0.2104429 -0.1925594 -0.9584543 -0.2044302 -0.1984815 -0.9585475 -0.1985509 -0.205202
            -0.9583682 -0.1927879 -0.212765 -0.9578955 -0.1872169 -0.2210833 -0.9571165 -0.181881
            -0.2301138 -0.9560162 -0.1767727 -0.2398876 -0.9545708 -0.1720093 -0.2502022 -0.9527915
            -0.1676442 -0.2609741 -0.9506776 -0.1623608 -0.2764456 -0.9472153 -0.1582305 -0.2919513
            -0.9432537 -0.1553791 -0.3073194 -0.9388355 -0.1540804 -0.3217116 -0.9342167 -0.1541106
            -0.3302332 -0.9312336 -0.1548453 -0.3380391 -0.9283063 -0.1562947 -0.3450581 -0.9254766
            -0.1584608 -0.3512519 -0.9227742 -0.1613189 -0.3565134 -0.9202578 -0.1648591 -0.3608182
            -0.9179497 -0.1737205 -0.3664538 -0.9140748 -0.1846898 -0.3682553 -0.9111958 -0.1969642
            -0.3666114 -0.9092861 -0.2102999 -0.3618349 -0.9082122 -0.2245857 -0.354155 -0.9078191
            -0.2358725 -0.3465803 -0.9078801 -0.2467347 -0.3380207 -0.9082202 -0.2571706 -0.3285327
            -0.9088067 -0.2671763 -0.318179 -0.9096037 -0.2776816 -0.3057352 -0.9107244 -0.2869403
            -0.2928835 -0.912077 -0.2948741 -0.2796879 -0.9136871 -0.3011906 -0.2665356 -0.9155561
            -0.3039237 -0.2594229 -0.9166952 -0.3061188 -0.2524218 -0.9179186 -0.3077651 -0.2455991
            -0.919218 -0.3088625 -0.2390208 -0.920583 -0.3094302 -0.2326243 -0.9220298 -0.3094751
            -0.2264565 -0.9235489 -0.3081082 -0.2151419 -0.9267056 -0.3049395 -0.2049638 -0.9300547
            -0.3001959 -0.1960821 -0.9335064 -0.2941235 -0.1885304 -0.9369886 -0.2869975 -0.1824501
            -0.9403959 -0.2816455 -0.1791731 -0.9426414 -0.2758227 -0.1765187 -0.9448614 -0.2697244
            -0.1745635 -0.9469827 -0.26344 -0.1733499 -0.9489727 -0.2569115 -0.1728847 -0.9508456
            -0.2502205 -0.1732059 -0.9525699 -0.2434214 -0.1743475 -0.9541221 -0.2364493 -0.1763749
            -0.9555017 -0.2298953 -0.1791158 -0.9565907 -0.2233907 -0.182693 -0.9574549 -0.2169148
            -0.1871553 -0.9580818 -0.6940798 -0.3283763 -0.6406422 -0.7647603 -0.5310781 -0.3648256
            -0.846274 -0.466552 -0.2571954 -0.8492441 -0.4084724 -0.3345666 -0.8856325 -0.4243237
            -0.1886914 -0.8509982 -0.5186604 -0.0824234 -0.8463788 -0.5034865 -0.1736212 -0.8704522
            -0.4812495 -0.103498 -0.7321727 -0.4486752 -0.5124585 -0.8064042 -0.4986516 -0.3178976
            -0.7920634 -0.3963588 -0.4642577 -0.8089576 -0.5538761 -0.1969996 -0.7868291 -0.5485454
            -0.2828391 -0.8322215 -0.5350162 -0.1454819 -0.8184095 -0.524497 -0.2347525 -0.8232479
            -0.5556788 -0.1161204 -0.8386141 -0.5409482 -0.0640429 -0.5288226 -0.4980753 -0.6872174
            -0.3738968 -0.2202967 -0.9009276 -0.3210213 -0.1542944 -0.9344189 -0.4594246 -0.3648409
            -0.8098273 -0.4193721 -0.2917646 -0.8596514 -0.5565034 -0.266854 -0.7868246 -0.4955269
            -0.4350403 -0.7517932 -0.618249 -0.3979762 -0.6777781 -0.5900919 -0.3323514 -0.7357541
            -0.2367035 -0.3740841 -0.8966786 -0.1280659 -0.2028237 -0.9708046 -0.0607581 -0.132167
            -0.9893636 -0.2004662 -0.1372233 -0.9700428 -0.127838 -0.0778798 -0.9887326 -0.3119947
            -0.2837356 -0.9067268 -0.1477368 -0.4949388 -0.8562765 -0.0874159 -0.406662 -0.9093869
            -0.3361918 -0.5268152 -0.7806669 -0.4281357 -0.6320642 -0.6459061 -0.2876084 -0.4556202
            -0.842432 -0.3583915 -0.3623224 -0.8603941 -0.4010387 -0.4373541 -0.8049157 -0.3827648
            -0.5858262 -0.714352 -0.4411029 -0.5047004 -0.7420955 -0.479495 -0.5614706 -0.6744148
            -0.2086758 -0.5693721 -0.7951539 -0.2671459 -0.6284451 -0.7305407 -0.322785 -0.6733716
            -0.6651169 -0.3766408 -0.7056398 -0.6001785 -0.6733882 -0.6256713 -0.3938067 -0.5961863
            -0.5896986 -0.5448096 -0.7154633 -0.3903589 -0.579424 -0.5616423 -0.5504549 -0.6177033
            -0.642915 -0.4589741 -0.6131909 -0.6666795 -0.5104547 -0.5431155 -0.747341 -0.4971761
            -0.4407918 -0.6335517 -0.6146635 -0.4698946 -0.6920229 -0.5486987 -0.4690779 -0.7205234
            -0.5719731 -0.3920368 -0.7137949 -0.6245692 -0.3168757 -0.7519183 -0.5808738 -0.3117764
            -0.7812986 -0.5800533 -0.2304573 -0.5225904 -0.6856546 -0.5067317</float_array>
          <technique_common>
            <accessor count="185" source="#ID808" stride="3">
              <param name="X" type="float" />
              <param name="Y" type="float" />
              <param name="Z" type="float" />
            </accessor>
          </technique_common>
        </source>
        <source id="ID809">
          <float_array id="ID810" count="370">0 0.4422591 0.0233481 0.5006869 0.0404857 0.5392803
            0.0438837 0.5465534 0.0613231 0.5821008 0.0851359 0.6263836 0.0920003 0.6383451
            0.1239128 0.6898817 0.1261497 0.6932645 0.1571323 0.7374098 0.1682267 0.7520802
            0.1865025 0.775041 0.2084159 0.8007079 0.2420663 0.836475 0.2490922 0.8434212 0.286754
            0.8777769 0.2906823 0.8810881 0.3665562 0.9355394 0.3729487 0.9393354 0.3742715 0.940106
            0.4552152 0.9777596 0.478026 0.9850717 0.4994508 0.9906548 0.5374816 0.9975545 0.5620405
            1 0.6197479 0.9996932 0.6246301 0.9992857 0.6872198 0.9892625 0.7020142 0.9856994
            0.7044558 0.9850718 0.7431474 0.9738106 0.7498095 0.9716424 0.7842805 0.9595369
            0.8123991 0.9488958 0.8334352 0.9406252 0.8461138 0.9355394 0.8665468 0.9272064
            0.8693991 0.926031 0.8749888 0.9235929 0.891122 0.9151303 0.9068494 0.9049598 0.9375785
            0.8798979 0.9398472 0.8777769 0.948813 0.8690258 0.963697 0.8531638 0.977833 0.8364746
            0.9942238 0.8149285 1 0.8067026 0.9375785 0.7954611 0.8749888 0.7755454 0.8212363
            0.7520802 0.8123991 0.7476816 0.7498095 0.7122583 0.6872198 0.6694136 0.6331741
            0.6263836 0.6246301 0.6190574 0.5620405 0.5608568 0.4994508 0.4941749 0.4050186
            0.3749903 0.3742715 0.3304428 0.3235809 0.2492937 0.3116818 0.2286239 0.2490922
            0.1066385 0.2043996 0 0.1865025 0.0438501 0.1516702 0.1235971 0.1239128 0.184559
            0.1023584 0.2308737 0.0936891 0.2492937 0.0613231 0.3171424 0.0332256 0.3749903
            0.8423688 0.8355024 0.8422471 0.8408149 0.8417386 0.8461979 0.8408433 0.8516505
            0.8395796 0.8570842 0.8379574 0.8624506 0.8359749 0.8677531 0.8336742 0.872875 0.8310697
            0.8777769 0.826998 0.8841323 0.8225048 0.8897709 0.8175784 0.8946732 0.8123991 0.8986021
            0.8089827 0.9005798 0.80553 0.9021032 0.802054 0.9031636 0.7985597 0.9037593 0.7950932
            0.903879 0.791662 0.903521 0.7850578 0.9014331 0.7788626 0.8975965 0.7733268 0.8923339
            0.7684709 0.8857273 0.7642951 0.8777769 0.7616275 0.8709053 0.7596169 0.8637601
            0.7582632 0.856341 0.7575665 0.8486483 0.7576165 0.8398275 0.7586155 0.8311793 0.7605916
            0.822778 0.7635236 0.8149285 0.7655191 0.8109251 0.767777 0.8071713 0.7702665 0.8037069
            0.7729497 0.8005685 0.775842 0.7977322 0.7789102 0.7952228 0.7853223 0.7913013 0.7921004
            0.7887371 0.7990017 0.7875358 0.8058473 0.7876251 0.8123991 0.7889532 0.8166207
            0.7905322 0.8207136 0.7926649 0.8245448 0.7952735 0.8280517 0.7983239 0.8312596
            0.8018454 0.8341164 0.8057968 0.836587 0.8101457 0.8386816 0.8149285 0.8402374 0.8197151
            0.8413705 0.8247397 0.8420809 0.8300021 0.4994508 0.5006869 0.2490922 0.5006869
            0.2490922 0.2492937 0.3116818 0.2492937 0.2490922 0.1235971 0.1239128 0.2492937
            0.1865025 0.2492937 0.1865025 0.1235971 0.3742715 0.5006869 0.2490922 0.3749903
            0.3742715 0.3749903 0.1239128 0.5006869 0.1865025 0.5006869 0.1239128 0.3749903
            0.1865025 0.3749903 0.0613231 0.5006869 0.0613231 0.3749903 0.4994508 0.7520802
            0.7498095 0.7520802 0.8123991 0.7520802 0.6246301 0.7520802 0.6872198 0.7520802
            0.6246301 0.6263836 0.5620405 0.7520802 0.4994508 0.6263836 0.5620405 0.6263836
            0.7498095 0.8777769 0.8749888 0.8777769 0.9375785 0.8777769 0.8749888 0.8149285
            0.9375785 0.8149285 0.7498095 0.8149285 0.7498095 0.9406252 0.8123991 0.9406252
            0.6246301 0.8777769 0.4994508 0.8777769 0.6872198 0.8777769 0.6872198 0.8149285
            0.6246301 0.8149285 0.5620405 0.8777769 0.5620405 0.8149285 0.4994508 0.8149285
            0.6872198 0.9406252 0.6246301 0.9406252 0.5620405 0.9406252 0.4994508 0.9406252
            0.2490922 0.7520802 0.3742715 0.7520802 0.4368612 0.5006869 0.4368612 0.7520802
            0.4368612 0.6263836 0.3742715 0.6263836 0.3116818 0.5006869 0.3116818 0.7520802
            0.3116818 0.6263836 0.2490922 0.6263836 0.1865025 0.7520802 0.1865025 0.6263836
            0.1239128 0.6263836 0.3742715 0.8777769</float_array>
          <technique_common>
            <accessor count="185" source="#ID810" stride="2">
              <param name="S" type="float" />
              <param name="T" type="float" />
            </accessor>
          </technique_common>
        </source>
        <vertices id="ID811">
          <input semantic="POSITION" source="#ID805" />
        </vertices>
        <triangles count="245" material="ID812">
          <input semantic="VERTEX" source="#ID811" offset="0" />
          <input semantic="NORMAL" source="#ID807" offset="1" />
          <input semantic="TEXCOORD" source="#ID809" offset="2" set="0" />
          <p>0 0 0 1 1 1 70 70 70 70 70 70 1 1 1 140 140 140 141 141 141 140 140 140 138 138 138 69
            69 69 138 138 138 68 68 68 69 69 69 141 141 141 138 138 138 69 69 69 70 70 70 141 141
            141 141 141 141 70 70 70 140 140 140 1 1 1 2 2 2 140 140 140 140 140 140 2 2 2 3 3 3 4 4
            4 140 140 140 3 3 3 4 4 4 5 5 5 140 140 140 140 140 140 5 5 5 136 136 136 138 138 138
            136 136 136 137 137 137 139 139 139 137 137 137 126 126 126 134 134 134 126 126 126 177
            177 177 135 135 135 177 177 177 133 133 133 173 173 173 133 133 133 175 175 175 149 149
            149 175 175 175 142 142 142 148 148 148 142 142 142 165 165 165 163 163 163 165 165 165
            159 159 159 162 162 162 159 159 159 161 161 161 156 156 156 161 161 161 151 151 151 98
            98 98 151 151 151 97 97 97 98 98 98 156 156 156 151 151 151 98 98 98 99 99 99 156 156
            156 156 156 156 99 99 99 100 100 100 101 101 101 156 156 156 100 100 100 101 101 101 102
            102 102 156 156 156 156 156 156 102 102 102 103 103 103 104 104 104 156 156 156 103 103
            103 104 104 104 105 105 105 156 156 156 156 156 156 105 105 105 143 143 143 162 162 162
            143 143 143 146 146 146 145 145 145 146 146 146 53 53 53 54 54 54 145 145 145 53 53 53
            54 54 54 147 147 147 145 145 145 54 54 54 55 55 55 147 147 147 147 147 147 55 55 55 150
            150 150 145 145 145 150 150 150 148 148 148 163 163 163 148 148 148 165 165 165 163 163
            163 145 145 145 148 148 148 163 163 163 162 162 162 145 145 145 163 163 163 159 159 159
            162 162 162 136 136 136 5 5 5 183 183 183 182 182 182 183 183 183 8 8 8 9 9 9 182 182
            182 8 8 8 9 9 9 181 181 181 182 182 182 9 9 9 10 10 10 181 181 181 181 181 181 10 10 10
            11 11 11 12 12 12 181 181 181 11 11 11 12 12 12 171 171 171 181 181 181 12 12 12 13 13
            13 171 171 171 171 171 171 13 13 13 14 14 14 15 15 15 171 171 171 14 14 14 15 15 15 178
            178 178 171 171 171 15 15 15 184 184 184 178 178 178 15 15 15 16 16 16 184 184 184 184
            184 184 16 16 16 17 17 17 18 18 18 184 184 184 17 17 17 18 18 18 19 19 19 184 184 184
            184 184 184 19 19 19 20 20 20 160 160 160 20 20 20 170 170 170 169 169 169 170 170 170
            23 23 23 24 24 24 169 169 169 23 23 23 24 24 24 25 25 25 169 169 169 169 169 169 25 25
            25 168 168 168 159 159 159 168 168 168 161 161 161 159 159 159 169 169 169 168 168 168
            159 159 159 164 164 164 169 169 169 159 159 159 165 165 165 164 164 164 164 164 164 165
            165 165 166 166 166 160 160 160 166 166 166 174 174 174 184 184 184 174 174 174 172 172
            172 178 178 178 172 172 172 179 179 179 180 180 180 179 179 179 126 126 126 137 137 137
            180 180 180 126 126 126 137 137 137 182 182 182 180 180 180 137 137 137 136 136 136 182
            182 182 182 182 182 136 136 136 183 183 183 5 5 5 6 6 6 183 183 183 183 183 183 6 6 6 7
            7 7 8 8 8 183 183 183 7 7 7 20 20 20 21 21 21 170 170 170 170 170 170 21 21 21 22 22 22
            23 23 23 170 170 170 22 22 22 25 25 25 26 26 26 168 168 168 168 168 168 26 26 26 27 27
            27 167 167 167 27 27 27 28 28 28 29 29 29 167 167 167 28 28 28 29 29 29 30 30 30 167 167
            167 167 167 167 30 30 30 157 157 157 151 151 151 157 157 157 93 93 93 94 94 94 151 151
            151 93 93 93 94 94 94 95 95 95 151 151 151 151 151 151 95 95 95 96 96 96 97 97 97 151
            151 151 96 96 96 30 30 30 31 31 31 157 157 157 157 157 157 31 31 31 32 32 32 158 158 158
            32 32 32 33 33 33 34 34 34 158 158 158 33 33 33 34 34 34 83 83 83 158 158 158 34 34 34
            35 35 35 83 83 83 83 83 83 35 35 35 36 36 36 82 82 82 36 36 36 81 81 81 82 82 82 83 83
            83 36 36 36 37 37 37 152 152 152 36 36 36 37 37 37 38 38 38 152 152 152 152 152 152 38
            38 38 39 39 39 40 40 40 152 152 152 39 39 39 40 40 40 153 153 153 152 152 152 40 40 40
            41 41 41 153 153 153 153 153 153 41 41 41 42 42 42 43 43 43 153 153 153 42 42 42 43 43
            43 155 155 155 153 153 153 43 43 43 44 44 44 155 155 155 155 155 155 44 44 44 45 45 45
            46 46 46 155 155 155 45 45 45 46 46 46 48 48 48 155 155 155 46 46 46 47 47 47 48 48 48
            155 155 155 48 48 48 154 154 154 152 152 152 154 154 154 73 73 73 74 74 74 152 152 152
            73 73 73 74 74 74 75 75 75 152 152 152 152 152 152 75 75 75 76 76 76 77 77 77 152 152
            152 76 76 76 77 77 77 78 78 78 152 152 152 152 152 152 78 78 78 79 79 79 36 36 36 79 79
            79 80 80 80 81 81 81 36 36 36 80 80 80 115 115 115 116 116 116 50 50 50 114 114 114 50
            50 50 144 144 144 113 113 113 144 144 144 112 112 112 113 113 113 114 114 114 144 144
            144 50 50 50 51 51 51 144 144 144 144 144 144 51 51 51 143 143 143 109 109 109 143 143
            143 108 108 108 109 109 109 144 144 144 143 143 143 109 109 109 110 110 110 144 144 144
            144 144 144 110 110 110 111 111 111 112 112 112 144 144 144 111 111 111 51 51 51 52 52
            52 143 143 143 143 143 143 52 52 52 146 146 146 146 146 146 52 52 52 53 53 53 55 55 55
            56 56 56 150 150 150 150 150 150 56 56 56 149 149 149 148 148 148 149 149 149 142 142
            142 148 148 148 150 150 150 149 149 149 149 149 149 56 56 56 125 125 125 173 173 173 125
            125 125 57 57 57 58 58 58 173 173 173 57 57 57 58 58 58 135 135 135 173 173 173 58 58 58
            59 59 59 135 135 135 135 135 135 59 59 59 60 60 60 128 128 128 60 60 60 61 61 61 127 127
            127 61 61 61 129 129 129 132 132 132 129 129 129 62 62 62 64 64 64 62 62 62 63 63 63 64
            64 64 132 132 132 62 62 62 64 64 64 65 65 65 132 132 132 132 132 132 65 65 65 131 131
            131 127 127 127 131 131 131 134 134 134 128 128 128 134 134 134 135 135 135 60 60 60 128
            128 128 135 135 135 61 61 61 62 62 62 129 129 129 65 65 65 66 66 66 131 131 131 131 131
            131 66 66 66 130 130 130 139 139 139 130 130 130 138 138 138 137 137 137 139 139 139 138
            138 138 66 66 66 67 67 67 130 130 130 130 130 130 67 67 67 68 68 68 138 138 138 130 130
            130 68 68 68 124 124 124 71 71 71 154 154 154 123 123 123 154 154 154 122 122 122 123
            123 123 124 124 124 154 154 154 71 71 71 72 72 72 154 154 154 154 154 154 72 72 72 73 73
            73 83 83 83 84 84 84 158 158 158 158 158 158 84 84 84 85 85 85 86 86 86 158 158 158 85
            85 85 86 86 86 87 87 87 158 158 158 158 158 158 87 87 87 88 88 88 89 89 89 158 158 158
            88 88 88 89 89 89 157 157 157 158 158 158 89 89 89 90 90 90 157 157 157 157 157 157 90
            90 90 91 91 91 92 92 92 157 157 157 91 91 91 92 92 92 93 93 93 157 157 157 105 105 105
            106 106 106 143 143 143 143 143 143 106 106 106 107 107 107 108 108 108 143 143 143 107
            107 107 114 114 114 115 115 115 50 50 50 116 116 116 117 117 117 50 50 50 50 50 50 117
            117 117 49 49 49 49 49 49 117 117 117 118 118 118 119 119 119 49 49 49 118 118 118 119
            119 119 120 120 120 49 49 49 49 49 49 120 120 120 121 121 121 154 154 154 121 121 121
            122 122 122 154 154 154 49 49 49 121 121 121 154 154 154 48 48 48 49 49 49 57 57 57 125
            125 125 56 56 56 175 175 175 149 149 149 173 173 173 173 173 173 149 149 149 125 125 125
            126 126 126 134 134 134 139 139 139 139 139 139 134 134 134 131 131 131 130 130 130 139
            139 139 131 131 131 131 131 131 127 127 127 132 132 132 132 132 132 127 127 127 129 129
            129 61 61 61 127 127 127 128 128 128 128 128 128 127 127 127 134 134 134 133 133 133 173
            173 173 135 135 135 133 133 133 177 177 177 176 176 176 175 175 175 176 176 176 174 174
            174 142 142 142 174 174 174 166 166 166 165 165 165 142 142 142 166 166 166 135 135 135
            134 134 134 177 177 177 136 136 136 138 138 138 140 140 140 145 145 145 147 147 147 150
            150 150 146 146 146 145 145 145 162 162 162 152 152 152 79 79 79 36 36 36 154 154 154
            152 152 152 155 155 155 155 155 155 152 152 152 153 153 153 161 161 161 156 156 156 162
            162 162 162 162 162 156 156 156 143 143 143 157 157 157 151 151 151 167 167 167 167 167
            167 151 151 151 161 161 161 168 168 168 167 167 167 161 161 161 168 168 168 27 27 27 167
            167 167 158 158 158 157 157 157 32 32 32 170 170 170 169 169 169 160 160 160 160 160 160
            169 169 169 164 164 164 166 166 166 160 160 160 164 164 164 181 181 181 171 171 171 182
            182 182 182 182 182 171 171 171 180 180 180 180 180 180 171 171 171 178 178 178 179 179
            179 180 180 180 178 178 178 179 179 179 172 172 172 176 176 176 177 177 177 179 179 179
            176 176 176 177 177 177 126 126 126 179 179 179 172 172 172 178 178 178 184 184 184 133
            133 133 176 176 176 175 175 175 174 174 174 142 142 142 175 175 175 176 176 176 172 172
            172 174 174 174 20 20 20 160 160 160 184 184 184 184 184 184 160 160 160 174 174 174</p>
        </triangles>
      </mesh>
    </geometry>
    <geometry id="ID813">
      <mesh>
        <source id="ID814">
          <float_array id="ID815" count="141">0.0128686 -0.0755 0.0359999 0.0129 -0.0755 0.0378
            0.0129471 -0.0760383 0.0378 0.013087 -0.0765602 0.0378 0.0133153 -0.07705 0.0378
            0.0136253 -0.0774926 0.0378 0.0140074 -0.0778748 0.0378 0.01445 -0.0781847 0.0378
            0.0149397 -0.078413 0.0378 0.0154617 -0.0785529 0.0378 0.016 -0.0786 0.0378 0.0165383
            -0.0785529 0.0378 0.0170603 -0.078413 0.0378 0.01755 -0.0781847 0.0378 0.0179926
            -0.0778748 0.0378 0.0183747 -0.0774926 0.0378 0.0186847 -0.07705 0.0378 0.018913
            -0.0765602 0.0378 0.0190529 -0.0760383 0.0378 0.0191 -0.0755 0.0378 0.0191595 -0.0755
            0.0343932 0.0191415 -0.075825 0.0344616 0.0190904 -0.0761448 0.034535 0.019007
            -0.0764569 0.0346138 0.0188933 -0.0767559 0.0346971 0.0187427 -0.0770544 0.0347898
            0.0185606 -0.077336 0.0348883 0.018351 -0.0775951 0.0349912 0.0181172 -0.0778285
            0.0350978 0.01786 -0.0780359 0.0352083 0.0175829 -0.0782153 0.0353215 0.0172898
            -0.0783643 0.035436 0.0169829 -0.0784814 0.0355512 0.0165028 -0.0785957 0.0357223
            0.0160111 -0.0786334 0.0358863 0.0155127 -0.0785926 0.0360394 0.0150246 -0.0784725
            0.0361734 0.0145542 -0.0782721 0.0362825 0.0143319 -0.0781434 0.0363251 0.0141191
            -0.0779957 0.0363587 0.0139177 -0.0778298 0.0363825 0.0137313 -0.0776484 0.0363956
            0.0135608 -0.0774527 0.0363977 0.0134063 -0.0772424 0.0363884 0.0131724 -0.0768315
            0.036342 0.0130047 -0.0763974 0.0362593 0.0129032 -0.0759475 0.036143</float_array>
          <technique_common>
            <accessor count="47" source="#ID815" stride="3">
              <param name="X" type="float" />
              <param name="Y" type="float" />
              <param name="Z" type="float" />
            </accessor>
          </technique_common>
        </source>
        <source id="ID816">
          <float_array id="ID817" count="141">0.9998477 0 -0.0174524 0.9998477 0 -0.0174524
            0.9846578 0.1736217 -0.0174524 0.9395495 0.3419681 -0.0174524 0.8658935 0.4999239
            -0.0174524 0.7659278 0.6426897 -0.0174524 0.6426897 0.7659278 -0.0174524 0.4999239
            0.8658935 -0.0174524 0.3419681 0.9395495 -0.0174524 0.1736217 0.9846578 -0.0174524 0
            0.9998477 -0.0174524 -0.1736217 0.9846578 -0.0174524 -0.3419681 0.9395495 -0.0174524
            -0.4999239 0.8658935 -0.0174524 -0.6426897 0.7659278 -0.0174524 -0.7659278 0.6426897
            -0.0174524 -0.8658935 0.4999239 -0.0174524 -0.9395495 0.3419681 -0.0174524 -0.9846578
            0.1736217 -0.0174524 -0.9998477 0 -0.0174524 -0.9998477 0 -0.0174524 -0.9945387
            0.1028984 -0.0174524 -0.9787689 0.2042228 -0.0174524 -0.9527668 0.303201 -0.0174524
            -0.9171641 0.3981273 -0.0174524 -0.8698652 0.4929807 -0.0174524 -0.8125557 0.5826223
            -0.0174524 -0.7464532 0.665209 -0.0174524 -0.6726359 0.7397678 -0.0174524 -0.5913469
            0.8062284 -0.0174524 -0.5035588 0.8637847 -0.0174524 -0.4105426 0.9116744 -0.0174524
            -0.3130411 0.9495792 -0.0174524 -0.1602872 0.9869161 -0.0174524 -0.0035422 0.9998414
            -0.0174524 0.1556383 0.9876599 -0.0174524 0.3117479 0.9500045 -0.0174524 0.4623574
            0.8865219 -0.0174524 0.5335902 0.8455631 -0.0174524 0.6017772 0.7984733 -0.0174524
            0.6662869 0.7454912 -0.0174524 0.725976 0.6874985 -0.0174524 0.7805427 0.6248587
            -0.0174524 0.8299665 0.5575401 -0.0174524 0.9045674 0.4259733 -0.0174524 0.9577872
            0.2869479 -0.0174524 0.9895697 0.142994 -0.0174524</float_array>
          <technique_common>
            <accessor count="47" source="#ID817" stride="3">
              <param name="X" type="float" />
              <param name="Y" type="float" />
              <param name="Z" type="float" />
            </accessor>
          </technique_common>
        </source>
        <source id="ID818">
          <float_array id="ID819" count="94">0.5283672 1 0 1 0 0.9444444 0 0.8888888 0 0.8333333 0
            0.7777777 0 0.7222222 0 0.6666667 0 0.6111111 0 0.5555555 0 0.5 0 0.4444444 0 0.3888889
            0 0.3333333 0 0.2777778 0 0.2222223 0 0.1666667 0 0.1111111 0 0.0555555 0 0 1 0 0.979925
            0.0328167 0.9583546 0.0654768 0.9352366 0.0980707 0.9107809 0.1303608 0.883582 0.1641201
            0.8546721 0.198008 0.8244467 0.2317007 0.7931579 0.265118 0.7607346 0.2985608 0.7275133
            0.3319955 0.6938928 0.3653174 0.6600904 0.3986363 0.6098502 0.4487501 0.5617223
            0.4988723 0.5167943 0.549751 0.4774669 0.6009303 0.4454155 0.6530215 0.4329243 0.6791881
            0.4230665 0.705577 0.4160747 0.7321607 0.4122165 0.7586629 0.4116005 0.7851177 0.4143326
            0.8117127 0.4279664 0.8599089 0.4522458 0.9073448 0.4863884 0.95432</float_array>
          <technique_common>
            <accessor count="47" source="#ID819" stride="2">
              <param name="S" type="float" />
              <param name="T" type="float" />
            </accessor>
          </technique_common>
        </source>
        <vertices id="ID820">
          <input semantic="POSITION" source="#ID814" />
        </vertices>
        <triangles count="45" material="ID821">
          <input semantic="VERTEX" source="#ID820" offset="0" />
          <input semantic="NORMAL" source="#ID816" offset="1" />
          <input semantic="TEXCOORD" source="#ID818" offset="2" set="0" />
          <p>0 0 0 1 1 1 46 46 46 46 46 46 1 1 1 2 2 2 45 45 45 2 2 2 3 3 3 44 44 44 3 3 3 4 4 4 43
            43 43 4 4 4 5 5 5 42 42 42 5 5 5 41 41 41 42 42 42 43 43 43 5 5 5 5 5 5 6 6 6 41 41 41
            41 41 41 6 6 6 40 40 40 40 40 40 6 6 6 39 39 39 39 39 39 6 6 6 7 7 7 38 38 38 7 7 7 37
            37 37 38 38 38 39 39 39 7 7 7 7 7 7 8 8 8 37 37 37 37 37 37 8 8 8 36 36 36 36 36 36 8 8
            8 9 9 9 35 35 35 9 9 9 10 10 10 34 34 34 10 10 10 11 11 11 33 33 33 11 11 11 32 32 32 33
            33 33 34 34 34 11 11 11 11 11 11 12 12 12 32 32 32 32 32 32 12 12 12 31 31 31 31 31 31
            12 12 12 13 13 13 30 30 30 13 13 13 29 29 29 30 30 30 31 31 31 13 13 13 13 13 13 14 14
            14 29 29 29 29 29 29 14 14 14 28 28 28 28 28 28 14 14 14 15 15 15 27 27 27 15 15 15 26
            26 26 27 27 27 28 28 28 15 15 15 15 15 15 16 16 16 26 26 26 26 26 26 16 16 16 25 25 25
            25 25 25 16 16 16 24 24 24 24 24 24 16 16 16 17 17 17 23 23 23 17 17 17 18 18 18 22 22
            22 18 18 18 21 21 21 22 22 22 23 23 23 18 18 18 18 18 18 19 19 19 21 21 21 21 21 21 19
            19 19 20 20 20 23 23 23 24 24 24 17 17 17 34 34 34 35 35 35 10 10 10 35 35 35 36 36 36 9
            9 9 43 43 43 44 44 44 4 4 4 44 44 44 45 45 45 3 3 3 45 45 45 46 46 46 2 2 2</p>
        </triangles>
      </mesh>
    </geometry>
    <geometry id="ID822">
      <mesh>
        <source id="ID823">
          <float_array id="ID824" count="216">0.0191 -0.0755 0.0378 0.0190529 -0.0760383 0.0378
            0.018913 -0.0765602 0.0378 0.0186847 -0.07705 0.0378 0.0183747 -0.0774926 0.0378
            0.0179926 -0.0778748 0.0378 0.01755 -0.0781847 0.0378 0.0170603 -0.078413 0.0378
            0.0165383 -0.0785529 0.0378 0.016 -0.0786 0.0378 0.0154617 -0.0785529 0.0378 0.0149397
            -0.078413 0.0378 0.01445 -0.0781847 0.0378 0.0140074 -0.0778748 0.0378 0.0136253
            -0.0774926 0.0378 0.0133153 -0.07705 0.0378 0.013087 -0.0765602 0.0378 0.0129471
            -0.0760383 0.0378 0.0129 -0.0755 0.0378 0.0129471 -0.0749617 0.0378 0.013087 -0.0744398
            0.0378 0.0133153 -0.07395 0.0378 0.0136253 -0.0735074 0.0378 0.0140074 -0.0731252 0.0378
            0.01445 -0.0728153 0.0378 0.0149397 -0.072587 0.0378 0.0154617 -0.0724471 0.0378 0.016
            -0.0724 0.0378 0.0165383 -0.0724471 0.0378 0.0170603 -0.072587 0.0378 0.01755 -0.0728153
            0.0378 0.0179926 -0.0731252 0.0378 0.0183747 -0.0735074 0.0378 0.0186847 -0.07395 0.0378
            0.018913 -0.0744398 0.0378 0.0190529 -0.0749617 0.0378 0.016 -0.07825 0.0378 0.0164775
            -0.0782082 0.0378 0.0169406 -0.0780842 0.0378 0.017375 -0.0778816 0.0378 0.0177677
            -0.0776066 0.0378 0.0181066 -0.0772676 0.0378 0.0183816 -0.076875 0.0378 0.0185842
            -0.0764406 0.0378 0.0187082 -0.0759775 0.0378 0.01875 -0.0755 0.0378 0.0187082
            -0.0750225 0.0378 0.0185842 -0.0745594 0.0378 0.0183816 -0.074125 0.0378 0.0181066
            -0.0737324 0.0378 0.0177677 -0.0733934 0.0378 0.017375 -0.0731184 0.0378 0.0169406
            -0.0729158 0.0378 0.0164775 -0.0727918 0.0378 0.016 -0.07275 0.0378 0.0155225 -0.0727918
            0.0378 0.0150594 -0.0729158 0.0378 0.014625 -0.0731184 0.0378 0.0142323 -0.0733934
            0.0378 0.0138934 -0.0737324 0.0378 0.0136184 -0.074125 0.0378 0.0134158 -0.0745594
            0.0378 0.0132918 -0.0750225 0.0378 0.01325 -0.0755 0.0378 0.0132918 -0.0759775 0.0378
            0.0134158 -0.0764406 0.0378 0.0136184 -0.076875 0.0378 0.0138934 -0.0772676 0.0378
            0.0142323 -0.0776066 0.0378 0.014625 -0.0778816 0.0378 0.0150594 -0.0780842 0.0378
            0.0155225 -0.0782082 0.0378</float_array>
          <technique_common>
            <accessor count="72" source="#ID824" stride="3">
              <param name="X" type="float" />
              <param name="Y" type="float" />
              <param name="Z" type="float" />
            </accessor>
          </technique_common>
        </source>
        <source id="ID825">
          <float_array id="ID826" count="216">0 0 -1 0 0 -1 0 0 -1 0 0 -1 0 0 -1 0 0 -1 0 0 -1 0 0
            -1 0 0 -1 0 0 -1 0 0 -1 0 0 -1 0 0 -1 0 0 -1 0 0 -1 0 0 -1 0 0 -1 0 0 -1 0 0 -1 0 0 -1 0
            0 -1 0 0 -1 0 0 -1 0 0 -1 0 0 -1 0 0 -1 0 0 -1 0 0 -1 0 0 -1 0 0 -1 0 0 -1 0 0 -1 0 0 -1
            0 0 -1 0 0 -1 0 0 -1 0 0 -1 0 0 -1 0 0 -1 0 0 -1 0 0 -1 0 0 -1 0 0 -1 0 0 -1 0 0 -1 0 0
            -1 0 0 -1 0 0 -1 0 0 -1 0 0 -1 0 0 -1 0 0 -1 0 0 -1 0 0 -1 0 0 -1 0 0 -1 0 0 -1 0 0 -1 0
            0 -1 0 0 -1 0 0 -1 0 0 -1 0 0 -1 0 0 -1 0 0 -1 0 0 -1 0 0 -1 0 0 -1 0 0 -1 0 0 -1 0 0 -1
            0 0 -1</float_array>
          <technique_common>
            <accessor count="72" source="#ID826" stride="3">
              <param name="X" type="float" />
              <param name="Y" type="float" />
              <param name="Z" type="float" />
            </accessor>
          </technique_common>
        </source>
        <source id="ID827">
          <float_array id="ID828" count="144">1 0.5 0.9924039 0.5868241 0.9698464 0.67101 0.9330127
            0.7499999 0.8830222 0.8213938 0.8213938 0.8830222 0.7499999 0.9330127 0.67101 0.9698464
            0.5868241 0.9924039 0.5 1 0.4131759 0.9924039 0.3289899 0.9698464 0.25 0.9330127
            0.1786062 0.8830222 0.1169778 0.8213938 0.0669873 0.7499999 0.0301537 0.67101 0.0075961
            0.5868241 0 0.5 0.0075961 0.4131759 0.0301537 0.3289899 0.0669873 0.25 0.1169778
            0.1786062 0.1786062 0.1169778 0.25 0.0669873 0.3289899 0.0301537 0.4131759 0.0075961 0.5
            0 0.5868241 0.0075961 0.67101 0.0301537 0.7499999 0.0669873 0.8213938 0.1169778
            0.8830222 0.1786062 0.9330127 0.25 0.9698464 0.3289899 0.9924039 0.4131759 0.5 0.9435484
            0.5770214 0.9368099 0.6517025 0.9167991 0.7217742 0.8841242 0.7851074 0.8397778
            0.8397778 0.7851074 0.8841242 0.7217742 0.9167991 0.6517025 0.9368099 0.5770214
            0.9435484 0.5 0.9368099 0.4229786 0.9167991 0.3482975 0.8841242 0.2782258 0.8397778
            0.2148926 0.7851074 0.1602222 0.7217742 0.1158758 0.6517025 0.0832009 0.5770214
            0.0631901 0.5 0.0564516 0.4229786 0.0631901 0.3482975 0.0832009 0.2782258 0.1158758
            0.2148926 0.1602222 0.1602222 0.2148926 0.1158758 0.2782258 0.0832009 0.3482975
            0.0631901 0.4229786 0.0564516 0.5 0.0631901 0.5770214 0.0832009 0.6517025 0.1158758
            0.7217742 0.1602222 0.7851074 0.2148926 0.8397778 0.2782258 0.8841242 0.3482975
            0.9167991 0.4229786 0.9368099</float_array>
          <technique_common>
            <accessor count="72" source="#ID828" stride="2">
              <param name="S" type="float" />
              <param name="T" type="float" />
            </accessor>
          </technique_common>
        </source>
        <vertices id="ID829">
          <input semantic="POSITION" source="#ID823" />
        </vertices>
        <triangles count="72" material="ID830">
          <input semantic="VERTEX" source="#ID829" offset="0" />
          <input semantic="NORMAL" source="#ID825" offset="1" />
          <input semantic="TEXCOORD" source="#ID827" offset="2" set="0" />
          <p>9 9 9 36 36 36 8 8 8 9 9 9 10 10 10 36 36 36 36 36 36 10 10 10 71 71 71 71 71 71 10 10
            10 11 11 11 70 70 70 11 11 11 12 12 12 69 69 69 12 12 12 13 13 13 68 68 68 13 13 13 14
            14 14 67 67 67 14 14 14 15 15 15 66 66 66 15 15 15 16 16 16 65 65 65 16 16 16 17 17 17
            64 64 64 17 17 17 63 63 63 64 64 64 65 65 65 17 17 17 8 8 8 37 37 37 7 7 7 8 8 8 36 36
            36 37 37 37 7 7 7 38 38 38 6 6 6 7 7 7 37 37 37 38 38 38 6 6 6 39 39 39 5 5 5 6 6 6 38
            38 38 39 39 39 5 5 5 40 40 40 4 4 4 5 5 5 39 39 39 40 40 40 17 17 17 18 18 18 63 63 63
            63 63 63 18 18 18 62 62 62 62 62 62 18 18 18 19 19 19 61 61 61 19 19 19 20 20 20 60 60
            60 20 20 20 21 21 21 59 59 59 21 21 21 22 22 22 58 58 58 22 22 22 23 23 23 57 57 57 23
            23 23 24 24 24 56 56 56 24 24 24 25 25 25 55 55 55 25 25 25 26 26 26 54 54 54 26 26 26
            27 27 27 28 28 28 54 54 54 27 27 27 28 28 28 53 53 53 54 54 54 28 28 28 29 29 29 53 53
            53 53 53 53 29 29 29 52 52 52 52 52 52 29 29 29 30 30 30 51 51 51 30 30 30 31 31 31 50
            50 50 31 31 31 32 32 32 49 49 49 32 32 32 33 33 33 48 48 48 33 33 33 34 34 34 47 47 47
            34 34 34 35 35 35 46 46 46 35 35 35 0 0 0 45 45 45 0 0 0 44 44 44 45 45 45 46 46 46 0 0
            0 40 40 40 41 41 41 4 4 4 4 4 4 41 41 41 3 3 3 3 3 3 41 41 41 42 42 42 2 2 2 42 42 42 43
            43 43 1 1 1 43 43 43 44 44 44 0 0 0 1 1 1 44 44 44 46 46 46 47 47 47 35 35 35 47 47 47
            48 48 48 34 34 34 48 48 48 49 49 49 33 33 33 49 49 49 50 50 50 32 32 32 50 50 50 51 51
            51 31 31 31 51 51 51 52 52 52 30 30 30 54 54 54 55 55 55 26 26 26 55 55 55 56 56 56 25
            25 25 56 56 56 57 57 57 24 24 24 57 57 57 58 58 58 23 23 23 58 58 58 59 59 59 22 22 22
            59 59 59 60 60 60 21 21 21 60 60 60 61 61 61 20 20 20 61 61 61 62 62 62 19 19 19 65 65
            65 66 66 66 16 16 16 66 66 66 67 67 67 15 15 15 67 67 67 68 68 68 14 14 14 68 68 68 69
            69 69 13 13 13 69 69 69 70 70 70 12 12 12 70 70 70 71 71 71 11 11 11 3 3 3 42 42 42 2 2
            2 2 2 2 43 43 43 1 1 1</p>
        </triangles>
      </mesh>
    </geometry>
    <geometry id="ID831">
      <mesh>
        <source id="ID832">
          <float_array id="ID833" count="651">-0.0489472 -0.0426852 0.0877476 -0.0439996 -0.048623
            0.0877476 -0.0384596 -0.0558167 0.0877476 -0.0376267 -0.0569426 0.0877476 -0.0358799
            -0.0593395 0.0877476 -0.0320378 -0.0647769 0.0877476 -0.0315621 -0.0654658 0.0877476
            -0.0284884 -0.07 0.0877476 -0.0282103 -0.07 0.0919171 -0.0279539 -0.07 0.0941487
            -0.0275419 -0.07 0.0968135 -0.0267897 -0.07 0.1004178 -0.0267675 -0.07 0.1005095
            -0.0256842 -0.07 0.1043866 -0.0256683 -0.07 0.1044368 -0.0245928 -0.07 0.1075132
            -0.023821 -0.07 0.1094287 -0.0232865 -0.07 0.1106467 -0.0224117 -0.07 0.1124849
            -0.021073 -0.07 0.1149958 -0.0204865 -0.07 0.1160008 -0.0185069 -0.07 0.1190485
            -0.0182551 -0.07 0.1194026 -0.0149821 -0.07 0.1234465 -0.0140764 -0.07 0.1244085
            -0.0139268 -0.07 0.1245617 -0.0102821 -0.07 0.1278476 -0.0091707 -0.07 0.1286979
            -0.0062888 -0.07 0.130621 -0.0038312 -0.07 0.1319761 -0.0020983 -0.07 0.1327921
            0.0019295 -0.07 0.1343005 0.0023397 -0.07 0.1344268 0.0069906 -0.07 0.1355657 0.0080517
            -0.07 0.1357603 0.0114466 -0.07 0.1362594 0.0119847 -0.07 0.1363241 0.0144681 -0.07
            0.1365849 0.0167892 -0.07 0.1367866 0.0192764 -0.07 0.1369765 0.0210093 -0.07 0.1370995
            0.0210771 -0.07 0.1371042 0.0216776 -0.070012 0.1371415 0.0225835 -0.0700757 0.1371879
            0.0246547 -0.0704327 0.1372622 0.0266501 -0.0710737 0.1373138 0.0275438 -0.0714648
            0.1373342 0.029402 -0.0725198 0.1373745 0.0311132 -0.0738517 0.1374141 0.0314804
            -0.0741938 0.137424 0.0340404 -0.0730001 0.1375 0.0339334 -0.072772 0.1374999 0.0328312
            -0.0704073 0.1375386 0.0313118 -0.0671485 0.1377726 0.0312199 -0.0669517 0.1377974
            0.0311011 -0.066697 0.137832 0.0301512 -0.0646601 0.1382369 0.029745 -0.0637883
            0.1385067 0.029145 -0.0625002 0.1390727 0.0291289 -0.0624657 0.1390915 0.0288493
            -0.0618676 0.1394557 0.0285873 -0.0613052 0.139879 0.0283381 -0.060769 0.1403797
            0.0281435 -0.0603525 0.140856 0.0279527 -0.0599449 0.1414207 0.0277841 -0.0595835
            0.1420309 0.0277515 -0.0595134 0.1421643 0.0275312 -0.0590402 0.143237 0.027357
            -0.0586678 0.144384 0.0272872 -0.0585181 0.1449615 0.0271108 -0.0581398 0.1469482
            0.0270289 -0.057964 0.1483481 0.0270046 -0.0579124 0.1488705 0.0269791 -0.0578577
            0.1495105 0.0269017 -0.0576918 0.1526563 0.0268867 -0.0576594 0.1539999 0.0247117
            -0.0586245 0.154 0.0212153 -0.0599783 0.154 0.0142866 -0.0619951 0.154 0.0074259
            -0.0631851 0.154 0.0006255 -0.0636168 0.154 -0.006116 -0.0633253 0.154 -0.0128011
            -0.0623188 0.154 -0.0194248 -0.0605819 0.154 -0.0238456 -0.0589821 0.154 -0.0259875
            -0.0580701 0.154 -0.0324805 -0.0547039 0.154 -0.0388924 -0.0503476 0.154 -0.0452142
            -0.0447568 0.154 -0.0476963 -0.0421019 0.154 -0.0478655 -0.0421808 0.1450458 -0.0479072
            -0.0422003 0.1428335 -0.0481419 -0.0423098 0.130412 -0.0483764 -0.0424191 0.1179905
            -0.0484288 -0.0424435 0.1152166 -0.0486109 -0.0425284 0.1055689 -0.018158 -0.0633271
            0.1350426 0.0046918 -0.0645958 0.1444801 -0.0254907 -0.0583199 0.1528123 0.0174899
            -0.0618154 0.1466792 0.0243187 -0.0593569 0.1469904 0.021802 -0.0598047 0.152687
            0.0252794 -0.0584186 0.1527269 0.0109559 -0.0635411 0.1458272 0.0026581 -0.0638425
            0.1492903 0.0087766 -0.06315 0.1509047 0.0151376 -0.0618546 0.1520742 -0.0071411
            -0.0649758 0.1405099 -0.0216715 -0.0604434 0.143647 -0.0109626 -0.0628582 0.1496795
            -0.0053602 -0.0634489 0.1522406 -0.0164007 -0.0618587 0.1468167 -0.0235596 -0.0593283
            0.1481903 -0.0183842 -0.0609808 0.151535 -0.001332 -0.0650528 0.142692 -0.0032515
            -0.0640157 0.1472928 -0.0089707 -0.0637153 0.1449458 -0.0127496 -0.0644001 0.1379597
            -0.0145076 -0.0629615 0.1422643 -0.0198596 -0.0617482 0.1392437 -0.0375672 -0.0535034
            0.1192926 -0.0440794 -0.0464562 0.135557 -0.0351705 -0.0533466 0.1448919 -0.0304148
            -0.0560427 0.1490067 -0.0387016 -0.0505068 0.1535287 -0.039733 -0.05017 0.1404227
            -0.0473032 -0.0428523 0.1436299 -0.043108 -0.046942 0.1487729 -0.0283312 -0.0595805
            0.1280274 -0.0316592 -0.0562357 0.1362915 -0.040795 -0.0499094 0.1273728 -0.0267634
            -0.0585833 0.1401492 -0.0285721 -0.0572706 0.1445466 -0.0334034 -0.0547627 0.1405707
            -0.03634 -0.0533531 0.1320392 -0.0380313 -0.0517487 0.1362214 -0.0424386 -0.0481865
            0.1314676 -0.0233568 -0.0617326 0.1317408 -0.0250159 -0.060048 0.1358638 -0.0299607
            -0.0578221 0.132096 -0.0330681 -0.0568376 0.1238782 -0.0346785 -0.0550317 0.1279118
            -0.0391648 -0.051666 0.1233029 -0.0459844 -0.0453904 0.1090555 0.0205731 -0.0657691
            0.1388643 0.007686 -0.0687703 0.1368282 0.0274471 -0.0631981 0.1390926 0.0263431
            -0.0601332 0.1421971 0.0193979 -0.0628813 0.1420996 0.0254214 -0.0595201 0.1444278
            0.0185204 -0.0621583 0.1442491 0.0270268 -0.0613381 0.1404032 0.0228385 -0.0615869
            0.1422071 0.0239785 -0.0645621 0.1390364 0.0235264 -0.0627814 0.1404055 0.0200869
            -0.0640731 0.140296 0.0139821 -0.0676364 0.1381169 0.0127439 -0.0649052 0.1414676
            0.0063969 -0.0661659 0.1402726 0.0160315 -0.0639913 0.141856 0.0141877 -0.0627659
            0.1463178 0.0119111 -0.0640711 0.1435352 0.0151783 -0.0632078 0.1439608 0.0172396
            -0.0667972 0.1385603 0.0167218 -0.0651797 0.1400498 0.0134366 -0.0660878 0.1396572
            0.0070961 -0.0673322 0.1384501 0.0276342 -0.0685427 0.1376702 0.031077 -0.0672428
            0.1377737 0.0276283 -0.0656525 0.1382206 0.0208708 -0.0679337 0.1377785 0.0143864
            -0.0695359 0.1368355 0.0107991 -0.0682903 0.1375367 -0.0041671 -0.0692009 0.1328953
            -0.0151918 -0.0675714 0.1274423 -0.0055282 -0.0667754 0.1364716 0.0003189 -0.0667576
            0.1385839 -0.0004688 -0.0658113 0.1405686 -0.0063048 -0.0658013 0.138436 0.0055923
            -0.0652615 0.1422883 0.0016485 -0.0692615 0.1350653 0.0010255 -0.0679055 0.1367479
            -0.0048151 -0.067907 0.1346236 -0.0165958 -0.0652525 0.1310973 -0.0111655 -0.0662712
            0.1339743 -0.0119338 -0.0652767 0.1359235 -0.017358 -0.0642428 0.1330353 -0.0097803
            -0.0686368 0.1303538 -0.0104472 -0.0673901 0.1321169 -0.0158734 -0.0663611 0.1292323
            -0.0317805 -0.0623546 0.1043594 -0.0227934 -0.0690504 0.1135507 -0.034541 -0.0575986
            0.1115822 -0.0253545 -0.0637986 0.1204077 -0.0203893 -0.0659738 0.1241381 -0.0267914
            -0.0615615 0.1241231 -0.0218095 -0.0636953 0.1278229 -0.0300716 -0.0610065 0.1162222
            -0.0360214 -0.0554697 0.1153774 -0.0315282 -0.0588185 0.1199737 -0.0191001 -0.0685781
            0.1206936 -0.0240242 -0.0663008 0.1168879 -0.0274119 -0.0660132 0.1091843 -0.0287018
            -0.0634106 0.11263 -0.0331299 -0.0599 0.1079142 -0.0399198 -0.0535507 0.0936125
            -0.0359269 -0.0581435 0.0991267 -0.0418533 -0.0496397 0.1143163 -0.0428858 -0.0493058
            0.1012124 -0.0387914 -0.0536462 0.1065405 -0.0291867 -0.067525 0.0974423 -0.026185
            -0.0687724 0.1058542 -0.0304743 -0.0649166 0.1008838 -0.0331546 -0.0628698 0.091882
            -0.034541 -0.0605073 0.0955049 -0.0384586 -0.0557273 0.0898524 -0.0317455 -0.065176
            0.0882177</float_array>
          <technique_common>
            <accessor count="217" source="#ID833" stride="3">
              <param name="X" type="float" />
              <param name="Y" type="float" />
              <param name="Z" type="float" />
            </accessor>
          </technique_common>
        </source>
        <source id="ID834">
          <float_array id="ID835" count="651">-0.7540372 -0.6565446 0.0194182 -0.7805382 -0.6248435
            0.0181861 -0.8023636 -0.5965149 0.0195618 -0.8051181 -0.5927746 0.0200773 -0.8106809
            -0.5850961 0.0214289 -0.8218834 -0.5690799 0.0256094 -0.8232059 -0.5671369 0.0262259
            -0.8314763 -0.5547156 0.0306226 -0.8255547 -0.5584907 0.0809168 -0.8199213 -0.5620294
            0.1088665 -0.81029 -0.5680855 0.143906 -0.7923667 -0.5793695 0.191013 -0.7918323
            -0.5797048 0.1922081 -0.7652416 -0.5962438 0.2426902 -0.7648479 -0.5964875 0.2433316
            -0.7381184 -0.6129267 0.2819611 -0.718715 -0.6246098 0.305469 -0.705352 -0.6325067
            0.3200217 -0.6836686 -0.6450218 0.3413855 -0.6503012 -0.6633776 0.370187 -0.6359946
            -0.6708562 0.3813958 -0.5886923 -0.693769 0.4148807 -0.5826619 -0.6964834 0.4188269
            -0.5079543 -0.7260254 0.4635402 -0.4881041 -0.7325468 0.4744782 -0.4848566 -0.7335573
            0.4762433 -0.4099739 -0.7520041 0.5161504 -0.3885248 -0.7553362 0.5277458 -0.3359147
            -0.7587882 0.5580339 -0.2943481 -0.7554442 0.5853744 -0.2666807 -0.7492627 0.6062069
            -0.2075063 -0.7209272 0.6612149 -0.2020008 -0.7168986 0.6672721 -0.144398 -0.6520787
            0.7442732 -0.1327134 -0.6315841 0.7638643 -0.1036973 -0.5598519 0.8220783 -0.099524
            -0.5457879 0.8319919 -0.0828808 -0.4706813 0.8784019 -0.0739644 -0.4020157 0.9126405
            -0.0686936 -0.3247227 0.9433114 -0.066485 -0.2688555 0.9608831 -0.066399 -0.2665839
            0.9615218 -0.0660775 -0.2487368 0.9663145 -0.0664305 -0.2216265 0.9728662 -0.0683281
            -0.1619494 0.9844306 -0.0676802 -0.1108413 0.991531 -0.0655425 -0.0909195 0.9936991
            -0.0581776 -0.0550436 0.9967876 -0.0506644 -0.0273351 0.9983416 -0.0492239 -0.0218203
            0.9985494 -0.0005231 0.0009925 0.9999993 0.0004855 -0.000951 0.9999994 0.0131269
            -0.0279145 0.9995241 0.0469002 -0.0996558 0.993916 0.0500486 -0.1064105 0.9930619
            0.0542968 -0.1155419 0.9918175 0.1008054 -0.215778 0.9712251 0.1295711 -0.2775996
            0.951919 0.1865426 -0.4000082 0.8973267 0.1882784 -0.4037279 0.895296 0.2212648
            -0.4742114 0.8521534 0.2555752 -0.5473816 0.7969031 0.2903986 -0.621904 0.7272579
            0.3174958 -0.6801687 0.6607321 0.3428499 -0.734859 0.5851804 0.3636496 -0.7798384
            0.5095204 0.3674774 -0.7881169 0.4937936 0.3896003 -0.8357555 0.3869423 0.4039101
            -0.8662135 0.2941612 0.4082948 -0.8755081 0.25842 0.4171985 -0.8942927 0.1618208
            0.419974 -0.8999853 0.1168266 0.4206706 -0.901464 0.1019749 0.4212153 -0.9027008
            0.0878008 0.4226684 -0.9056296 0.0344434 0.4226777 -0.9060774 0.0191638 0.3881987
            -0.9213744 0.0192601 0.3334284 -0.9425864 0.0188813 0.2245407 -0.9742882 0.0185487
            0.1166984 -0.9929617 0.0202126 0.0098315 -0.9997339 0.0208696 -0.096111 -0.9951571
            0.0206185 -0.2011577 -0.9793487 0.020293 -0.3052663 -0.9520526 0.0202069 -0.3746674
            -0.9269379 0.0202589 -0.4083979 -0.9125779 0.0203166 -0.5104387 -0.8596696 0.0205036
            -0.6112153 -0.7911987 0.0205039 -0.7104592 -0.7034579 0.0198696 -0.7493137 -0.6619153
            0.0199266 -0.7492771 -0.6619548 0.0199919 -0.7493842 -0.6618336 0.0199873 -0.7502124
            -0.6608946 0.0199889 -0.7511892 -0.6597843 0.019989 -0.751396 -0.6595486 0.0199922
            -0.7523814 -0.6584241 0.019994 -0.3646744 -0.9001971 0.2380287 0.0507011 -0.9649251
            0.2575831 -0.4005261 -0.9159215 0.0258203 0.2767373 -0.9422378 0.1886913 0.3754458
            -0.9129075 0.1601262 0.3421772 -0.9390059 0.034392 0.39692 -0.9172311 0.0337883
            0.1669195 -0.9587833 0.2299402 0.0384648 -0.9938165 0.1041599 0.1383726 -0.9877413
            0.0722508 0.2382651 -0.9701494 0.0451654 -0.1664817 -0.9485567 0.2693029 -0.3566086
            -0.9288774 0.1000858 -0.1754106 -0.982094 0.06872 -0.0847548 -0.9955047 0.0422738
            -0.2660209 -0.9598255 0.0892636 -0.3738819 -0.9258139 0.0555059 -0.2894693 -0.9564118
            0.0385211 -0.0612378 -0.9610655 0.2694497 -0.0612324 -0.9893277 0.132217 -0.1596928
            -0.9753261 0.1524379 -0.2669064 -0.9282885 0.2589237 -0.2566744 -0.9526917 0.1627779
            -0.3524869 -0.9218158 0.1612719 -0.6825703 -0.7268366 0.0761993 -0.7005478 -0.7131833
            0.0245418 -0.5575101 -0.8291648 0.0408432 -0.4794188 -0.8767698 0.0378465 -0.6081081
            -0.793574 0.0210929 -0.6329346 -0.773435 0.0345258 -0.741433 -0.6707269 0.0200657
            -0.6777081 -0.7349799 0.0227193 -0.5467482 -0.8207799 0.1654894 -0.5312606 -0.8428497
            0.0858293 -0.675797 -0.7359578 0.0407983 -0.4458416 -0.8896291 0.0989215 -0.4579653
            -0.8867437 0.0628768 -0.5400398 -0.8395489 0.0592834 -0.6095459 -0.7901613 0.0640231
            -0.617449 -0.7852442 0.046349 -0.6850327 -0.7278684 0.0306221 -0.4590502 -0.8640985
            0.2064136 -0.4456948 -0.8830128 0.1471206 -0.5333094 -0.8371542 0.1214659 -0.6228759
            -0.7731146 0.1196636 -0.6111059 -0.7865912 0.0884523 -0.6745722 -0.7361004 0.0557538
            -0.7456822 -0.6658782 0.0237542 0.1142497 -0.5215105 0.8455612 -0.0839928 -0.7074635
            0.7017412 0.1712559 -0.4176341 0.8923302 0.3531651 -0.7966363 0.4905558 0.2666712
            -0.8246623 0.4988173 0.3779767 -0.8786335 0.2917821 0.284297 -0.9034352 0.3209051
            0.2800794 -0.6318138 0.7227495 0.3152414 -0.8109376 0.4929534 0.1462871 -0.4658448
            0.8726905 0.2509466 -0.6593066 0.7087598 0.2086203 -0.690774 0.6923214 0.0212431
            -0.62752 0.7783105 0.1441493 -0.8550707 0.4980715 0.0163001 -0.8780637 0.4782661
            0.208068 -0.8400007 0.5011054 0.2236791 -0.9517106 0.2102726 0.1661128 -0.9212634
            0.351682 0.2276673 -0.9129457 0.3386707 0.0712987 -0.5769082 0.8136913 0.1547626
            -0.7235407 0.6727089 0.0948275 -0.7542355 0.6497204 -0.0262167 -0.8021844 0.5965005
            -0.0104771 -0.1407721 0.9899866 0.0430774 -0.1018356 0.9938681 0.0685342 -0.2445537
            0.9672107 0.0100941 -0.3654219 0.9307873 -0.0639292 -0.4975613 0.8650698 -0.0315554
            -0.671232 0.7405754 -0.2711305 -0.789362 0.5508139 -0.4391334 -0.7994919 0.409847
            -0.2034976 -0.8888096 0.4106169 -0.0997475 -0.8889092 0.4470917 -0.0748832 -0.9318861
            0.3549376 -0.180933 -0.9235426 0.3381305 0.0413017 -0.9314193 0.3615969 -0.1822786
            -0.7594028 0.6245654 -0.1360786 -0.8308738 0.5395658 -0.2339309 -0.8438032 0.4829828
            -0.3942795 -0.8597687 0.3245634 -0.3002753 -0.8790797 0.3702075 -0.2806445 -0.9071639
            0.3135161 -0.3773496 -0.8825188 0.280656 -0.3553145 -0.8020176 0.4801244 -0.3254276
            -0.8438492 0.4266325 -0.4150747 -0.8319514 0.3681981 -0.7665361 -0.6225781 0.1575399
            -0.6721561 -0.6600974 0.3353767 -0.7203248 -0.6820934 0.1260186 -0.6015372 -0.7539496
            0.2640322 -0.5225471 -0.7828192 0.3378441 -0.5704318 -0.7927462 0.214851 -0.4855366
            -0.8306525 0.2725265 -0.6695268 -0.7177185 0.1913479 -0.6987872 -0.7081935 0.1007885
            -0.6432967 -0.7496845 0.1553783 -0.5659251 -0.7246062 0.393287 -0.6364759 -0.7078997
            0.3062294 -0.726864 -0.6428742 0.2416227 -0.6982405 -0.6805956 0.221923 -0.743786
            -0.6521 0.146792 -0.791673 -0.6092533 0.0454333 -0.7876635 -0.6093729 0.0908343
            -0.7233614 -0.6891524 0.0426292 -0.7641153 -0.6438529 0.0397637 -0.7515719 -0.6554543
            0.0742924 -0.8052692 -0.5769293 0.1367262 -0.7538445 -0.6091188 0.2463592 -0.7872059
            -0.5970909 0.1542379 -0.8138623 -0.5779322 0.0601883 -0.8022655 -0.5913758 0.0815159
            -0.8011402 -0.5976325 0.0317767 -0.8223588 -0.5681562 0.0304057</float_array>
          <technique_common>
            <accessor count="217" source="#ID835" stride="3">
              <param name="X" type="float" />
              <param name="Y" type="float" />
              <param name="Z" type="float" />
            </accessor>
          </technique_common>
        </source>
        <source id="ID836">
          <float_array id="ID837" count="434">0 0.6772754 0.0505178 0.7490566 0.1078341 0.8348454
            0.1163347 0.8479144 0.1344457 0.8760378 0.1744943 0.9395284 0.1795023 0.9475914
            0.2116473 1 0.2313934 0.9580495 0.2426699 0.9365869 0.2574851 0.9106842 0.2790342
            0.8768843 0.279609 0.8760378 0.3054845 0.84047 0.3058374 0.8400167 0.3284276 0.8125472
            0.3435302 0.7957392 0.3534741 0.7852914 0.369005 0.7698878 0.3919014 0.7490566 0.4014504
            0.7409903 0.4321725 0.7173615 0.4360164 0.7146451 0.482946 0.6855661 0.4953401 0.6790958
            0.4973699 0.6780829 0.5446733 0.6581134 0.5585077 0.6535611 0.5932444 0.64463 0.6216753
            0.6399294 0.641172 0.6380357 0.6848429 0.6375975 0.6890972 0.6378262 0.737028 0.6434425
            0.7480104 0.6454466 0.7795942 0.6524519 0.7849792 0.6537987 0.8111779 0.6608481
            0.8329104 0.6671877 0.8566652 0.6744139 0.8743455 0.6799101 0.8750877 0.6801423
            0.8808659 0.6820986 0.8895589 0.6855661 0.9093994 0.6956896 0.9287816 0.7084022
            0.9375132 0.7150541 0.9558192 0.7310743 0.9729618 0.7490566 0.9766907 0.7534115 1
            0.7513715 0.9988961 0.7490566 0.9867969 0.7228138 0.9712009 0.6855661 0.9702705
            0.6831251 0.9690969 0.6799941 0.9603127 0.6538208 0.9569992 0.6418024 0.9527208
            0.6220756 0.952624 0.6215287 0.9510655 0.6114758 0.9499304 0.6012237 0.949232 0.5903303
            0.9490363 0.5809562 0.9492412 0.57082 0.949872 0.5607305 0.9500591 0.558585 0.9519446
            0.5429361 0.9547535 0.5268397 0.9562706 0.5196211 0.9624406 0.4950944 0.9671175
            0.4792612 0.9690969 0.4729775 0.9712611 0.4663251 0.9834751 0.4316038 0.988705 0.417717
            0.9690969 0.4183545 0.9375132 0.4175933 0.8743455 0.4100426 0.8111779 0.3952875
            0.7480104 0.3739109 0.6848429 0.3462276 0.6216753 0.3122863 0.5585077 0.2719832 0.516071
            0.2411322 0.4953401 0.2248992 0.4321725 0.1703622 0.369005 0.1071759 0.3058374 0.0332843
            0.2805938 0 0.2426699 0.0915354 0.2333 0.1141511 0.180691 0.2411322 0.1280827 0.3681133
            0.1163347 0.3964698 0.075475 0.4950944 0.4953401 0.4950944 0.7480104 0.4950944 0.4953401
            0.2411322 0.8743455 0.4950944 0.9375132 0.4950944 0.9375132 0.4316038 0.9690969
            0.4316038 0.8111779 0.4950944 0.7480104 0.4316038 0.8111779 0.4316038 0.8743455
            0.4316038 0.6216753 0.4950944 0.4953401 0.3681133 0.6216753 0.3681133 0.6848429
            0.3681133 0.5585077 0.3681133 0.4953401 0.3046228 0.5585077 0.3046228 0.6848429
            0.4950944 0.6848429 0.4316038 0.6216753 0.4316038 0.5585077 0.4950944 0.5585077
            0.4316038 0.4953401 0.4316038 0.2426699 0.4950944 0.2426699 0.2411322 0.369005 0.2411322
            0.4321725 0.2411322 0.369005 0.1141511 0.3058374 0.2411322 0.2426699 0.1141511 0.3058374
            0.1141511 0.369005 0.4950944 0.369005 0.3681133 0.2426699 0.3681133 0.4321725 0.3681133
            0.4321725 0.3046228 0.369005 0.3046228 0.3058374 0.3681133 0.3058374 0.3046228 0.2426699
            0.3046228 0.4321725 0.4950944 0.4321725 0.4316038 0.369005 0.4316038 0.3058374 0.4950944
            0.3058374 0.4316038 0.2426699 0.4316038 0.1163347 0.4950944 0.8743455 0.6220756
            0.7480104 0.6220756 0.9375132 0.6220756 0.9375132 0.558585 0.8743455 0.558585 0.9375132
            0.5268397 0.8743455 0.5268397 0.9375132 0.5903303 0.9059293 0.558585 0.9059293 0.6220756
            0.9059293 0.5903303 0.8743455 0.5903303 0.8111779 0.6220756 0.8111779 0.558585 0.7480104
            0.558585 0.8427618 0.558585 0.8427618 0.4950944 0.8111779 0.5268397 0.8427618 0.5268397
            0.8427618 0.6220756 0.8427618 0.5903303 0.8111779 0.5903303 0.7480104 0.5903303
            0.9375132 0.6855661 0.9690969 0.6855661 0.9375132 0.6538208 0.8743455 0.6538208
            0.8111779 0.6538208 0.7795942 0.6220756 0.6216753 0.6220756 0.4953401 0.6220756
            0.6216753 0.558585 0.6848429 0.558585 0.6848429 0.5268397 0.6216753 0.5268397 0.7480104
            0.5268397 0.6848429 0.6220756 0.6848429 0.5903303 0.6216753 0.5903303 0.4953401 0.558585
            0.5585077 0.558585 0.5585077 0.5268397 0.4953401 0.5268397 0.5585077 0.6220756 0.5585077
            0.5903303 0.4953401 0.5903303 0.2426699 0.7490566 0.369005 0.7490566 0.2426699 0.6220756
            0.369005 0.6220756 0.4321725 0.6220756 0.369005 0.558585 0.4321725 0.558585 0.3058374
            0.6220756 0.2426699 0.558585 0.3058374 0.558585 0.4321725 0.6855661 0.369005 0.6855661
            0.3058374 0.7490566 0.3058374 0.6855661 0.2426699 0.6855661 0.1163347 0.7490566
            0.1795023 0.7490566 0.1795023 0.4950944 0.1163347 0.6220756 0.1795023 0.6220756
            0.2426699 0.8760378 0.3058374 0.8125472 0.2426699 0.8125472 0.1795023 0.8760378
            0.1795023 0.8125472 0.1163347 0.8125472 0.1795023 0.9395284</float_array>
          <technique_common>
            <accessor count="217" source="#ID837" stride="2">
              <param name="S" type="float" />
              <param name="T" type="float" />
            </accessor>
          </technique_common>
        </source>
        <vertices id="ID838">
          <input semantic="POSITION" source="#ID832" />
        </vertices>
        <triangles count="336" material="ID839">
          <input semantic="VERTEX" source="#ID838" offset="0" />
          <input semantic="NORMAL" source="#ID834" offset="1" />
          <input semantic="TEXCOORD" source="#ID836" offset="2" set="0" />
          <p>95 95 95 0 0 0 208 208 208 143 143 143 208 208 208 209 209 209 207 207 207 209 209 209
            198 198 198 120 120 120 198 198 198 199 199 199 140 140 140 199 199 199 195 195 195 128
            128 128 195 195 195 196 196 196 137 137 137 196 196 196 186 186 186 96 96 96 186 186 186
            185 185 185 117 117 117 185 185 185 178 178 178 107 107 107 178 178 178 114 114 114 115
            115 115 114 114 114 104 104 104 80 80 80 104 104 104 79 79 79 80 80 80 115 115 115 104
            104 104 80 80 80 110 110 110 115 115 115 80 80 80 81 81 81 110 110 110 110 110 110 81 81
            81 109 109 109 116 116 116 109 109 109 111 111 111 118 118 118 111 111 111 108 108 108
            119 119 119 108 108 108 131 131 131 138 138 138 131 131 131 129 129 129 139 139 139 129
            129 129 134 134 134 141 141 141 134 134 134 130 130 130 142 142 142 130 130 130 93 93 93
            207 207 207 93 93 93 94 94 94 143 143 143 94 94 94 95 95 95 208 208 208 143 143 143 95
            95 95 2 2 2 215 215 215 1 1 1 2 2 2 3 3 3 215 215 215 215 215 215 3 3 3 4 4 4 214 214
            214 4 4 4 213 213 213 210 210 210 213 213 213 8 8 8 9 9 9 210 210 210 8 8 8 9 9 9 10 10
            10 210 210 210 210 210 210 10 10 10 11 11 11 12 12 12 210 210 210 11 11 11 12 12 12 212
            212 212 210 210 210 12 12 12 13 13 13 212 212 212 212 212 212 13 13 13 211 211 211 190
            190 190 211 211 211 202 202 202 204 204 204 202 202 202 203 203 203 192 192 192 203 203
            203 197 197 197 198 198 198 197 197 197 199 199 199 198 198 198 192 192 192 197 197 197
            198 198 198 209 209 209 192 192 192 192 192 192 209 209 209 204 204 204 203 203 203 192
            192 192 204 204 204 4 4 4 5 5 5 213 213 213 213 213 213 5 5 5 216 216 216 8 8 8 216 216
            216 6 6 6 7 7 7 8 8 8 6 6 6 5 5 5 6 6 6 216 216 216 13 13 13 14 14 14 211 211 211 211
            211 211 14 14 14 15 15 15 202 202 202 15 15 15 16 16 16 17 17 17 202 202 202 16 16 16 17
            17 17 191 191 191 202 202 202 17 17 17 18 18 18 191 191 191 191 191 191 18 18 18 19 19
            19 201 201 201 19 19 19 20 20 20 200 200 200 20 20 20 21 21 21 22 22 22 200 200 200 21
            21 21 22 22 22 23 23 23 200 200 200 200 200 200 23 23 23 194 194 194 193 193 193 194 194
            194 195 195 195 199 199 199 193 193 193 195 195 195 199 199 199 197 197 197 193 193 193
            193 193 193 197 197 197 201 201 201 200 200 200 201 201 201 20 20 20 200 200 200 193 193
            193 201 201 201 200 200 200 194 194 194 193 193 193 194 194 194 23 23 23 174 174 174 189
            189 189 174 174 174 187 187 187 188 188 188 187 187 187 173 173 173 182 182 182 173 173
            173 181 181 181 176 176 176 181 181 181 158 158 158 179 179 179 158 158 158 161 161 161
            103 103 103 161 161 161 160 160 160 105 105 105 160 160 160 106 106 106 78 78 78 106 106
            106 77 77 77 78 78 78 105 105 105 106 106 106 78 78 78 79 79 79 105 105 105 105 105 105
            79 79 79 104 104 104 97 97 97 104 104 104 114 114 114 177 177 177 114 114 114 178 178
            178 175 175 175 178 178 178 185 185 185 184 184 184 185 185 185 186 186 186 183 183 183
            186 186 186 196 196 196 189 189 189 196 196 196 194 194 194 174 174 174 189 189 189 194
            194 194 23 23 23 24 24 24 174 174 174 174 174 174 24 24 24 25 25 25 26 26 26 174 174 174
            25 25 25 26 26 26 187 187 187 174 174 174 26 26 26 27 27 27 187 187 187 187 187 187 27
            27 27 28 28 28 173 173 173 28 28 28 29 29 29 30 30 30 173 173 173 29 29 29 30 30 30 180
            180 180 173 173 173 30 30 30 31 31 31 180 180 180 180 180 180 31 31 31 32 32 32 33 33 33
            180 180 180 32 32 32 33 33 33 145 145 145 180 180 180 33 33 33 34 34 34 145 145 145 145
            145 145 34 34 34 172 172 172 166 166 166 172 172 172 165 165 165 157 157 157 165 165 165
            159 159 159 162 162 162 159 159 159 150 150 150 99 99 99 150 150 150 100 100 100 101 101
            101 100 100 100 102 102 102 76 76 76 102 102 102 75 75 75 76 76 76 101 101 101 102 102
            102 76 76 76 77 77 77 101 101 101 101 101 101 77 77 77 106 106 106 99 99 99 106 106 106
            160 160 160 162 162 162 160 160 160 161 161 161 157 157 157 161 161 161 158 158 158 166
            166 166 158 158 158 181 181 181 180 180 180 181 181 181 173 173 173 180 180 180 166 166
            166 181 181 181 180 180 180 145 145 145 166 166 166 166 166 166 145 145 145 172 172 172
            34 34 34 35 35 35 172 172 172 172 172 172 35 35 35 36 36 36 156 156 156 36 36 36 171 171
            171 163 163 163 171 171 171 170 170 170 144 144 144 170 170 170 153 153 153 155 155 155
            153 153 153 154 154 154 152 152 152 154 154 154 147 147 147 149 149 149 147 147 147 67
            67 67 68 68 68 149 149 149 67 67 67 68 68 68 69 69 69 149 149 149 149 149 149 69 69 69
            70 70 70 100 100 100 70 70 70 71 71 71 72 72 72 100 100 100 71 71 71 72 72 72 102 102
            102 100 100 100 72 72 72 73 73 73 102 102 102 102 102 102 73 73 73 74 74 74 75 75 75 102
            102 102 74 74 74 36 36 36 37 37 37 171 171 171 171 171 171 37 37 37 38 38 38 170 170 170
            38 38 38 39 39 39 40 40 40 170 170 170 39 39 39 40 40 40 41 41 41 170 170 170 170 170
            170 41 41 41 42 42 42 43 43 43 170 170 170 42 42 42 43 43 43 169 169 169 170 170 170 43
            43 43 167 167 167 169 169 169 43 43 43 44 44 44 167 167 167 167 167 167 44 44 44 45 45
            45 46 46 46 167 167 167 45 45 45 46 46 46 47 47 47 167 167 167 167 167 167 47 47 47 168
            168 168 169 169 169 168 168 168 55 55 55 56 56 56 169 169 169 55 55 55 56 56 56 57 57 57
            169 169 169 169 169 169 57 57 57 146 146 146 153 153 153 146 146 146 154 154 154 153 153
            153 169 169 169 146 146 146 153 153 153 170 170 170 169 169 169 168 168 168 47 47 47 52
            52 52 53 53 53 168 168 168 52 52 52 53 53 53 54 54 54 168 168 168 168 168 168 54 54 54
            55 55 55 49 49 49 51 51 51 48 48 48 49 49 49 50 50 50 51 51 51 51 51 51 52 52 52 48 48
            48 48 48 48 52 52 52 47 47 47 57 57 57 58 58 58 146 146 146 146 146 146 58 58 58 59 59
            59 60 60 60 146 146 146 59 59 59 60 60 60 151 151 151 146 146 146 60 60 60 61 61 61 151
            151 151 151 151 151 61 61 61 62 62 62 63 63 63 151 151 151 62 62 62 63 63 63 64 64 64
            151 151 151 151 151 151 64 64 64 147 147 147 154 154 154 151 151 151 147 147 147 154 154
            154 146 146 146 151 151 151 64 64 64 65 65 65 147 147 147 147 147 147 65 65 65 66 66 66
            67 67 67 147 147 147 66 66 66 81 81 81 82 82 82 109 109 109 109 109 109 82 82 82 113 113
            113 111 111 111 113 113 113 112 112 112 108 108 108 112 112 112 132 132 132 131 131 131
            132 132 132 133 133 133 129 129 129 133 133 133 135 135 135 134 134 134 135 135 135 136
            136 136 130 130 130 136 136 136 92 92 92 93 93 93 130 130 130 92 92 92 82 82 82 83 83 83
            113 113 113 113 113 113 83 83 83 84 84 84 112 112 112 84 84 84 98 98 98 123 123 123 98
            98 98 85 85 85 86 86 86 123 123 123 85 85 85 86 86 86 122 122 122 123 123 123 86 86 86
            124 124 124 122 122 122 86 86 86 87 87 87 124 124 124 124 124 124 87 87 87 127 127 127
            122 122 122 127 127 127 125 125 125 133 133 133 125 125 125 135 135 135 133 133 133 122
            122 122 125 125 125 133 133 133 132 132 132 122 122 122 122 122 122 132 132 132 123 123
            123 123 123 123 132 132 132 112 112 112 98 98 98 123 123 123 112 112 112 84 84 84 85 85
            85 98 98 98 87 87 87 88 88 88 127 127 127 127 127 127 88 88 88 90 90 90 126 126 126 90
            90 90 91 91 91 121 121 121 91 91 91 92 92 92 136 136 136 121 121 121 92 92 92 136 136
            136 135 135 135 121 121 121 121 121 121 135 135 135 125 125 125 126 126 126 125 125 125
            127 127 127 90 90 90 126 126 126 127 127 127 88 88 88 89 89 89 90 90 90 131 131 131 138
            138 138 119 119 119 119 119 119 138 138 138 96 96 96 117 117 117 96 96 96 185 185 185
            117 117 117 119 119 119 96 96 96 117 117 117 118 118 118 119 119 119 117 117 117 107 107
            107 118 118 118 117 117 117 178 178 178 107 107 107 186 186 186 96 96 96 137 137 137 137
            137 137 96 96 96 138 138 138 139 139 139 138 138 138 129 129 129 139 139 139 137 137 137
            138 138 138 139 139 139 128 128 128 137 137 137 139 139 139 141 141 141 128 128 128 139
            139 139 134 134 134 141 141 141 70 70 70 100 100 100 149 149 149 149 149 149 100 100 100
            150 150 150 152 152 152 150 150 150 148 148 148 155 155 155 148 148 148 164 164 164 144
            144 144 164 164 164 163 163 163 170 170 170 144 144 144 163 163 163 160 160 160 105 105
            105 103 103 103 103 103 103 105 105 105 97 97 97 179 179 179 97 97 97 177 177 177 176
            176 176 177 177 177 175 175 175 182 182 182 175 175 175 184 184 184 188 188 188 184 184
            184 183 183 183 189 189 189 183 183 183 196 196 196 189 189 189 188 188 188 183 183 183
            189 189 189 187 187 187 188 188 188 97 97 97 114 114 114 177 177 177 106 106 106 99 99
            99 101 101 101 101 101 101 99 99 99 100 100 100 150 150 150 99 99 99 162 162 162 162 162
            162 99 99 99 160 160 160 161 161 161 103 103 103 179 179 179 179 179 179 103 103 103 97
            97 97 104 104 104 97 97 97 105 105 105 114 114 114 115 115 115 107 107 107 107 107 107
            115 115 115 116 116 116 118 118 118 116 116 116 111 111 111 118 118 118 107 107 107 116
            116 116 108 108 108 119 119 119 118 118 118 115 115 115 110 110 110 116 116 116 116 116
            116 110 110 110 109 109 109 108 108 108 111 111 111 112 112 112 111 111 111 109 109 109
            113 113 113 112 112 112 113 113 113 84 84 84 120 120 120 140 140 140 142 142 142 207 207
            207 142 142 142 93 93 93 207 207 207 120 120 120 142 142 142 207 207 207 198 198 198 120
            120 120 125 125 125 126 126 126 121 121 121 121 121 121 126 126 126 91 91 91 122 122 122
            124 124 124 127 127 127 195 195 195 128 128 128 140 140 140 140 140 140 128 128 128 141
            141 141 142 142 142 141 141 141 130 130 130 142 142 142 140 140 140 141 141 141 130 130
            130 134 134 134 136 136 136 129 129 129 131 131 131 133 133 133 131 131 131 108 108 108
            132 132 132 134 134 134 129 129 129 135 135 135 137 137 137 128 128 128 196 196 196 140
            140 140 120 120 120 199 199 199 209 209 209 207 207 207 143 143 143 143 143 143 207 207
            207 94 94 94 153 153 153 155 155 155 144 144 144 144 144 144 155 155 155 164 164 164 150
            150 150 152 152 152 149 149 149 149 149 149 152 152 152 147 147 147 154 154 154 152 152
            152 155 155 155 155 155 155 152 152 152 148 148 148 164 164 164 148 148 148 159 159 159
            165 165 165 164 164 164 159 159 159 165 165 165 163 163 163 164 164 164 165 165 165 156
            156 156 163 163 163 165 165 165 172 172 172 156 156 156 156 156 156 172 172 172 36 36 36
            165 165 165 157 157 157 166 166 166 166 166 166 157 157 157 158 158 158 177 177 177 176
            176 176 179 179 179 179 179 179 176 176 176 158 158 158 161 161 161 157 157 157 162 162
            162 162 162 162 157 157 157 159 159 159 159 159 159 148 148 148 150 150 150 163 163 163
            156 156 156 171 171 171 167 167 167 168 168 168 169 169 169 170 170 170 171 171 171 38
            38 38 184 184 184 188 188 188 182 182 182 182 182 182 188 188 188 173 173 173 173 173
            173 187 187 187 28 28 28 181 181 181 176 176 176 182 182 182 182 182 182 176 176 176 175
            175 175 178 178 178 175 175 175 177 177 177 183 183 183 184 184 184 186 186 186 184 184
            184 175 175 175 185 185 185 190 190 190 204 204 204 206 206 206 212 212 212 206 206 206
            214 214 214 210 210 210 214 214 214 213 213 213 210 210 210 212 212 212 214 214 214 206
            206 206 212 212 212 190 190 190 190 190 190 212 212 212 211 211 211 1 1 1 205 205 205
            208 208 208 0 0 0 1 1 1 208 208 208 190 190 190 202 202 202 204 204 204 19 19 19 201 201
            201 191 191 191 191 191 191 201 201 201 203 203 203 202 202 202 191 191 191 203 203 203
            194 194 194 196 196 196 195 195 195 197 197 197 203 203 203 201 201 201 209 209 209 208
            208 208 206 206 206 204 204 204 209 209 209 206 206 206 1 1 1 215 215 215 205 205 205
            205 205 205 215 215 215 214 214 214 206 206 206 205 205 205 214 214 214 206 206 206 208
            208 208 205 205 205 202 202 202 211 211 211 15 15 15 214 214 214 215 215 215 4 4 4 213
            213 213 216 216 216 8 8 8</p>
        </triangles>
      </mesh>
    </geometry>
  </library_geometries>
  <library_visual_scenes>
    <visual_scene id="ID840">
      <node id="ID841" name="forearm">
        <instance_geometry url="#ID3">
          <bind_material>
            <technique_common>
              <instance_material symbol="ID11" target="#ID2" />
            </technique_common>
          </bind_material>
        </instance_geometry>
        <instance_geometry url="#ID12">
          <bind_material>
            <technique_common>
              <instance_material symbol="ID20" target="#ID2" />
            </technique_common>
          </bind_material>
        </instance_geometry>
        <instance_geometry url="#ID21">
          <bind_material>
            <technique_common>
              <instance_material symbol="ID29" target="#ID2" />
            </technique_common>
          </bind_material>
        </instance_geometry>
        <instance_geometry url="#ID30">
          <bind_material>
            <technique_common>
              <instance_material symbol="ID38" target="#ID2" />
            </technique_common>
          </bind_material>
        </instance_geometry>
        <instance_geometry url="#ID39">
          <bind_material>
            <technique_common>
              <instance_material symbol="ID47" target="#ID2" />
            </technique_common>
          </bind_material>
        </instance_geometry>
        <instance_geometry url="#ID48">
          <bind_material>
            <technique_common>
              <instance_material symbol="ID56" target="#ID2" />
            </technique_common>
          </bind_material>
        </instance_geometry>
        <instance_geometry url="#ID57">
          <bind_material>
            <technique_common>
              <instance_material symbol="ID65" target="#ID2" />
            </technique_common>
          </bind_material>
        </instance_geometry>
        <instance_geometry url="#ID66">
          <bind_material>
            <technique_common>
              <instance_material symbol="ID74" target="#ID2" />
            </technique_common>
          </bind_material>
        </instance_geometry>
        <instance_geometry url="#ID75">
          <bind_material>
            <technique_common>
              <instance_material symbol="ID83" target="#ID2" />
            </technique_common>
          </bind_material>
        </instance_geometry>
        <instance_geometry url="#ID84">
          <bind_material>
            <technique_common>
              <instance_material symbol="ID92" target="#ID2" />
            </technique_common>
          </bind_material>
        </instance_geometry>
        <instance_geometry url="#ID93">
          <bind_material>
            <technique_common>
              <instance_material symbol="ID101" target="#ID2" />
            </technique_common>
          </bind_material>
        </instance_geometry>
        <instance_geometry url="#ID102">
          <bind_material>
            <technique_common>
              <instance_material symbol="ID110" target="#ID2" />
            </technique_common>
          </bind_material>
        </instance_geometry>
        <instance_geometry url="#ID111">
          <bind_material>
            <technique_common>
              <instance_material symbol="ID119" target="#ID2" />
            </technique_common>
          </bind_material>
        </instance_geometry>
        <instance_geometry url="#ID120">
          <bind_material>
            <technique_common>
              <instance_material symbol="ID128" target="#ID2" />
            </technique_common>
          </bind_material>
        </instance_geometry>
        <instance_geometry url="#ID129">
          <bind_material>
            <technique_common>
              <instance_material symbol="ID137" target="#ID2" />
            </technique_common>
          </bind_material>
        </instance_geometry>
        <instance_geometry url="#ID138">
          <bind_material>
            <technique_common>
              <instance_material symbol="ID146" target="#ID2" />
            </technique_common>
          </bind_material>
        </instance_geometry>
        <instance_geometry url="#ID147">
          <bind_material>
            <technique_common>
              <instance_material symbol="ID155" target="#ID2" />
            </technique_common>
          </bind_material>
        </instance_geometry>
        <instance_geometry url="#ID156">
          <bind_material>
            <technique_common>
              <instance_material symbol="ID164" target="#ID2" />
            </technique_common>
          </bind_material>
        </instance_geometry>
        <instance_geometry url="#ID165">
          <bind_material>
            <technique_common>
              <instance_material symbol="ID173" target="#ID2" />
            </technique_common>
          </bind_material>
        </instance_geometry>
        <instance_geometry url="#ID174">
          <bind_material>
            <technique_common>
              <instance_material symbol="ID182" target="#ID2" />
            </technique_common>
          </bind_material>
        </instance_geometry>
        <instance_geometry url="#ID183">
          <bind_material>
            <technique_common>
              <instance_material symbol="ID191" target="#ID2" />
            </technique_common>
          </bind_material>
        </instance_geometry>
        <instance_geometry url="#ID192">
          <bind_material>
            <technique_common>
              <instance_material symbol="ID200" target="#ID2" />
            </technique_common>
          </bind_material>
        </instance_geometry>
        <instance_geometry url="#ID201">
          <bind_material>
            <technique_common>
              <instance_material symbol="ID209" target="#ID2" />
            </technique_common>
          </bind_material>
        </instance_geometry>
        <instance_geometry url="#ID210">
          <bind_material>
            <technique_common>
              <instance_material symbol="ID218" target="#ID2" />
            </technique_common>
          </bind_material>
        </instance_geometry>
        <instance_geometry url="#ID219">
          <bind_material>
            <technique_common>
              <instance_material symbol="ID227" target="#ID2" />
            </technique_common>
          </bind_material>
        </instance_geometry>
        <instance_geometry url="#ID228">
          <bind_material>
            <technique_common>
              <instance_material symbol="ID236" target="#ID2" />
            </technique_common>
          </bind_material>
        </instance_geometry>
        <instance_geometry url="#ID237">
          <bind_material>
            <technique_common>
              <instance_material symbol="ID245" target="#ID2" />
            </technique_common>
          </bind_material>
        </instance_geometry>
        <instance_geometry url="#ID246">
          <bind_material>
            <technique_common>
              <instance_material symbol="ID254" target="#ID2" />
            </technique_common>
          </bind_material>
        </instance_geometry>
        <instance_geometry url="#ID255">
          <bind_material>
            <technique_common>
              <instance_material symbol="ID263" target="#ID2" />
            </technique_common>
          </bind_material>
        </instance_geometry>
        <instance_geometry url="#ID264">
          <bind_material>
            <technique_common>
              <instance_material symbol="ID272" target="#ID2" />
            </technique_common>
          </bind_material>
        </instance_geometry>
        <instance_geometry url="#ID273">
          <bind_material>
            <technique_common>
              <instance_material symbol="ID281" target="#ID2" />
            </technique_common>
          </bind_material>
        </instance_geometry>
        <instance_geometry url="#ID282">
          <bind_material>
            <technique_common>
              <instance_material symbol="ID290" target="#ID2" />
            </technique_common>
          </bind_material>
        </instance_geometry>
        <instance_geometry url="#ID291">
          <bind_material>
            <technique_common>
              <instance_material symbol="ID299" target="#ID2" />
            </technique_common>
          </bind_material>
        </instance_geometry>
        <instance_geometry url="#ID300">
          <bind_material>
            <technique_common>
              <instance_material symbol="ID308" target="#ID2" />
            </technique_common>
          </bind_material>
        </instance_geometry>
        <instance_geometry url="#ID309">
          <bind_material>
            <technique_common>
              <instance_material symbol="ID317" target="#ID2" />
            </technique_common>
          </bind_material>
        </instance_geometry>
        <instance_geometry url="#ID318">
          <bind_material>
            <technique_common>
              <instance_material symbol="ID326" target="#ID2" />
            </technique_common>
          </bind_material>
        </instance_geometry>
        <instance_geometry url="#ID327">
          <bind_material>
            <technique_common>
              <instance_material symbol="ID335" target="#ID2" />
            </technique_common>
          </bind_material>
        </instance_geometry>
        <instance_geometry url="#ID336">
          <bind_material>
            <technique_common>
              <instance_material symbol="ID344" target="#ID2" />
            </technique_common>
          </bind_material>
        </instance_geometry>
        <instance_geometry url="#ID345">
          <bind_material>
            <technique_common>
              <instance_material symbol="ID353" target="#ID2" />
            </technique_common>
          </bind_material>
        </instance_geometry>
        <instance_geometry url="#ID354">
          <bind_material>
            <technique_common>
              <instance_material symbol="ID362" target="#ID2" />
            </technique_common>
          </bind_material>
        </instance_geometry>
        <instance_geometry url="#ID363">
          <bind_material>
            <technique_common>
              <instance_material symbol="ID371" target="#ID2" />
            </technique_common>
          </bind_material>
        </instance_geometry>
        <instance_geometry url="#ID372">
          <bind_material>
            <technique_common>
              <instance_material symbol="ID380" target="#ID2" />
            </technique_common>
          </bind_material>
        </instance_geometry>
        <instance_geometry url="#ID381">
          <bind_material>
            <technique_common>
              <instance_material symbol="ID389" target="#ID2" />
            </technique_common>
          </bind_material>
        </instance_geometry>
        <instance_geometry url="#ID390">
          <bind_material>
            <technique_common>
              <instance_material symbol="ID398" target="#ID2" />
            </technique_common>
          </bind_material>
        </instance_geometry>
        <instance_geometry url="#ID399">
          <bind_material>
            <technique_common>
              <instance_material symbol="ID407" target="#ID2" />
            </technique_common>
          </bind_material>
        </instance_geometry>
        <instance_geometry url="#ID408">
          <bind_material>
            <technique_common>
              <instance_material symbol="ID416" target="#ID2" />
            </technique_common>
          </bind_material>
        </instance_geometry>
        <instance_geometry url="#ID417">
          <bind_material>
            <technique_common>
              <instance_material symbol="ID425" target="#ID2" />
            </technique_common>
          </bind_material>
        </instance_geometry>
        <instance_geometry url="#ID426">
          <bind_material>
            <technique_common>
              <instance_material symbol="ID434" target="#ID2" />
            </technique_common>
          </bind_material>
        </instance_geometry>
        <instance_geometry url="#ID435">
          <bind_material>
            <technique_common>
              <instance_material symbol="ID443" target="#ID2" />
            </technique_common>
          </bind_material>
        </instance_geometry>
        <instance_geometry url="#ID444">
          <bind_material>
            <technique_common>
              <instance_material symbol="ID452" target="#ID2" />
            </technique_common>
          </bind_material>
        </instance_geometry>
        <instance_geometry url="#ID453">
          <bind_material>
            <technique_common>
              <instance_material symbol="ID461" target="#ID2" />
            </technique_common>
          </bind_material>
        </instance_geometry>
        <instance_geometry url="#ID462">
          <bind_material>
            <technique_common>
              <instance_material symbol="ID470" target="#ID2" />
            </technique_common>
          </bind_material>
        </instance_geometry>
        <instance_geometry url="#ID471">
          <bind_material>
            <technique_common>
              <instance_material symbol="ID479" target="#ID2" />
            </technique_common>
          </bind_material>
        </instance_geometry>
        <instance_geometry url="#ID480">
          <bind_material>
            <technique_common>
              <instance_material symbol="ID488" target="#ID2" />
            </technique_common>
          </bind_material>
        </instance_geometry>
        <instance_geometry url="#ID489">
          <bind_material>
            <technique_common>
              <instance_material symbol="ID497" target="#ID2" />
            </technique_common>
          </bind_material>
        </instance_geometry>
        <instance_geometry url="#ID498">
          <bind_material>
            <technique_common>
              <instance_material symbol="ID506" target="#ID2" />
            </technique_common>
          </bind_material>
        </instance_geometry>
        <instance_geometry url="#ID507">
          <bind_material>
            <technique_common>
              <instance_material symbol="ID515" target="#ID2" />
            </technique_common>
          </bind_material>
        </instance_geometry>
        <instance_geometry url="#ID516">
          <bind_material>
            <technique_common>
              <instance_material symbol="ID524" target="#ID2" />
            </technique_common>
          </bind_material>
        </instance_geometry>
        <instance_geometry url="#ID525">
          <bind_material>
            <technique_common>
              <instance_material symbol="ID533" target="#ID2" />
            </technique_common>
          </bind_material>
        </instance_geometry>
        <instance_geometry url="#ID534">
          <bind_material>
            <technique_common>
              <instance_material symbol="ID542" target="#ID2" />
            </technique_common>
          </bind_material>
        </instance_geometry>
        <instance_geometry url="#ID543">
          <bind_material>
            <technique_common>
              <instance_material symbol="ID551" target="#ID2" />
            </technique_common>
          </bind_material>
        </instance_geometry>
        <instance_geometry url="#ID552">
          <bind_material>
            <technique_common>
              <instance_material symbol="ID560" target="#ID2" />
            </technique_common>
          </bind_material>
        </instance_geometry>
        <instance_geometry url="#ID561">
          <bind_material>
            <technique_common>
              <instance_material symbol="ID569" target="#ID2" />
            </technique_common>
          </bind_material>
        </instance_geometry>
        <instance_geometry url="#ID570">
          <bind_material>
            <technique_common>
              <instance_material symbol="ID578" target="#ID2" />
            </technique_common>
          </bind_material>
        </instance_geometry>
        <instance_geometry url="#ID579">
          <bind_material>
            <technique_common>
              <instance_material symbol="ID587" target="#ID2" />
            </technique_common>
          </bind_material>
        </instance_geometry>
        <instance_geometry url="#ID588">
          <bind_material>
            <technique_common>
              <instance_material symbol="ID596" target="#ID2" />
            </technique_common>
          </bind_material>
        </instance_geometry>
        <instance_geometry url="#ID597">
          <bind_material>
            <technique_common>
              <instance_material symbol="ID605" target="#ID2" />
            </technique_common>
          </bind_material>
        </instance_geometry>
        <instance_geometry url="#ID606">
          <bind_material>
            <technique_common>
              <instance_material symbol="ID614" target="#ID2" />
            </technique_common>
          </bind_material>
        </instance_geometry>
        <instance_geometry url="#ID615">
          <bind_material>
            <technique_common>
              <instance_material symbol="ID623" target="#ID2" />
            </technique_common>
          </bind_material>
        </instance_geometry>
        <instance_geometry url="#ID624">
          <bind_material>
            <technique_common>
              <instance_material symbol="ID632" target="#ID2" />
            </technique_common>
          </bind_material>
        </instance_geometry>
        <instance_geometry url="#ID633">
          <bind_material>
            <technique_common>
              <instance_material symbol="ID641" target="#ID2" />
            </technique_common>
          </bind_material>
        </instance_geometry>
        <instance_geometry url="#ID642">
          <bind_material>
            <technique_common>
              <instance_material symbol="ID650" target="#ID2" />
            </technique_common>
          </bind_material>
        </instance_geometry>
        <instance_geometry url="#ID651">
          <bind_material>
            <technique_common>
              <instance_material symbol="ID659" target="#ID2" />
            </technique_common>
          </bind_material>
        </instance_geometry>
        <instance_geometry url="#ID660">
          <bind_material>
            <technique_common>
              <instance_material symbol="ID668" target="#ID2" />
            </technique_common>
          </bind_material>
        </instance_geometry>
        <instance_geometry url="#ID669">
          <bind_material>
            <technique_common>
              <instance_material symbol="ID677" target="#ID2" />
            </technique_common>
          </bind_material>
        </instance_geometry>
        <instance_geometry url="#ID678">
          <bind_material>
            <technique_common>
              <instance_material symbol="ID686" target="#ID2" />
            </technique_common>
          </bind_material>
        </instance_geometry>
        <instance_geometry url="#ID687">
          <bind_material>
            <technique_common>
              <instance_material symbol="ID695" target="#ID2" />
            </technique_common>
          </bind_material>
        </instance_geometry>
        <instance_geometry url="#ID696">
          <bind_material>
            <technique_common>
              <instance_material symbol="ID704" target="#ID2" />
            </technique_common>
          </bind_material>
        </instance_geometry>
        <instance_geometry url="#ID705">
          <bind_material>
            <technique_common>
              <instance_material symbol="ID713" target="#ID2" />
            </technique_common>
          </bind_material>
        </instance_geometry>
        <instance_geometry url="#ID714">
          <bind_material>
            <technique_common>
              <instance_material symbol="ID722" target="#ID2" />
            </technique_common>
          </bind_material>
        </instance_geometry>
        <instance_geometry url="#ID723">
          <bind_material>
            <technique_common>
              <instance_material symbol="ID731" target="#ID2" />
            </technique_common>
          </bind_material>
        </instance_geometry>
        <instance_geometry url="#ID732">
          <bind_material>
            <technique_common>
              <instance_material symbol="ID740" target="#ID2" />
            </technique_common>
          </bind_material>
        </instance_geometry>
        <instance_geometry url="#ID741">
          <bind_material>
            <technique_common>
              <instance_material symbol="ID749" target="#ID2" />
            </technique_common>
          </bind_material>
        </instance_geometry>
        <instance_geometry url="#ID750">
          <bind_material>
            <technique_common>
              <instance_material symbol="ID758" target="#ID2" />
            </technique_common>
          </bind_material>
        </instance_geometry>
        <instance_geometry url="#ID759">
          <bind_material>
            <technique_common>
              <instance_material symbol="ID767" target="#ID2" />
            </technique_common>
          </bind_material>
        </instance_geometry>
        <instance_geometry url="#ID768">
          <bind_material>
            <technique_common>
              <instance_material symbol="ID776" target="#ID2" />
            </technique_common>
          </bind_material>
        </instance_geometry>
        <instance_geometry url="#ID777">
          <bind_material>
            <technique_common>
              <instance_material symbol="ID785" target="#ID2" />
            </technique_common>
          </bind_material>
        </instance_geometry>
        <instance_geometry url="#ID786">
          <bind_material>
            <technique_common>
              <instance_material symbol="ID794" target="#ID2" />
            </technique_common>
          </bind_material>
        </instance_geometry>
        <instance_geometry url="#ID795">
          <bind_material>
            <technique_common>
              <instance_material symbol="ID803" target="#ID2" />
            </technique_common>
          </bind_material>
        </instance_geometry>
        <instance_geometry url="#ID804">
          <bind_material>
            <technique_common>
              <instance_material symbol="ID812" target="#ID2" />
            </technique_common>
          </bind_material>
        </instance_geometry>
        <instance_geometry url="#ID813">
          <bind_material>
            <technique_common>
              <instance_material symbol="ID821" target="#ID2" />
            </technique_common>
          </bind_material>
        </instance_geometry>
        <instance_geometry url="#ID822">
          <bind_material>
            <technique_common>
              <instance_material symbol="ID830" target="#ID2" />
            </technique_common>
          </bind_material>
        </instance_geometry>
        <instance_geometry url="#ID831">
          <bind_material>
            <technique_common>
              <instance_material symbol="ID839" target="#ID2" />
            </technique_common>
          </bind_material>
        </instance_geometry>
      </node>
    </visual_scene>
  </library_visual_scenes>
  <scene>
    <instance_visual_scene url="#ID840" />
  </scene>
</COLLADA>