<?xml version="1.0" encoding="utf-8"?>
<COLLADA version="1.4.1" xmlns="http://www.collada.org/2005/11/COLLADASchema">
  <asset>
    <contributor>
      <authoring_tool>ABB RobotStudio</authoring_tool>
    </contributor>
    <created>2025-08-23T00:54:13Z</created>
    <modified>2025-08-23T00:54:13Z</modified>
    <unit meter="1" name="meter" />
    <up_axis>Z_UP</up_axis>
  </asset>
  <library_effects>
    <effect id="ID1">
      <profile_COMMON>
        <technique sid="COMMON">
          <phong>
            <emission>
              <color>0 0 0 1</color>
            </emission>
            <ambient>
              <color>0.4392157 0.4392157 0.4392157 1</color>
            </ambient>
            <diffuse>
              <color>0.4392157 0.4392157 0.4392157 1</color>
            </diffuse>
            <specular>
              <color>0.7490196 0.7490196 0.7490196 1</color>
            </specular>
          </phong>
        </technique>
      </profile_COMMON>
    </effect>
  </library_effects>
  <library_materials>
    <material id="ID2">
      <instance_effect url="#ID1" />
    </material>
  </library_materials>
  <library_geometries>
    <geometry id="ID3">
      <mesh>
        <source id="ID4">
          <float_array id="ID5" count="399">0 0.1119704 0.0718397 0.0004453 0.1119704 0.0718611
            0.0008866 0.1119704 0.0719248 0.0015271 0.1119704 0.072097 0.0021367 0.1119704 0.0723584
            0.0027596 0.1119704 0.0727447 0.0032998 0.1119704 0.0732091 0.0037628 0.1119704
            0.0737505 0.0041466 0.1119704 0.074373 0.0044052 0.1119704 0.0749792 0.0045756 0.1119704
            0.0756158 0.0046391 0.1119704 0.0760559 0.0046603 0.1119704 0.0765 0.0046391 0.1119704
            0.0769441 0.0045756 0.1119704 0.0773842 0.0044052 0.1119704 0.0780208 0.0041466
            0.1119704 0.078627 0.0037628 0.1119704 0.0792495 0.0032998 0.1119704 0.0797909 0.0027596
            0.1119704 0.0802553 0.0021367 0.1119704 0.0806416 0.0015271 0.1119704 0.080903 0.0008866
            0.1119704 0.0810752 0.0004453 0.1119704 0.0811389 0 0.1119704 0.0811603 0 0.111543
            0.0945918 0 0.1105892 0.1079002 0 0.1090861 0.1210885 0 0.107429 0.1318055 0.0005713
            0.1074216 0.1318448 0.0011271 0.1074 0.1319605 0.0016636 0.1073643 0.1321516 0.0021685
            0.1073155 0.132413 0.0026301 0.1072546 0.1327383 0.0030458 0.1071821 0.1331254 0.0034019
            0.1071005 0.1335606 0.0036966 0.1070103 0.134041 0.0100125 0.1070103 0.1332836 0.0144822
            0.1070103 0.1323112 0.0197207 0.1070103 0.1306823 0.0265285 0.1070103 0.1276945
            0.0288298 0.1070103 0.1264347 0.0369259 0.1070103 0.1207844 0.0370629 0.1070103
            0.1206698 0.0441698 0.1070103 0.1135629 0.044306 0.1070103 0.1133999 0.0499347 0.1070103
            0.1053298 0.0512211 0.1070103 0.1029771 0.0541823 0.1070103 0.0962208 0.0558283
            0.1070103 0.0909162 0.0567836 0.1070103 0.0865125 0.057541 0.1070103 0.0801966 0.0570578
            0.107101 0.0798995 0.0566207 0.107183 0.0795413 0.0562374 0.1072548 0.0791289 0.0559101
            0.107316 0.0786637 0.0556499 0.1073646 0.0781607 0.0554599 0.1074001 0.0776249 0.055344
            0.1074218 0.0770668 0.0553055 0.107429 0.0764999 0.0553448 0.1074216 0.0759286 0.0554605
            0.1074 0.0753728 0.0556516 0.1073643 0.0748364 0.055913 0.1073155 0.0743315 0.0562383
            0.1072546 0.0738699 0.0566255 0.1071821 0.0734542 0.0570606 0.1071005 0.0730981 0.057541
            0.1070103 0.0728034 0.0567836 0.1070103 0.0664875 0.0558283 0.1070103 0.0620838
            0.0541823 0.1070103 0.0567793 0.0512211 0.1070103 0.0500229 0.0499347 0.1070103
            0.0476702 0.044306 0.1070103 0.0396001 0.0441698 0.1070103 0.0394371 0.0370629 0.1070103
            0.0323302 0.0369259 0.1070103 0.0322156 0.0288298 0.1070103 0.0265653 0.0265285
            0.1070103 0.0253055 0.0197207 0.1070103 0.0223177 0.0144822 0.1070103 0.0206888
            0.0100125 0.1070103 0.0197164 0.0036966 0.1070103 0.018959 0.0033995 0.107101 0.0194422
            0.0030414 0.107183 0.0198793 0.0026289 0.1072548 0.0202626 0.0021638 0.107316 0.0205899
            0.0016608 0.1073646 0.0208501 0.001125 0.1074001 0.0210401 0.0005669 0.1074218 0.021156
            0 0.107429 0.0211945 0 0.1090861 0.0319115 0 0.1105892 0.0450998 0 0.111543 0.0584082
            0.0040258 0.111543 0.0588618 0.0069872 0.1105892 0.0458871 0.0099219 0.1090861 0.0330294
            0.0078497 0.111543 0.0601999 0.013624 0.1105892 0.0482094 0.0193462 0.1090861 0.0363271
            0.01128 0.111543 0.0623553 0.0195777 0.1105892 0.0519503 0.0278005 0.1090861 0.0416393
            0.0141447 0.111543 0.06522 0.0245497 0.1105892 0.0569223 0.0348607 0.1090861 0.0486995
            0.0163001 0.111543 0.0686503 0.0282906 0.1105892 0.062876 0.0401729 0.1090861 0.0571538
            0.0176382 0.111543 0.0724742 0.0306129 0.1105892 0.0695128 0.0434706 0.1090861 0.0665781
            0.0180918 0.111543 0.0765 0.0314002 0.1105892 0.0765 0.0445885 0.1090861 0.0764999
            0.0176382 0.111543 0.0805258 0.0306129 0.1105892 0.0834872 0.0434706 0.1090861 0.0864219
            0.0163001 0.111543 0.0843497 0.0282906 0.1105892 0.0901241 0.0401729 0.1090861 0.0958462
            0.0141447 0.111543 0.08778 0.0245497 0.1105892 0.0960777 0.0348607 0.1090861 0.1043005
            0.01128 0.111543 0.0906447 0.0195777 0.1105892 0.1010497 0.0278005 0.1090861 0.1113607
            0.0078497 0.111543 0.0928001 0.013624 0.1105892 0.1047906 0.0193462 0.1090861 0.1166729
            0.0040258 0.111543 0.0941382 0.0069872 0.1105892 0.1071129 0.0099219 0.1090861 0.1199706</float_array>
          <technique_common>
            <accessor count="133" source="#ID5" stride="3">
              <param name="X" type="float" />
              <param name="Y" type="float" />
              <param name="Z" type="float" />
            </accessor>
          </technique_common>
        </source>
        <source id="ID6">
          <float_array id="ID7" count="399">0 0.9999187 -0.0127507 0.0016682 0.9999187 -0.0126411
            0.0028373 0.9999187 -0.012431 0.0037667 0.9999187 -0.0121816 0.0055323 0.9999187
            -0.011488 0.0079499 0.9999187 -0.0099689 0.0090205 0.9999187 -0.0090116 0.0099689
            0.9999187 -0.0079499 0.011488 0.9999187 -0.0055323 0.0121847 0.9999187 -0.0037566
            0.012431 0.9999187 -0.0028373 0.0126348 0.9999187 -0.0017151 0.0127507 0.9999187 0
            0.0126348 0.9999187 0.0017151 0.012431 0.9999187 0.0028373 0.0121847 0.9999187 0.0037566
            0.011488 0.9999187 0.0055323 0.0099689 0.9999187 0.0079499 0.0090205 0.9999187 0.0090116
            0.0079499 0.9999187 0.0099689 0.0055323 0.9999187 0.011488 0.0037667 0.9999187 0.0121816
            0.0028373 0.9999187 0.012431 0.0016682 0.9999187 0.0126411 0 0.9999187 0.0127507 0
            0.9986835 0.0512967 0 0.9957551 0.0920418 0 0.990878 0.1347614 0 0.9852665 0.1710261
            0.0017633 0.9852414 0.1711618 0.0034879 0.9851667 0.1715645 0.005149 0.9850438 0.1722274
            0.0067148 0.9848753 0.1731346 0.0081501 0.9846652 0.1742646 0.0094404 0.9844158
            0.1756027 0.0105585 0.9841327 0.1771196 0.011486 0.9838198 0.1787919 0.0311109 0.9838198
            0.1764386 0.0449993 0.9838198 0.1734172 0.0612765 0.9838198 0.1683557 0.0824294
            0.9838198 0.1590718 0.0895802 0.9838198 0.1551575 0.1147365 0.9838198 0.1376008
            0.1151621 0.9838198 0.1372449 0.1372449 0.9838198 0.1151621 0.1376681 0.9838198
            0.1146558 0.1551575 0.9838198 0.0895802 0.1591545 0.9838198 0.0822698 0.1683557
            0.9838198 0.0612765 0.1734703 0.9838198 0.0447943 0.1764386 0.9838198 0.0311109
            0.1787919 0.9838198 0.011486 0.1771056 0.9841353 0.0105508 0.1755951 0.9844173 0.0094353
            0.1742536 0.9846672 0.0081386 0.173121 0.9848778 0.0066995 0.1722224 0.9850447 0.005143
            0.1715587 0.9851677 0.0034746 0.171159 0.9852418 0.0017594 0.1710261 0.9852665
            -0.0000003 0.1711595 0.9852418 -0.0017634 0.1715607 0.9851674 -0.0034799 0.1722277
            0.9850437 -0.0051501 0.1731292 0.9848763 -0.0067096 0.1742613 0.9846658 -0.0081468
            0.1756014 0.9844161 -0.0094402 0.1771096 0.9841346 -0.0105532 0.1787919 0.9838198
            -0.011486 0.1764386 0.9838198 -0.0311109 0.1734703 0.9838198 -0.0447943 0.1683557
            0.9838198 -0.0612765 0.1591545 0.9838198 -0.0822698 0.1551575 0.9838198 -0.0895802
            0.1376681 0.9838198 -0.1146558 0.1372449 0.9838198 -0.1151621 0.1151621 0.9838198
            -0.1372449 0.1147365 0.9838198 -0.1376008 0.0895802 0.9838198 -0.1551575 0.0824294
            0.9838198 -0.1590718 0.0612765 0.9838198 -0.1683557 0.0449993 0.9838198 -0.1734172
            0.0311109 0.9838198 -0.1764386 0.011486 0.9838198 -0.1787919 0.0105522 0.9841343
            -0.1771113 0.009431 0.9844179 -0.1755915 0.0081414 0.9846666 -0.1742567 0.0067001
            0.9848772 -0.1731246 0.005138 0.985045 -0.1722205 0.0034785 0.9851673 -0.1715612
            0.0017534 0.9852417 -0.17116 0 0.9852665 -0.1710261 0 0.990878 -0.1347614 0 0.9957551
            -0.0920418 0 0.9986835 -0.0512967 0.0114146 0.9986835 -0.0500106 0.0204812 0.9957551
            -0.0897341 0.0299872 0.990878 -0.1313827 0.0222568 0.9986835 -0.0462168 0.0399354
            0.9957551 -0.0829268 0.0584708 0.990878 -0.1214159 0.031983 0.9986835 -0.0401054
            0.0573871 0.9957551 -0.0719612 0.0840224 0.990878 -0.1053607 0.0401054 0.9986835
            -0.031983 0.0719612 0.9957551 -0.0573871 0.1053607 0.990878 -0.0840224 0.0462168
            0.9986835 -0.0222568 0.0829268 0.9957551 -0.0399354 0.1214159 0.990878 -0.0584708
            0.0500106 0.9986835 -0.0114146 0.0897341 0.9957551 -0.0204812 0.1313827 0.990878
            -0.0299872 0.0512967 0.9986835 0 0.0920418 0.9957551 -0.0000001 0.1347614 0.990878
            -0.0000002 0.0500106 0.9986835 0.0114146 0.0897341 0.9957551 0.0204812 0.1313827
            0.990878 0.0299872 0.0462168 0.9986835 0.0222568 0.0829268 0.9957551 0.0399354 0.1214159
            0.990878 0.0584708 0.0401054 0.9986835 0.031983 0.0719612 0.9957551 0.0573871 0.1053607
            0.990878 0.0840224 0.031983 0.9986835 0.0401054 0.0573871 0.9957551 0.0719612 0.0840224
            0.990878 0.1053607 0.0222568 0.9986835 0.0462168 0.0399354 0.9957551 0.0829268 0.0584708
            0.990878 0.1214159 0.0114146 0.9986835 0.0500106 0.0204812 0.9957551 0.0897341 0.0299872
            0.990878 0.1313827</float_array>
          <technique_common>
            <accessor count="133" source="#ID7" stride="3">
              <param name="X" type="float" />
              <param name="Y" type="float" />
              <param name="Z" type="float" />
            </accessor>
          </technique_common>
        </source>
        <source id="ID8">
          <float_array id="ID9" count="266">0 0 0 0.0616495 0 0.1012633 0 0.1312479 0 0.1858292 0
            0.2592127 0 0.293038 0 0.3250424 0 0.3858783 0 0.4246728 0 0.4436635 0 0.4662186 0 0.5 0
            0.5337814 0 0.5563365 0 0.5753272 0 0.6141217 0 0.6749576 0 0.7069621 0 0.7407873 0
            0.8141708 0 0.868752 0 0.8987367 0 0.9383506 0 1 0.25 1 0.5 1 0.75 1 0.9548106 1
            0.9556168 0.9948756 0.9580067 0.9899384 0.9619284 0.985275 0.9672717 0.9809842 0.9738901
            0.9771623 0.9816736 0.973842 0.9904293 0.9710814 1 0.9689096 1 0.9195498 1 0.8868161 1
            0.8501037 1 0.8040481 1 0.7886751 1 0.734097 1 0.7331538 1 0.6819851 1 0.680943 1
            0.6339746 1 0.6215875 1 0.5881635 1 0.5635144 1 0.5437443 1 0.516044 0.9903494 0.5148802
            0.98163 0.5134237 0.9738259 0.5116699 0.967193 0.509671 0.9618996 0.5074639 0.9579729
            0.5050628 0.9556009 0.5025697 0.9548106 0.4999996 0.9556044 0.4974245 0.9579847
            0.4949295 0.9619301 0.492526 0.9672409 0.4903149 0.9738708 0.4883187 0.9816661 0.4865698
            0.9903724 0.4851167 1 0.483956 1 0.4562557 1 0.4364856 1 0.4118365 1 0.3784124 1
            0.3660254 1 0.319057 1 0.3180149 1 0.2668462 1 0.265903 1 0.2113249 1 0.1959519 1
            0.1498962 1 0.1131839 1 0.0804502 1 0.0310904 0.9903818 0.0289032 0.9816089 0.0261341
            0.973844 0.022815 0.9672131 0.0189762 0.9618881 0.0146944 0.9579874 0.010035 0.9556062
            0.0050959 0.9548106 0 0.75 0 0.5 0 0.25 0 0.25 0.1012633 0.5 0.1012633 0.75 0.1012633
            0.25 0.1858292 0.5 0.1858292 0.75 0.1858292 0.25 0.2592127 0.5 0.2592127 0.75 0.2592127
            0.25 0.3250424 0.5 0.3250424 0.75 0.3250424 0.25 0.3858783 0.5 0.3858783 0.75 0.3858783
            0.25 0.4436635 0.5 0.4436635 0.75 0.4436635 0.25 0.4999999 0.5 0.4999998 0.75 0.4999997
            0.25 0.5563365 0.5 0.5563365 0.75 0.5563365 0.25 0.6141217 0.5 0.6141217 0.75 0.6141217
            0.25 0.6749576 0.5 0.6749576 0.75 0.6749576 0.25 0.7407873 0.5 0.7407873 0.75 0.7407873
            0.25 0.8141708 0.5 0.8141708 0.75 0.8141708 0.25 0.8987367 0.5 0.8987367 0.75 0.8987367</float_array>
          <technique_common>
            <accessor count="133" source="#ID9" stride="2">
              <param name="S" type="float" />
              <param name="T" type="float" />
            </accessor>
          </technique_common>
        </source>
        <vertices id="ID10">
          <input semantic="POSITION" source="#ID4" />
        </vertices>
        <triangles count="170" material="ID11">
          <input semantic="VERTEX" source="#ID10" offset="0" />
          <input semantic="NORMAL" source="#ID6" offset="1" />
          <input semantic="TEXCOORD" source="#ID8" offset="2" set="0" />
          <p>0 0 0 1 1 1 93 93 93 93 93 93 1 1 1 94 94 94 95 95 95 94 94 94 98 98 98 99 99 99 98 98
            98 102 102 102 77 77 77 102 102 102 76 76 76 77 77 77 99 99 99 102 102 102 77 77 77 78
            78 78 99 99 99 99 99 99 78 78 78 79 79 79 96 96 96 79 79 79 80 80 80 81 81 81 96 96 96
            80 80 80 81 81 81 85 85 85 96 96 96 81 81 81 84 84 84 85 85 85 81 81 81 83 83 83 84 84
            84 81 81 81 82 82 82 83 83 83 1 1 1 2 2 2 94 94 94 94 94 94 2 2 2 3 3 3 97 97 97 3 3 3 4
            4 4 5 5 5 97 97 97 4 4 4 5 5 5 100 100 100 97 97 97 5 5 5 6 6 6 100 100 100 100 100 100
            6 6 6 103 103 103 104 104 104 103 103 103 107 107 107 108 108 108 107 107 107 111 111
            111 70 70 70 111 111 111 69 69 69 70 70 70 108 108 108 111 111 111 70 70 70 71 71 71 108
            108 108 108 108 108 71 71 71 72 72 72 105 105 105 72 72 72 73 73 73 74 74 74 105 105 105
            73 73 73 74 74 74 75 75 75 105 105 105 105 105 105 75 75 75 102 102 102 101 101 101 102
            102 102 98 98 98 97 97 97 98 98 98 94 94 94 3 3 3 97 97 97 94 94 94 6 6 6 7 7 7 103 103
            103 103 103 103 7 7 7 106 106 106 107 107 107 106 106 106 110 110 110 111 111 111 110
            110 110 114 114 114 63 63 63 114 114 114 62 62 62 63 63 63 111 111 111 114 114 114 63 63
            63 64 64 64 111 111 111 111 111 111 64 64 64 65 65 65 68 68 68 65 65 65 66 66 66 67 67
            67 68 68 68 66 66 66 7 7 7 8 8 8 106 106 106 106 106 106 8 8 8 9 9 9 109 109 109 9 9 9
            10 10 10 11 11 11 109 109 109 10 10 10 11 11 11 112 112 112 109 109 109 11 11 11 12 12
            12 112 112 112 112 112 112 12 12 12 13 13 13 115 115 115 13 13 13 14 14 14 15 15 15 115
            115 115 14 14 14 15 15 15 118 118 118 115 115 115 15 15 15 16 16 16 118 118 118 118 118
            118 16 16 16 17 17 17 121 121 121 17 17 17 18 18 18 124 124 124 18 18 18 19 19 19 127
            127 127 19 19 19 20 20 20 21 21 21 127 127 127 20 20 20 21 21 21 130 130 130 127 127 127
            21 21 21 22 22 22 130 130 130 130 130 130 22 22 22 23 23 23 25 25 25 23 23 23 24 24 24
            25 25 25 130 130 130 23 23 23 25 25 25 26 26 26 130 130 130 130 130 130 26 26 26 131 131
            131 127 127 127 131 131 131 128 128 128 124 124 124 128 128 128 125 125 125 121 121 121
            125 125 125 122 122 122 118 118 118 122 122 122 119 119 119 115 115 115 119 119 119 116
            116 116 112 112 112 116 116 116 113 113 113 109 109 109 113 113 113 110 110 110 106 106
            106 109 109 109 110 110 110 106 106 106 9 9 9 109 109 109 26 26 26 27 27 27 131 131 131
            131 131 131 27 27 27 132 132 132 128 128 128 132 132 132 129 129 129 125 125 125 129 129
            129 126 126 126 122 122 122 126 126 126 123 123 123 119 119 119 123 123 123 120 120 120
            116 116 116 120 120 120 117 117 117 113 113 113 117 117 117 114 114 114 110 110 110 113
            113 113 114 114 114 28 28 28 29 29 29 27 27 27 27 27 27 29 29 29 30 30 30 31 31 31 27 27
            27 30 30 30 31 31 31 32 32 32 27 27 27 27 27 27 32 32 32 132 132 132 132 132 132 32 32
            32 33 33 33 34 34 34 132 132 132 33 33 33 34 34 34 37 37 37 132 132 132 34 34 34 35 35
            35 37 37 37 37 37 37 35 35 35 36 36 36 37 37 37 38 38 38 132 132 132 132 132 132 38 38
            38 39 39 39 129 129 129 39 39 39 40 40 40 41 41 41 129 129 129 40 40 40 41 41 41 126 126
            126 129 129 129 41 41 41 42 42 42 126 126 126 126 126 126 42 42 42 43 43 43 44 44 44 126
            126 126 43 43 43 44 44 44 123 123 123 126 126 126 44 44 44 45 45 45 123 123 123 123 123
            123 45 45 45 46 46 46 120 120 120 46 46 46 47 47 47 48 48 48 120 120 120 47 47 47 48 48
            48 117 117 117 120 120 120 48 48 48 49 49 49 117 117 117 117 117 117 49 49 49 50 50 50
            54 54 54 50 50 50 53 53 53 54 54 54 117 117 117 50 50 50 54 54 54 55 55 55 117 117 117
            117 117 117 55 55 55 114 114 114 114 114 114 55 55 55 56 56 56 57 57 57 114 114 114 56
            56 56 57 57 57 58 58 58 114 114 114 114 114 114 58 58 58 59 59 59 60 60 60 114 114 114
            59 59 59 60 60 60 61 61 61 114 114 114 114 114 114 61 61 61 62 62 62 51 51 51 52 52 52
            50 50 50 50 50 50 52 52 52 53 53 53 65 65 65 68 68 68 111 111 111 111 111 111 68 68 68
            69 69 69 75 75 75 76 76 76 102 102 102 85 85 85 86 86 86 96 96 96 96 96 96 86 86 86 91
            91 91 92 92 92 96 96 96 91 91 91 92 92 92 95 95 95 96 96 96 92 92 92 93 93 93 95 95 95
            95 95 95 93 93 93 94 94 94 86 86 86 87 87 87 91 91 91 91 91 91 87 87 87 88 88 88 89 89
            89 91 91 91 88 88 88 89 89 89 90 90 90 91 91 91 122 122 122 118 118 118 121 121 121 121
            121 121 118 118 118 17 17 17 98 98 98 99 99 99 95 95 95 95 95 95 99 99 99 96 96 96 96 96
            96 99 99 99 79 79 79 98 98 98 97 97 97 101 101 101 101 101 101 97 97 97 100 100 100 104
            104 104 100 100 100 103 103 103 104 104 104 101 101 101 100 100 100 104 104 104 105 105
            105 101 101 101 104 104 104 108 108 108 105 105 105 104 104 104 107 107 107 108 108 108
            102 102 102 101 101 101 105 105 105 106 106 106 107 107 107 103 103 103 105 105 105 108
            108 108 72 72 72 110 110 110 111 111 111 107 107 107 112 112 112 113 113 113 109 109 109
            13 13 13 115 115 115 112 112 112 112 112 112 115 115 115 116 116 116 116 116 116 117 117
            117 113 113 113 118 118 118 119 119 119 115 115 115 119 119 119 120 120 120 116 116 116
            122 122 122 123 123 123 119 119 119 120 120 120 123 123 123 46 46 46 18 18 18 124 124
            124 121 121 121 121 121 121 124 124 124 125 125 125 128 128 128 124 124 124 127 127 127
            127 127 127 124 124 124 19 19 19 125 125 125 126 126 126 122 122 122 128 128 128 129 129
            129 125 125 125 130 130 130 131 131 131 127 127 127 131 131 131 132 132 132 128 128 128
            129 129 129 132 132 132 39 39 39</p>
        </triangles>
      </mesh>
    </geometry>
    <geometry id="ID12">
      <mesh>
        <source id="ID13">
          <float_array id="ID14" count="240">0.004 0.1 0.1389991 0.0026677 0.1 0.1390701 0.0013341
            0.1 0.1391128 0 0.1 0.139127 0 0.075 0.14 0.0033233 0.075 0.139913 0.0121816 0.075
            0.1388206 0.018132 0.075 0.1373563 0.0239136 0.075 0.1353251 0.0294724 0.075 0.1327461
            0.0347568 0.075 0.1296434 0.0397174 0.075 0.1260457 0.0443083 0.075 0.1219866 0.0484864
            0.075 0.1175039 0.0522131 0.075 0.1126393 0.0554533 0.075 0.1074382 0.0581774 0.075
            0.101949 0.0603594 0.075 0.0962227 0.0619795 0.075 0.0903128 0.0630222 0.075 0.0842742
            0.0634783 0.075 0.0781632 0.0633429 0.075 0.0720368 0.0626179 0.075 0.0659519 0.0613094
            0.075 0.0599653 0.0594303 0.075 0.0541326 0.0569974 0.075 0.0485083 0.054034 0.075
            0.0431445 0.0505671 0.075 0.0380916 0.0466296 0.075 0.0333961 0.0422575 0.075 0.0291023
            0.0374921 0.075 0.0252496 0.0323774 0.075 0.0218746 0.0269614 0.075 0.0190078 0.021294
            0.075 0.0166769 0.0154286 0.075 0.0149027 0.0094198 0.075 0.0137027 0.0033233 0.075
            0.013087 0 0.075 0.013 0 0.1 0.013873 0.0013341 0.1 0.0138872 0.0026677 0.1 0.0139299
            0.004 0.1 0.0140009 0.0040345 0.1013168 0.0140492 0.0108671 0.1013168 0.0148698
            0.0161972 0.1013168 0.0160514 0.021404 0.1013168 0.0176931 0.0264479 0.1013168 0.0197823
            0.0312905 0.1013168 0.0223033 0.035895 0.1013168 0.0252366 0.0402263 0.1013168 0.0285602
            0.0442514 0.1013168 0.0322486 0.0479398 0.1013168 0.0362737 0.0512634 0.1013168 0.040605
            0.0541967 0.1013168 0.0452095 0.0567176 0.1013168 0.0500521 0.0588069 0.1013168 0.055096
            0.0604486 0.1013168 0.0603028 0.0616303 0.1013168 0.0656329 0.0624508 0.1013168
            0.0724655 0.0624991 0.1 0.0725 0.0626128 0.1 0.0751659 0.0626128 0.1 0.0778341 0.0624991
            0.1 0.0805 0.0624508 0.1013168 0.0805345 0.0616303 0.1013168 0.0873671 0.0604486
            0.1013168 0.0926971 0.0588069 0.1013168 0.097904 0.0567176 0.1013168 0.1029479 0.0541967
            0.1013168 0.1077905 0.0512634 0.1013168 0.112395 0.0479398 0.1013168 0.1167263 0.0442514
            0.1013168 0.1207514 0.0402263 0.1013168 0.1244398 0.035895 0.1013168 0.1277634 0.0312905
            0.1013168 0.1306967 0.0264479 0.1013168 0.1332177 0.021404 0.1013168 0.1353069 0.0161972
            0.1013168 0.1369486 0.0108671 0.1013168 0.1381302 0.0040345 0.1013168 0.1389508</float_array>
          <technique_common>
            <accessor count="80" source="#ID14" stride="3">
              <param name="X" type="float" />
              <param name="Y" type="float" />
              <param name="Z" type="float" />
            </accessor>
          </technique_common>
        </source>
        <source id="ID15">
          <float_array id="ID16" count="240">0.0638313 0.0348995 0.9973503 0.0425703 0.0348995
            0.9984837 0.02129 0.0348995 0.999164 0 0.0348995 0.9993908 0 0.0348995 0.9993908
            0.0523041 0.0348995 0.9980212 0.1917202 0.0348995 0.9808289 0.2853696 0.0348995
            0.9577819 0.3763624 0.0348995 0.9258149 0.4638495 0.0348995 0.8852263 0.5470173
            0.0348995 0.8363935 0.6250903 0.0348995 0.7797719 0.6973426 0.0348995 0.7158878
            0.7631001 0.0348995 0.6453373 0.8217515 0.0348995 0.5687764 0.8727496 0.0348995
            0.4869192 0.9156203 0.0348995 0.4005266 0.9499636 0.0348995 0.3104047 0.9754604
            0.0348995 0.2173914 0.9918727 0.0348995 0.1223542 0.9990479 0.0348995 0.0261769
            0.9969192 0.0348995 -0.0702436 0.9855062 0.0348995 -0.1660105 0.9649155 0.0348995
            -0.2602307 0.9353386 0.0348995 -0.352028 0.8970512 0.0348995 -0.4405465 0.8504094
            0.0348995 -0.5249627 0.7958483 0.0348995 -0.6044895 0.7338752 0.0348995 -0.6783872
            0.6650679 0.0348995 -0.745967 0.5900668 0.0348995 -0.8065998 0.5095708 0.0348995
            -0.8597206 0.424329 0.0348995 -0.9048353 0.3351354 0.0348995 -0.9415234 0.2428209
            0.0348995 -0.9694431 0.148253 0.0348995 -0.9883335 0.0523041 0.0348995 -0.9980212 0
            0.0348995 -0.9993908 0 0.0348995 -0.9993908 0.02129 0.0348995 -0.999164 0.0425703
            0.0348995 -0.9984837 0.0638313 0.0348995 -0.9973503 0.0644289 0.0348995 -0.9973118
            0.1735424 0.0348995 -0.9842078 0.2586614 0.0348995 -0.9653374 0.3418118 0.0348995
            -0.9391202 0.4223608 0.0348995 -0.9057557 0.4996954 0.0348995 -0.8654978 0.573227
            0.0348995 -0.818653 0.642396 0.0348995 -0.7655778 0.706676 0.0348995 -0.706676 0.7655778
            0.0348995 -0.642396 0.818653 0.0348995 -0.573227 0.8654978 0.0348995 -0.4996954
            0.9057557 0.0348995 -0.4223608 0.9391202 0.0348995 -0.3418118 0.9653374 0.0348995
            -0.2586614 0.9842078 0.0348995 -0.1735424 0.9973118 0.0348995 -0.0644289 0.9973503
            0.0348995 -0.0638313 0.999164 0.0348995 -0.02129 0.999164 0.0348995 0.02129 0.9973503
            0.0348995 0.0638313 0.9973118 0.0348995 0.0644289 0.9842078 0.0348995 0.1735424
            0.9653374 0.0348995 0.2586614 0.9391202 0.0348995 0.3418118 0.9057557 0.0348995
            0.4223608 0.8654978 0.0348995 0.4996954 0.818653 0.0348995 0.573227 0.7655778 0.0348995
            0.642396 0.706676 0.0348995 0.706676 0.642396 0.0348995 0.7655778 0.573227 0.0348995
            0.818653 0.4996954 0.0348995 0.8654978 0.4223608 0.0348995 0.9057557 0.3418118 0.0348995
            0.9391202 0.2586614 0.0348995 0.9653374 0.1735424 0.0348995 0.9842078 0.0644289
            0.0348995 0.9973118</float_array>
          <technique_common>
            <accessor count="80" source="#ID16" stride="3">
              <param name="X" type="float" />
              <param name="Y" type="float" />
              <param name="Z" type="float" />
            </accessor>
          </technique_common>
        </source>
        <source id="ID17">
          <float_array id="ID18" count="160">0.0500363 0.9796556 0.0500363 0.9864371 0.0500363
            0.9932185 0.0500363 1 0.9999999 1 0.9999998 0.9833333 0.9999998 0.9385555 0.9999999
            0.9078258 0.9999998 0.8770959 0.9999997 0.8463662 0.9999998 0.8156363 0.9999998
            0.7849067 0.9999998 0.7541768 0.9999997 0.7234471 0.9999999 0.6927171 0.9999997
            0.6619875 0.9999999 0.6312576 0.9999997 0.6005279 0.9999999 0.569798 0.9999997 0.5390683
            0.9999999 0.5083384 0.9999997 0.4776087 0.9999999 0.4468788 0.9999997 0.4161491
            0.9999999 0.3854192 0.9999996 0.3546894 0.9999999 0.3239596 0.9999996 0.2932299
            0.9999999 0.2625 0.9999996 0.2317702 0.9999999 0.2010404 0.9999996 0.1703107 0.9999999
            0.1395809 0.9999997 0.1088511 1 0.0781213 0.9999996 0.0473941 0.9999998 0.0166666
            0.9999999 0 0.0500363 0 0.0500363 0.0067815 0.0500363 0.0135629 0.0500363 0.0203444 0
            0.0205351 0 0.0555555 0 0.0833333 0 0.1111111 0 0.1388889 0 0.1666667 0 0.1944445 0
            0.2222223 0 0.25 0 0.2777778 0 0.3055556 0 0.3333333 0 0.3611111 0 0.3888889 0 0.4166667
            0 0.4444444 0 0.4794649 0.0500363 0.4796556 0.0500363 0.4932185 0.0500363 0.5067814
            0.0500363 0.5203444 0 0.5205351 0 0.5555555 0 0.5833333 0 0.6111111 0 0.6388889 0
            0.6666667 0 0.6944444 0 0.7222222 0 0.75 0 0.7777777 0 0.8055555 0 0.8333333 0 0.861111
            0 0.8888888 0 0.9166666 0 0.9444444 0 0.9794649</float_array>
          <technique_common>
            <accessor count="80" source="#ID18" stride="2">
              <param name="S" type="float" />
              <param name="T" type="float" />
            </accessor>
          </technique_common>
        </source>
        <vertices id="ID19">
          <input semantic="POSITION" source="#ID13" />
        </vertices>
        <triangles count="78" material="ID20">
          <input semantic="VERTEX" source="#ID19" offset="0" />
          <input semantic="NORMAL" source="#ID15" offset="1" />
          <input semantic="TEXCOORD" source="#ID17" offset="2" set="0" />
          <p>2 2 2 4 4 4 1 1 1 2 2 2 3 3 3 4 4 4 4 4 4 5 5 5 1 1 1 1 1 1 5 5 5 0 0 0 0 0 0 5 5 5 6 6
            6 78 78 78 6 6 6 77 77 77 78 78 78 0 0 0 6 6 6 78 78 78 79 79 79 0 0 0 6 6 6 7 7 7 77 77
            77 77 77 77 7 7 7 76 76 76 76 76 76 7 7 7 8 8 8 75 75 75 8 8 8 9 9 9 74 74 74 9 9 9 10
            10 10 73 73 73 10 10 10 11 11 11 72 72 72 11 11 11 12 12 12 71 71 71 12 12 12 13 13 13
            70 70 70 13 13 13 69 69 69 70 70 70 71 71 71 13 13 13 13 13 13 14 14 14 69 69 69 69 69
            69 14 14 14 68 68 68 68 68 68 14 14 14 15 15 15 67 67 67 15 15 15 16 16 16 66 66 66 16
            16 16 17 17 17 65 65 65 17 17 17 18 18 18 64 64 64 18 18 18 19 19 19 62 62 62 19 19 19
            20 20 20 61 61 61 20 20 20 60 60 60 61 61 61 62 62 62 20 20 20 20 20 20 21 21 21 60 60
            60 60 60 60 21 21 21 59 59 59 59 59 59 21 21 21 22 22 22 57 57 57 22 22 22 56 56 56 57
            57 57 59 59 59 22 22 22 57 57 57 58 58 58 59 59 59 22 22 22 23 23 23 56 56 56 56 56 56
            23 23 23 24 24 24 55 55 55 24 24 24 54 54 54 55 55 55 56 56 56 24 24 24 24 24 24 25 25
            25 54 54 54 54 54 54 25 25 25 53 53 53 53 53 53 25 25 25 26 26 26 52 52 52 26 26 26 27
            27 27 51 51 51 27 27 27 28 28 28 50 50 50 28 28 28 29 29 29 49 49 49 29 29 29 30 30 30
            48 48 48 30 30 30 31 31 31 47 47 47 31 31 31 32 32 32 46 46 46 32 32 32 33 33 33 45 45
            45 33 33 33 44 44 44 45 45 45 46 46 46 33 33 33 33 33 33 34 34 34 44 44 44 44 44 44 34
            34 34 43 43 43 43 43 43 34 34 34 35 35 35 41 41 41 35 35 35 36 36 36 40 40 40 36 36 36
            39 39 39 40 40 40 41 41 41 36 36 36 36 36 36 37 37 37 39 39 39 39 39 39 37 37 37 38 38
            38 42 42 42 43 43 43 41 41 41 41 41 41 43 43 43 35 35 35 46 46 46 47 47 47 32 32 32 47
            47 47 48 48 48 31 31 31 48 48 48 49 49 49 30 30 30 49 49 49 50 50 50 29 29 29 50 50 50
            51 51 51 28 28 28 51 51 51 52 52 52 27 27 27 52 52 52 53 53 53 26 26 26 63 63 63 64 64
            64 62 62 62 62 62 62 64 64 64 19 19 19 64 64 64 65 65 65 18 18 18 65 65 65 66 66 66 17
            17 17 66 66 66 67 67 67 16 16 16 67 67 67 68 68 68 15 15 15 71 71 71 72 72 72 12 12 12
            72 72 72 73 73 73 11 11 11 73 73 73 74 74 74 10 10 10 74 74 74 75 75 75 9 9 9 75 75 75
            76 76 76 8 8 8</p>
        </triangles>
      </mesh>
    </geometry>
    <geometry id="ID21">
      <mesh>
        <source id="ID22">
          <float_array id="ID23" count="114">-0.05975 0.103 0.07375 -0.0592725 0.103 0.0737918
            -0.0588094 0.103 0.0739158 -0.058375 0.103 0.0741184 -0.0579823 0.103 0.0743934
            -0.0576434 0.103 0.0747323 -0.0573684 0.103 0.075125 -0.0571658 0.103 0.0755594
            -0.0570418 0.103 0.0760225 -0.057 0.103 0.0765 -0.0570418 0.103 0.0769775 -0.0571658
            0.103 0.0774406 -0.0573684 0.103 0.077875 -0.0576434 0.103 0.0782677 -0.0579823 0.103
            0.0786066 -0.058375 0.103 0.0788816 -0.0588094 0.103 0.0790842 -0.0592725 0.103
            0.0792082 -0.05975 0.103 0.07925 -0.05975 0.1 0.07925 -0.0592725 0.1 0.0792082
            -0.0588094 0.1 0.0790842 -0.058375 0.1 0.0788816 -0.0579823 0.1 0.0786066 -0.0576434 0.1
            0.0782677 -0.0573684 0.1 0.077875 -0.0571658 0.1 0.0774406 -0.0570418 0.1 0.0769775
            -0.057 0.1 0.0765 -0.0570418 0.1 0.0760225 -0.0571658 0.1 0.0755594 -0.0573684 0.1
            0.075125 -0.0576434 0.1 0.0747323 -0.0579823 0.1 0.0743934 -0.058375 0.1 0.0741184
            -0.0588094 0.1 0.0739158 -0.0592725 0.1 0.0737918 -0.05975 0.1 0.07375</float_array>
          <technique_common>
            <accessor count="38" source="#ID23" stride="3">
              <param name="X" type="float" />
              <param name="Y" type="float" />
              <param name="Z" type="float" />
            </accessor>
          </technique_common>
        </source>
        <source id="ID24">
          <float_array id="ID25" count="114">0 0 -1 0.1736482 0 -0.9848077 0.3420202 0 -0.9396926
            0.5 0 -0.8660254 0.6427876 0 -0.7660444 0.7660444 0 -0.6427876 0.8660254 0 -0.5
            0.9396926 0 -0.3420202 0.9848077 0 -0.1736482 1 0 0 0.9848077 0 0.1736482 0.9396926 0
            0.3420202 0.8660254 0 0.5 0.7660444 0 0.6427876 0.6427876 0 0.7660444 0.5 0 0.8660254
            0.3420202 0 0.9396926 0.1736482 0 0.9848077 0 0 1 0 0 1 0.1736482 0 0.9848077 0.3420202
            0 0.9396926 0.5 0 0.8660254 0.6427876 0 0.7660444 0.7660444 0 0.6427876 0.8660254 0 0.5
            0.9396926 0 0.3420202 0.9848077 0 0.1736482 1 0 0 0.9848077 0 -0.1736482 0.9396926 0
            -0.3420202 0.8660254 0 -0.5 0.7660444 0 -0.6427876 0.6427876 0 -0.7660444 0.5 0
            -0.8660254 0.3420202 0 -0.9396926 0.1736482 0 -0.9848077 0 0 -1</float_array>
          <technique_common>
            <accessor count="38" source="#ID25" stride="3">
              <param name="X" type="float" />
              <param name="Y" type="float" />
              <param name="Z" type="float" />
            </accessor>
          </technique_common>
        </source>
        <source id="ID26">
          <float_array id="ID27" count="76">0 0 0 0.0555555 0 0.1111111 0 0.1666667 0 0.2222223 0
            0.2777778 0 0.3333333 0 0.3888889 0 0.4444444 0 0.5 0 0.5555555 0 0.6111111 0 0.6666667
            0 0.7222222 0 0.7777777 0 0.8333333 0 0.8888888 0 0.9444444 0 1 1 1 1 0.9444444 1
            0.8888888 1 0.8333333 1 0.7777777 1 0.7222222 1 0.6666667 1 0.6111111 1 0.5555555 1 0.5
            1 0.4444444 1 0.3888889 1 0.3333333 1 0.2777778 1 0.2222223 1 0.1666667 1 0.1111111 1
            0.0555555 1 0</float_array>
          <technique_common>
            <accessor count="38" source="#ID27" stride="2">
              <param name="S" type="float" />
              <param name="T" type="float" />
            </accessor>
          </technique_common>
        </source>
        <vertices id="ID28">
          <input semantic="POSITION" source="#ID22" />
        </vertices>
        <triangles count="36" material="ID29">
          <input semantic="VERTEX" source="#ID28" offset="0" />
          <input semantic="NORMAL" source="#ID24" offset="1" />
          <input semantic="TEXCOORD" source="#ID26" offset="2" set="0" />
          <p>37 37 37 0 0 0 36 36 36 36 36 36 0 0 0 1 1 1 2 2 2 36 36 36 1 1 1 2 2 2 35 35 35 36 36
            36 2 2 2 3 3 3 35 35 35 35 35 35 3 3 3 34 34 34 34 34 34 3 3 3 33 33 33 33 33 33 3 3 3 4
            4 4 5 5 5 33 33 33 4 4 4 5 5 5 32 32 32 33 33 33 5 5 5 6 6 6 32 32 32 32 32 32 6 6 6 31
            31 31 31 31 31 6 6 6 7 7 7 30 30 30 7 7 7 29 29 29 30 30 30 31 31 31 7 7 7 7 7 7 8 8 8
            29 29 29 29 29 29 8 8 8 9 9 9 28 28 28 9 9 9 10 10 10 27 27 27 10 10 10 26 26 26 27 27
            27 28 28 28 10 10 10 10 10 10 11 11 11 26 26 26 26 26 26 11 11 11 12 12 12 25 25 25 12
            12 12 13 13 13 24 24 24 13 13 13 14 14 14 23 23 23 14 14 14 22 22 22 23 23 23 24 24 24
            14 14 14 14 14 14 15 15 15 22 22 22 22 22 22 15 15 15 16 16 16 21 21 21 16 16 16 17 17
            17 20 20 20 17 17 17 19 19 19 20 20 20 21 21 21 17 17 17 17 17 17 18 18 18 19 19 19 21
            21 21 22 22 22 16 16 16 24 24 24 25 25 25 13 13 13 25 25 25 26 26 26 12 12 12 28 28 28
            29 29 29 9 9 9</p>
        </triangles>
      </mesh>
    </geometry>
    <geometry id="ID30">
      <mesh>
        <source id="ID31">
          <float_array id="ID32" count="114">0 0.103 0.014 0.0004775 0.103 0.0140418 0.0009406 0.103
            0.0141658 0.001375 0.103 0.0143684 0.0017677 0.103 0.0146434 0.0021066 0.103 0.0149823
            0.0023816 0.103 0.015375 0.0025842 0.103 0.0158094 0.0027082 0.103 0.0162725 0.00275
            0.103 0.01675 0.0027082 0.103 0.0172275 0.0025842 0.103 0.0176906 0.0023816 0.103
            0.018125 0.0021066 0.103 0.0185177 0.0017677 0.103 0.0188566 0.001375 0.103 0.0191316
            0.0009406 0.103 0.0193342 0.0004775 0.103 0.0194582 0 0.103 0.0195 0 0.1 0.0195
            0.0004775 0.1 0.0194582 0.0009406 0.1 0.0193342 0.001375 0.1 0.0191316 0.0017677 0.1
            0.0188566 0.0021066 0.1 0.0185177 0.0023816 0.1 0.018125 0.0025842 0.1 0.0176906
            0.0027082 0.1 0.0172275 0.00275 0.1 0.01675 0.0027082 0.1 0.0162725 0.0025842 0.1
            0.0158094 0.0023816 0.1 0.015375 0.0021066 0.1 0.0149823 0.0017677 0.1 0.0146434
            0.001375 0.1 0.0143684 0.0009406 0.1 0.0141658 0.0004775 0.1 0.0140418 0 0.1 0.014</float_array>
          <technique_common>
            <accessor count="38" source="#ID32" stride="3">
              <param name="X" type="float" />
              <param name="Y" type="float" />
              <param name="Z" type="float" />
            </accessor>
          </technique_common>
        </source>
        <source id="ID33">
          <float_array id="ID34" count="114">0 0 -1 0.1736482 0 -0.9848077 0.3420202 0 -0.9396926
            0.5 0 -0.8660254 0.6427876 0 -0.7660444 0.7660444 0 -0.6427876 0.8660254 0 -0.5
            0.9396926 0 -0.3420202 0.9848077 0 -0.1736482 1 0 0 0.9848077 0 0.1736482 0.9396926 0
            0.3420202 0.8660254 0 0.5 0.7660444 0 0.6427876 0.6427876 0 0.7660444 0.5 0 0.8660254
            0.3420202 0 0.9396926 0.1736482 0 0.9848077 0 0 1 0 0 1 0.1736482 0 0.9848077 0.3420202
            0 0.9396926 0.5 0 0.8660254 0.6427876 0 0.7660444 0.7660444 0 0.6427876 0.8660254 0 0.5
            0.9396926 0 0.3420202 0.9848077 0 0.1736482 1 0 0 0.9848077 0 -0.1736482 0.9396926 0
            -0.3420202 0.8660254 0 -0.5 0.7660444 0 -0.6427876 0.6427876 0 -0.7660444 0.5 0
            -0.8660254 0.3420202 0 -0.9396926 0.1736482 0 -0.9848077 0 0 -1</float_array>
          <technique_common>
            <accessor count="38" source="#ID34" stride="3">
              <param name="X" type="float" />
              <param name="Y" type="float" />
              <param name="Z" type="float" />
            </accessor>
          </technique_common>
        </source>
        <source id="ID35">
          <float_array id="ID36" count="76">0 0 0 0.0555555 0 0.1111111 0 0.1666667 0 0.2222223 0
            0.2777778 0 0.3333333 0 0.3888889 0 0.4444444 0 0.5 0 0.5555555 0 0.6111111 0 0.6666667
            0 0.7222222 0 0.7777777 0 0.8333333 0 0.8888888 0 0.9444444 0 1 1 1 1 0.9444444 1
            0.8888888 1 0.8333333 1 0.7777777 1 0.7222222 1 0.6666667 1 0.6111111 1 0.5555555 1 0.5
            1 0.4444444 1 0.3888889 1 0.3333333 1 0.2777778 1 0.2222223 1 0.1666667 1 0.1111111 1
            0.0555555 1 0</float_array>
          <technique_common>
            <accessor count="38" source="#ID36" stride="2">
              <param name="S" type="float" />
              <param name="T" type="float" />
            </accessor>
          </technique_common>
        </source>
        <vertices id="ID37">
          <input semantic="POSITION" source="#ID31" />
        </vertices>
        <triangles count="36" material="ID38">
          <input semantic="VERTEX" source="#ID37" offset="0" />
          <input semantic="NORMAL" source="#ID33" offset="1" />
          <input semantic="TEXCOORD" source="#ID35" offset="2" set="0" />
          <p>37 37 37 0 0 0 36 36 36 36 36 36 0 0 0 1 1 1 2 2 2 36 36 36 1 1 1 2 2 2 35 35 35 36 36
            36 2 2 2 3 3 3 35 35 35 35 35 35 3 3 3 34 34 34 34 34 34 3 3 3 33 33 33 33 33 33 3 3 3 4
            4 4 5 5 5 33 33 33 4 4 4 5 5 5 32 32 32 33 33 33 5 5 5 6 6 6 32 32 32 32 32 32 6 6 6 31
            31 31 31 31 31 6 6 6 7 7 7 30 30 30 7 7 7 29 29 29 30 30 30 31 31 31 7 7 7 7 7 7 8 8 8
            29 29 29 29 29 29 8 8 8 9 9 9 28 28 28 9 9 9 10 10 10 27 27 27 10 10 10 26 26 26 27 27
            27 28 28 28 10 10 10 10 10 10 11 11 11 26 26 26 26 26 26 11 11 11 12 12 12 25 25 25 12
            12 12 13 13 13 24 24 24 13 13 13 14 14 14 23 23 23 14 14 14 22 22 22 23 23 23 24 24 24
            14 14 14 14 14 14 15 15 15 22 22 22 22 22 22 15 15 15 16 16 16 21 21 21 16 16 16 17 17
            17 20 20 20 17 17 17 19 19 19 20 20 20 21 21 21 17 17 17 17 17 17 18 18 18 19 19 19 21
            21 21 22 22 22 16 16 16 24 24 24 25 25 25 13 13 13 25 25 25 26 26 26 12 12 12 28 28 28
            29 29 29 9 9 9</p>
        </triangles>
      </mesh>
    </geometry>
    <geometry id="ID39">
      <mesh>
        <source id="ID40">
          <float_array id="ID41" count="114">0.05975 0.103 0.07375 0.0602275 0.103 0.0737918
            0.0606906 0.103 0.0739158 0.061125 0.103 0.0741184 0.0615177 0.103 0.0743934 0.0618566
            0.103 0.0747323 0.0621316 0.103 0.075125 0.0623342 0.103 0.0755594 0.0624582 0.103
            0.0760225 0.0625 0.103 0.0765 0.0624582 0.103 0.0769775 0.0623342 0.103 0.0774406
            0.0621316 0.103 0.077875 0.0618566 0.103 0.0782677 0.0615177 0.103 0.0786066 0.061125
            0.103 0.0788816 0.0606906 0.103 0.0790842 0.0602275 0.103 0.0792082 0.05975 0.103
            0.07925 0.05975 0.1 0.07925 0.0602275 0.1 0.0792082 0.0606906 0.1 0.0790842 0.061125 0.1
            0.0788816 0.0615177 0.1 0.0786066 0.0618566 0.1 0.0782677 0.0621316 0.1 0.077875
            0.0623342 0.1 0.0774406 0.0624582 0.1 0.0769775 0.0625 0.1 0.0765 0.0624582 0.1
            0.0760225 0.0623342 0.1 0.0755594 0.0621316 0.1 0.075125 0.0618566 0.1 0.0747323
            0.0615177 0.1 0.0743934 0.061125 0.1 0.0741184 0.0606906 0.1 0.0739158 0.0602275 0.1
            0.0737918 0.05975 0.1 0.07375</float_array>
          <technique_common>
            <accessor count="38" source="#ID41" stride="3">
              <param name="X" type="float" />
              <param name="Y" type="float" />
              <param name="Z" type="float" />
            </accessor>
          </technique_common>
        </source>
        <source id="ID42">
          <float_array id="ID43" count="114">0 0 -1 0.1736482 0 -0.9848077 0.3420202 0 -0.9396926
            0.5 0 -0.8660254 0.6427876 0 -0.7660444 0.7660444 0 -0.6427876 0.8660254 0 -0.5
            0.9396926 0 -0.3420202 0.9848077 0 -0.1736482 1 0 0 0.9848077 0 0.1736482 0.9396926 0
            0.3420202 0.8660254 0 0.5 0.7660444 0 0.6427876 0.6427876 0 0.7660444 0.5 0 0.8660254
            0.3420202 0 0.9396926 0.1736482 0 0.9848077 0 0 1 0 0 1 0.1736482 0 0.9848077 0.3420202
            0 0.9396926 0.5 0 0.8660254 0.6427876 0 0.7660444 0.7660444 0 0.6427876 0.8660254 0 0.5
            0.9396926 0 0.3420202 0.9848077 0 0.1736482 1 0 0 0.9848077 0 -0.1736482 0.9396926 0
            -0.3420202 0.8660254 0 -0.5 0.7660444 0 -0.6427876 0.6427876 0 -0.7660444 0.5 0
            -0.8660254 0.3420202 0 -0.9396926 0.1736482 0 -0.9848077 0 0 -1</float_array>
          <technique_common>
            <accessor count="38" source="#ID43" stride="3">
              <param name="X" type="float" />
              <param name="Y" type="float" />
              <param name="Z" type="float" />
            </accessor>
          </technique_common>
        </source>
        <source id="ID44">
          <float_array id="ID45" count="76">0 0 0 0.0555555 0 0.1111111 0 0.1666667 0 0.2222223 0
            0.2777778 0 0.3333333 0 0.3888889 0 0.4444444 0 0.5 0 0.5555555 0 0.6111111 0 0.6666667
            0 0.7222222 0 0.7777777 0 0.8333333 0 0.8888888 0 0.9444444 0 1 1 1 1 0.9444444 1
            0.8888888 1 0.8333333 1 0.7777777 1 0.7222222 1 0.6666667 1 0.6111111 1 0.5555555 1 0.5
            1 0.4444444 1 0.3888889 1 0.3333333 1 0.2777778 1 0.2222223 1 0.1666667 1 0.1111111 1
            0.0555555 1 0</float_array>
          <technique_common>
            <accessor count="38" source="#ID45" stride="2">
              <param name="S" type="float" />
              <param name="T" type="float" />
            </accessor>
          </technique_common>
        </source>
        <vertices id="ID46">
          <input semantic="POSITION" source="#ID40" />
        </vertices>
        <triangles count="36" material="ID47">
          <input semantic="VERTEX" source="#ID46" offset="0" />
          <input semantic="NORMAL" source="#ID42" offset="1" />
          <input semantic="TEXCOORD" source="#ID44" offset="2" set="0" />
          <p>37 37 37 0 0 0 36 36 36 36 36 36 0 0 0 1 1 1 2 2 2 36 36 36 1 1 1 2 2 2 35 35 35 36 36
            36 2 2 2 3 3 3 35 35 35 35 35 35 3 3 3 34 34 34 34 34 34 3 3 3 33 33 33 33 33 33 3 3 3 4
            4 4 5 5 5 33 33 33 4 4 4 5 5 5 32 32 32 33 33 33 5 5 5 6 6 6 32 32 32 32 32 32 6 6 6 31
            31 31 31 31 31 6 6 6 7 7 7 30 30 30 7 7 7 29 29 29 30 30 30 31 31 31 7 7 7 7 7 7 8 8 8
            29 29 29 29 29 29 8 8 8 9 9 9 28 28 28 9 9 9 10 10 10 27 27 27 10 10 10 26 26 26 27 27
            27 28 28 28 10 10 10 10 10 10 11 11 11 26 26 26 26 26 26 11 11 11 12 12 12 25 25 25 12
            12 12 13 13 13 24 24 24 13 13 13 14 14 14 23 23 23 14 14 14 22 22 22 23 23 23 24 24 24
            14 14 14 14 14 14 15 15 15 22 22 22 22 22 22 15 15 15 16 16 16 21 21 21 16 16 16 17 17
            17 20 20 20 17 17 17 19 19 19 20 20 20 21 21 21 17 17 17 17 17 17 18 18 18 19 19 19 21
            21 21 22 22 22 16 16 16 24 24 24 25 25 25 13 13 13 25 25 25 26 26 26 12 12 12 28 28 28
            29 29 29 9 9 9</p>
        </triangles>
      </mesh>
    </geometry>
    <geometry id="ID48">
      <mesh>
        <source id="ID49">
          <float_array id="ID50" count="132">0 0.111 0.0724 0.000712 0.111 0.0724623 0.0014023 0.111
            0.0726472 0.00205 0.111 0.0729493 0.0026354 0.111 0.0733592 0.0031408 0.111 0.0738646
            0.0035507 0.111 0.07445 0.0038527 0.111 0.0750977 0.0040377 0.111 0.0757881 0.0041 0.111
            0.0765 0.0040377 0.111 0.0772119 0.0038527 0.111 0.0779023 0.0035507 0.111 0.07855
            0.0031408 0.111 0.0791354 0.0026354 0.111 0.0796408 0.00205 0.111 0.0800507 0.0014023
            0.111 0.0803528 0.000712 0.111 0.0805377 0 0.111 0.0806 0 0.1119704 0.0811603 0.0004453
            0.1119704 0.0811389 0.0008866 0.1119704 0.0810752 0.0015271 0.1119704 0.080903 0.0021367
            0.1119704 0.0806416 0.0027596 0.1119704 0.0802553 0.0032998 0.1119704 0.0797909
            0.0037628 0.1119704 0.0792495 0.0041466 0.1119704 0.078627 0.0044052 0.1119704 0.0780208
            0.0045756 0.1119704 0.0773842 0.0046391 0.1119704 0.0769441 0.0046603 0.1119704 0.0765
            0.0046391 0.1119704 0.0760559 0.0045756 0.1119704 0.0756158 0.0044052 0.1119704
            0.0749792 0.0041466 0.1119704 0.074373 0.0037628 0.1119704 0.0737505 0.0032998 0.1119704
            0.0732091 0.0027596 0.1119704 0.0727447 0.0021367 0.1119704 0.0723584 0.0015271
            0.1119704 0.072097 0.0008866 0.1119704 0.0719248 0.0004453 0.1119704 0.0718611 0
            0.1119704 0.0718397</float_array>
          <technique_common>
            <accessor count="44" source="#ID50" stride="3">
              <param name="X" type="float" />
              <param name="Y" type="float" />
              <param name="Z" type="float" />
            </accessor>
          </technique_common>
        </source>
        <source id="ID51">
          <float_array id="ID52" count="132">0 0.5 0.8660254 -0.1503837 0.5 0.8528686 -0.2961981 0.5
            0.8137977 -0.4330127 0.5 0.75 -0.5566704 0.5 0.6634139 -0.6634139 0.5 0.5566704 -0.75
            0.5 0.4330127 -0.8137977 0.5 0.2961981 -0.8528686 0.5 0.1503837 -0.8660254 0.5 0
            -0.8528686 0.5 -0.1503837 -0.8137977 0.5 -0.2961981 -0.75 0.5 -0.4330127 -0.6634139 0.5
            -0.5566704 -0.5566704 0.5 -0.6634139 -0.4330127 0.5 -0.75 -0.2961981 0.5 -0.8137977
            -0.1503837 0.5 -0.8528686 0 0.5 -0.8660254 0 0.5 -0.8660254 -0.0827535 0.5 -0.8620626
            -0.1647496 0.5 -0.8502103 -0.2837831 0.5 -0.8182097 -0.3970679 0.5 -0.7696344 -0.5128263
            0.5 -0.6978604 -0.6131997 0.5 -0.611544 -0.6992444 0.5 -0.5109376 -0.7705657 0.5
            -0.3952574 -0.8186167 0.5 -0.2826069 -0.8502964 0.5 -0.1643047 -0.8620842 0.5 -0.0825279
            -0.8660254 0.5 0 -0.8620842 0.5 0.0825279 -0.8502964 0.5 0.1643047 -0.8186167 0.5
            0.2826069 -0.7705657 0.5 0.3952574 -0.6992444 0.5 0.5109376 -0.6131997 0.5 0.611544
            -0.5128263 0.5 0.6978604 -0.3970679 0.5 0.7696344 -0.2837831 0.5 0.8182097 -0.1647496
            0.5 0.8502103 -0.0827535 0.5 0.8620626 0 0.5 0.8660254</float_array>
          <technique_common>
            <accessor count="44" source="#ID52" stride="3">
              <param name="X" type="float" />
              <param name="Y" type="float" />
              <param name="Z" type="float" />
            </accessor>
          </technique_common>
        </source>
        <source id="ID53">
          <float_array id="ID54" count="88">0 1 0 0.9444445 0 0.8888889 0 0.8333333 0 0.7777777 0
            0.7222222 0 0.6666667 0 0.6111111 0 0.5555556 0 0.5 0 0.4444444 0 0.3888889 0 0.3333333
            0 0.2777778 0 0.2222223 0 0.1666667 0 0.1111112 0 0.0555556 0 0 1 0 1 0.0304627 1
            0.0609255 1 0.1062683 1 0.1516111 1 0.201725 1 0.2504303 1 0.2991356 1 0.3491372 1
            0.3941892 1 0.4392411 1 0.4696206 1 0.5 1 0.5303795 1 0.5607589 1 0.6058109 1 0.6508628
            1 0.7008644 1 0.7495697 1 0.798275 1 0.8483889 1 0.8937318 1 0.9390746 1 0.9695373 1 1</float_array>
          <technique_common>
            <accessor count="44" source="#ID54" stride="2">
              <param name="S" type="float" />
              <param name="T" type="float" />
            </accessor>
          </technique_common>
        </source>
        <vertices id="ID55">
          <input semantic="POSITION" source="#ID49" />
        </vertices>
        <triangles count="42" material="ID56">
          <input semantic="VERTEX" source="#ID55" offset="0" />
          <input semantic="NORMAL" source="#ID51" offset="1" />
          <input semantic="TEXCOORD" source="#ID53" offset="2" set="0" />
          <p>43 43 43 0 0 0 42 42 42 42 42 42 0 0 0 1 1 1 41 41 41 1 1 1 2 2 2 40 40 40 2 2 2 39 39
            39 40 40 40 41 41 41 2 2 2 2 2 2 3 3 3 39 39 39 39 39 39 3 3 3 38 38 38 38 38 38 3 3 3 4
            4 4 37 37 37 4 4 4 5 5 5 36 36 36 5 5 5 6 6 6 35 35 35 6 6 6 7 7 7 34 34 34 7 7 7 33 33
            33 34 34 34 35 35 35 7 7 7 7 7 7 8 8 8 33 33 33 33 33 33 8 8 8 32 32 32 32 32 32 8 8 8 9
            9 9 31 31 31 9 9 9 30 30 30 31 31 31 32 32 32 9 9 9 9 9 9 10 10 10 30 30 30 30 30 30 10
            10 10 29 29 29 29 29 29 10 10 10 28 28 28 28 28 28 10 10 10 11 11 11 27 27 27 11 11 11
            12 12 12 26 26 26 12 12 12 13 13 13 25 25 25 13 13 13 14 14 14 24 24 24 14 14 14 15 15
            15 23 23 23 15 15 15 16 16 16 22 22 22 16 16 16 17 17 17 21 21 21 17 17 17 20 20 20 21
            21 21 22 22 22 17 17 17 17 17 17 18 18 18 20 20 20 20 20 20 18 18 18 19 19 19 22 22 22
            23 23 23 16 16 16 23 23 23 24 24 24 15 15 15 24 24 24 25 25 25 14 14 14 25 25 25 26 26
            26 13 13 13 26 26 26 27 27 27 12 12 12 27 27 27 28 28 28 11 11 11 35 35 35 36 36 36 6 6
            6 36 36 36 37 37 37 5 5 5 37 37 37 38 38 38 4 4 4 41 41 41 42 42 42 1 1 1</p>
        </triangles>
      </mesh>
    </geometry>
    <geometry id="ID57">
      <mesh>
        <source id="ID58">
          <float_array id="ID59" count="114">0 0.103 0.1335 0.0004775 0.103 0.1335418 0.0009406
            0.103 0.1336658 0.001375 0.103 0.1338684 0.0017677 0.103 0.1341434 0.0021066 0.103
            0.1344823 0.0023816 0.103 0.134875 0.0025842 0.103 0.1353094 0.0027082 0.103 0.1357725
            0.00275 0.103 0.13625 0.0027082 0.103 0.1367275 0.0025842 0.103 0.1371906 0.0023816
            0.103 0.137625 0.0021066 0.103 0.1380177 0.0017677 0.103 0.1383566 0.001375 0.103
            0.1386316 0.0009406 0.103 0.1388342 0.0004775 0.103 0.1389582 0 0.103 0.139 0 0.1 0.139
            0.0004775 0.1 0.1389582 0.0009406 0.1 0.1388342 0.001375 0.1 0.1386316 0.0017677 0.1
            0.1383566 0.0021066 0.1 0.1380177 0.0023816 0.1 0.137625 0.0025842 0.1 0.1371906
            0.0027082 0.1 0.1367275 0.00275 0.1 0.13625 0.0027082 0.1 0.1357725 0.0025842 0.1
            0.1353094 0.0023816 0.1 0.134875 0.0021066 0.1 0.1344823 0.0017677 0.1 0.1341434
            0.001375 0.1 0.1338684 0.0009406 0.1 0.1336658 0.0004775 0.1 0.1335418 0 0.1 0.1335</float_array>
          <technique_common>
            <accessor count="38" source="#ID59" stride="3">
              <param name="X" type="float" />
              <param name="Y" type="float" />
              <param name="Z" type="float" />
            </accessor>
          </technique_common>
        </source>
        <source id="ID60">
          <float_array id="ID61" count="114">0 0 -1 0.1736482 0 -0.9848077 0.3420202 0 -0.9396926
            0.5 0 -0.8660254 0.6427876 0 -0.7660444 0.7660444 0 -0.6427876 0.8660254 0 -0.5
            0.9396926 0 -0.3420202 0.9848077 0 -0.1736482 1 0 0 0.9848077 0 0.1736482 0.9396926 0
            0.3420202 0.8660254 0 0.5 0.7660444 0 0.6427876 0.6427876 0 0.7660444 0.5 0 0.8660254
            0.3420202 0 0.9396926 0.1736482 0 0.9848077 0 0 1 0 0 1 0.1736482 0 0.9848077 0.3420202
            0 0.9396926 0.5 0 0.8660254 0.6427876 0 0.7660444 0.7660444 0 0.6427876 0.8660254 0 0.5
            0.9396926 0 0.3420202 0.9848077 0 0.1736482 1 0 0 0.9848077 0 -0.1736482 0.9396926 0
            -0.3420202 0.8660254 0 -0.5 0.7660444 0 -0.6427876 0.6427876 0 -0.7660444 0.5 0
            -0.8660254 0.3420202 0 -0.9396926 0.1736482 0 -0.9848077 0 0 -1</float_array>
          <technique_common>
            <accessor count="38" source="#ID61" stride="3">
              <param name="X" type="float" />
              <param name="Y" type="float" />
              <param name="Z" type="float" />
            </accessor>
          </technique_common>
        </source>
        <source id="ID62">
          <float_array id="ID63" count="76">0 0 0 0.0555555 0 0.1111111 0 0.1666667 0 0.2222223 0
            0.2777778 0 0.3333333 0 0.3888889 0 0.4444444 0 0.5 0 0.5555555 0 0.6111111 0 0.6666667
            0 0.7222222 0 0.7777777 0 0.8333333 0 0.8888888 0 0.9444444 0 1 1 1 1 0.9444444 1
            0.8888888 1 0.8333333 1 0.7777777 1 0.7222222 1 0.6666667 1 0.6111111 1 0.5555555 1 0.5
            1 0.4444444 1 0.3888889 1 0.3333333 1 0.2777778 1 0.2222223 1 0.1666667 1 0.1111111 1
            0.0555555 1 0</float_array>
          <technique_common>
            <accessor count="38" source="#ID63" stride="2">
              <param name="S" type="float" />
              <param name="T" type="float" />
            </accessor>
          </technique_common>
        </source>
        <vertices id="ID64">
          <input semantic="POSITION" source="#ID58" />
        </vertices>
        <triangles count="36" material="ID65">
          <input semantic="VERTEX" source="#ID64" offset="0" />
          <input semantic="NORMAL" source="#ID60" offset="1" />
          <input semantic="TEXCOORD" source="#ID62" offset="2" set="0" />
          <p>37 37 37 0 0 0 36 36 36 36 36 36 0 0 0 1 1 1 2 2 2 36 36 36 1 1 1 2 2 2 35 35 35 36 36
            36 2 2 2 3 3 3 35 35 35 35 35 35 3 3 3 34 34 34 34 34 34 3 3 3 33 33 33 33 33 33 3 3 3 4
            4 4 5 5 5 33 33 33 4 4 4 5 5 5 32 32 32 33 33 33 5 5 5 6 6 6 32 32 32 32 32 32 6 6 6 31
            31 31 31 31 31 6 6 6 7 7 7 30 30 30 7 7 7 29 29 29 30 30 30 31 31 31 7 7 7 7 7 7 8 8 8
            29 29 29 29 29 29 8 8 8 9 9 9 28 28 28 9 9 9 10 10 10 27 27 27 10 10 10 26 26 26 27 27
            27 28 28 28 10 10 10 10 10 10 11 11 11 26 26 26 26 26 26 11 11 11 12 12 12 25 25 25 12
            12 12 13 13 13 24 24 24 13 13 13 14 14 14 23 23 23 14 14 14 22 22 22 23 23 23 24 24 24
            14 14 14 14 14 14 15 15 15 22 22 22 22 22 22 15 15 15 16 16 16 21 21 21 16 16 16 17 17
            17 20 20 20 17 17 17 19 19 19 20 20 20 21 21 21 17 17 17 17 17 17 18 18 18 19 19 19 21
            21 21 22 22 22 16 16 16 24 24 24 25 25 25 13 13 13 25 25 25 26 26 26 12 12 12 28 28 28
            29 29 29 9 9 9</p>
        </triangles>
      </mesh>
    </geometry>
    <geometry id="ID66">
      <mesh>
        <source id="ID67">
          <float_array id="ID68" count="114">0 0.1 0.139 0 0.103 0.139 -0.0004775 0.103 0.1389582
            -0.0009406 0.103 0.1388342 -0.001375 0.103 0.1386316 -0.0017677 0.103 0.1383566
            -0.0021066 0.103 0.1380177 -0.0023816 0.103 0.137625 -0.0025842 0.103 0.1371906
            -0.0027082 0.103 0.1367275 -0.00275 0.103 0.13625 -0.0027082 0.103 0.1357725 -0.0025842
            0.103 0.1353094 -0.0023816 0.103 0.134875 -0.0021066 0.103 0.1344823 -0.0017677 0.103
            0.1341434 -0.001375 0.103 0.1338684 -0.0009406 0.103 0.1336658 -0.0004775 0.103
            0.1335418 0 0.103 0.1335 0 0.1 0.1335 -0.0004775 0.1 0.1335418 -0.0009406 0.1 0.1336658
            -0.001375 0.1 0.1338684 -0.0017677 0.1 0.1341434 -0.0021066 0.1 0.1344823 -0.0023816 0.1
            0.134875 -0.0025842 0.1 0.1353094 -0.0027082 0.1 0.1357725 -0.00275 0.1 0.13625
            -0.0027082 0.1 0.1367275 -0.0025842 0.1 0.1371906 -0.0023816 0.1 0.137625 -0.0021066 0.1
            0.1380177 -0.0017677 0.1 0.1383566 -0.001375 0.1 0.1386316 -0.0009406 0.1 0.1388342
            -0.0004775 0.1 0.1389582</float_array>
          <technique_common>
            <accessor count="38" source="#ID68" stride="3">
              <param name="X" type="float" />
              <param name="Y" type="float" />
              <param name="Z" type="float" />
            </accessor>
          </technique_common>
        </source>
        <source id="ID69">
          <float_array id="ID70" count="114">0 0 1 0 0 1 -0.1736482 0 0.9848077 -0.3420202 0
            0.9396926 -0.5 0 0.8660254 -0.6427876 0 0.7660444 -0.7660444 0 0.6427876 -0.8660254 0
            0.5 -0.9396926 0 0.3420202 -0.9848077 0 0.1736482 -1 0 0 -0.9848077 0 -0.1736482
            -0.9396926 0 -0.3420202 -0.8660254 0 -0.5 -0.7660444 0 -0.6427876 -0.6427876 0
            -0.7660444 -0.5 0 -0.8660254 -0.3420202 0 -0.9396926 -0.1736482 0 -0.9848077 0 0 -1 0 0
            -1 -0.1736482 0 -0.9848077 -0.3420202 0 -0.9396926 -0.5 0 -0.8660254 -0.6427876 0
            -0.7660444 -0.7660444 0 -0.6427876 -0.8660254 0 -0.5 -0.9396926 0 -0.3420202 -0.9848077
            0 -0.1736482 -1 0 0 -0.9848077 0 0.1736482 -0.9396926 0 0.3420202 -0.8660254 0 0.5
            -0.7660444 0 0.6427876 -0.6427876 0 0.7660444 -0.5 0 0.8660254 -0.3420202 0 0.9396926
            -0.1736482 0 0.9848077</float_array>
          <technique_common>
            <accessor count="38" source="#ID70" stride="3">
              <param name="X" type="float" />
              <param name="Y" type="float" />
              <param name="Z" type="float" />
            </accessor>
          </technique_common>
        </source>
        <source id="ID71">
          <float_array id="ID72" count="76">1 0 0 0 0 0.0555556 0 0.1111112 0 0.1666667 0 0.2222223
            0 0.2777778 0 0.3333333 0 0.3888889 0 0.4444444 0 0.5 0 0.5555556 0 0.6111111 0
            0.6666667 0 0.7222222 0 0.7777777 0 0.8333333 0 0.8888889 0 0.9444445 0 1 1 1 1
            0.9444445 1 0.8888889 1 0.8333333 1 0.7777777 1 0.7222222 1 0.6666667 1 0.6111111 1
            0.5555556 1 0.5 1 0.4444444 1 0.3888889 1 0.3333333 1 0.2777778 1 0.2222223 1 0.1666667
            1 0.1111112 1 0.0555556</float_array>
          <technique_common>
            <accessor count="38" source="#ID72" stride="2">
              <param name="S" type="float" />
              <param name="T" type="float" />
            </accessor>
          </technique_common>
        </source>
        <vertices id="ID73">
          <input semantic="POSITION" source="#ID67" />
        </vertices>
        <triangles count="36" material="ID74">
          <input semantic="VERTEX" source="#ID73" offset="0" />
          <input semantic="NORMAL" source="#ID69" offset="1" />
          <input semantic="TEXCOORD" source="#ID71" offset="2" set="0" />
          <p>0 0 0 1 1 1 37 37 37 37 37 37 1 1 1 2 2 2 3 3 3 37 37 37 2 2 2 3 3 3 36 36 36 37 37 37
            3 3 3 4 4 4 36 36 36 36 36 36 4 4 4 35 35 35 35 35 35 4 4 4 34 34 34 34 34 34 4 4 4 5 5
            5 6 6 6 34 34 34 5 5 5 6 6 6 33 33 33 34 34 34 6 6 6 7 7 7 33 33 33 33 33 33 7 7 7 32 32
            32 32 32 32 7 7 7 8 8 8 31 31 31 8 8 8 30 30 30 31 31 31 32 32 32 8 8 8 8 8 8 9 9 9 30
            30 30 30 30 30 9 9 9 10 10 10 29 29 29 10 10 10 11 11 11 28 28 28 11 11 11 27 27 27 28
            28 28 29 29 29 11 11 11 11 11 11 12 12 12 27 27 27 27 27 27 12 12 12 13 13 13 26 26 26
            13 13 13 14 14 14 25 25 25 14 14 14 15 15 15 24 24 24 15 15 15 23 23 23 24 24 24 25 25
            25 15 15 15 15 15 15 16 16 16 23 23 23 23 23 23 16 16 16 17 17 17 22 22 22 17 17 17 18
            18 18 21 21 21 18 18 18 20 20 20 21 21 21 22 22 22 18 18 18 18 18 18 19 19 19 20 20 20
            22 22 22 23 23 23 17 17 17 25 25 25 26 26 26 14 14 14 26 26 26 27 27 27 13 13 13 29 29
            29 30 30 30 10 10 10</p>
        </triangles>
      </mesh>
    </geometry>
    <geometry id="ID75">
      <mesh>
        <source id="ID76">
          <float_array id="ID77" count="108">0 0.103 0.1335 -0.0004775 0.103 0.1335418 -0.0009406
            0.103 0.1336658 -0.001375 0.103 0.1338684 -0.0017677 0.103 0.1341434 -0.0021066 0.103
            0.1344823 -0.0023816 0.103 0.134875 -0.0025842 0.103 0.1353094 -0.0027082 0.103
            0.1357725 -0.00275 0.103 0.13625 -0.0027082 0.103 0.1367275 -0.0025842 0.103 0.1371906
            -0.0023816 0.103 0.137625 -0.0021066 0.103 0.1380177 -0.0017677 0.103 0.1383566
            -0.001375 0.103 0.1386316 -0.0009406 0.103 0.1388342 -0.0004775 0.103 0.1389582 0 0.103
            0.139 0.0004775 0.103 0.1389582 0.0009406 0.103 0.1388342 0.001375 0.103 0.1386316
            0.0017677 0.103 0.1383566 0.0021066 0.103 0.1380177 0.0023816 0.103 0.137625 0.0025842
            0.103 0.1371906 0.0027082 0.103 0.1367275 0.00275 0.103 0.13625 0.0027082 0.103
            0.1357725 0.0025842 0.103 0.1353094 0.0023816 0.103 0.134875 0.0021066 0.103 0.1344823
            0.0017677 0.103 0.1341434 0.001375 0.103 0.1338684 0.0009406 0.103 0.1336658 0.0004775
            0.103 0.1335418</float_array>
          <technique_common>
            <accessor count="36" source="#ID77" stride="3">
              <param name="X" type="float" />
              <param name="Y" type="float" />
              <param name="Z" type="float" />
            </accessor>
          </technique_common>
        </source>
        <source id="ID78">
          <float_array id="ID79" count="108">0 1 0 0 1 0 0 1 0 0 1 0 0 1 0 0 1 0 0 1 0 0 1 0 0 1 0 0
            1 0 0 1 0 0 1 0 0 1 0 0 1 0 0 1 0 0 1 0 0 1 0 0 1 0 0 1 0 0 1 0 0 1 0 0 1 0 0 1 0 0 1 0
            0 1 0 0 1 0 0 1 0 0 1 0 0 1 0 0 1 0 0 1 0 0 1 0 0 1 0 0 1 0 0 1 0 0 1 0</float_array>
          <technique_common>
            <accessor count="36" source="#ID79" stride="3">
              <param name="X" type="float" />
              <param name="Y" type="float" />
              <param name="Z" type="float" />
            </accessor>
          </technique_common>
        </source>
        <source id="ID80">
          <float_array id="ID81" count="72">0.5 0 0.4131759 0.0075961 0.32899 0.0301537 0.25
            0.0669873 0.1786062 0.1169778 0.1169778 0.1786062 0.0669873 0.25 0.0301537 0.32899
            0.0075961 0.4131759 0 0.5 0.0075961 0.5868241 0.0301537 0.6710101 0.0669873 0.75
            0.1169778 0.8213938 0.1786062 0.8830222 0.25 0.9330127 0.32899 0.9698463 0.4131759
            0.9924039 0.5 1 0.5868241 0.9924039 0.6710101 0.9698463 0.75 0.9330127 0.8213938
            0.8830222 0.8830222 0.8213938 0.9330127 0.75 0.9698463 0.6710101 0.9924039 0.5868241 1
            0.5 0.9924039 0.4131759 0.9698463 0.32899 0.9330127 0.25 0.8830222 0.1786062 0.8213938
            0.1169778 0.75 0.0669873 0.6710101 0.0301537 0.5868241 0.0075961</float_array>
          <technique_common>
            <accessor count="36" source="#ID81" stride="2">
              <param name="S" type="float" />
              <param name="T" type="float" />
            </accessor>
          </technique_common>
        </source>
        <vertices id="ID82">
          <input semantic="POSITION" source="#ID76" />
        </vertices>
        <triangles count="34" material="ID83">
          <input semantic="VERTEX" source="#ID82" offset="0" />
          <input semantic="NORMAL" source="#ID78" offset="1" />
          <input semantic="TEXCOORD" source="#ID80" offset="2" set="0" />
          <p>0 0 0 1 1 1 35 35 35 35 35 35 1 1 1 34 34 34 34 34 34 1 1 1 2 2 2 33 33 33 2 2 2 3 3 3
            32 32 32 3 3 3 4 4 4 31 31 31 4 4 4 5 5 5 30 30 30 5 5 5 6 6 6 29 29 29 6 6 6 7 7 7 28
            28 28 7 7 7 8 8 8 27 27 27 8 8 8 9 9 9 26 26 26 9 9 9 10 10 10 25 25 25 10 10 10 11 11
            11 24 24 24 11 11 11 12 12 12 23 23 23 12 12 12 13 13 13 22 22 22 13 13 13 14 14 14 21
            21 21 14 14 14 15 15 15 20 20 20 15 15 15 16 16 16 19 19 19 16 16 16 17 17 17 18 18 18
            19 19 19 17 17 17 19 19 19 20 20 20 16 16 16 20 20 20 21 21 21 15 15 15 21 21 21 22 22
            22 14 14 14 22 22 22 23 23 23 13 13 13 23 23 23 24 24 24 12 12 12 24 24 24 25 25 25 11
            11 11 25 25 25 26 26 26 10 10 10 26 26 26 27 27 27 9 9 9 27 27 27 28 28 28 8 8 8 28 28
            28 29 29 29 7 7 7 29 29 29 30 30 30 6 6 6 30 30 30 31 31 31 5 5 5 31 31 31 32 32 32 4 4
            4 32 32 32 33 33 33 3 3 3 33 33 33 34 34 34 2 2 2</p>
        </triangles>
      </mesh>
    </geometry>
    <geometry id="ID84">
      <mesh>
        <source id="ID85">
          <float_array id="ID86" count="12">-0.0033233 -0.063413 0 0 -0.0635871 0 0 -0.0635871
            0.0015 -0.0033234 -0.0634131 0.0014999</float_array>
          <technique_common>
            <accessor count="4" source="#ID86" stride="3">
              <param name="X" type="float" />
              <param name="Y" type="float" />
              <param name="Z" type="float" />
            </accessor>
          </technique_common>
        </source>
        <source id="ID87">
          <float_array id="ID88" count="12">-0.052336 -0.9986295 0 -0.052336 -0.9986295 0 -0.052336
            -0.9986295 0 -0.052336 -0.9986295 0</float_array>
          <technique_common>
            <accessor count="4" source="#ID88" stride="3">
              <param name="X" type="float" />
              <param name="Y" type="float" />
              <param name="Z" type="float" />
            </accessor>
          </technique_common>
        </source>
        <source id="ID89">
          <float_array id="ID90" count="8">1 0.000031 1 1 0 1 0.000061 0</float_array>
          <technique_common>
            <accessor count="4" source="#ID90" stride="2">
              <param name="S" type="float" />
              <param name="T" type="float" />
            </accessor>
          </technique_common>
        </source>
        <vertices id="ID91">
          <input semantic="POSITION" source="#ID85" />
        </vertices>
        <triangles count="2" material="ID92">
          <input semantic="VERTEX" source="#ID91" offset="0" />
          <input semantic="NORMAL" source="#ID87" offset="1" />
          <input semantic="TEXCOORD" source="#ID89" offset="2" set="0" />
          <p>1 1 1 2 2 2 0 0 0 0 0 0 2 2 2 3 3 3</p>
        </triangles>
      </mesh>
    </geometry>
    <geometry id="ID93">
      <mesh>
        <source id="ID94">
          <float_array id="ID95" count="12">0 0.0635871 0 -0.0033233 0.063413 0 -0.0033236 0.0634132
            0.0014998 0 0.0635871 0.0015</float_array>
          <technique_common>
            <accessor count="4" source="#ID95" stride="3">
              <param name="X" type="float" />
              <param name="Y" type="float" />
              <param name="Z" type="float" />
            </accessor>
          </technique_common>
        </source>
        <source id="ID96">
          <float_array id="ID97" count="12">-0.052336 0.9986295 0 -0.052336 0.9986295 0 -0.052336
            0.9986295 0 -0.052336 0.9986295 0</float_array>
          <technique_common>
            <accessor count="4" source="#ID97" stride="3">
              <param name="X" type="float" />
              <param name="Y" type="float" />
              <param name="Z" type="float" />
            </accessor>
          </technique_common>
        </source>
        <source id="ID98">
          <float_array id="ID99" count="8">1 0 1 0.9999198 0.0001577 1 0 0</float_array>
          <technique_common>
            <accessor count="4" source="#ID99" stride="2">
              <param name="S" type="float" />
              <param name="T" type="float" />
            </accessor>
          </technique_common>
        </source>
        <vertices id="ID100">
          <input semantic="POSITION" source="#ID94" />
        </vertices>
        <triangles count="2" material="ID101">
          <input semantic="VERTEX" source="#ID100" offset="0" />
          <input semantic="NORMAL" source="#ID96" offset="1" />
          <input semantic="TEXCOORD" source="#ID98" offset="2" set="0" />
          <p>0 0 0 1 1 1 3 3 3 3 3 3 1 1 1 2 2 2</p>
        </triangles>
      </mesh>
    </geometry>
    <geometry id="ID102">
      <mesh>
        <source id="ID103">
          <float_array id="ID104" count="12">0.0033233 0.063413 0 0 0.0635871 0 0 0.0635871 0.0015
            0.0033236 0.0634132 0.0014998</float_array>
          <technique_common>
            <accessor count="4" source="#ID104" stride="3">
              <param name="X" type="float" />
              <param name="Y" type="float" />
              <param name="Z" type="float" />
            </accessor>
          </technique_common>
        </source>
        <source id="ID105">
          <float_array id="ID106" count="12">0.052336 0.9986295 0 0.052336 0.9986295 0 0.052336
            0.9986295 0 0.052336 0.9986295 0</float_array>
          <technique_common>
            <accessor count="4" source="#ID106" stride="3">
              <param name="X" type="float" />
              <param name="Y" type="float" />
              <param name="Z" type="float" />
            </accessor>
          </technique_common>
        </source>
        <source id="ID107">
          <float_array id="ID108" count="8">0.0000802 0 1 0 1 1 0 0.9998423</float_array>
          <technique_common>
            <accessor count="4" source="#ID108" stride="2">
              <param name="S" type="float" />
              <param name="T" type="float" />
            </accessor>
          </technique_common>
        </source>
        <vertices id="ID109">
          <input semantic="POSITION" source="#ID103" />
        </vertices>
        <triangles count="2" material="ID110">
          <input semantic="VERTEX" source="#ID109" offset="0" />
          <input semantic="NORMAL" source="#ID105" offset="1" />
          <input semantic="TEXCOORD" source="#ID107" offset="2" set="0" />
          <p>1 1 1 2 2 2 0 0 0 0 0 0 2 2 2 3 3 3</p>
        </triangles>
      </mesh>
    </geometry>
    <geometry id="ID111">
      <mesh>
        <source id="ID112">
          <float_array id="ID113" count="120">0 0.0635871 0 0.0033233 0.063413 0 0.0139242 0.0619546
            0 0.0241296 0.0587368 0 0.0336499 0.0538511 0 0.0422145 0.0474361 0 0.0495804 0.0396741
            0 0.0555384 0.0307854 0 0.0599191 0.0210225 0 0.0625984 0.0106627 0 0.0635 0 0 0.0625984
            -0.0106627 0 0.0599191 -0.0210225 0 0.0555384 -0.0307854 0 0.0495804 -0.0396741 0
            0.0422145 -0.0474361 0 0.0336499 -0.0538511 0 0.0241296 -0.0587368 0 0.0139242
            -0.0619546 0 0.0033233 -0.063413 0 0 -0.0635871 0 -0.0033233 -0.063413 0 -0.0139242
            -0.0619546 0 -0.0241296 -0.0587368 0 -0.0336499 -0.0538511 0 -0.0422145 -0.0474361 0
            -0.0495804 -0.0396741 0 -0.0555384 -0.0307854 0 -0.0599191 -0.0210225 0 -0.0625984
            -0.0106627 0 -0.0635 0 0 -0.0625984 0.0106627 0 -0.0599191 0.0210225 0 -0.0555384
            0.0307854 0 -0.0495804 0.0396741 0 -0.0422145 0.0474361 0 -0.0336499 0.0538511 0
            -0.0241296 0.0587368 0 -0.0139242 0.0619546 0 -0.0033233 0.063413 0</float_array>
          <technique_common>
            <accessor count="40" source="#ID113" stride="3">
              <param name="X" type="float" />
              <param name="Y" type="float" />
              <param name="Z" type="float" />
            </accessor>
          </technique_common>
        </source>
        <source id="ID114">
          <float_array id="ID115" count="120">0 0 -1 0 0 -1 0 0 -1 0 0 -1 0 0 -1 0 0 -1 0 0 -1 0 0
            -1 0 0 -1 0 0 -1 0 0 -1 0 0 -1 0 0 -1 0 0 -1 0 0 -1 0 0 -1 0 0 -1 0 0 -1 0 0 -1 0 0 -1 0
            0 -1 0 0 -1 0 0 -1 0 0 -1 0 0 -1 0 0 -1 0 0 -1 0 0 -1 0 0 -1 0 0 -1 0 0 -1 0 0 -1 0 0 -1
            0 0 -1 0 0 -1 0 0 -1 0 0 -1 0 0 -1 0 0 -1 0 0 -1</float_array>
          <technique_common>
            <accessor count="40" source="#ID115" stride="3">
              <param name="X" type="float" />
              <param name="Y" type="float" />
              <param name="Z" type="float" />
            </accessor>
          </technique_common>
        </source>
        <source id="ID116">
          <float_array id="ID117" count="80">0 0.5 0.0013695 0.526168 0.0128374 0.6096393 0.0381394
            0.6899971 0.076557 0.7649596 0.1269993 0.8323979 0.1880338 0.890397 0.2579274 0.9373099
            0.3346951 0.9718043 0.4161571 0.9929007 0.5 1 0.5838429 0.9929007 0.6653049 0.9718043
            0.7420726 0.9373099 0.8119661 0.890397 0.8730007 0.8323979 0.923443 0.7649596 0.9618605
            0.6899971 0.9871626 0.6096393 0.9986305 0.526168 1 0.5 0.9986305 0.473832 0.9871626
            0.3903607 0.9618605 0.3100028 0.923443 0.2350404 0.8730007 0.1676021 0.8119661 0.109603
            0.7420726 0.0626901 0.6653049 0.0281957 0.5838429 0.0070993 0.5 0 0.4161571 0.0070993
            0.3346951 0.0281957 0.2579274 0.0626901 0.1880338 0.109603 0.1269993 0.1676021 0.076557
            0.2350404 0.0381394 0.3100028 0.0128374 0.3903607 0.0013695 0.473832</float_array>
          <technique_common>
            <accessor count="40" source="#ID117" stride="2">
              <param name="S" type="float" />
              <param name="T" type="float" />
            </accessor>
          </technique_common>
        </source>
        <vertices id="ID118">
          <input semantic="POSITION" source="#ID112" />
        </vertices>
        <triangles count="38" material="ID119">
          <input semantic="VERTEX" source="#ID118" offset="0" />
          <input semantic="NORMAL" source="#ID114" offset="1" />
          <input semantic="TEXCOORD" source="#ID116" offset="2" set="0" />
          <p>0 0 0 1 1 1 39 39 39 39 39 39 1 1 1 19 19 19 21 21 21 19 19 19 20 20 20 21 21 21 39 39
            39 19 19 19 21 21 21 38 38 38 39 39 39 21 21 21 22 22 22 38 38 38 38 38 38 22 22 22 37
            37 37 37 37 37 22 22 22 23 23 23 36 36 36 23 23 23 24 24 24 35 35 35 24 24 24 25 25 25
            34 34 34 25 25 25 26 26 26 33 33 33 26 26 26 27 27 27 32 32 32 27 27 27 28 28 28 31 31
            31 28 28 28 29 29 29 30 30 30 31 31 31 29 29 29 19 19 19 1 1 1 18 18 18 18 18 18 1 1 1 2
            2 2 17 17 17 2 2 2 3 3 3 16 16 16 3 3 3 4 4 4 15 15 15 4 4 4 5 5 5 14 14 14 5 5 5 6 6 6
            13 13 13 6 6 6 7 7 7 12 12 12 7 7 7 8 8 8 11 11 11 8 8 8 9 9 9 10 10 10 11 11 11 9 9 9
            11 11 11 12 12 12 8 8 8 12 12 12 13 13 13 7 7 7 13 13 13 14 14 14 6 6 6 14 14 14 15 15
            15 5 5 5 15 15 15 16 16 16 4 4 4 16 16 16 17 17 17 3 3 3 17 17 17 18 18 18 2 2 2 31 31
            31 32 32 32 28 28 28 32 32 32 33 33 33 27 27 27 33 33 33 34 34 34 26 26 26 34 34 34 35
            35 35 25 25 25 35 35 35 36 36 36 24 24 24 36 36 36 37 37 37 23 23 23</p>
        </triangles>
      </mesh>
    </geometry>
    <geometry id="ID120">
      <mesh>
        <source id="ID121">
          <float_array id="ID122" count="12">0 -0.0635871 0 0.0033233 -0.063413 0 0.0033234
            -0.0634131 0.0014999 0 -0.0635871 0.0015</float_array>
          <technique_common>
            <accessor count="4" source="#ID122" stride="3">
              <param name="X" type="float" />
              <param name="Y" type="float" />
              <param name="Z" type="float" />
            </accessor>
          </technique_common>
        </source>
        <source id="ID123">
          <float_array id="ID124" count="12">0.052336 -0.9986295 0 0.052336 -0.9986295 0 0.052336
            -0.9986295 0 0.052336 -0.9986295 0</float_array>
          <technique_common>
            <accessor count="4" source="#ID124" stride="3">
              <param name="X" type="float" />
              <param name="Y" type="float" />
              <param name="Z" type="float" />
            </accessor>
          </technique_common>
        </source>
        <source id="ID125">
          <float_array id="ID126" count="8">0 1 0 0.000031 0.999939 0 1 1</float_array>
          <technique_common>
            <accessor count="4" source="#ID126" stride="2">
              <param name="S" type="float" />
              <param name="T" type="float" />
            </accessor>
          </technique_common>
        </source>
        <vertices id="ID127">
          <input semantic="POSITION" source="#ID121" />
        </vertices>
        <triangles count="2" material="ID128">
          <input semantic="VERTEX" source="#ID127" offset="0" />
          <input semantic="NORMAL" source="#ID123" offset="1" />
          <input semantic="TEXCOORD" source="#ID125" offset="2" set="0" />
          <p>0 0 0 1 1 1 3 3 3 3 3 3 1 1 1 2 2 2</p>
        </triangles>
      </mesh>
    </geometry>
    <geometry id="ID129">
      <mesh>
        <source id="ID130">
          <float_array id="ID131" count="108">0 0.111 0.0806 0.000712 0.111 0.0805377 0.0014023
            0.111 0.0803528 0.00205 0.111 0.0800507 0.0026354 0.111 0.0796408 0.0031408 0.111
            0.0791354 0.0035507 0.111 0.07855 0.0038527 0.111 0.0779023 0.0040377 0.111 0.0772119
            0.0041 0.111 0.0765 0.0040377 0.111 0.0757881 0.0038527 0.111 0.0750977 0.0035507 0.111
            0.07445 0.0031408 0.111 0.0738646 0.0026354 0.111 0.0733592 0.00205 0.111 0.0729493
            0.0014023 0.111 0.0726472 0.000712 0.111 0.0724623 0 0.111 0.0724 -0.000712 0.111
            0.0724623 -0.0014023 0.111 0.0726472 -0.00205 0.111 0.0729493 -0.0026354 0.111 0.0733592
            -0.0031408 0.111 0.0738646 -0.0035507 0.111 0.07445 -0.0038527 0.111 0.0750977
            -0.0040377 0.111 0.0757881 -0.0041 0.111 0.0765 -0.0040377 0.111 0.0772119 -0.0038527
            0.111 0.0779023 -0.0035507 0.111 0.07855 -0.0031408 0.111 0.0791354 -0.0026354 0.111
            0.0796408 -0.00205 0.111 0.0800507 -0.0014023 0.111 0.0803528 -0.000712 0.111 0.0805377</float_array>
          <technique_common>
            <accessor count="36" source="#ID131" stride="3">
              <param name="X" type="float" />
              <param name="Y" type="float" />
              <param name="Z" type="float" />
            </accessor>
          </technique_common>
        </source>
        <source id="ID132">
          <float_array id="ID133" count="108">0 1 0 0 1 0 0 1 0 0 1 0 0 1 0 0 1 0 0 1 0 0 1 0 0 1 0
            0 1 0 0 1 0 0 1 0 0 1 0 0 1 0 0 1 0 0 1 0 0 1 0 0 1 0 0 1 0 0 1 0 0 1 0 0 1 0 0 1 0 0 1
            0 0 1 0 0 1 0 0 1 0 0 1 0 0 1 0 0 1 0 0 1 0 0 1 0 0 1 0 0 1 0 0 1 0 0 1 0</float_array>
          <technique_common>
            <accessor count="36" source="#ID133" stride="3">
              <param name="X" type="float" />
              <param name="Y" type="float" />
              <param name="Z" type="float" />
            </accessor>
          </technique_common>
        </source>
        <source id="ID134">
          <float_array id="ID135" count="72">0 0.5 0.0075961 0.4131759 0.0301537 0.3289899 0.0669873
            0.25 0.1169778 0.1786062 0.1786062 0.1169778 0.25 0.0669873 0.3289899 0.0301537
            0.4131759 0.0075961 0.5 0 0.5868241 0.0075961 0.6710101 0.0301537 0.75 0.0669873
            0.8213938 0.1169778 0.8830222 0.1786062 0.9330127 0.25 0.9698463 0.3289899 0.9924039
            0.4131759 1 0.5 0.9924039 0.5868241 0.9698463 0.6710101 0.9330127 0.75 0.8830222
            0.8213938 0.8213938 0.8830222 0.75 0.9330127 0.6710101 0.9698463 0.5868241 0.9924039 0.5
            1 0.4131759 0.9924039 0.3289899 0.9698463 0.25 0.9330127 0.1786062 0.8830222 0.1169778
            0.8213938 0.0669873 0.75 0.0301537 0.6710101 0.0075961 0.5868241</float_array>
          <technique_common>
            <accessor count="36" source="#ID135" stride="2">
              <param name="S" type="float" />
              <param name="T" type="float" />
            </accessor>
          </technique_common>
        </source>
        <vertices id="ID136">
          <input semantic="POSITION" source="#ID130" />
        </vertices>
        <triangles count="34" material="ID137">
          <input semantic="VERTEX" source="#ID136" offset="0" />
          <input semantic="NORMAL" source="#ID132" offset="1" />
          <input semantic="TEXCOORD" source="#ID134" offset="2" set="0" />
          <p>8 8 8 10 10 10 7 7 7 8 8 8 9 9 9 10 10 10 7 7 7 11 11 11 6 6 6 7 7 7 10 10 10 11 11 11
            6 6 6 12 12 12 5 5 5 6 6 6 11 11 11 12 12 12 5 5 5 13 13 13 4 4 4 5 5 5 12 12 12 13 13
            13 13 13 13 14 14 14 4 4 4 4 4 4 14 14 14 3 3 3 3 3 3 14 14 14 15 15 15 2 2 2 15 15 15
            16 16 16 1 1 1 16 16 16 17 17 17 0 0 0 17 17 17 18 18 18 35 35 35 18 18 18 19 19 19 34
            34 34 19 19 19 20 20 20 33 33 33 20 20 20 21 21 21 32 32 32 21 21 21 22 22 22 31 31 31
            22 22 22 23 23 23 30 30 30 23 23 23 24 24 24 29 29 29 24 24 24 25 25 25 28 28 28 25 25
            25 26 26 26 27 27 27 28 28 28 26 26 26 28 28 28 29 29 29 25 25 25 29 29 29 30 30 30 24
            24 24 30 30 30 31 31 31 23 23 23 31 31 31 32 32 32 22 22 22 32 32 32 33 33 33 21 21 21
            33 33 33 34 34 34 20 20 20 34 34 34 35 35 35 19 19 19 35 35 35 0 0 0 18 18 18 17 17 17 0
            0 0 1 1 1 16 16 16 1 1 1 2 2 2 15 15 15 2 2 2 3 3 3</p>
        </triangles>
      </mesh>
    </geometry>
    <geometry id="ID138">
      <mesh>
        <source id="ID139">
          <float_array id="ID140" count="90">-0.0635 0 0 -0.0625984 -0.0106627 0 -0.0599191
            -0.0210225 0 -0.0555384 -0.0307854 0 -0.0495804 -0.0396741 0 -0.0422145 -0.0474361 0
            -0.0336499 -0.0538511 0 -0.0241296 -0.0587368 0 -0.0139242 -0.0619546 0 -0.0033233
            -0.063413 0 -0.0033234 -0.0634131 0.0014999 -0.0034396 -0.0634069 0.0014999 -0.007275
            -0.0630823 0.0014998 -0.0111508 -0.0625134 0.0014999 -0.0184519 -0.0607601 0.0015001
            -0.0252489 -0.0582647 0.0015001 -0.0315296 -0.0551196 0.0015 -0.0358158 -0.0524363
            0.0014997 -0.0373596 -0.0513477 0.0014996 -0.0427439 -0.0469605 0.0014998 -0.0440996
            -0.0456895 0.0014999 -0.0476766 -0.0419431 0.0015 -0.0521302 -0.0362588 0.0015
            -0.0560525 -0.0298397 0.0015001 -0.0593627 -0.0225469 0.0014999 -0.0618855 -0.0142287
            0.0015 -0.0633515 -0.004339 0.0015001 -0.0634999 0.0000002 0.0015001 -0.0633515
            -0.004339 0.0015001 -0.0635 0 0</float_array>
          <technique_common>
            <accessor count="30" source="#ID140" stride="3">
              <param name="X" type="float" />
              <param name="Y" type="float" />
              <param name="Z" type="float" />
            </accessor>
          </technique_common>
        </source>
        <source id="ID141">
          <float_array id="ID142" count="90">-1 0 0 -0.9858013 -0.1679159 0 -0.9436085 -0.3310634 0
            -0.8746197 -0.4848096 0 -0.780794 -0.6247885 0 -0.6647959 -0.7470251 0 -0.5299193
            -0.8480481 0 -0.3799944 -0.9249888 0 -0.2192786 -0.9756623 0 -0.052336 -0.9986295 0
            -0.0523376 -0.9986295 0 -0.0541667 -0.9985319 0 -0.1145667 -0.9934155 0 -0.1756033
            -0.984461 0 -0.290581 -0.9568504 0 -0.3976192 -0.9175505 0 -0.4965275 -0.868021 0
            -0.5640221 -0.8257597 0 -0.5883354 -0.808617 0 -0.6731257 -0.7395281 0 -0.6944777
            -0.7195143 0 -0.75081 -0.6605182 0 -0.8209471 -0.5710043 0 -0.8827123 -0.4699138 0
            -0.9348409 -0.355067 0 -0.9745722 -0.2240734 0 -0.9976627 -0.0683309 0 -1 0.0000034 0
            -0.9976627 -0.0683309 0 -1 0 0</float_array>
          <technique_common>
            <accessor count="30" source="#ID142" stride="3">
              <param name="X" type="float" />
              <param name="Y" type="float" />
              <param name="Z" type="float" />
            </accessor>
          </technique_common>
        </source>
        <source id="ID143">
          <float_array id="ID144" count="60">1 1 1 0.9734372 1 0.9468745 1 0.9203117 1 0.893749 1
            0.8671862 1 0.8406235 1 0.8140607 1 0.787498 1 0.7609352 0.0001413 0.7609355 0.0001665
            0.7612239 0.0002271 0.7707688 0.0001262 0.7804829 0 0.7991107 0 0.8170727 0.0000706
            0.8344972 0.0003028 0.8470382 0.0003431 0.8517221 0.0002069 0.8689506 0.0001564
            0.8735583 0.000111 0.8864046 0.0000606 0.9043184 0 0.9229807 0.0001262 0.9428509
            0.000106 0.9644195 0 0 0.0000404 0.0107671 0 0.9892335 1 0.0107665</float_array>
          <technique_common>
            <accessor count="30" source="#ID144" stride="2">
              <param name="S" type="float" />
              <param name="T" type="float" />
            </accessor>
          </technique_common>
        </source>
        <vertices id="ID145">
          <input semantic="POSITION" source="#ID139" />
        </vertices>
        <triangles count="26" material="ID146">
          <input semantic="VERTEX" source="#ID145" offset="0" />
          <input semantic="NORMAL" source="#ID141" offset="1" />
          <input semantic="TEXCOORD" source="#ID143" offset="2" set="0" />
          <p>27 27 27 29 29 29 26 26 26 28 28 28 0 0 0 1 1 1 25 25 25 1 1 1 2 2 2 24 24 24 2 2 2 3 3
            3 23 23 23 3 3 3 22 22 22 23 23 23 24 24 24 3 3 3 3 3 3 4 4 4 22 22 22 22 22 22 4 4 4 21
            21 21 21 21 21 4 4 4 5 5 5 20 20 20 5 5 5 19 19 19 20 20 20 21 21 21 5 5 5 19 19 19 5 5
            5 18 18 18 18 18 18 5 5 5 6 6 6 17 17 17 6 6 6 16 16 16 17 17 17 18 18 18 6 6 6 6 6 6 7
            7 7 16 16 16 16 16 16 7 7 7 15 15 15 15 15 15 7 7 7 14 14 14 14 14 14 7 7 7 8 8 8 13 13
            13 8 8 8 12 12 12 13 13 13 14 14 14 8 8 8 8 8 8 9 9 9 12 12 12 12 12 12 9 9 9 11 11 11
            11 11 11 9 9 9 10 10 10 24 24 24 25 25 25 2 2 2 25 25 25 28 28 28 1 1 1</p>
        </triangles>
      </mesh>
    </geometry>
    <geometry id="ID147">
      <mesh>
        <source id="ID148">
          <float_array id="ID149" count="84">-0.0033233 0.063413 0 -0.0139242 0.0619546 0 -0.0241296
            0.0587368 0 -0.0336499 0.0538511 0 -0.0422145 0.0474361 0 -0.0495804 0.0396741 0
            -0.0555384 0.0307854 0 -0.0599191 0.0210225 0 -0.0625984 0.0106627 0 -0.0635 0 0
            -0.0634999 0.0000002 0.0015001 -0.063312 0.0048839 0.0015 -0.0625987 0.0106607 0.0015001
            -0.0618113 0.0145481 0.0015 -0.0596536 0.0217664 0.0014998 -0.0592757 0.0227751
            0.0014998 -0.055966 0.0300016 0.0015001 -0.0539878 0.0334294 0.0015002 -0.0520368
            0.0363924 0.0015001 -0.0475948 0.0420354 0.0015001 -0.0438444 0.0459342 0.0015
            -0.0426811 0.0470172 0.0015 -0.0373052 0.0513865 0.0015 -0.0314855 0.0551448 0.0015001
            -0.0251801 0.0582945 0.0015001 -0.0184463 0.0607618 0.0015001 -0.0111369 0.0625156
            0.0015001 -0.0033236 0.0634132 0.0014998</float_array>
          <technique_common>
            <accessor count="28" source="#ID149" stride="3">
              <param name="X" type="float" />
              <param name="Y" type="float" />
              <param name="Z" type="float" />
            </accessor>
          </technique_common>
        </source>
        <source id="ID150">
          <float_array id="ID151" count="84">-0.052336 0.9986295 0 -0.2192786 0.9756623 0 -0.3799944
            0.9249888 0 -0.5299193 0.8480481 0 -0.6647959 0.7470251 0 -0.780794 0.6247885 0
            -0.8746197 0.4848096 0 -0.9436085 0.3310634 0 -0.9858013 0.1679159 0 -1 0 0 -1 0.0000034
            0 -0.9970379 0.0769122 0 -0.9858066 0.1678848 0 -0.9734023 0.2291024 0 -0.939418
            0.3427738 0 -0.933468 0.3586606 0 -0.8813499 0.4724641 0 -0.8502059 0.5264503 0
            -0.8194789 0.5731094 0 -0.7495252 0.6619757 0 -0.6904599 0.7233707 0 -0.6721396
            0.7404245 0 -0.5874829 0.8092366 0 -0.4958332 0.8684178 0 -0.3965355 0.9180194 0
            -0.290493 0.9568771 0 -0.1753844 0.9845001 0 -0.0523402 0.9986293 0</float_array>
          <technique_common>
            <accessor count="28" source="#ID151" stride="3">
              <param name="X" type="float" />
              <param name="Y" type="float" />
              <param name="Z" type="float" />
            </accessor>
          </technique_common>
        </source>
        <source id="ID152">
          <float_array id="ID153" count="56">1 1 1 0.8888888 1 0.7777779 1 0.6666665 1 0.5555555 1
            0.4444445 1 0.3333332 1 0.2222223 1 0.1111112 1 0 0.0001161 0.0000024 0.0001665
            0.0507025 0.000111 0.1110904 0.0001665 0.1522327 0.0002624 0.2304133 0.0002725 0.2415858
            0.000111 0.3240731 0 0.3651255 0.0000656 0.4019234 0.0000807 0.4764453 0.0001716
            0.5325688 0.0001867 0.5490529 0.0001413 0.6209357 0.0001009 0.6928194 0.000106 0.7659566
            0.0000807 0.8403738 0.0000706 0.9183789 0.0003128 0.9999973</float_array>
          <technique_common>
            <accessor count="28" source="#ID153" stride="2">
              <param name="S" type="float" />
              <param name="T" type="float" />
            </accessor>
          </technique_common>
        </source>
        <vertices id="ID154">
          <input semantic="POSITION" source="#ID148" />
        </vertices>
        <triangles count="26" material="ID155">
          <input semantic="VERTEX" source="#ID154" offset="0" />
          <input semantic="NORMAL" source="#ID150" offset="1" />
          <input semantic="TEXCOORD" source="#ID152" offset="2" set="0" />
          <p>27 27 27 0 0 0 26 26 26 26 26 26 0 0 0 1 1 1 25 25 25 1 1 1 2 2 2 24 24 24 2 2 2 23 23
            23 24 24 24 25 25 25 2 2 2 2 2 2 3 3 3 23 23 23 23 23 23 3 3 3 22 22 22 22 22 22 3 3 3 4
            4 4 21 21 21 4 4 4 20 20 20 21 21 21 22 22 22 4 4 4 20 20 20 4 4 4 19 19 19 19 19 19 4 4
            4 5 5 5 18 18 18 5 5 5 6 6 6 17 17 17 6 6 6 16 16 16 17 17 17 18 18 18 6 6 6 16 16 16 6
            6 6 15 15 15 15 15 15 6 6 6 7 7 7 14 14 14 7 7 7 13 13 13 14 14 14 15 15 15 7 7 7 7 7 7
            8 8 8 13 13 13 13 13 13 8 8 8 12 12 12 12 12 12 8 8 8 11 11 11 11 11 11 8 8 8 9 9 9 10
            10 10 11 11 11 9 9 9 18 18 18 19 19 19 5 5 5 25 25 25 26 26 26 1 1 1</p>
        </triangles>
      </mesh>
    </geometry>
    <geometry id="ID156">
      <mesh>
        <source id="ID157">
          <float_array id="ID158" count="108">-0.0033234 -0.0634131 0.0014999 0 -0.0635871 0.0015 0
            -0.0637661 0.0066871 0 -0.0640731 0.008657 0 -0.0643052 0.009493 0 -0.0645991 0.0102326
            0 -0.0649617 0.0108775 0 -0.0653999 0.0114299 0 -0.0656495 0.011672 0 -0.0659206
            0.0118917 0 -0.0665308 0.012265 0 -0.0672374 0.0125517 0 -0.0680475 0.012754 0
            -0.0689654 0.0128735 0 -0.07 0.0129129 -0.0033236 -0.0700002 0.0130868 -0.0033228
            -0.0693174 0.0130645 -0.0033234 -0.0681649 0.0129323 -0.0033232 -0.067949 0.0128911
            -0.003323 -0.0671618 0.0126786 -0.0033232 -0.0667238 0.0125078 -0.0033233 -0.0663263
            0.0123095 -0.0033234 -0.0661923 0.0122311 -0.0033234 -0.0659642 0.0120818 -0.0033234
            -0.0656382 0.0118276 -0.0033234 -0.0654892 0.0116926 -0.0033234 -0.0653455 0.011549
            -0.0033233 -0.0650784 0.0112407 -0.0033233 -0.0649192 0.0110249 -0.0033232 -0.0646436
            0.0105764 -0.0033232 -0.0643709 0.0100038 -0.0033232 -0.0641501 0.0093959 -0.0033232
            -0.0640389 0.0090166 -0.0033233 -0.0637092 0.0073335 -0.0033232 -0.0635349 0.0055697
            -0.0033232 -0.0635199 0.0053354</float_array>
          <technique_common>
            <accessor count="36" source="#ID158" stride="3">
              <param name="X" type="float" />
              <param name="Y" type="float" />
              <param name="Z" type="float" />
            </accessor>
          </technique_common>
        </source>
        <source id="ID159">
          <float_array id="ID160" count="108">-0.0523346 -0.9986041 -0.0071371 -0.052336 -0.9986295
            0 -0.0403725 -0.9942838 -0.0988421 -0.036299 -0.9738936 -0.2240837 -0.0351823 -0.9483133
            -0.3153792 -0.0348641 -0.9035229 -0.4271193 -0.0354095 -0.8313202 -0.5546646 -0.0367494
            -0.7267579 -0.6859099 -0.0376568 -0.6632032 -0.7474914 -0.0386816 -0.594061 -0.8034894
            -0.0409791 -0.4479741 -0.8931069 -0.0435096 -0.3065966 -0.9508446 -0.0462436 -0.1825774
            -0.9821033 -0.0491832 -0.0807736 -0.9955183 -0.052336 0 -0.9986295 -0.0523341 -0.009806
            -0.9985815 -0.0502885 -0.0593704 -0.9969685 -0.0466741 -0.1747379 -0.9835081 -0.0459715
            -0.2021712 -0.9782706 -0.0433272 -0.3223027 -0.9456446 -0.0417904 -0.4045727 -0.9135505
            -0.040353 -0.4890459 -0.8713242 -0.0398606 -0.5194513 -0.8535698 -0.0390167 -0.5730829
            -0.8185681 -0.0378176 -0.6524083 -0.7569236 -0.0372851 -0.6889353 -0.7238632 -0.0367902
            -0.723859 -0.6889663 -0.0359545 -0.7865726 -0.6164502 -0.0355357 -0.8218424 -0.5686055
            -0.0350387 -0.8773046 -0.4786533 -0.0349905 -0.9231527 -0.3828377 -0.0354607 -0.9526354
            -0.3020402 -0.0359479 -0.9647433 -0.260726 -0.0391118 -0.9899061 -0.1362214 -0.0431342
            -0.9968013 -0.0672808 -0.0436817 -0.9971845 -0.0609515</float_array>
          <technique_common>
            <accessor count="36" source="#ID160" stride="3">
              <param name="X" type="float" />
              <param name="Y" type="float" />
              <param name="Z" type="float" />
            </accessor>
          </technique_common>
        </source>
        <source id="ID161">
          <float_array id="ID162" count="72">1 1 0 1 0 0.7499248 0 0.6248872 0 0.5623684 0 0.4998497
            0 0.4373309 0 0.3748121 0 0.3435527 0 0.3122933 0 0.2497745 0 0.1872557 0 0.1247369 0
            0.0623745 0 0.000012 1 0 0.999842 0.0399077 1 0.1148923 0.9999704 0.1302544 0.9999036
            0.1907752 0.9999449 0.228197 0.9999956 0.2651099 1 0.2783076 1 0.3018019 1 0.3379522 1
            0.3556368 1 0.3735044 0.9999931 0.4091373 0.9999862 0.4322362 0.999975 0.4764248
            0.9999733 0.5271446 0.9999719 0.5757716 0.9999728 0.6039681 0.999989 0.7146418 0.9999582
            0.8130753 0.9999655 0.8251654</float_array>
          <technique_common>
            <accessor count="36" source="#ID162" stride="2">
              <param name="S" type="float" />
              <param name="T" type="float" />
            </accessor>
          </technique_common>
        </source>
        <vertices id="ID163">
          <input semantic="POSITION" source="#ID157" />
        </vertices>
        <triangles count="34" material="ID164">
          <input semantic="VERTEX" source="#ID163" offset="0" />
          <input semantic="NORMAL" source="#ID159" offset="1" />
          <input semantic="TEXCOORD" source="#ID161" offset="2" set="0" />
          <p>0 0 0 1 1 1 35 35 35 35 35 35 1 1 1 2 2 2 34 34 34 2 2 2 33 33 33 34 34 34 35 35 35 2 2
            2 2 2 2 3 3 3 33 33 33 33 33 33 3 3 3 32 32 32 32 32 32 3 3 3 4 4 4 31 31 31 4 4 4 30 30
            30 31 31 31 32 32 32 4 4 4 4 4 4 5 5 5 30 30 30 30 30 30 5 5 5 29 29 29 29 29 29 5 5 5 6
            6 6 28 28 28 6 6 6 27 27 27 28 28 28 29 29 29 6 6 6 6 6 6 7 7 7 27 27 27 27 27 27 7 7 7
            26 26 26 26 26 26 7 7 7 25 25 25 25 25 25 7 7 7 8 8 8 24 24 24 8 8 8 9 9 9 23 23 23 9 9
            9 22 22 22 23 23 23 24 24 24 9 9 9 9 9 9 10 10 10 22 22 22 22 22 22 10 10 10 21 21 21 21
            21 21 10 10 10 20 20 20 20 20 20 10 10 10 11 11 11 19 19 19 11 11 11 18 18 18 19 19 19
            20 20 20 11 11 11 11 11 11 12 12 12 18 18 18 18 18 18 12 12 12 17 17 17 17 17 17 12 12
            12 13 13 13 16 16 16 13 13 13 14 14 14 15 15 15 16 16 16 14 14 14 16 16 16 17 17 17 13
            13 13 24 24 24 25 25 25 8 8 8</p>
        </triangles>
      </mesh>
    </geometry>
    <geometry id="ID165">
      <mesh>
        <source id="ID166">
          <float_array id="ID167" count="102">0 0.0635871 0.0015 -0.0033236 0.0634132 0.0014998
            -0.0033236 0.0634195 0.0021733 -0.0033235 0.0635813 0.0060404 -0.0033235 0.0636962
            0.0071375 -0.0033234 0.0640782 0.0091477 -0.0033234 0.0642068 0.0095777 -0.0033234
            0.0645084 0.0103527 -0.0033234 0.0646743 0.0106833 -0.0033234 0.0649043 0.011064
            -0.0033234 0.0651445 0.0113892 -0.0033234 0.0654077 0.0116817 -0.0033234 0.0655248
            0.0117946 -0.0033234 0.0660495 0.0122014 -0.0033234 0.0666699 0.012532 -0.0033234
            0.0668434 0.0126035 -0.0033234 0.0677933 0.0128801 -0.0033234 0.0681499 0.012946
            -0.0033234 0.0689067 0.0130378 -0.0033235 0.0700001 0.0130869 0 0.07 0.0129129 0
            0.0681716 0.0127937 0 0.0673981 0.0126348 0 0.0667133 0.0124014 0 0.0661124 0.0120872 0
            0.0658417 0.0118978 0 0.06559 0.0116858 0 0.0653568 0.0114504 0 0.0651414 0.0111909 0
            0.0647614 0.0105962 0 0.0644451 0.009896 0 0.0641873 0.0090835 0 0.0638271 0.0070968 0
            0.0636404 0.0045857</float_array>
          <technique_common>
            <accessor count="34" source="#ID167" stride="3">
              <param name="X" type="float" />
              <param name="Y" type="float" />
              <param name="Z" type="float" />
            </accessor>
          </technique_common>
        </source>
        <source id="ID168">
          <float_array id="ID169" count="102">-0.052336 0.9986295 0 -0.0523353 0.9986092 -0.0063727
            -0.0510366 0.9986179 -0.0125514 -0.0429875 0.9955047 -0.084394 -0.04062 0.9911631
            -0.1262761 -0.036756 0.9639513 -0.2635276 -0.0361582 0.9499782 -0.310216 -0.0355335
            0.9070794 -0.4194571 -0.0355252 0.8775444 -0.4781775 -0.0357833 0.8303415 -0.5561048
            -0.0362862 0.774675 -0.6313176 -0.0370094 0.7086116 -0.7046275 -0.0373677 0.6782758
            -0.7338567 -0.039106 0.5426248 -0.8390644 -0.0412403 0.3981461 -0.9163945 -0.041837
            0.362432 -0.9310707 -0.0450734 0.2045712 -0.9778134 -0.0462746 0.1597589 -0.9860709
            -0.048794 0.0845761 -0.9952216 -0.0523334 0.0105844 -0.9985736 -0.052336 0 -0.9986295
            -0.0462815 0.1490301 -0.987749 -0.0436393 0.2584824 -0.9650298 -0.0412685 0.3907106
            -0.919588 -0.0391625 0.5363705 -0.8430735 -0.038221 0.608837 -0.7923741 -0.0373748
            0.677601 -0.7344794 -0.0366488 0.7403522 -0.6712194 -0.0360714 0.7954525 -0.6049415
            -0.0354626 0.880366 -0.4729674 -0.0356682 0.9345285 -0.3540964 -0.0366658 0.9661233
            -0.2554629 -0.0405458 0.9921708 -0.1181237 -0.0460359 0.9981176 -0.0405203</float_array>
          <technique_common>
            <accessor count="34" source="#ID169" stride="3">
              <param name="X" type="float" />
              <param name="Y" type="float" />
              <param name="Z" type="float" />
            </accessor>
          </technique_common>
        </source>
        <source id="ID170">
          <float_array id="ID171" count="68">0 0.9999915 1 1 1 0.9748608 1 0.8076417 1 0.7501503 1
            0.6250752 1 0.5935366 1 0.5302497 1 0.5 1 0.4619413 1 0.425954 1 0.3899666 1 0.3749249 1
            0.3133098 1 0.2498497 1 0.2334986 1 0.1523023 1 0.1247745 1 0.0704812 1 0 0 0.0000076 0
            0.1247745 0 0.1873121 0 0.2498497 0 0.3123873 0 0.3436561 0 0.3749249 0 0.4061936 0
            0.4374622 0 0.4999996 0 0.5624986 0 0.6249976 0 0.7499956 0 0.8749936</float_array>
          <technique_common>
            <accessor count="34" source="#ID171" stride="2">
              <param name="S" type="float" />
              <param name="T" type="float" />
            </accessor>
          </technique_common>
        </source>
        <vertices id="ID172">
          <input semantic="POSITION" source="#ID166" />
        </vertices>
        <triangles count="32" material="ID173">
          <input semantic="VERTEX" source="#ID172" offset="0" />
          <input semantic="NORMAL" source="#ID168" offset="1" />
          <input semantic="TEXCOORD" source="#ID170" offset="2" set="0" />
          <p>1 1 1 2 2 2 0 0 0 0 0 0 2 2 2 33 33 33 33 33 33 2 2 2 3 3 3 32 32 32 3 3 3 4 4 4 31 31
            31 4 4 4 5 5 5 6 6 6 31 31 31 5 5 5 6 6 6 30 30 30 31 31 31 6 6 6 7 7 7 30 30 30 30 30
            30 7 7 7 29 29 29 29 29 29 7 7 7 8 8 8 9 9 9 29 29 29 8 8 8 9 9 9 28 28 28 29 29 29 9 9
            9 10 10 10 28 28 28 28 28 28 10 10 10 27 27 27 27 27 27 10 10 10 11 11 11 26 26 26 11 11
            11 12 12 12 25 25 25 12 12 12 13 13 13 24 24 24 13 13 13 23 23 23 24 24 24 25 25 25 13
            13 13 13 13 13 14 14 14 23 23 23 23 23 23 14 14 14 15 15 15 22 22 22 15 15 15 16 16 16
            21 21 21 16 16 16 17 17 17 18 18 18 21 21 21 17 17 17 18 18 18 20 20 20 21 21 21 18 18
            18 19 19 19 20 20 20 21 21 21 22 22 22 16 16 16 22 22 22 23 23 23 15 15 15 25 25 25 26
            26 26 12 12 12 26 26 26 27 27 27 11 11 11 31 31 31 32 32 32 4 4 4 32 32 32 33 33 33 3 3
            3</p>
        </triangles>
      </mesh>
    </geometry>
    <geometry id="ID174">
      <mesh>
        <source id="ID175">
          <float_array id="ID176" count="102">0.0033236 0.0634132 0.0014998 0 0.0635871 0.0015 0
            0.0636404 0.0045857 0 0.0638271 0.0070968 0 0.0641873 0.0090835 0 0.0644451 0.009896 0
            0.0647614 0.0105962 0 0.0651414 0.0111909 0 0.0653568 0.0114504 0 0.06559 0.0116858 0
            0.0658417 0.0118978 0 0.0661124 0.0120872 0 0.0667133 0.0124014 0 0.0673981 0.0126348 0
            0.0681716 0.0127937 0 0.07 0.0129129 0.0033235 0.0700001 0.0130869 0.003323 0.0692745
            0.013064 0.0033238 0.0681251 0.0129417 0.0033236 0.0679448 0.01291 0.0033232 0.0670983
            0.0126946 0.0033232 0.0666536 0.0125247 0.0033232 0.066252 0.0123244 0.0033232 0.0661759
            0.0122802 0.0033233 0.0658886 0.0120917 0.0033234 0.0655647 0.0118309 0.0033234
            0.0652784 0.0115452 0.0033234 0.0650168 0.0112242 0.0033233 0.0649088 0.0110708
            0.0033233 0.0646 0.0105423 0.0033234 0.0641584 0.0094248 0.0033234 0.0640226 0.0089362
            0.0033231 0.0637535 0.0075556 0.0033233 0.0635455 0.0055812</float_array>
          <technique_common>
            <accessor count="34" source="#ID176" stride="3">
              <param name="X" type="float" />
              <param name="Y" type="float" />
              <param name="Z" type="float" />
            </accessor>
          </technique_common>
        </source>
        <source id="ID177">
          <float_array id="ID178" count="102">0.0523349 0.9986092 -0.0063727 0.052336 0.9986295 0
            0.0460359 0.9981176 -0.0405203 0.0405458 0.9921708 -0.1181237 0.0366658 0.9661233
            -0.2554629 0.0356682 0.9345285 -0.3540964 0.0354626 0.880366 -0.4729674 0.0360714
            0.7954525 -0.6049415 0.0366488 0.7403522 -0.6712194 0.0373748 0.677601 -0.7344794
            0.038221 0.608837 -0.7923741 0.0391625 0.5363705 -0.8430735 0.0412685 0.3907106
            -0.919588 0.0436393 0.2584824 -0.9650298 0.0462815 0.1490301 -0.987749 0.052336 0
            -0.9986295 0.052333 0.0105844 -0.9985736 0.0499996 0.0558766 -0.9971849 0.0461913
            0.1626603 -0.9856004 0.0455847 0.1846913 -0.9817389 0.0427096 0.3140117 -0.948458
            0.0411842 0.4016123 -0.9148833 0.0398012 0.4928193 -0.8692209 0.0395396 0.5112606
            -0.8585157 0.0385591 0.5835646 -0.8111508 0.0374935 0.6678657 -0.7433369 0.0366369
            0.741566 -0.6698788 0.0359949 0.8049735 -0.5922179 0.0357909 0.829344 -0.5575908
            0.0355053 0.8912439 -0.4521324 0.0363548 0.9555336 -0.2926328 0.0370952 0.9692011
            -0.2434609 0.0397387 0.9883507 -0.146914 0.0439823 0.9965141 -0.0708881</float_array>
          <technique_common>
            <accessor count="34" source="#ID178" stride="3">
              <param name="X" type="float" />
              <param name="Y" type="float" />
              <param name="Z" type="float" />
            </accessor>
          </technique_common>
        </source>
        <source id="ID179">
          <float_array id="ID180" count="68">1 1 0 1 0 0.875 0 0.75 0 0.625 0 0.5625 0 0.5 0
            0.4374616 0 0.4061925 0 0.3749233 0 0.343654 0 0.3123847 0 0.2498461 0 0.1873075 0
            0.1247689 0 0 1 0 0.9998995 0.0458255 1 0.1266407 1 0.1404315 0.9999632 0.2104357
            0.9999431 0.25141 0.9999516 0.2916281 0.9999548 0.2996488 0.9999766 0.3313023 1
            0.3699142 1 0.4072509 1 0.4446688 0.9999973 0.4612283 0.9999833 0.5131928 1 0.605006 1
            0.639841 0.9999413 0.7265502 0.9999959 0.8300811</float_array>
          <technique_common>
            <accessor count="34" source="#ID180" stride="2">
              <param name="S" type="float" />
              <param name="T" type="float" />
            </accessor>
          </technique_common>
        </source>
        <vertices id="ID181">
          <input semantic="POSITION" source="#ID175" />
        </vertices>
        <triangles count="32" material="ID182">
          <input semantic="VERTEX" source="#ID181" offset="0" />
          <input semantic="NORMAL" source="#ID177" offset="1" />
          <input semantic="TEXCOORD" source="#ID179" offset="2" set="0" />
          <p>1 1 1 2 2 2 0 0 0 0 0 0 2 2 2 33 33 33 33 33 33 2 2 2 3 3 3 32 32 32 3 3 3 4 4 4 31 31
            31 4 4 4 30 30 30 31 31 31 32 32 32 4 4 4 4 4 4 5 5 5 30 30 30 30 30 30 5 5 5 29 29 29
            29 29 29 5 5 5 6 6 6 28 28 28 6 6 6 7 7 7 27 27 27 7 7 7 26 26 26 27 27 27 28 28 28 7 7
            7 7 7 7 8 8 8 26 26 26 26 26 26 8 8 8 9 9 9 25 25 25 9 9 9 10 10 10 24 24 24 10 10 10 11
            11 11 23 23 23 11 11 11 22 22 22 23 23 23 24 24 24 11 11 11 11 11 11 12 12 12 22 22 22
            22 22 22 12 12 12 21 21 21 21 21 21 12 12 12 20 20 20 20 20 20 12 12 12 13 13 13 19 19
            19 13 13 13 14 14 14 18 18 18 14 14 14 17 17 17 18 18 18 19 19 19 14 14 14 14 14 14 15
            15 15 17 17 17 17 17 17 15 15 15 16 16 16 19 19 19 20 20 20 13 13 13 24 24 24 25 25 25
            10 10 10 25 25 25 26 26 26 9 9 9 28 28 28 29 29 29 6 6 6 32 32 32 33 33 33 3 3 3</p>
        </triangles>
      </mesh>
    </geometry>
    <geometry id="ID183">
      <mesh>
        <source id="ID184">
          <float_array id="ID185" count="87">0.0635 0 0 0.0625984 0.0106627 0 0.0599191 0.0210225 0
            0.0555384 0.0307854 0 0.0495804 0.0396741 0 0.0422145 0.0474361 0 0.0336499 0.0538511 0
            0.0241296 0.0587368 0 0.0139242 0.0619546 0 0.0033233 0.063413 0 0.0033236 0.0634132
            0.0014998 0.0112652 0.0624926 0.0015001 0.0186493 0.0606999 0.0015001 0.0218027
            0.0596403 0.0015001 0.0254503 0.058177 0.0015001 0.0318072 0.0549599 0.0015001 0.0374267
            0.0512981 0.0015 0.0376704 0.0511193 0.0015 0.0430785 0.0466534 0.0015 0.0453506
            0.0444475 0.0015 0.0480091 0.0415616 0.0015001 0.0524598 0.0357799 0.0015002 0.0563706
            0.0292344 0.0015 0.0596403 0.0218028 0.0014998 0.0601757 0.020279 0.0014999 0.0620864
            0.0133243 0.0015 0.0628436 0.0091064 0.0015001 0.0634159 0.0032684 0.0015 0.0634999
            0.0000002 0.0015001</float_array>
          <technique_common>
            <accessor count="29" source="#ID185" stride="3">
              <param name="X" type="float" />
              <param name="Y" type="float" />
              <param name="Z" type="float" />
            </accessor>
          </technique_common>
        </source>
        <source id="ID186">
          <float_array id="ID187" count="87">1 0 0 0.9858013 0.1679159 0 0.9436085 0.3310634 0
            0.8746197 0.4848096 0 0.780794 0.6247885 0 0.6647959 0.7470251 0 0.5299193 0.8480481 0
            0.3799944 0.9249888 0 0.2192786 0.9756623 0 0.052336 0.9986295 0 0.0523402 0.9986293 0
            0.1774043 0.9841381 0 0.2936886 0.9559011 0 0.343347 0.9392086 0 0.4007902 0.9161699 0
            0.500898 0.8655063 0 0.5893965 0.8078439 0 0.593235 0.8050294 0 0.6783978 0.7346947 0
            0.7141821 0.6999599 0 0.7560497 0.6545142 0 0.8261402 0.5634647 0 0.8877211 0.4603817 0
            0.9392083 0.3433479 0 0.9476368 0.31935 0 0.9777375 0.2098319 0 0.9896637 0.143408 0
            0.9986745 0.0514712 0 1 0.0000034 0</float_array>
          <technique_common>
            <accessor count="29" source="#ID187" stride="3">
              <param name="X" type="float" />
              <param name="Y" type="float" />
              <param name="Z" type="float" />
            </accessor>
          </technique_common>
        </source>
        <source id="ID188">
          <float_array id="ID189" count="58">1 1 1 0.8888889 1 0.7777777 1 0.6666667 1 0.5555555 1
            0.4444444 1 0.3333333 1 0.2222223 1 0.1111111 1 0 0.0002573 0.0000027 0.0000101
            0.0829724 0.0000303 0.1618267 0.0000404 0.1963324 0.0000555 0.2370986 0.0000454
            0.3110279 0.0000908 0.3806229 0.0000959 0.3837576 0.0001262 0.4565353 0.0000858
            0.4893817 0.0000202 0.5300825 0 0.605796 0.0000959 0.6849225 0.0002069 0.7691841
            0.0001917 0.7859354 0.0000959 0.8607758 0.0000505 0.9052287 0.000111 0.9660876 0.0000606
            0.9999978</float_array>
          <technique_common>
            <accessor count="29" source="#ID189" stride="2">
              <param name="S" type="float" />
              <param name="T" type="float" />
            </accessor>
          </technique_common>
        </source>
        <vertices id="ID190">
          <input semantic="POSITION" source="#ID184" />
        </vertices>
        <triangles count="27" material="ID191">
          <input semantic="VERTEX" source="#ID190" offset="0" />
          <input semantic="NORMAL" source="#ID186" offset="1" />
          <input semantic="TEXCOORD" source="#ID188" offset="2" set="0" />
          <p>28 28 28 0 0 0 27 27 27 27 27 27 0 0 0 1 1 1 26 26 26 1 1 1 25 25 25 26 26 26 27 27 27
            1 1 1 1 1 1 2 2 2 25 25 25 25 25 25 2 2 2 24 24 24 24 24 24 2 2 2 23 23 23 23 23 23 2 2
            2 22 22 22 22 22 22 2 2 2 3 3 3 21 21 21 3 3 3 4 4 4 20 20 20 4 4 4 19 19 19 20 20 20 21
            21 21 4 4 4 4 4 4 5 5 5 19 19 19 19 19 19 5 5 5 18 18 18 18 18 18 5 5 5 17 17 17 17 17
            17 5 5 5 6 6 6 16 16 16 6 6 6 15 15 15 16 16 16 17 17 17 6 6 6 15 15 15 6 6 6 14 14 14
            14 14 14 6 6 6 7 7 7 13 13 13 7 7 7 12 12 12 13 13 13 14 14 14 7 7 7 7 7 7 8 8 8 12 12
            12 12 12 12 8 8 8 11 11 11 11 11 11 8 8 8 9 9 9 10 10 10 11 11 11 9 9 9 21 21 21 22 22
            22 3 3 3</p>
        </triangles>
      </mesh>
    </geometry>
    <geometry id="ID192">
      <mesh>
        <source id="ID193">
          <float_array id="ID194" count="81">0.0033233 -0.063413 0 0.0139242 -0.0619546 0 0.0241296
            -0.0587368 0 0.0336499 -0.0538511 0 0.0422145 -0.0474361 0 0.0495804 -0.0396741 0
            0.0555384 -0.0307854 0 0.0599191 -0.0210225 0 0.0625984 -0.0106627 0 0.0635 0 0
            0.0634999 0.0000002 0.0015001 0.0633963 -0.0036233 0.0015002 0.0620093 -0.013679 0.0015
            0.0599431 -0.0209559 0.0014999 0.0595271 -0.0221093 0.0014999 0.0562353 -0.0294937
            0.0015001 0.0523208 -0.0359831 0.0015 0.0478665 -0.0417263 0.0015 0.0449344 -0.0448685
            0.0014999 0.0429262 -0.0467939 0.0014998 0.0375288 -0.0512242 0.0014996 0.0316807
            -0.0550329 0.0015 0.0253771 -0.0582089 0.0015001 0.0222134 -0.0594886 0.0015001
            0.0185546 -0.0607289 0.0015001 0.0112219 -0.0625007 0.0014999 0.0033234 -0.0634131
            0.0014999</float_array>
          <technique_common>
            <accessor count="27" source="#ID194" stride="3">
              <param name="X" type="float" />
              <param name="Y" type="float" />
              <param name="Z" type="float" />
            </accessor>
          </technique_common>
        </source>
        <source id="ID195">
          <float_array id="ID196" count="81">0.052336 -0.9986295 0 0.2192786 -0.9756623 0 0.3799944
            -0.9249888 0 0.5299193 -0.8480481 0 0.6647959 -0.7470251 0 0.780794 -0.6247885 0
            0.8746197 -0.4848096 0 0.9436085 -0.3310634 0 0.9858013 -0.1679159 0 1 0 0 1 0.0000034 0
            0.9983707 -0.0570605 0 0.9765223 -0.2154161 0 0.9439772 -0.3300106 0 0.9374291
            -0.3481761 0 0.885591 -0.4644659 0 0.8239493 -0.5666636 0 0.7537996 -0.6571044 0
            0.7076252 -0.706588 0 0.6759967 -0.7369047 0 0.5909992 -0.8066721 0 0.4989057 -0.8666562
            0 0.3996386 -0.9166728 0 0.3498139 -0.9368192 0 0.2921972 -0.9563581 0 0.1767233
            -0.9842606 0 0.0523376 -0.9986295 0</float_array>
          <technique_common>
            <accessor count="27" source="#ID196" stride="3">
              <param name="X" type="float" />
              <param name="Y" type="float" />
              <param name="Z" type="float" />
            </accessor>
          </technique_common>
        </source>
        <source id="ID197">
          <float_array id="ID198" count="54">1 1 1 0.8888891 1 0.7777783 1 0.6666674 1 0.5555565 1
            0.4444457 1 0.3333348 1 0.222224 1 0.1111131 1 0.0000022 0.0001161 0 0 0.037601
            0.0001816 0.1429898 0.000217 0.2214893 0.0002069 0.2342063 0.0000757 0.3181126 0.0001312
            0.3967587 0.0001816 0.4721783 0.0002119 0.5167595 0.0002725 0.5456149 0.0004188
            0.6180704 0.0001514 0.6904877 0.0000757 0.7637293 0.0000706 0.7991276 0.0000757 0.839201
            0.0002018 0.9174834 0.000217 0.999999</float_array>
          <technique_common>
            <accessor count="27" source="#ID198" stride="2">
              <param name="S" type="float" />
              <param name="T" type="float" />
            </accessor>
          </technique_common>
        </source>
        <vertices id="ID199">
          <input semantic="POSITION" source="#ID193" />
        </vertices>
        <triangles count="25" material="ID200">
          <input semantic="VERTEX" source="#ID199" offset="0" />
          <input semantic="NORMAL" source="#ID195" offset="1" />
          <input semantic="TEXCOORD" source="#ID197" offset="2" set="0" />
          <p>26 26 26 0 0 0 25 25 25 25 25 25 0 0 0 1 1 1 24 24 24 1 1 1 2 2 2 23 23 23 2 2 2 22 22
            22 23 23 23 24 24 24 2 2 2 22 22 22 2 2 2 21 21 21 21 21 21 2 2 2 3 3 3 20 20 20 3 3 3 4
            4 4 19 19 19 4 4 4 18 18 18 19 19 19 20 20 20 4 4 4 4 4 4 5 5 5 18 18 18 18 18 18 5 5 5
            17 17 17 17 17 17 5 5 5 16 16 16 16 16 16 5 5 5 6 6 6 15 15 15 6 6 6 7 7 7 14 14 14 7 7
            7 13 13 13 14 14 14 15 15 15 7 7 7 13 13 13 7 7 7 12 12 12 12 12 12 7 7 7 8 8 8 11 11 11
            8 8 8 9 9 9 10 10 10 11 11 11 9 9 9 11 11 11 12 12 12 8 8 8 15 15 15 16 16 16 6 6 6 20
            20 20 21 21 21 3 3 3 24 24 24 25 25 25 1 1 1</p>
        </triangles>
      </mesh>
    </geometry>
    <geometry id="ID201">
      <mesh>
        <source id="ID202">
          <float_array id="ID203" count="102">0 -0.0635871 0.0015 0.0033234 -0.0634131 0.0014999
            0.0033234 -0.0636355 0.0067305 0.0033234 -0.0639488 0.0086569 0.0033234 -0.0641879
            0.0095118 0.0033234 -0.0644884 0.0102698 0.0033234 -0.0645121 0.0103196 0.0033234
            -0.0648825 0.0109709 0.0033234 -0.0651196 0.0112927 0.0033234 -0.0653346 0.0115387
            0.0033234 -0.0653883 0.0115944 0.0033234 -0.0656923 0.0118745 0.0033234 -0.0658662
            0.0120114 0.0033234 -0.0660249 0.0121238 0.0033234 -0.066393 0.0123461 0.0033234
            -0.0664873 0.0123955 0.0033234 -0.0667993 0.0125407 0.0033235 -0.0677318 0.0128425
            0.0033235 -0.0680258 0.0129063 0.0033235 -0.0688152 0.0130229 0.0033236 -0.0700002
            0.0130868 0 -0.07 0.0129129 0 -0.0689654 0.0128735 0 -0.0680475 0.012754 0 -0.0672374
            0.0125517 0 -0.0665308 0.012265 0 -0.0659206 0.0118917 0 -0.0656495 0.011672 0
            -0.0653999 0.0114299 0 -0.0649617 0.0108775 0 -0.0645991 0.0102326 0 -0.0643052 0.009493
            0 -0.0640731 0.008657 0 -0.0637661 0.0066871</float_array>
          <technique_common>
            <accessor count="34" source="#ID203" stride="3">
              <param name="X" type="float" />
              <param name="Y" type="float" />
              <param name="Z" type="float" />
            </accessor>
          </technique_common>
        </source>
        <source id="ID204">
          <float_array id="ID205" count="102">0.052336 -0.9986295 0 0.0523346 -0.9986041 -0.0071371
            0.0404517 -0.9933677 -0.1076302 0.0365106 -0.9732278 -0.2269244 0.0353382 -0.9481074
            -0.3159804 0.0349425 -0.9046208 -0.4247825 0.0349464 -0.9006572 -0.4331227 0.0354507
            -0.8296744 -0.5571209 0.0360747 -0.7771004 -0.6283419 0.0367558 -0.726329 -0.6863638
            0.0369373 -0.7133545 -0.6998293 0.0380163 -0.6390051 -0.7682625 0.0386551 -0.596616
            -0.8015954 0.039242 -0.5585836 -0.8285194 0.0405968 -0.4742562 -0.8794503 0.04094
            -0.4537425 -0.8901919 0.0420594 -0.3895387 -0.9200493 0.0452557 -0.2320093 -0.9716603
            0.0462224 -0.192169 -0.9802727 0.0487399 -0.1039307 -0.9933895 0.0523341 -0.009806
            -0.9985815 0.052336 0 -0.9986295 0.0491832 -0.0807736 -0.9955183 0.0462436 -0.1825774
            -0.9821033 0.0435096 -0.3065966 -0.9508446 0.0409791 -0.4479741 -0.8931069 0.0386816
            -0.594061 -0.8034894 0.0376568 -0.6632032 -0.7474914 0.0367494 -0.7267579 -0.6859099
            0.0354095 -0.8313202 -0.5546646 0.0348641 -0.9035229 -0.4271193 0.0351823 -0.9483133
            -0.3153792 0.036299 -0.9738936 -0.2240837 0.0403725 -0.9942838 -0.0988421</float_array>
          <technique_common>
            <accessor count="34" source="#ID205" stride="3">
              <param name="X" type="float" />
              <param name="Y" type="float" />
              <param name="Z" type="float" />
            </accessor>
          </technique_common>
        </source>
        <source id="ID206">
          <float_array id="ID207" count="68">0 1 1 1 1 0.7499248 1 0.6294255 1 0.5668423 1 0.5042593
            1 0.4998497 1 0.437791 1 0.4033752 1 0.3748121 1 0.3680128 1 0.3316619 1 0.3122933 1
            0.2954045 1 0.2586927 1 0.2497745 1 0.2215092 1 0.1462004 1 0.1247369 1 0.0712656 1 0 0
            0.000012 0 0.0623745 0 0.1247369 0 0.1872557 0 0.2497745 0 0.3122933 0 0.3435527 0
            0.3748121 0 0.4373309 0 0.4998497 0 0.5623684 0 0.6248872 0 0.7499248</float_array>
          <technique_common>
            <accessor count="34" source="#ID207" stride="2">
              <param name="S" type="float" />
              <param name="T" type="float" />
            </accessor>
          </technique_common>
        </source>
        <vertices id="ID208">
          <input semantic="POSITION" source="#ID202" />
        </vertices>
        <triangles count="32" material="ID209">
          <input semantic="VERTEX" source="#ID208" offset="0" />
          <input semantic="NORMAL" source="#ID204" offset="1" />
          <input semantic="TEXCOORD" source="#ID206" offset="2" set="0" />
          <p>0 0 0 1 1 1 33 33 33 33 33 33 1 1 1 2 2 2 32 32 32 2 2 2 3 3 3 4 4 4 32 32 32 3 3 3 4 4
            4 31 31 31 32 32 32 4 4 4 5 5 5 31 31 31 31 31 31 5 5 5 30 30 30 30 30 30 5 5 5 6 6 6 29
            29 29 6 6 6 7 7 7 8 8 8 29 29 29 7 7 7 8 8 8 28 28 28 29 29 29 8 8 8 9 9 9 28 28 28 28
            28 28 9 9 9 10 10 10 27 27 27 10 10 10 11 11 11 26 26 26 11 11 11 12 12 12 13 13 13 26
            26 26 12 12 12 13 13 13 25 25 25 26 26 26 13 13 13 14 14 14 25 25 25 25 25 25 14 14 14
            15 15 15 16 16 16 25 25 25 15 15 15 16 16 16 24 24 24 25 25 25 16 16 16 17 17 17 24 24
            24 24 24 24 17 17 17 23 23 23 23 23 23 17 17 17 18 18 18 19 19 19 23 23 23 18 18 18 19
            19 19 22 22 22 23 23 23 19 19 19 20 20 20 22 22 22 22 22 22 20 20 20 21 21 21 26 26 26
            27 27 27 11 11 11 27 27 27 28 28 28 10 10 10 29 29 29 30 30 30 6 6 6 32 32 32 33 33 33 2
            2 2</p>
        </triangles>
      </mesh>
    </geometry>
    <geometry id="ID210">
      <mesh>
        <source id="ID211">
          <float_array id="ID212" count="108">0.05975 0.103 0.07375 0.0592725 0.103 0.0737918
            0.0588094 0.103 0.0739158 0.058375 0.103 0.0741184 0.0579823 0.103 0.0743934 0.0576434
            0.103 0.0747323 0.0573684 0.103 0.075125 0.0571658 0.103 0.0755594 0.0570418 0.103
            0.0760225 0.057 0.103 0.0765 0.0570418 0.103 0.0769775 0.0571658 0.103 0.0774406
            0.0573684 0.103 0.077875 0.0576434 0.103 0.0782677 0.0579823 0.103 0.0786066 0.058375
            0.103 0.0788816 0.0588094 0.103 0.0790842 0.0592725 0.103 0.0792082 0.05975 0.103
            0.07925 0.0602275 0.103 0.0792082 0.0606906 0.103 0.0790842 0.061125 0.103 0.0788816
            0.0615177 0.103 0.0786066 0.0618566 0.103 0.0782677 0.0621316 0.103 0.077875 0.0623342
            0.103 0.0774406 0.0624582 0.103 0.0769775 0.0625 0.103 0.0765 0.0624582 0.103 0.0760225
            0.0623342 0.103 0.0755594 0.0621316 0.103 0.075125 0.0618566 0.103 0.0747323 0.0615177
            0.103 0.0743934 0.061125 0.103 0.0741184 0.0606906 0.103 0.0739158 0.0602275 0.103
            0.0737918</float_array>
          <technique_common>
            <accessor count="36" source="#ID212" stride="3">
              <param name="X" type="float" />
              <param name="Y" type="float" />
              <param name="Z" type="float" />
            </accessor>
          </technique_common>
        </source>
        <source id="ID213">
          <float_array id="ID214" count="108">0 1 0 0 1 0 0 1 0 0 1 0 0 1 0 0 1 0 0 1 0 0 1 0 0 1 0
            0 1 0 0 1 0 0 1 0 0 1 0 0 1 0 0 1 0 0 1 0 0 1 0 0 1 0 0 1 0 0 1 0 0 1 0 0 1 0 0 1 0 0 1
            0 0 1 0 0 1 0 0 1 0 0 1 0 0 1 0 0 1 0 0 1 0 0 1 0 0 1 0 0 1 0 0 1 0 0 1 0</float_array>
          <technique_common>
            <accessor count="36" source="#ID214" stride="3">
              <param name="X" type="float" />
              <param name="Y" type="float" />
              <param name="Z" type="float" />
            </accessor>
          </technique_common>
        </source>
        <source id="ID215">
          <float_array id="ID216" count="72">0.5 0 0.4131759 0.0075961 0.32899 0.0301537 0.25
            0.0669873 0.1786062 0.1169778 0.1169778 0.1786062 0.0669873 0.25 0.0301537 0.32899
            0.0075961 0.4131759 0 0.5 0.0075961 0.5868241 0.0301537 0.6710101 0.0669873 0.75
            0.1169778 0.8213938 0.1786062 0.8830222 0.25 0.9330127 0.32899 0.9698463 0.4131759
            0.9924039 0.5 1 0.5868241 0.9924039 0.6710101 0.9698463 0.75 0.9330127 0.8213938
            0.8830222 0.8830222 0.8213938 0.9330127 0.75 0.9698463 0.6710101 0.9924039 0.5868241 1
            0.5 0.9924039 0.4131759 0.9698463 0.32899 0.9330127 0.25 0.8830222 0.1786062 0.8213938
            0.1169778 0.75 0.0669873 0.6710101 0.0301537 0.5868241 0.0075961</float_array>
          <technique_common>
            <accessor count="36" source="#ID216" stride="2">
              <param name="S" type="float" />
              <param name="T" type="float" />
            </accessor>
          </technique_common>
        </source>
        <vertices id="ID217">
          <input semantic="POSITION" source="#ID211" />
        </vertices>
        <triangles count="34" material="ID218">
          <input semantic="VERTEX" source="#ID217" offset="0" />
          <input semantic="NORMAL" source="#ID213" offset="1" />
          <input semantic="TEXCOORD" source="#ID215" offset="2" set="0" />
          <p>0 0 0 1 1 1 35 35 35 35 35 35 1 1 1 34 34 34 34 34 34 1 1 1 2 2 2 33 33 33 2 2 2 3 3 3
            32 32 32 3 3 3 4 4 4 31 31 31 4 4 4 5 5 5 30 30 30 5 5 5 6 6 6 29 29 29 6 6 6 7 7 7 28
            28 28 7 7 7 8 8 8 27 27 27 8 8 8 9 9 9 26 26 26 9 9 9 10 10 10 25 25 25 10 10 10 11 11
            11 24 24 24 11 11 11 12 12 12 23 23 23 12 12 12 13 13 13 22 22 22 13 13 13 14 14 14 21
            21 21 14 14 14 15 15 15 20 20 20 15 15 15 16 16 16 19 19 19 16 16 16 17 17 17 18 18 18
            19 19 19 17 17 17 19 19 19 20 20 20 16 16 16 20 20 20 21 21 21 15 15 15 21 21 21 22 22
            22 14 14 14 22 22 22 23 23 23 13 13 13 23 23 23 24 24 24 12 12 12 24 24 24 25 25 25 11
            11 11 25 25 25 26 26 26 10 10 10 26 26 26 27 27 27 9 9 9 27 27 27 28 28 28 8 8 8 28 28
            28 29 29 29 7 7 7 29 29 29 30 30 30 6 6 6 30 30 30 31 31 31 5 5 5 31 31 31 32 32 32 4 4
            4 32 32 32 33 33 33 3 3 3 33 33 33 34 34 34 2 2 2</p>
        </triangles>
      </mesh>
    </geometry>
    <geometry id="ID219">
      <mesh>
        <source id="ID220">
          <float_array id="ID221" count="108">0 0.103 0.014 -0.0004775 0.103 0.0140418 -0.0009406
            0.103 0.0141658 -0.001375 0.103 0.0143684 -0.0017677 0.103 0.0146434 -0.0021066 0.103
            0.0149823 -0.0023816 0.103 0.015375 -0.0025842 0.103 0.0158094 -0.0027082 0.103
            0.0162725 -0.00275 0.103 0.01675 -0.0027082 0.103 0.0172275 -0.0025842 0.103 0.0176906
            -0.0023816 0.103 0.018125 -0.0021066 0.103 0.0185177 -0.0017677 0.103 0.0188566
            -0.001375 0.103 0.0191316 -0.0009406 0.103 0.0193342 -0.0004775 0.103 0.0194582 0 0.103
            0.0195 0.0004775 0.103 0.0194582 0.0009406 0.103 0.0193342 0.001375 0.103 0.0191316
            0.0017677 0.103 0.0188566 0.0021066 0.103 0.0185177 0.0023816 0.103 0.018125 0.0025842
            0.103 0.0176906 0.0027082 0.103 0.0172275 0.00275 0.103 0.01675 0.0027082 0.103
            0.0162725 0.0025842 0.103 0.0158094 0.0023816 0.103 0.015375 0.0021066 0.103 0.0149823
            0.0017677 0.103 0.0146434 0.001375 0.103 0.0143684 0.0009406 0.103 0.0141658 0.0004775
            0.103 0.0140418</float_array>
          <technique_common>
            <accessor count="36" source="#ID221" stride="3">
              <param name="X" type="float" />
              <param name="Y" type="float" />
              <param name="Z" type="float" />
            </accessor>
          </technique_common>
        </source>
        <source id="ID222">
          <float_array id="ID223" count="108">0 1 0 0 1 0 0 1 0 0 1 0 0 1 0 0 1 0 0 1 0 0 1 0 0 1 0
            0 1 0 0 1 0 0 1 0 0 1 0 0 1 0 0 1 0 0 1 0 0 1 0 0 1 0 0 1 0 0 1 0 0 1 0 0 1 0 0 1 0 0 1
            0 0 1 0 0 1 0 0 1 0 0 1 0 0 1 0 0 1 0 0 1 0 0 1 0 0 1 0 0 1 0 0 1 0 0 1 0</float_array>
          <technique_common>
            <accessor count="36" source="#ID223" stride="3">
              <param name="X" type="float" />
              <param name="Y" type="float" />
              <param name="Z" type="float" />
            </accessor>
          </technique_common>
        </source>
        <source id="ID224">
          <float_array id="ID225" count="72">0.5 0 0.4131759 0.0075961 0.32899 0.0301537 0.25
            0.0669873 0.1786062 0.1169778 0.1169778 0.1786062 0.0669873 0.25 0.0301537 0.32899
            0.0075961 0.4131759 0 0.5 0.0075961 0.5868241 0.0301537 0.6710101 0.0669873 0.75
            0.1169778 0.8213938 0.1786062 0.8830222 0.25 0.9330127 0.32899 0.9698463 0.4131759
            0.9924039 0.5 1 0.5868241 0.9924039 0.6710101 0.9698463 0.75 0.9330127 0.8213938
            0.8830222 0.8830222 0.8213938 0.9330127 0.75 0.9698463 0.6710101 0.9924039 0.5868241 1
            0.5 0.9924039 0.4131759 0.9698463 0.32899 0.9330127 0.25 0.8830222 0.1786062 0.8213938
            0.1169778 0.75 0.0669873 0.6710101 0.0301537 0.5868241 0.0075961</float_array>
          <technique_common>
            <accessor count="36" source="#ID225" stride="2">
              <param name="S" type="float" />
              <param name="T" type="float" />
            </accessor>
          </technique_common>
        </source>
        <vertices id="ID226">
          <input semantic="POSITION" source="#ID220" />
        </vertices>
        <triangles count="34" material="ID227">
          <input semantic="VERTEX" source="#ID226" offset="0" />
          <input semantic="NORMAL" source="#ID222" offset="1" />
          <input semantic="TEXCOORD" source="#ID224" offset="2" set="0" />
          <p>0 0 0 1 1 1 35 35 35 35 35 35 1 1 1 34 34 34 34 34 34 1 1 1 2 2 2 33 33 33 2 2 2 3 3 3
            32 32 32 3 3 3 4 4 4 31 31 31 4 4 4 5 5 5 30 30 30 5 5 5 6 6 6 29 29 29 6 6 6 7 7 7 28
            28 28 7 7 7 8 8 8 27 27 27 8 8 8 9 9 9 26 26 26 9 9 9 10 10 10 25 25 25 10 10 10 11 11
            11 24 24 24 11 11 11 12 12 12 23 23 23 12 12 12 13 13 13 22 22 22 13 13 13 14 14 14 21
            21 21 14 14 14 15 15 15 20 20 20 15 15 15 16 16 16 19 19 19 16 16 16 17 17 17 18 18 18
            19 19 19 17 17 17 19 19 19 20 20 20 16 16 16 20 20 20 21 21 21 15 15 15 21 21 21 22 22
            22 14 14 14 22 22 22 23 23 23 13 13 13 23 23 23 24 24 24 12 12 12 24 24 24 25 25 25 11
            11 11 25 25 25 26 26 26 10 10 10 26 26 26 27 27 27 9 9 9 27 27 27 28 28 28 8 8 8 28 28
            28 29 29 29 7 7 7 29 29 29 30 30 30 6 6 6 30 30 30 31 31 31 5 5 5 31 31 31 32 32 32 4 4
            4 32 32 32 33 33 33 3 3 3 33 33 33 34 34 34 2 2 2</p>
        </triangles>
      </mesh>
    </geometry>
    <geometry id="ID228">
      <mesh>
        <source id="ID229">
          <float_array id="ID230" count="108">-0.05975 0.103 0.07375 -0.0602275 0.103 0.0737918
            -0.0606906 0.103 0.0739158 -0.061125 0.103 0.0741184 -0.0615177 0.103 0.0743934
            -0.0618566 0.103 0.0747323 -0.0621316 0.103 0.075125 -0.0623342 0.103 0.0755594
            -0.0624582 0.103 0.0760225 -0.0625 0.103 0.0765 -0.0624582 0.103 0.0769775 -0.0623342
            0.103 0.0774406 -0.0621316 0.103 0.077875 -0.0618566 0.103 0.0782677 -0.0615177 0.103
            0.0786066 -0.061125 0.103 0.0788816 -0.0606906 0.103 0.0790842 -0.0602275 0.103
            0.0792082 -0.05975 0.103 0.07925 -0.0592725 0.103 0.0792082 -0.0588094 0.103 0.0790842
            -0.058375 0.103 0.0788816 -0.0579823 0.103 0.0786066 -0.0576434 0.103 0.0782677
            -0.0573684 0.103 0.077875 -0.0571658 0.103 0.0774406 -0.0570418 0.103 0.0769775 -0.057
            0.103 0.0765 -0.0570418 0.103 0.0760225 -0.0571658 0.103 0.0755594 -0.0573684 0.103
            0.075125 -0.0576434 0.103 0.0747323 -0.0579823 0.103 0.0743934 -0.058375 0.103 0.0741184
            -0.0588094 0.103 0.0739158 -0.0592725 0.103 0.0737918</float_array>
          <technique_common>
            <accessor count="36" source="#ID230" stride="3">
              <param name="X" type="float" />
              <param name="Y" type="float" />
              <param name="Z" type="float" />
            </accessor>
          </technique_common>
        </source>
        <source id="ID231">
          <float_array id="ID232" count="108">0 1 0 0 1 0 0 1 0 0 1 0 0 1 0 0 1 0 0 1 0 0 1 0 0 1 0
            0 1 0 0 1 0 0 1 0 0 1 0 0 1 0 0 1 0 0 1 0 0 1 0 0 1 0 0 1 0 0 1 0 0 1 0 0 1 0 0 1 0 0 1
            0 0 1 0 0 1 0 0 1 0 0 1 0 0 1 0 0 1 0 0 1 0 0 1 0 0 1 0 0 1 0 0 1 0 0 1 0</float_array>
          <technique_common>
            <accessor count="36" source="#ID232" stride="3">
              <param name="X" type="float" />
              <param name="Y" type="float" />
              <param name="Z" type="float" />
            </accessor>
          </technique_common>
        </source>
        <source id="ID233">
          <float_array id="ID234" count="72">0.5 0 0.4131759 0.0075961 0.32899 0.0301537 0.25
            0.0669873 0.1786062 0.1169778 0.1169778 0.1786062 0.0669873 0.25 0.0301537 0.32899
            0.0075961 0.4131759 0 0.5 0.0075961 0.5868241 0.0301537 0.6710101 0.0669873 0.75
            0.1169778 0.8213938 0.1786062 0.8830222 0.25 0.9330127 0.32899 0.9698463 0.4131759
            0.9924039 0.5 1 0.5868241 0.9924039 0.6710101 0.9698463 0.75 0.9330127 0.8213938
            0.8830222 0.8830222 0.8213938 0.9330127 0.75 0.9698463 0.6710101 0.9924039 0.5868241 1
            0.5 0.9924039 0.4131759 0.9698463 0.32899 0.9330127 0.25 0.8830222 0.1786062 0.8213938
            0.1169778 0.75 0.0669873 0.6710101 0.0301537 0.5868241 0.0075961</float_array>
          <technique_common>
            <accessor count="36" source="#ID234" stride="2">
              <param name="S" type="float" />
              <param name="T" type="float" />
            </accessor>
          </technique_common>
        </source>
        <vertices id="ID235">
          <input semantic="POSITION" source="#ID229" />
        </vertices>
        <triangles count="34" material="ID236">
          <input semantic="VERTEX" source="#ID235" offset="0" />
          <input semantic="NORMAL" source="#ID231" offset="1" />
          <input semantic="TEXCOORD" source="#ID233" offset="2" set="0" />
          <p>0 0 0 1 1 1 35 35 35 35 35 35 1 1 1 34 34 34 34 34 34 1 1 1 2 2 2 33 33 33 2 2 2 3 3 3
            32 32 32 3 3 3 4 4 4 31 31 31 4 4 4 5 5 5 30 30 30 5 5 5 6 6 6 29 29 29 6 6 6 7 7 7 28
            28 28 7 7 7 8 8 8 27 27 27 8 8 8 9 9 9 26 26 26 9 9 9 10 10 10 25 25 25 10 10 10 11 11
            11 24 24 24 11 11 11 12 12 12 23 23 23 12 12 12 13 13 13 22 22 22 13 13 13 14 14 14 21
            21 21 14 14 14 15 15 15 20 20 20 15 15 15 16 16 16 19 19 19 16 16 16 17 17 17 18 18 18
            19 19 19 17 17 17 19 19 19 20 20 20 16 16 16 20 20 20 21 21 21 15 15 15 21 21 21 22 22
            22 14 14 14 22 22 22 23 23 23 13 13 13 23 23 23 24 24 24 12 12 12 24 24 24 25 25 25 11
            11 11 25 25 25 26 26 26 10 10 10 26 26 26 27 27 27 9 9 9 27 27 27 28 28 28 8 8 8 28 28
            28 29 29 29 7 7 7 29 29 29 30 30 30 6 6 6 30 30 30 31 31 31 5 5 5 31 31 31 32 32 32 4 4
            4 32 32 32 33 33 33 3 3 3 33 33 33 34 34 34 2 2 2</p>
        </triangles>
      </mesh>
    </geometry>
    <geometry id="ID237">
      <mesh>
        <source id="ID238">
          <float_array id="ID239" count="132">0 0.1119704 0.0811603 0 0.111 0.0806 -0.000712 0.111
            0.0805377 -0.0014023 0.111 0.0803528 -0.00205 0.111 0.0800507 -0.0026354 0.111 0.0796408
            -0.0031408 0.111 0.0791354 -0.0035507 0.111 0.07855 -0.0038527 0.111 0.0779023
            -0.0040377 0.111 0.0772119 -0.0041 0.111 0.0765 -0.0040377 0.111 0.0757881 -0.0038527
            0.111 0.0750977 -0.0035507 0.111 0.07445 -0.0031408 0.111 0.0738646 -0.0026354 0.111
            0.0733592 -0.00205 0.111 0.0729493 -0.0014023 0.111 0.0726472 -0.000712 0.111 0.0724623
            0 0.111 0.0724 0 0.1119704 0.0718397 -0.0004453 0.1119704 0.0718611 -0.0008866 0.1119704
            0.0719248 -0.0015271 0.1119704 0.072097 -0.0021367 0.1119704 0.0723584 -0.0027596
            0.1119704 0.0727447 -0.0032998 0.1119704 0.0732091 -0.0037628 0.1119704 0.0737505
            -0.0041466 0.1119704 0.074373 -0.0044052 0.1119704 0.0749792 -0.0045756 0.1119704
            0.0756158 -0.0046391 0.1119704 0.0760559 -0.0046603 0.1119704 0.0765 -0.0046391
            0.1119704 0.0769441 -0.0045756 0.1119704 0.0773842 -0.0044052 0.1119704 0.0780208
            -0.0041466 0.1119704 0.078627 -0.0037628 0.1119704 0.0792495 -0.0032998 0.1119704
            0.0797909 -0.0027596 0.1119704 0.0802553 -0.0021367 0.1119704 0.0806416 -0.0015271
            0.1119704 0.080903 -0.0008866 0.1119704 0.0810752 -0.0004453 0.1119704 0.0811389</float_array>
          <technique_common>
            <accessor count="44" source="#ID239" stride="3">
              <param name="X" type="float" />
              <param name="Y" type="float" />
              <param name="Z" type="float" />
            </accessor>
          </technique_common>
        </source>
        <source id="ID240">
          <float_array id="ID241" count="132">0 0.5 -0.8660254 0 0.5 -0.8660254 0.1503837 0.5
            -0.8528686 0.2961981 0.5 -0.8137977 0.4330127 0.5 -0.75 0.5566704 0.5 -0.6634139
            0.6634139 0.5 -0.5566704 0.75 0.5 -0.4330127 0.8137977 0.5 -0.2961981 0.8528686 0.5
            -0.1503837 0.8660254 0.5 0 0.8528686 0.5 0.1503837 0.8137977 0.5 0.2961981 0.75 0.5
            0.4330127 0.6634139 0.5 0.5566704 0.5566704 0.5 0.6634139 0.4330127 0.5 0.75 0.2961981
            0.5 0.8137977 0.1503837 0.5 0.8528686 0 0.5 0.8660254 0 0.5 0.8660254 0.0827535 0.5
            0.8620626 0.1647496 0.5 0.8502103 0.2837831 0.5 0.8182097 0.3970679 0.5 0.7696344
            0.5128263 0.5 0.6978604 0.6131997 0.5 0.611544 0.6992444 0.5 0.5109376 0.7705657 0.5
            0.3952574 0.8186167 0.5 0.2826069 0.8502964 0.5 0.1643047 0.8620842 0.5 0.0825279
            0.8660254 0.5 0 0.8620842 0.5 -0.0825279 0.8502964 0.5 -0.1643047 0.8186167 0.5
            -0.2826069 0.7705657 0.5 -0.3952574 0.6992444 0.5 -0.5109376 0.6131997 0.5 -0.611544
            0.5128263 0.5 -0.6978604 0.3970679 0.5 -0.7696344 0.2837831 0.5 -0.8182097 0.1647496 0.5
            -0.8502103 0.0827535 0.5 -0.8620626</float_array>
          <technique_common>
            <accessor count="44" source="#ID241" stride="3">
              <param name="X" type="float" />
              <param name="Y" type="float" />
              <param name="Z" type="float" />
            </accessor>
          </technique_common>
        </source>
        <source id="ID242">
          <float_array id="ID243" count="88">1 1 0 1 0 0.9444444 0 0.8888888 0 0.8333333 0 0.7777777
            0 0.7222222 0 0.6666667 0 0.6111111 0 0.5555555 0 0.5 0 0.4444444 0 0.3888889 0
            0.3333333 0 0.2777778 0 0.2222223 0 0.1666667 0 0.1111111 0 0.0555555 0 0 1 0 1
            0.0304627 1 0.0609254 1 0.1062683 1 0.1516111 1 0.201725 1 0.2504303 1 0.2991356 1
            0.3491372 1 0.3941891 1 0.4392411 1 0.4696205 1 0.5 1 0.5303794 1 0.5607589 1 0.6058108
            1 0.6508628 1 0.7008644 1 0.7495697 1 0.798275 1 0.8483889 1 0.8937317 1 0.9390745 1
            0.9695373</float_array>
          <technique_common>
            <accessor count="44" source="#ID243" stride="2">
              <param name="S" type="float" />
              <param name="T" type="float" />
            </accessor>
          </technique_common>
        </source>
        <vertices id="ID244">
          <input semantic="POSITION" source="#ID238" />
        </vertices>
        <triangles count="42" material="ID245">
          <input semantic="VERTEX" source="#ID244" offset="0" />
          <input semantic="NORMAL" source="#ID240" offset="1" />
          <input semantic="TEXCOORD" source="#ID242" offset="2" set="0" />
          <p>0 0 0 1 1 1 43 43 43 43 43 43 1 1 1 2 2 2 42 42 42 2 2 2 3 3 3 41 41 41 3 3 3 40 40 40
            41 41 41 42 42 42 3 3 3 3 3 3 4 4 4 40 40 40 40 40 40 4 4 4 39 39 39 39 39 39 4 4 4 5 5
            5 38 38 38 5 5 5 6 6 6 37 37 37 6 6 6 7 7 7 36 36 36 7 7 7 8 8 8 35 35 35 8 8 8 34 34 34
            35 35 35 36 36 36 8 8 8 8 8 8 9 9 9 34 34 34 34 34 34 9 9 9 33 33 33 33 33 33 9 9 9 10
            10 10 32 32 32 10 10 10 31 31 31 32 32 32 33 33 33 10 10 10 10 10 10 11 11 11 31 31 31
            31 31 31 11 11 11 30 30 30 30 30 30 11 11 11 29 29 29 29 29 29 11 11 11 12 12 12 28 28
            28 12 12 12 13 13 13 27 27 27 13 13 13 14 14 14 26 26 26 14 14 14 15 15 15 25 25 25 15
            15 15 16 16 16 24 24 24 16 16 16 17 17 17 23 23 23 17 17 17 18 18 18 22 22 22 18 18 18
            21 21 21 22 22 22 23 23 23 18 18 18 18 18 18 19 19 19 21 21 21 21 21 21 19 19 19 20 20
            20 23 23 23 24 24 24 17 17 17 24 24 24 25 25 25 16 16 16 25 25 25 26 26 26 15 15 15 26
            26 26 27 27 27 14 14 14 27 27 27 28 28 28 13 13 13 28 28 28 29 29 29 12 12 12 36 36 36
            37 37 37 7 7 7 37 37 37 38 38 38 6 6 6 38 38 38 39 39 39 5 5 5 42 42 42 43 43 43 2 2 2</p>
        </triangles>
      </mesh>
    </geometry>
    <geometry id="ID246">
      <mesh>
        <source id="ID247">
          <float_array id="ID248" count="813">-0.0635002 -0.07 0.0765 -0.0635001 -0.0592997 0.0765
            -0.0635003 -0.0474398 0.0764999 -0.0634998 -0.0237194 0.0765002 -0.0635001 0.0000001
            0.0765001 -0.0634999 0.0000001 0.0655379 -0.0635 0.0000001 0.0350299 -0.0634999
            0.0000001 0.0344773 -0.0634995 0.0000005 0.0142947 -0.0634995 0.0000005 0.013463
            -0.0634999 0.0000002 0.0015001 -0.0633515 -0.004339 0.0015001 -0.0618855 -0.0142287
            0.0015 -0.0593627 -0.0225469 0.0014999 -0.0560525 -0.0298397 0.0015001 -0.0521302
            -0.0362588 0.0015 -0.0476766 -0.0419431 0.0015 -0.0440996 -0.0456895 0.0014999
            -0.0427439 -0.0469605 0.0014998 -0.0373596 -0.0513477 0.0014996 -0.0358158 -0.0524363
            0.0014997 -0.0315296 -0.0551196 0.0015 -0.0252489 -0.0582647 0.0015001 -0.0184519
            -0.0607601 0.0015001 -0.0111508 -0.0625134 0.0014999 -0.007275 -0.0630823 0.0014998
            -0.0034396 -0.0634069 0.0014999 -0.0033234 -0.0634131 0.0014999 -0.0033232 -0.0635199
            0.0053354 -0.0033232 -0.0635349 0.0055697 -0.0033233 -0.0637092 0.0073335 -0.0033232
            -0.0640389 0.0090166 -0.0033232 -0.0641501 0.0093959 -0.0033232 -0.0643709 0.0100038
            -0.0033232 -0.0646436 0.0105764 -0.0033233 -0.0649192 0.0110249 -0.0033233 -0.0650784
            0.0112407 -0.0033234 -0.0653455 0.011549 -0.0033234 -0.0654892 0.0116926 -0.0033234
            -0.0656382 0.0118276 -0.0033234 -0.0659642 0.0120818 -0.0033234 -0.0661923 0.0122311
            -0.0033233 -0.0663263 0.0123095 -0.0033232 -0.0667238 0.0125078 -0.003323 -0.0671618
            0.0126786 -0.0033232 -0.067949 0.0128911 -0.0033234 -0.0681649 0.0129323 -0.0033228
            -0.0693174 0.0130645 -0.0033236 -0.0700002 0.0130868 -0.0073452 -0.0700001 0.0134262
            -0.0095237 -0.0699998 0.0137185 -0.0113806 -0.07 0.0140281 -0.0142134 -0.0699999
            0.0146111 -0.0153525 -0.0699998 0.0148839 -0.0155581 -0.0699998 0.0149355 -0.0191714
            -0.0700001 0.015963 -0.0202162 -0.0700001 0.0163039 -0.0241997 -0.0699999 0.0177921
            -0.0261169 -0.07 0.0186194 -0.0265528 -0.07 0.018818 -0.0300889 -0.0700001 0.020581
            -0.0307029 -0.0700001 0.0209156 -0.0335422 -0.0700001 0.0225814 -0.0360326 -0.07
            0.0242131 -0.0365268 -0.07 0.0245572 -0.0401604 -0.07 0.0273125 -0.0405295 -0.07
            0.0276161 -0.0458853 -0.0699999 0.0326048 -0.0463349 -0.0699999 0.0330798 -0.0506976
            -0.0699999 0.0382634 -0.052009 -0.0699999 0.0400673 -0.0535026 -0.0699999 0.0422987
            -0.0554906 -0.07 0.0456278 -0.0570492 -0.0700001 0.0486127 -0.059052 -0.07 0.0531521
            -0.0591527 -0.07 0.0534085 -0.061156 -0.07 0.0594045 -0.0615313 -0.07 0.0608094
            -0.0624777 -0.0699999 0.0651511 -0.0630086 -0.0699996 0.0686129 -0.0634686 -0.0699996
            0.074506 -0.0502312 -0.0497129 0.029647 -0.0511836 -0.0378032 0.0065197 -0.0472363
            -0.0424784 0.0035117 -0.049711 -0.0428473 0.0189027 -0.0293741 -0.057392 0.0106104
            -0.0308525 -0.0555481 0.0038086 -0.0502275 -0.0401243 0.0128919 -0.0184352 -0.060765
            0.0015117 -0.0249219 -0.0584106 0.0024316 -0.0413699 -0.0485948 0.0076678 -0.0363194
            -0.0522618 0.005567 -0.037198 -0.0514672 0.0020516 -0.042075 -0.0476417 0.004295
            -0.0460137 -0.044556 0.0101031 -0.0465663 -0.0434636 0.0068557 -0.0506565 -0.038919
            0.0097461 -0.016324 -0.0620304 0.0088338 -0.0088499 -0.0634823 0.0087258 -0.0048155
            -0.0639363 0.0089164 -0.0059083 -0.0633376 0.0052248 -0.00988 -0.0628262 0.0050858
            -0.023131 -0.0599689 0.0094902 -0.0238789 -0.0590549 0.0060822 -0.0299831 -0.056351
            0.0073166 -0.0172167 -0.0612488 0.0053067 -0.0404581 -0.0509565 0.0140036 -0.0351392
            -0.0543781 0.0121236 -0.0408223 -0.0496918 0.0109112 -0.0356187 -0.0532188 0.0089363
            -0.0453263 -0.0471228 0.0162544 -0.0455952 -0.045771 0.0132403 -0.0499089 -0.0414307
            0.0159469 -0.0310338 -0.0652989 0.0204178 -0.0292748 -0.0604962 0.0162781 -0.0497045
            -0.0460365 0.024494 -0.0166606 -0.0655331 0.014143 -0.0160463 -0.0633742 0.0118551
            -0.0291113 -0.0587493 0.0136195 -0.008678 -0.0649226 0.0116603 -0.0086169 -0.064068
            0.010314 -0.0086063 -0.0644577 0.0110209 -0.004749 -0.0654731 0.0117641 -0.0046204
            -0.0649562 0.0111716 -0.0046709 -0.0652021 0.0114792 -0.0086314 -0.0646804 0.0113494
            -0.0160885 -0.0626139 0.010424 -0.0228367 -0.0612974 0.0125253 -0.0229167 -0.0605717
            0.011063 -0.029194 -0.0580261 0.012155 -0.0098674 -0.0676073 0.0134752 -0.0090894
            -0.0660974 0.0127185 -0.0162302 -0.064341 0.0131004 -0.008838 -0.0654682 0.012227
            -0.0049908 -0.0660935 0.0122636 -0.0048555 -0.0657702 0.0120257 -0.0087467 -0.0651851
            0.0119529 -0.0053462 -0.0668177 0.0126696 -0.0051547 -0.066443 0.012478 -0.0089521
            -0.0657723 0.0124822 -0.0127176 -0.065272 0.012862 -0.0124398 -0.0642193 0.0116939
            -0.0125418 -0.064712 0.0123082 -0.0161084 -0.0638303 0.0125023 -0.0063691 -0.0685514
            0.013225 -0.0058078 -0.067639 0.0129883 -0.009433 -0.0668108 0.0131342 -0.0132983
            -0.0666015 0.013781 -0.0129695 -0.0659016 0.0133531 -0.0164137 -0.0649081 0.0136478
            -0.0231494 -0.0631807 0.0150612 -0.0229094 -0.0621626 0.013862 -0.0291358 -0.0595704
            0.0149959 -0.0196276 -0.0633046 0.0134337 -0.0199477 -0.064396 0.014567 -0.0230079
            -0.062652 0.0144793 -0.0197616 -0.0638265 0.0140218 -0.0403769 -0.0540772 0.0196565
            -0.0350248 -0.0574685 0.0178037 -0.0349276 -0.0557822 0.0150906 -0.0403028 -0.052412
            0.0169244 -0.0452887 -0.0502835 0.0218714 -0.0452208 -0.048624 0.0191341 -0.0496413
            -0.0443812 0.021753 -0.018281 -0.0686116 0.0156037 -0.0109965 -0.069438 0.0139433
            -0.0103899 -0.0684842 0.0137439 -0.0070271 -0.0695522 0.0133822 -0.0173464 -0.0669587
            0.0149756 -0.014183 -0.0682089 0.01445 -0.0137033 -0.0673711 0.0141461 -0.0169716
            -0.0662168 0.0145855 -0.0177836 -0.0677577 0.0153144 -0.0147342 -0.0691121 0.014695
            -0.0299144 -0.0626783 0.0185452 -0.0241519 -0.0656945 0.0170299 -0.0235633 -0.0643578
            0.0161173 -0.0295336 -0.0615315 0.0174618 -0.0204789 -0.0656802 0.0155267 -0.0201868
            -0.0650139 0.0150686 -0.0233344 -0.0637492 0.0156073 -0.0212199 -0.0671563 0.0163139
            -0.0208236 -0.0663947 0.0159415 -0.0238359 -0.0650064 0.0165914 -0.0258291 -0.068825
            0.0184438 -0.0249106 -0.0671867 0.0178025 -0.0304158 -0.0639354 0.0195294 -0.0221602
            -0.0688144 0.0169372 -0.0216661 -0.0679635 0.0166452 -0.0245105 -0.0664216 0.0174333
            -0.0188353 -0.0695177 0.0158461 -0.041245 -0.0580658 0.0245287 -0.0362254 -0.061761
            0.0224025 -0.0406911 -0.055962 0.0221912 -0.0354562 -0.0594604 0.020242 -0.0459535
            -0.0540862 0.0269108 -0.0455338 -0.0521051 0.0244628 -0.049902 -0.0478145 0.0271246
            -0.0613591 -0.0267514 0.0455117 -0.0619162 -0.0144804 0.0227094 -0.057742 -0.0272314
            0.0136342 -0.0547117 -0.0327447 0.0098723 -0.0601691 -0.0211666 0.0178923 -0.0614674
            -0.0159631 0.0056526 -0.0628368 -0.0089316 0.0107803 -0.0629943 -0.0071827 0.0280766
            -0.0634591 -0.0012174 0.0165223 -0.05711 -0.039434 0.0364981 -0.0568088 -0.0327685
            0.0255737 -0.0612934 -0.0203013 0.0343936 -0.0535598 -0.038082 0.0219916 -0.0539606
            -0.0352533 0.016076 -0.0571394 -0.0298756 0.0197158 -0.0593947 -0.0268489 0.0297012
            -0.0596789 -0.0239136 0.0238814 -0.0615345 -0.0173265 0.0286093 -0.0539773 -0.0448538
            0.0328204 -0.0535616 -0.0412788 0.0275762 -0.0567967 -0.0359526 0.0311697 -0.0595716
            -0.0334008 0.0407278 -0.0593565 -0.030009 0.0353186 -0.0612313 -0.0234396 0.0400307
            -0.0631747 -0.0118447 0.0565262 -0.0625241 -0.0195332 0.0508074 -0.0625457 -0.0131628
            0.0396176 -0.0632534 -0.0055265 0.0452894 -0.0562711 -0.0680136 0.0470247 -0.0284221
            -0.0670535 0.0194384 -0.0325924 -0.0683211 0.0219292 -0.0526724 -0.0583343 0.0388117
            -0.0455261 -0.0683687 0.0321806 -0.0430165 -0.06288 0.0286581 -0.038686 -0.067205
            0.0259652 -0.0373134 -0.064353 0.0243009 -0.0420268 -0.0603779 0.0266789 -0.0441909
            -0.0655509 0.0304854 -0.051253 -0.0538419 0.0343929 -0.0472762 -0.0584902 0.0314092
            -0.0465389 -0.0562188 0.0292224 -0.0506851 -0.0517253 0.0320668 -0.0491374 -0.0633864
            0.0354648 -0.0481481 -0.0608847 0.0334852 -0.0519203 -0.0560494 0.0366371 -0.0543809
            -0.0630909 0.0429929 -0.0514035 -0.0686527 0.0391874 -0.0630544 -0.0410811 0.0664619
            -0.0606675 -0.0554657 0.0559171 -0.0585661 -0.0471549 0.046473 -0.062092 -0.0338114
            0.0560812 -0.0558766 -0.0529798 0.0424308 -0.0547742 -0.0487772 0.0377511 -0.0577176
            -0.0431843 0.0415846 -0.0606489 -0.0407755 0.051014 -0.0600179 -0.0370037 0.0459468
            -0.0616602 -0.0302217 0.0508501 -0.0586242 -0.0618812 0.0513435 -0.0571927 -0.0573778
            0.0469346 -0.0595818 -0.0512783 0.0512238 -0.0621639 -0.0485503 0.0609404 -0.0613951
            -0.0446525 0.0559865 -0.0625868 -0.0374587 0.0612604 -0.0634386 -0.0331492 0.0723997
            -0.0629546 -0.0263167 0.0616256 -0.0633663 -0.0184099 0.0675408 -0.0625975 -0.0636198
            0.0655022 -0.0617119 -0.0596153 0.0606444 -0.060061 -0.0663895 0.0557481 -0.0633239
            -0.0560006 0.0711587 -0.0628452 -0.0523681 0.0659662 -0.0633918 -0.0445846 0.0717705
            -0.0632253 -0.0673886 0.0705721</float_array>
          <technique_common>
            <accessor count="271" source="#ID248" stride="3">
              <param name="X" type="float" />
              <param name="Y" type="float" />
              <param name="Z" type="float" />
            </accessor>
          </technique_common>
        </source>
        <source id="ID249">
          <float_array id="ID250" count="813">-0.9999999 0.0002629 -0.0003399 -0.9999998 0.0000679
            -0.0007048 -0.9999998 0.0000187 -0.000643 -0.999999 -0.0000336 -0.0014256 -0.9999999
            0.000039 0.0003269 -0.999974 -0.0072079 -0.0000169 -0.9990742 -0.0430201 0.0000215
            -0.999069 -0.0431415 0.0000235 -0.9997393 -0.02283 -0.0000219 -0.9997767 -0.0211296
            -0.0000198 -0.9999999 -0.0005221 0.0000884 -0.9976659 -0.0682602 0.0018192 -0.9747343
            -0.2233667 -0.000587 -0.9348882 -0.3549414 0.0007233 -0.8828434 -0.4696671 0.0004801
            -0.8210602 -0.5708414 -0.0003641 -0.7508501 -0.660472 -0.0009017 -0.6944427 -0.7195476
            -0.0008122 -0.6731083 -0.7395437 -0.000622 -0.5881233 -0.8087707 0.0009822 -0.5638478
            -0.8258772 0.0015882 -0.4960567 -0.8682849 0.0030096 -0.3971178 -0.9177639 0.0026301
            -0.290345 -0.9569203 0.0018602 -0.1753058 -0.9845123 0.001822 -0.1146265 -0.9934084
            -0.0007334 -0.053729 -0.9985446 -0.004687 -0.0519144 -0.99864 -0.0047964 -0.0454969
            -0.9969627 -0.0632089 -0.0446802 -0.9965545 -0.069877 -0.0399105 -0.9897265 -0.1372903
            -0.0369529 -0.9642615 -0.2623628 -0.0364125 -0.9525912 -0.3020662 -0.0354745 -0.9221931
            -0.3850994 -0.0346526 -0.8770753 -0.4791014 -0.0341953 -0.8204907 -0.5706363 -0.0341461
            -0.7853783 -0.6180736 -0.0343898 -0.7238228 -0.6891284 -0.0346819 -0.6889297 -0.723998
            -0.0350891 -0.6524144 -0.7570496 -0.036279 -0.5732453 -0.8185803 -0.0372919 -0.519706
            -0.8535309 -0.0379284 -0.4895945 -0.8711249 -0.0399461 -0.40526 -0.9133283 -0.042496
            -0.3227779 -0.9455202 -0.0479304 -0.2033144 -0.9779396 -0.0493615 -0.175711 -0.9832035
            -0.0533916 -0.061786 -0.9966604 -0.0521195 -0.0048511 -0.9986291 -0.1155256 0.0003209
            -0.9933044 -0.1495745 -0.002727 -0.9887467 -0.1788836 -0.0050508 -0.9838573 -0.2233394
            -0.0063107 -0.9747203 -0.2409709 -0.0063661 -0.9705115 -0.2441659 -0.0063591 -0.9697126
            -0.3013896 -0.0056285 -0.9534845 -0.318258 -0.0051819 -0.94799 -0.380491 -0.0028457
            -0.9247802 -0.4107367 -0.0016584 -0.9117525 -0.4176796 -0.0014026 -0.9085933 -0.4738275
            0.000498 -0.8806176 -0.4835091 0.0007793 -0.875339 -0.5281049 0.0017171 -0.8491774
            -0.5672432 0.0020264 -0.8235478 -0.5749884 0.0020377 -0.818159 -0.6322953 0.0018419
            -0.7747253 -0.6381527 0.0017963 -0.7699077 -0.7225662 0.0006523 -0.6913013 -0.7296757
            0.0005566 -0.6837931 -0.7983705 0.0001722 -0.6021665 -0.8190752 0.0003367 -0.5736861
            -0.8426431 0.0006956 -0.5384721 -0.8738651 0.001357 -0.4861666 -0.8983955 0.0018067
            -0.4391836 -0.9300002 0.0016793 -0.367555 -0.9315925 0.0016505 -0.3635007 -0.9630848
            0.0010741 -0.2691961 -0.9690511 0.0010005 -0.2468583 -0.9840108 0.001116 -0.1781055
            -0.9922855 0.0014914 -0.123965 -0.9995248 0.0012594 -0.030798 -0.7946576 -0.4079341
            -0.4495654 -0.8069644 -0.5882499 -0.0526349 -0.743882 -0.6677984 -0.0261699 -0.788074
            -0.5628924 -0.2491815 -0.4552342 -0.8531118 -0.2548766 -0.4850009 -0.8735843 -0.0403061
            -0.7944139 -0.5904241 -0.1424991 -0.2902817 -0.9569398 0.0016816 -0.3926499 -0.9195852
            -0.0137498 -0.6489955 -0.7529952 -0.1086422 -0.5697337 -0.818415 -0.0748361 -0.5856283
            -0.8105408 -0.0079468 -0.6619948 -0.7482047 -0.0441896 -0.7238942 -0.6769031 -0.133339
            -0.7331978 -0.6757888 -0.0757006 -0.7998441 -0.592669 -0.0948306 -0.2468037 -0.9390168
            -0.239448 -0.1305443 -0.9611466 -0.2432189 -0.0617737 -0.9657987 -0.2518269 -0.0900968
            -0.9938279 -0.06472 -0.1575093 -0.9855524 -0.0622674 -0.3575912 -0.9014995 -0.2437771
            -0.3736203 -0.9221598 -0.1001458 -0.4682626 -0.8740146 -0.1297254 -0.2673363 -0.9606215
            -0.0757477 -0.6284528 -0.7283008 -0.273176 -0.5440577 -0.7955702 -0.2665883 -0.6374472
            -0.747956 -0.1849943 -0.5552637 -0.8161203 -0.1600936 -0.7101647 -0.6506947 -0.2688168
            -0.7160617 -0.6693453 -0.1980723 -0.7905052 -0.5807678 -0.1944488 -0.4878799 -0.2628922
            -0.8323826 -0.4550889 -0.6601439 -0.5975819 -0.788023 -0.5006889 -0.3582323 -0.2594373
            -0.4870223 -0.8339674 -0.2426658 -0.8114534 -0.5316547 -0.4501658 -0.7889777 -0.4181685
            -0.1162798 -0.7510821 -0.6498882 -0.1179031 -0.898267 -0.4233382 -0.1151621 -0.8373535
            -0.5343938 -0.0527384 -0.6835472 -0.7279986 -0.051031 -0.8026876 -0.5942125 -0.0513797
            -0.7473618 -0.6624277 -0.1151979 -0.7974608 -0.5922716 -0.24192 -0.8966033 -0.370914
            -0.3530981 -0.8150522 -0.4593601 -0.3534835 -0.8700941 -0.3434905 -0.4514931 -0.8280677
            -0.3323522 -0.1498214 -0.260999 -0.953642 -0.1297709 -0.514947 -0.8473424 -0.2489598
            -0.6717689 -0.6976715 -0.121501 -0.6408564 -0.7579845 -0.0589476 -0.5385599 -0.8405227
            -0.0552331 -0.6130444 -0.7881154 -0.1184079 -0.6985912 -0.7056557 -0.0702954 -0.3910101
            -0.917698 -0.0639438 -0.4634134 -0.8838322 -0.1253865 -0.579191 -0.8054912 -0.1909446
            -0.6084895 -0.7702472 -0.1826949 -0.7908558 -0.5840973 -0.1859141 -0.7081714 -0.6811236
            -0.2451593 -0.7483878 -0.6162894 -0.098444 -0.1397717 -0.985278 -0.0849857 -0.2572708
            -0.962595 -0.1393663 -0.3848594 -0.9123926 -0.2053261 -0.3831808 -0.900563 -0.1975816
            -0.4975108 -0.8446565 -0.2538474 -0.5835067 -0.7714152 -0.3625649 -0.6135558 -0.7014956
            -0.3563778 -0.729632 -0.5836369 -0.4513941 -0.7333478 -0.5083743 -0.3040131 -0.7100624
            -0.6351278 -0.3117385 -0.5632347 -0.7652358 -0.3591351 -0.6749424 -0.6445733 -0.3075829
            -0.6407361 -0.7034557 -0.6221752 -0.6273623 -0.4683104 -0.5390661 -0.6591425 -0.5243461
            -0.5381871 -0.7461269 -0.3919811 -0.6230652 -0.6891653 -0.3699201 -0.7062166 -0.5730343
            -0.4158002 -0.7067248 -0.6188812 -0.342821 -0.7872119 -0.5361615 -0.3046774 -0.2877902
            -0.1144883 -0.9508256 -0.1723106 -0.0524177 -0.983647 -0.1608721 -0.1493297 -0.9756131
            -0.110255 -0.0377828 -0.9931849 -0.2723461 -0.2899641 -0.9174685 -0.2224978 -0.1701186
            -0.9599763 -0.2136514 -0.2723056 -0.9381912 -0.2656168 -0.3875805 -0.8827395 -0.2797011
            -0.1981091 -0.9394253 -0.2318389 -0.0793303 -0.969514 -0.4682087 -0.4707026 -0.7478099
            -0.3811772 -0.3314101 -0.8630593 -0.3709975 -0.4760687 -0.7973201 -0.4607965 -0.5709412
            -0.6794797 -0.321915 -0.3951154 -0.8603805 -0.3165253 -0.4803129 -0.8179922 -0.3665362
            -0.5466458 -0.7528808 -0.3345824 -0.2297958 -0.9139193 -0.3279433 -0.3107429 -0.8921278
            -0.3758902 -0.4037097 -0.8341013 -0.4070907 -0.0721095 -0.9105368 -0.3930664 -0.1935583
            -0.8989071 -0.4772741 -0.3660282 -0.7988948 -0.3494659 -0.0848279 -0.9331012 -0.3417693
            -0.1541301 -0.9270586 -0.3868769 -0.2608725 -0.8844613 -0.296629 -0.0401269 -0.9541494
            -0.6363661 -0.4454541 -0.6297689 -0.562093 -0.38914 -0.7298092 -0.6265224 -0.544333
            -0.5578272 -0.547151 -0.5352871 -0.6435009 -0.7149935 -0.4463655 -0.5380912 -0.7089204
            -0.5145405 -0.4823691 -0.7904981 -0.4571913 -0.4075399 -0.9855527 -0.1224936 -0.1169671
            -0.9825747 -0.18521 -0.015626 -0.9162819 -0.3964273 -0.0572094 -0.8649765 -0.4977244
            -0.063922 -0.9568114 -0.2883626 -0.0368627 -0.9683011 -0.2497774 -0.0020423 -0.9905938
            -0.1366773 0.0065759 -0.9950136 -0.0996856 -0.0032741 -0.9991912 -0.040157 0.0021085
            -0.9251506 -0.2672992 -0.2695319 -0.916283 -0.3649357 -0.1650679 -0.9822035 -0.1754704
            -0.0669813 -0.8583862 -0.4665388 -0.2133415 -0.858944 -0.4944315 -0.1332394 -0.914346
            -0.3904831 -0.1072119 -0.9577922 -0.2643282 -0.1129809 -0.9560663 -0.2841686 -0.0720103
            -0.9815257 -0.1872596 -0.0392572 -0.8672858 -0.3441379 -0.3597005 -0.8614042 -0.4148647
            -0.2930361 -0.9202226 -0.3219807 -0.2225282 -0.9640015 -0.1897583 -0.1862599 -0.9607442
            -0.2313238 -0.1531662 -0.9837763 -0.1525375 -0.0944276 -0.9990048 -0.0351706 -0.027431
            -0.9954438 -0.0707398 -0.0639344 -0.9939767 -0.1046709 -0.0324727 -0.9984949 -0.053958
            -0.0098226 -0.8862819 -0.0250272 -0.4624695 -0.4482561 -0.1737716 -0.8768523 -0.513337
            -0.0780337 -0.854632 -0.8298585 -0.1988777 -0.5213276 -0.71649 -0.0451796 -0.6961328
            -0.6709146 -0.2346734 -0.7034216 -0.6079581 -0.1054126 -0.7869404 -0.582943 -0.2409363
            -0.7759686 -0.6515328 -0.3397206 -0.678303 -0.6930726 -0.1354811 -0.7080221 -0.8083455
            -0.30162 -0.5055719 -0.7372209 -0.2978345 -0.606465 -0.7244825 -0.3728009 -0.5797797
            -0.8005313 -0.3551443 -0.4827237 -0.7709616 -0.1538207 -0.618027 -0.7530415 -0.2244773
            -0.618497 -0.8182771 -0.2494521 -0.5178766 -0.8566275 -0.1047609 -0.5051876 -0.8094435
            -0.0270805 -0.5865729 -0.99598 -0.0128871 -0.0886438 -0.9591924 -0.0610898 -0.276076
            -0.9383574 -0.1499431 -0.3114523 -0.9895701 -0.0584478 -0.1316617 -0.8893089 -0.1893349
            -0.4162715 -0.8765996 -0.2648741 -0.4017647 -0.9312028 -0.207809 -0.2994607 -0.9714186
            -0.1020458 -0.2143191 -0.9673434 -0.1451473 -0.2077954 -0.9873823 -0.0897539 -0.1304623
            -0.9242522 -0.0677095 -0.3757305 -0.9050963 -0.12293 -0.407049 -0.9474824 -0.1001289
            -0.3037291 -0.9841008 -0.0345744 -0.174213 -0.9769602 -0.0641768 -0.2035437 -0.9925015
            -0.0319776 -0.1179754 -0.9996 -0.0019268 -0.0282158 -0.9972194 -0.0273296 -0.0693296
            -0.9995713 -0.008781 -0.0279301 -0.9860855 -0.0152485 -0.1655381 -0.9728584 -0.0332985
            -0.2289927 -0.9457794 -0.0251679 -0.323833 -0.9977472 -0.0039575 -0.0669698 -0.991751
            -0.014686 -0.1273352 -0.9989624 -0.0023359 -0.0454829 -0.9957485 -0.0030791 -0.0920627</float_array>
          <technique_common>
            <accessor count="271" source="#ID250" stride="3">
              <param name="X" type="float" />
              <param name="Y" type="float" />
              <param name="Z" type="float" />
            </accessor>
          </technique_common>
        </source>
        <source id="ID251">
          <float_array id="ID252" count="542">0.36917 1 0.3127384 0.936811 0.2501902 0.866773
            0.1250938 0.7266971 0 0.586624 0.0330673 0.5008814 0.1250938 0.2622587 0.1267608
            0.2579362 0.1876421 0.1000727 0.1901508 0.0935676 0.2262358 0 0.2501902 0.0254585
            0.3127384 0.0820896 0.3752866 0.1288224 0.4378348 0.1684264 0.500383 0.2023206 0.5629312
            0.2313121 0.6088824 0.249767 0.6254793 0.2558672 0.6880276 0.276234 0.7049822 0.281047
            0.7505757 0.2924927 0.8131239 0.3045718 0.8756721 0.3122335 0.9382203 0.3150269
            0.9694944 0.3143713 0.9991374 0.3123271 1 0.3122453 0.9887558 0.3436072 0.9881248
            0.3455533 0.9839209 0.3597902 0.9806023 0.3748872 0.9800696 0.378358 0.979388 0.3845725
            0.9791104 0.3905273 0.9792177 0.395743 0.9794064 0.3983473 0.9798737 0.4022573 0.980198
            0.4042298 0.9805771 0.4061673 0.9815322 0.4100773 0.9822866 0.4125926 0.9827538
            0.4139873 0.9842541 0.4178973 0.9860426 0.4218073 0.9894924 0.4280159 0.9905106
            0.4296273 0.9961646 0.4374473 0.999787 0.4417715 0.9694944 0.4485646 0.9527391 0.4530874
            0.9382203 0.4574355 0.9159832 0.4648491 0.9069462 0.468117 0.9053017 0.4687274 0.8756721
            0.4805459 0.8668382 0.4843675 0.8334939 0.5000075 0.8169428 0.5084836 0.8131239
            0.5105066 0.7818498 0.5280262 0.7763438 0.5312876 0.7505757 0.5472605 0.7275099
            0.5625677 0.7228934 0.5657482 0.6880276 0.5910696 0.6843886 0.5938477 0.6302158
            0.6384186 0.6254793 0.6426168 0.577978 0.6876879 0.5629312 0.7031858 0.5452693 0.7222128
            0.5207717 0.750248 0.500383 0.7752156 0.4720543 0.8128082 0.4705403 0.8149254 0.4378348
            0.8638946 0.4307979 0.8753683 0.410707 0.9104712 0.3964864 0.9379284 0.3752866 0.9846762
            0.500383 0.5000075 0.500383 0.249767 0.5629312 0.249767 0.500383 0.3748872 0.7505757
            0.3748872 0.7505757 0.3123271 0.500383 0.3123271 0.8756721 0.3123271 0.8131239 0.3123271
            0.6254793 0.3123271 0.6880276 0.3123271 0.6880276 0.281047 0.6254793 0.281047 0.5629312
            0.3123271 0.5629312 0.281047 0.500383 0.281047 0.8756721 0.3748872 0.9382203 0.3748872
            0.9694944 0.3748872 0.9694944 0.3436072 0.9382203 0.3436072 0.8131239 0.3748872
            0.8131239 0.3436072 0.7505757 0.3436072 0.8756721 0.3436072 0.6254793 0.3748872
            0.6880276 0.3748872 0.6254793 0.3436072 0.6880276 0.3436072 0.5629312 0.3748872
            0.5629312 0.3436072 0.500383 0.3436072 0.7505757 0.5000075 0.7505757 0.4374473 0.500383
            0.4374473 0.8756721 0.4374473 0.8756721 0.4061673 0.7505757 0.4061673 0.9382203
            0.4061673 0.9382203 0.3905273 0.9382203 0.3983473 0.9694944 0.4061673 0.9694944
            0.3983473 0.9694944 0.4022573 0.9382203 0.4022573 0.8756721 0.3905273 0.8131239
            0.4061673 0.8131239 0.3905273 0.7505757 0.3905273 0.9382203 0.4374473 0.9382203
            0.4218073 0.8756721 0.4218073 0.9382203 0.4139873 0.9694944 0.4139873 0.9694944
            0.4100773 0.9382203 0.4100773 0.9694944 0.4218073 0.9694944 0.4178973 0.9382203
            0.4178973 0.9069462 0.4218073 0.9069462 0.4061673 0.9069462 0.4139873 0.8756721
            0.4139873 0.9694944 0.4374473 0.9694944 0.4296273 0.9382203 0.4296273 0.9069462
            0.4374473 0.9069462 0.4296273 0.8756721 0.4296273 0.8131239 0.4374473 0.8131239
            0.4218073 0.7505757 0.4218073 0.844398 0.4218073 0.844398 0.4374473 0.8131239 0.4296273
            0.844398 0.4296273 0.6254793 0.4374473 0.6880276 0.4374473 0.6880276 0.4061673 0.6254793
            0.4061673 0.5629312 0.4374473 0.5629312 0.4061673 0.500383 0.4061673 0.8756721 0.4687274
            0.9382203 0.4530874 0.9382203 0.4452673 0.9694944 0.4452673 0.8756721 0.4530874
            0.9069462 0.4530874 0.9069462 0.4452673 0.8756721 0.4452673 0.8756721 0.4609074
            0.9069462 0.4609074 0.7505757 0.4687274 0.8131239 0.4687274 0.8131239 0.4530874
            0.7505757 0.4530874 0.844398 0.4530874 0.844398 0.4452673 0.8131239 0.4452673 0.844398
            0.4687274 0.844398 0.4609074 0.8131239 0.4609074 0.8131239 0.5000075 0.8131239 0.4843675
            0.7505757 0.4843675 0.844398 0.4843675 0.844398 0.4765474 0.8131239 0.4765474 0.8756721
            0.4765474 0.6254793 0.5000075 0.6880276 0.5000075 0.6254793 0.4687274 0.6880276
            0.4687274 0.5629312 0.5000075 0.5629312 0.4687274 0.500383 0.4687274 0.2501902 0.5000075
            0.2501902 0.249767 0.3752866 0.249767 0.4378348 0.249767 0.3127384 0.249767 0.3127384
            0.1246467 0.2501902 0.1246467 0.1876421 0.249767 0.1876421 0.1246467 0.3752866 0.5000075
            0.3752866 0.3748872 0.2501902 0.3748872 0.4378348 0.3748872 0.4378348 0.3123271
            0.3752866 0.3123271 0.3127384 0.3748872 0.3127384 0.3123271 0.2501902 0.3123271
            0.4378348 0.5000075 0.4378348 0.4374473 0.3752866 0.4374473 0.3127384 0.5000075
            0.3127384 0.4374473 0.2501902 0.4374473 0.1250938 0.5000075 0.1876421 0.5000075
            0.1876421 0.3748872 0.1250938 0.3748872 0.500383 0.750248 0.7818498 0.5000075 0.7505757
            0.5312876 0.500383 0.6251278 0.6254793 0.6251278 0.6254793 0.5625677 0.6880276 0.5625677
            0.6880276 0.5312876 0.6254793 0.5312876 0.6254793 0.5938477 0.500383 0.5625677 0.5629312
            0.5625677 0.5629312 0.5312876 0.500383 0.5312876 0.5629312 0.6251278 0.5629312 0.5938477
            0.500383 0.5938477 0.500383 0.6876879 0.5629312 0.6876879 0.2501902 0.750248 0.3752866
            0.750248 0.3752866 0.6251278 0.2501902 0.6251278 0.4378348 0.6251278 0.4378348 0.5625677
            0.3752866 0.5625677 0.3127384 0.6251278 0.3127384 0.5625677 0.2501902 0.5625677
            0.4378348 0.750248 0.4378348 0.6876879 0.3752866 0.6876879 0.3127384 0.750248 0.3127384
            0.6876879 0.2501902 0.6876879 0.1876421 0.750248 0.1876421 0.6251278 0.1250938 0.6251278
            0.3752866 0.8753683 0.3752866 0.8128082 0.4378348 0.8128082 0.3127384 0.8753683
            0.3127384 0.8128082 0.2501902 0.8128082 0.3752866 0.9379284</float_array>
          <technique_common>
            <accessor count="271" source="#ID252" stride="2">
              <param name="S" type="float" />
              <param name="T" type="float" />
            </accessor>
          </technique_common>
        </source>
        <vertices id="ID253">
          <input semantic="POSITION" source="#ID247" />
        </vertices>
        <triangles count="459" material="ID254">
          <input semantic="VERTEX" source="#ID253" offset="0" />
          <input semantic="NORMAL" source="#ID249" offset="1" />
          <input semantic="TEXCOORD" source="#ID251" offset="2" set="0" />
          <p>0 0 0 1 1 1 80 80 80 80 80 80 1 1 1 270 270 270 79 79 79 270 270 270 264 264 264 78 78
            78 264 264 264 77 77 77 78 78 78 79 79 79 264 264 264 270 270 270 1 1 1 267 267 267 264
            264 264 267 267 267 265 265 265 77 77 77 265 265 265 266 266 266 76 76 76 266 266 266 75
            75 75 76 76 76 77 77 77 266 266 266 16 16 16 17 17 17 83 83 83 82 82 82 83 83 83 95 95
            95 96 96 96 95 95 95 94 94 94 87 87 87 94 94 94 111 111 111 112 112 112 111 111 111 110
            110 110 84 84 84 110 110 110 162 162 162 163 163 163 162 162 162 161 161 161 115 115 115
            161 161 161 196 196 196 197 197 197 196 196 196 81 81 81 216 216 216 81 81 81 239 239
            239 250 250 250 239 239 239 236 236 236 242 242 242 236 236 236 237 237 237 241 241 241
            237 237 237 231 231 231 235 235 235 231 231 231 232 232 232 66 66 66 232 232 232 65 65
            65 66 66 66 235 235 235 232 232 232 66 66 66 230 230 230 235 235 235 66 66 66 67 67 67
            230 230 230 230 230 230 67 67 67 68 68 68 69 69 69 230 230 230 68 68 68 69 69 69 240 240
            240 230 230 230 69 69 69 244 244 244 240 240 240 69 69 69 70 70 70 244 244 244 244 244
            244 70 70 70 71 71 71 243 243 243 71 71 71 226 226 226 255 255 255 226 226 226 74 74 74
            266 266 266 74 74 74 75 75 75 266 266 266 255 255 255 74 74 74 266 266 266 265 265 265
            255 255 255 255 255 255 265 265 265 246 246 246 256 256 256 246 246 246 257 257 257 249
            249 249 257 257 257 247 247 247 250 250 250 247 247 247 251 251 251 216 216 216 251 251
            251 207 207 207 218 218 218 207 207 207 220 220 220 213 213 213 220 220 220 209 209 209
            215 215 215 209 209 209 224 224 224 205 205 205 224 224 224 6 6 6 7 7 7 205 205 205 6 6
            6 7 7 7 206 206 206 205 205 205 7 7 7 8 8 8 206 206 206 206 206 206 8 8 8 9 9 9 204 204
            204 9 9 9 11 11 11 12 12 12 204 204 204 11 11 11 12 12 12 203 203 203 204 204 204 12 12
            12 13 13 13 203 203 203 203 203 203 13 13 13 200 200 200 202 202 202 200 200 200 212 212
            212 214 214 214 212 212 212 208 208 208 213 213 213 208 208 208 218 218 218 220 220 220
            213 213 213 218 218 218 4 4 4 263 263 263 3 3 3 4 4 4 5 5 5 263 263 263 263 263 263 5 5
            5 222 222 222 262 262 262 222 222 222 223 223 223 254 254 254 223 223 223 198 198 198
            253 253 253 198 198 198 219 219 219 251 251 251 219 219 219 207 207 207 251 251 251 253
            253 253 219 219 219 251 251 251 252 252 252 253 253 253 251 251 251 247 247 247 252 252
            252 252 252 252 247 247 247 259 259 259 248 248 248 259 259 259 260 260 260 262 262 262
            260 260 260 261 261 261 3 3 3 261 261 261 2 2 2 3 3 3 262 262 262 261 261 261 3 3 3 263
            263 263 262 262 262 262 262 262 263 263 263 222 222 222 222 222 222 5 5 5 225 225 225
            223 223 223 225 225 225 224 224 224 221 221 221 224 224 224 209 209 209 220 220 220 221
            221 221 209 209 209 220 220 220 219 219 219 221 221 221 220 220 220 207 207 207 219 219
            219 9 9 9 10 10 10 11 11 11 13 13 13 14 14 14 200 200 200 200 200 200 14 14 14 201 201
            201 211 211 211 201 201 201 96 96 96 87 87 87 96 96 96 94 94 94 87 87 87 211 211 211 96
            96 96 87 87 87 112 112 112 211 211 211 87 87 87 111 111 111 112 112 112 14 14 14 15 15
            15 201 201 201 201 201 201 15 15 15 82 82 82 96 96 96 82 82 82 95 95 95 96 96 96 201 201
            201 82 82 82 15 15 15 16 16 16 82 82 82 82 82 82 16 16 16 83 83 83 18 18 18 93 93 93 17
            17 17 18 18 18 19 19 19 93 93 93 93 93 93 19 19 19 92 92 92 91 91 91 92 92 92 20 20 20
            86 86 86 20 20 20 21 21 21 22 22 22 86 86 86 21 21 21 22 22 22 89 89 89 86 86 86 22 22
            22 23 23 23 89 89 89 89 89 89 23 23 23 88 88 88 103 103 103 88 88 88 105 105 105 102 102
            102 105 105 105 97 97 97 128 128 128 97 97 97 126 126 126 127 127 127 126 126 126 117
            117 117 153 153 153 117 117 117 143 143 143 132 132 132 143 143 143 140 140 140 148 148
            148 140 140 140 146 146 146 130 130 130 146 146 146 144 144 144 167 167 167 144 144 144
            48 48 48 49 49 49 167 167 167 48 48 48 49 49 49 50 50 50 167 167 167 167 167 167 50 50
            50 166 166 166 130 130 130 166 166 166 147 147 147 148 148 148 147 147 147 149 149 149
            132 132 132 149 149 149 153 153 153 143 143 143 132 132 132 153 153 153 19 19 19 20 20
            20 92 92 92 23 23 23 24 24 24 88 88 88 88 88 88 24 24 24 105 105 105 105 105 105 24 24
            24 101 101 101 97 97 97 101 101 101 98 98 98 126 126 126 98 98 98 120 120 120 141 141
            141 120 120 120 121 121 121 125 125 125 121 121 121 123 123 123 124 124 124 123 123 123
            36 36 36 37 37 37 124 124 124 36 36 36 37 37 37 38 38 38 124 124 124 124 124 124 38 38
            38 122 122 122 125 125 125 122 122 122 119 119 119 141 141 141 119 119 119 136 136 136
            133 133 133 136 136 136 134 134 134 138 138 138 134 134 134 43 43 43 44 44 44 138 138
            138 43 43 43 44 44 44 137 137 137 138 138 138 44 44 44 45 45 45 137 137 137 137 137 137
            45 45 45 145 145 145 131 131 131 145 145 145 146 146 146 140 140 140 131 131 131 146 146
            146 140 140 140 142 142 142 131 131 131 140 140 140 143 143 143 142 142 142 142 142 142
            143 143 143 141 141 141 133 133 133 141 141 141 136 136 136 133 133 133 142 142 142 141
            141 141 133 133 133 139 139 139 142 142 142 133 133 133 138 138 138 139 139 139 133 133
            133 134 134 134 138 138 138 24 24 24 25 25 25 101 101 101 101 101 101 25 25 25 100 100
            100 98 98 98 100 100 100 99 99 99 120 120 120 99 99 99 34 34 34 123 123 123 34 34 34 35
            35 35 36 36 36 123 123 123 35 35 35 25 25 25 26 26 26 100 100 100 100 100 100 26 26 26
            28 28 28 29 29 29 100 100 100 28 28 28 29 29 29 30 30 30 100 100 100 100 100 100 30 30
            30 99 99 99 99 99 99 30 30 30 31 31 31 32 32 32 99 99 99 31 31 31 32 32 32 33 33 33 99
            99 99 99 99 99 33 33 33 34 34 34 27 27 27 28 28 28 26 26 26 38 38 38 39 39 39 122 122
            122 122 122 122 39 39 39 40 40 40 135 135 135 40 40 40 41 41 41 134 134 134 41 41 41 42
            42 42 43 43 43 134 134 134 42 42 42 45 45 45 46 46 46 145 145 145 145 145 145 46 46 46
            47 47 47 144 144 144 47 47 47 48 48 48 144 144 144 145 145 145 47 47 47 144 144 144 146
            146 146 145 145 145 166 166 166 50 50 50 165 165 165 170 170 170 165 165 165 169 169 169
            171 171 171 169 169 169 168 168 168 179 179 179 168 168 168 178 178 178 180 180 180 178
            178 178 176 176 176 177 177 177 176 176 176 183 183 183 174 174 174 183 183 183 175 175
            175 189 189 189 175 175 175 188 188 188 187 187 187 188 188 188 56 56 56 57 57 57 187
            187 187 56 56 56 57 57 57 185 185 185 187 187 187 57 57 57 184 184 184 185 185 185 57 57
            57 58 58 58 184 184 184 184 184 184 58 58 58 59 59 59 227 227 227 59 59 59 60 60 60 61
            61 61 227 227 227 60 60 60 61 61 61 113 113 113 227 227 227 61 61 61 228 228 228 113 113
            113 61 61 61 62 62 62 228 228 228 228 228 228 62 62 62 63 63 63 233 233 233 63 63 63 232
            232 232 231 231 231 233 233 233 232 232 232 231 231 231 234 234 234 233 233 233 231 231
            231 237 237 237 234 234 234 234 234 234 237 237 237 238 238 238 191 191 191 238 238 238
            195 195 195 193 193 193 195 195 195 196 196 196 161 161 161 193 193 193 196 196 196 161
            161 161 157 157 157 193 193 193 161 161 161 162 162 162 157 157 157 157 157 157 162 162
            162 160 160 160 159 159 159 160 160 160 107 107 107 129 129 129 107 107 107 85 85 85 102
            102 102 85 85 85 103 103 103 105 105 105 102 102 102 103 103 103 50 50 50 51 51 51 165
            165 165 165 165 165 51 51 51 52 52 52 169 169 169 52 52 52 173 173 173 168 168 168 173
            173 173 172 172 172 178 178 178 172 172 172 182 182 182 176 176 176 182 182 182 183 183
            183 176 176 176 178 178 178 182 182 182 52 52 52 53 53 53 173 173 173 173 173 173 53 53
            53 54 54 54 172 172 172 54 54 54 164 164 164 182 182 182 164 164 164 181 181 181 183 183
            183 181 181 181 175 175 175 183 183 183 182 182 182 181 181 181 164 164 164 54 54 54 190
            190 190 181 181 181 190 190 190 188 188 188 175 175 175 181 181 181 188 188 188 54 54 54
            55 55 55 190 190 190 190 190 190 55 55 55 56 56 56 188 188 188 190 190 190 56 56 56 63
            63 63 64 64 64 232 232 232 232 232 232 64 64 64 65 65 65 71 71 71 72 72 72 226 226 226
            226 226 226 72 72 72 73 73 73 74 74 74 226 226 226 73 73 73 79 79 79 80 80 80 270 270
            270 81 81 81 216 216 216 197 197 197 197 197 197 216 216 216 217 217 217 115 115 115 217
            217 217 163 163 163 161 161 161 115 115 115 163 163 163 81 81 81 195 195 195 239 239 239
            81 81 81 196 196 196 195 195 195 83 83 83 17 17 17 95 95 95 95 95 95 17 17 17 93 93 93
            90 90 90 93 93 93 91 91 91 108 108 108 91 91 91 109 109 109 106 106 106 109 109 109 107
            107 107 160 160 160 106 106 106 107 107 107 160 160 160 110 110 110 106 106 106 160 160
            160 162 162 162 110 110 110 110 110 110 84 84 84 112 112 112 112 112 112 84 84 84 210
            210 210 211 211 211 210 210 210 212 212 212 200 200 200 211 211 211 212 212 212 200 200
            200 201 201 201 211 211 211 84 84 84 163 163 163 210 210 210 84 84 84 162 162 162 163
            163 163 85 85 85 107 107 107 104 104 104 103 103 103 104 104 104 89 89 89 88 88 88 103
            103 103 89 89 89 85 85 85 102 102 102 129 129 129 129 129 129 102 102 102 128 128 128
            118 118 118 128 128 128 127 127 127 152 152 152 127 127 127 151 151 151 155 155 155 151
            151 151 156 156 156 154 154 154 156 156 156 116 116 116 171 171 171 116 116 116 170 170
            170 169 169 169 171 171 171 170 170 170 85 85 85 104 104 104 103 103 103 107 107 107 109
            109 109 104 104 104 104 104 104 109 109 109 86 86 86 89 89 89 104 104 104 86 86 86 109
            109 109 91 91 91 86 86 86 86 86 86 91 91 91 20 20 20 93 93 93 90 90 90 95 95 95 95 95 95
            90 90 90 94 94 94 94 94 94 90 90 90 108 108 108 111 111 111 108 108 108 106 106 106 110
            110 110 111 111 111 106 106 106 90 90 90 91 91 91 108 108 108 92 92 92 91 91 91 93 93 93
            97 97 97 98 98 98 126 126 126 97 97 97 105 105 105 101 101 101 98 98 98 99 99 99 120 120
            120 98 98 98 101 101 101 100 100 100 102 102 102 97 97 97 128 128 128 106 106 106 108
            108 108 109 109 109 111 111 111 94 94 94 108 108 108 228 228 228 233 233 233 113 113 113
            228 228 228 63 63 63 233 233 233 233 233 233 192 192 192 113 113 113 233 233 233 234 234
            234 192 192 192 192 192 192 234 234 234 191 191 191 193 193 193 191 191 191 195 195 195
            193 193 193 192 192 192 191 191 191 193 193 193 194 194 194 192 192 192 193 193 193 157
            157 157 194 194 194 194 194 194 157 157 157 158 158 158 177 177 177 158 158 158 114 114
            114 180 180 180 114 114 114 150 150 150 179 179 179 150 150 150 154 154 154 171 171 171
            154 154 154 116 116 116 171 171 171 179 179 179 154 154 154 171 171 171 168 168 168 179
            179 179 151 151 151 155 155 155 152 152 152 152 152 152 155 155 155 114 114 114 158 158
            158 152 152 152 114 114 114 158 158 158 159 159 159 152 152 152 158 158 158 157 157 157
            159 159 159 159 159 159 157 157 157 160 160 160 196 196 196 197 197 197 115 115 115 115
            115 115 197 197 197 217 217 217 151 151 151 153 153 153 156 156 156 151 151 151 127 127
            127 153 153 153 153 153 153 127 127 127 117 117 117 170 170 170 116 116 116 147 147 147
            166 166 166 170 170 170 147 147 147 166 166 166 165 165 165 170 170 170 120 120 120 141
            141 141 126 126 126 126 126 126 141 141 141 117 117 117 117 117 117 141 141 141 143 143
            143 128 128 128 118 118 118 129 129 129 129 129 129 118 118 118 159 159 159 107 107 107
            129 129 129 159 159 159 127 127 127 152 152 152 118 118 118 118 118 118 152 152 152 159
            159 159 121 121 121 125 125 125 141 141 141 141 141 141 125 125 125 119 119 119 40 40 40
            135 135 135 122 122 122 122 122 122 135 135 135 119 119 119 119 119 119 135 135 135 136
            136 136 136 136 136 135 135 135 134 134 134 134 134 134 135 135 135 41 41 41 121 121 121
            120 120 120 123 123 123 123 123 123 120 120 120 34 34 34 122 122 122 125 125 125 124 124
            124 124 124 124 125 125 125 123 123 123 127 127 127 128 128 128 126 126 126 146 146 146
            130 130 130 148 148 148 148 148 148 130 130 130 147 147 147 166 166 166 130 130 130 167
            167 167 167 167 167 130 130 130 144 144 144 138 138 138 137 137 137 139 139 139 139 139
            139 137 137 137 131 131 131 142 142 142 139 139 139 131 131 131 149 149 149 132 132 132
            148 148 148 148 148 148 132 132 132 140 140 140 131 131 131 137 137 137 145 145 145 147
            147 147 116 116 116 149 149 149 149 149 149 116 116 116 156 156 156 153 153 153 149 149
            149 156 156 156 154 154 154 150 150 150 155 155 155 156 156 156 154 154 154 155 155 155
            155 155 155 150 150 150 114 114 114 164 164 164 190 190 190 181 181 181 168 168 168 172
            172 172 178 178 178 168 168 168 169 169 169 173 173 173 169 169 169 165 165 165 52 52 52
            172 172 172 164 164 164 182 182 182 172 172 172 173 173 173 54 54 54 183 183 183 174 174
            174 177 177 177 177 177 177 174 174 174 194 194 194 158 158 158 177 177 177 194 194 194
            192 192 192 194 194 194 186 186 186 113 113 113 186 186 186 227 227 227 113 113 113 192
            192 192 186 186 186 175 175 175 189 189 189 174 174 174 174 174 174 189 189 189 186 186
            186 194 194 194 174 174 174 186 186 186 176 176 176 177 177 177 180 180 180 180 180 180
            177 177 177 114 114 114 150 150 150 179 179 179 180 180 180 180 180 180 179 179 179 178
            178 178 184 184 184 227 227 227 185 185 185 184 184 184 59 59 59 227 227 227 188 188 188
            187 187 187 189 189 189 189 189 189 187 187 187 185 185 185 186 186 186 185 185 185 227
            227 227 186 186 186 189 189 189 185 185 185 224 224 224 221 221 221 223 223 223 223 223
            223 221 221 221 198 198 198 198 198 198 221 221 221 219 219 219 224 224 224 205 205 205
            215 215 215 215 215 215 205 205 205 199 199 199 214 214 214 199 199 199 202 202 202 212
            212 212 214 214 214 202 202 202 205 205 205 206 206 206 199 199 199 199 199 199 206 206
            206 204 204 204 202 202 202 204 204 204 203 203 203 200 200 200 202 202 202 203 203 203
            202 202 202 199 199 199 204 204 204 204 204 204 206 206 206 9 9 9 217 217 217 216 216
            216 218 218 218 208 208 208 217 217 217 218 218 218 208 208 208 210 210 210 217 217 217
            208 208 208 212 212 212 210 210 210 209 209 209 215 215 215 213 213 213 213 213 213 215
            215 215 214 214 214 208 208 208 213 213 213 214 214 214 210 210 210 211 211 211 112 112
            112 215 215 215 199 199 199 214 214 214 216 216 216 207 207 207 218 218 218 217 217 217
            210 210 210 163 163 163 222 222 222 225 225 225 223 223 223 5 5 5 6 6 6 225 225 225 225
            225 225 6 6 6 224 224 224 191 191 191 234 234 234 238 238 238 237 237 237 241 241 241
            242 242 242 242 242 242 241 241 241 229 229 229 249 249 249 229 229 229 256 256 256 257
            257 257 249 249 249 256 256 256 231 231 231 235 235 235 241 241 241 241 241 241 235 235
            235 240 240 240 229 229 229 240 240 240 243 243 243 256 256 256 243 243 243 255 255 255
            246 246 246 256 256 256 255 255 255 230 230 230 240 240 240 235 235 235 195 195 195 238
            238 238 239 239 239 239 239 239 238 238 238 236 236 236 236 236 236 238 238 238 237 237
            237 236 236 236 242 242 242 250 250 250 250 250 250 242 242 242 249 249 249 247 247 247
            250 250 250 249 249 249 240 240 240 229 229 229 241 241 241 242 242 242 229 229 229 249
            249 249 71 71 71 243 243 243 244 244 244 244 244 244 243 243 243 240 240 240 243 243 243
            226 226 226 255 255 255 2 2 2 269 269 269 267 267 267 1 1 1 2 2 2 267 267 267 2 2 2 261
            261 261 269 269 269 269 269 269 261 261 261 245 245 245 268 268 268 245 245 245 258 258
            258 246 246 246 258 258 258 257 257 257 246 246 246 268 268 268 258 258 258 246 246 246
            265 265 265 268 268 268 268 268 268 265 265 265 267 267 267 269 269 269 268 268 268 267
            267 267 269 269 269 245 245 245 268 268 268 245 245 245 260 260 260 258 258 258 245 245
            245 261 261 261 260 260 260 247 247 247 257 257 257 259 259 259 259 259 259 257 257 257
            258 258 258 260 260 260 259 259 259 258 258 258 253 253 253 252 252 252 254 254 254 198
            198 198 253 253 253 254 254 254 260 260 260 262 262 262 248 248 248 248 248 248 262 262
            262 254 254 254 252 252 252 248 248 248 254 254 254 252 252 252 259 259 259 248 248 248
            239 239 239 250 250 250 216 216 216 216 216 216 250 250 250 251 251 251 243 243 243 256
            256 256 229 229 229 262 262 262 223 223 223 254 254 254 264 264 264 270 270 270 267 267
            267 264 264 264 265 265 265 77 77 77</p>
        </triangles>
      </mesh>
    </geometry>
    <geometry id="ID255">
      <mesh>
        <source id="ID256">
          <float_array id="ID257" count="786">-0.0635001 0.0000001 0.0765001 -0.0635001 0.0234832
            0.0765 -0.0635002 0.0352266 0.0764999 -0.0635002 0.0469699 0.0764999 -0.0635001
            0.0587131 0.0765 -0.0635002 0.0595241 0.0765 -0.0635002 0.0700001 0.0764999 -0.0634946
            0.0699999 0.0756746 -0.0630077 0.07 0.068607 -0.0625041 0.0699999 0.0652978 -0.0613204
            0.0699999 0.0600046 -0.0591424 0.0699999 0.053382 -0.0590556 0.0699999 0.0531612
            -0.0572266 0.07 0.0489792 -0.0555143 0.0700002 0.0456703 -0.0535365 0.0700003 0.0423509
            -0.0521892 0.0700003 0.0403251 -0.0507627 0.0700002 0.0383493 -0.0465007 0.0699999
            0.0332573 -0.0458849 0.0699999 0.0326042 -0.044548 0.0699999 0.0312479 -0.0403082
            0.0699999 0.0274336 -0.0365274 0.0700001 0.0245575 -0.0363479 0.0700001 0.0244317
            -0.0336822 0.0699999 0.0226693 -0.0302211 0.07 0.0206526 -0.0266452 0.07 0.0188605
            -0.0258506 0.07 0.0184996 -0.0248867 0.07 0.0180794 -0.0211401 0.07 0.0166216 -0.0192615
            0.07 0.0159914 -0.016826 0.0700001 0.0152696 -0.0154373 0.0700001 0.0149048 -0.014952
            0.0700001 0.0147852 -0.0142916 0.07 0.0146289 -0.0114556 0.0699998 0.014042 -0.0114198
            0.0699998 0.0140354 -0.0074045 0.0699998 0.0134335 -0.0039292 0.0700005 0.0131212
            -0.0033235 0.0700001 0.0130869 -0.0033234 0.0689067 0.0130378 -0.0033234 0.0681499
            0.012946 -0.0033234 0.0677933 0.0128801 -0.0033234 0.0668434 0.0126035 -0.0033234
            0.0666699 0.012532 -0.0033234 0.0660495 0.0122014 -0.0033234 0.0655248 0.0117946
            -0.0033234 0.0654077 0.0116817 -0.0033234 0.0651445 0.0113892 -0.0033234 0.0649043
            0.011064 -0.0033234 0.0646743 0.0106833 -0.0033234 0.0645084 0.0103527 -0.0033234
            0.0642068 0.0095777 -0.0033234 0.0640782 0.0091477 -0.0033235 0.0636962 0.0071375
            -0.0033235 0.0635813 0.0060404 -0.0033236 0.0634195 0.0021733 -0.0033236 0.0634132
            0.0014998 -0.0111369 0.0625156 0.0015001 -0.0184463 0.0607618 0.0015001 -0.0251801
            0.0582945 0.0015001 -0.0314855 0.0551448 0.0015001 -0.0373052 0.0513865 0.0015
            -0.0426811 0.0470172 0.0015 -0.0438444 0.0459342 0.0015 -0.0475948 0.0420354 0.0015001
            -0.0520368 0.0363924 0.0015001 -0.0539878 0.0334294 0.0015002 -0.055966 0.0300016
            0.0015001 -0.0592757 0.0227751 0.0014998 -0.0596536 0.0217664 0.0014998 -0.0618113
            0.0145481 0.0015 -0.0625987 0.0106607 0.0015001 -0.063312 0.0048839 0.0015 -0.0634999
            0.0000002 0.0015001 -0.0634995 0.0000005 0.013463 -0.0634995 0.0000005 0.0142947
            -0.0634999 0.0000001 0.0344773 -0.0635 0.0000001 0.0350299 -0.0634999 0.0000001
            0.0655379 -0.0504152 0.0498486 0.0296378 -0.0511512 0.0379303 0.0065075 -0.047163
            0.042573 0.003568 -0.049892 0.0430839 0.0188137 -0.0293505 0.0575068 0.0108712
            -0.0503134 0.0403189 0.0128337 -0.0307498 0.0556257 0.0040781 -0.0182496 0.060822
            0.0019606 -0.0110217 0.0625362 0.001715 -0.0247814 0.0584785 0.0027851 -0.0413235
            0.0486881 0.0077974 -0.0362453 0.0523456 0.0057643 -0.0419999 0.0477266 0.0044202
            -0.0370973 0.0515427 0.0022411 -0.0506813 0.0390785 0.009713 -0.016252 0.0621622
            0.0092512 -0.0087552 0.0636334 0.0092291 -0.0096875 0.0629032 0.0056391 -0.0230832
            0.0600893 0.0098268 -0.0237772 0.0591437 0.0064349 -0.0299169 0.0564458 0.0075855
            -0.0170726 0.061331 0.0057541 -0.0404742 0.0510663 0.0141333 -0.0351322 0.0544853
            0.0123194 -0.0355772 0.0533146 0.0091346 -0.0408077 0.0497948 0.0110411 -0.0460114
            0.0446779 0.0101551 -0.0453956 0.0472672 0.0162968 -0.0456316 0.0459075 0.0132858
            -0.0500491 0.041653 0.0158682 -0.0312106 0.0654799 0.0205838 -0.0293529 0.0606548
            0.0164988 -0.0499165 0.0462519 0.024423 -0.0168442 0.0658434 0.0143884 -0.0160869
            0.0635859 0.0122033 -0.0291362 0.058886 0.0138642 -0.0087695 0.0652193 0.012032
            -0.0047106 0.0641014 0.0094643 -0.0048836 0.0658306 0.0121353 -0.0045918 0.0647804
            0.0109706 -0.0086032 0.0642825 0.0107629 -0.0046074 0.0644013 0.0102538 -0.0046798
            0.0652532 0.0116011 -0.0086424 0.0647112 0.011434 -0.0160678 0.0627822 0.0108118
            -0.0124216 0.0636102 0.0107158 -0.0125003 0.0644678 0.0120577 -0.0124266 0.064008
            0.0114153 -0.0160497 0.0631591 0.0115305 -0.0228605 0.061461 0.0128267 -0.0229025
            0.0607124 0.0113845 -0.0291939 0.0581517 0.0124088 -0.0102019 0.068087 0.0136558
            -0.0093025 0.0664876 0.0129962 -0.01634 0.0646012 0.0134003 -0.005647 0.0673072
            0.0129079 -0.0052081 0.0665172 0.0125692 -0.0089892 0.0658111 0.0125531 -0.0128693
            0.0655878 0.0131583 -0.012647 0.0649936 0.0126395 -0.0161828 0.0640658 0.0128273
            -0.0068202 0.069154 0.0133399 -0.0061879 0.0681894 0.0131618 -0.009708 0.0672473
            0.0133628 -0.0135443 0.0669844 0.0140044 -0.0131685 0.0662515 0.0136132 -0.0165602
            0.0651935 0.0139209 -0.0232582 0.0633934 0.0153109 -0.022975 0.062351 0.014139
            -0.0291868 0.0597183 0.0152295 -0.0197097 0.0635233 0.0137262 -0.0200864 0.0646502
            0.0148204 -0.0198718 0.064063 0.0142952 -0.023095 0.0628526 0.0147429 -0.0404422
            0.0541833 0.0197895 -0.0350872 0.0575905 0.0179865 -0.0403458 0.0525232 0.0170549
            -0.0349555 0.0558984 0.0152812 -0.0453961 0.0504135 0.021926 -0.0453141 0.0487664
            0.0191794 -0.0498463 0.0446155 0.0216665 -0.0185988 0.0690023 0.0157443 -0.0114346
            0.0699878 0.0140382 -0.0176015 0.0673144 0.0151662 -0.0145178 0.0686508 0.0146024
            -0.0139951 0.0677851 0.0143333 -0.0171917 0.0665507 0.0148032 -0.0107794 0.0690022
            0.0138793 -0.015108 0.0695776 0.0148153 -0.0180715 0.0681325 0.015479 -0.0300455
            0.0628538 0.0187378 -0.0243471 0.0659506 0.0172203 -0.0237159 0.0645936 0.0163377
            -0.0296387 0.0616997 0.0176686 -0.0206739 0.0659677 0.0157393 -0.0234651 0.0639737
            0.0158425 -0.0203538 0.0652852 0.0153017 -0.0214675 0.0674716 0.0164868 -0.0210457
            0.066697 0.0161339 -0.0240101 0.0652528 0.0167968 -0.0260927 0.0691014 0.0185836
            -0.0251436 0.0674571 0.0179654 -0.030571 0.0641153 0.0197082 -0.0224522 0.0691481
            0.0170755 -0.0219373 0.0682894 0.0167999 -0.0247254 0.0666858 0.0176094 -0.0191795
            0.0699204 0.0159652 -0.0413463 0.0581464 0.0246673 -0.0363515 0.0618791 0.0225648
            -0.0355519 0.0595835 0.0204148 -0.0407754 0.0560574 0.0223272 -0.0460677 0.0541665
            0.0269972 -0.0456472 0.0522134 0.024532 -0.0501058 0.0479959 0.0270804 -0.0620271
            0.0273543 0.0450052 -0.0626224 0.0153088 0.0219918 -0.0580247 0.0276481 0.0133035
            -0.0629833 0.0093432 0.0104325 -0.0614601 0.016214 0.0054434 -0.0631972 0.0063908
            0.004625 -0.0547889 0.0329708 0.0097384 -0.0585743 0.024999 0.0072169 -0.0556609
            0.0306132 0.0033837 -0.0607078 0.0218258 0.0173281 -0.0635355 0.0078866 0.0274882
            -0.0635255 0.0015858 0.0162372 -0.0575939 0.0398423 0.0361801 -0.0574384 0.0334099
            0.0250502 -0.0622579 0.0212711 0.0335541 -0.0539355 0.0384912 0.0217072 -0.0542189
            0.0356015 0.015842 -0.0576511 0.0304563 0.0192437 -0.0602589 0.0277118 0.0289606
            -0.0542952 0.0451081 0.0326673 -0.0539518 0.0416519 0.0273232 -0.0574066 0.036527
            0.0307063 -0.0601964 0.0339471 0.0402718 -0.063498 0.0121886 0.0562934 -0.0630896
            0.0200671 0.0503774 -0.0563736 0.0678179 0.047202 -0.0286364 0.0672769 0.0195964
            -0.0328032 0.0684924 0.0220743 -0.0456715 0.0683476 0.0323302 -0.0527782 0.0582762
            0.0389323 -0.043147 0.0629199 0.0287997 -0.038856 0.0672889 0.026112 -0.037465 0.0644586
            0.0244537 -0.0421437 0.0604401 0.0268191 -0.0443314 0.0655634 0.0306297 -0.0513862
            0.0538722 0.0344601 -0.0473889 0.0585066 0.0315282 -0.046652 0.0562675 0.0293261
            -0.0508435 0.0518087 0.0320965 -0.0492561 0.0633402 0.0356052 -0.0482629 0.0608695
            0.0336163 -0.0520352 0.0560317 0.0367353 -0.051525 0.0685369 0.0393483 -0.0544857
            0.0629656 0.0431421 -0.0630928 0.040901 0.0666376 -0.0607268 0.0552576 0.0560936
            -0.0623266 0.0339167 0.0560154 -0.0587563 0.0471847 0.0464729 -0.0560083 0.0529483
            0.0425022 -0.0580369 0.0433886 0.0414413 -0.0549839 0.0488765 0.0377243 -0.0608836
            0.04086 0.0509596 -0.0587096 0.0616819 0.0515152 -0.0572904 0.0572532 0.0470657
            -0.0596919 0.0511763 0.0513245 -0.0622139 0.0483542 0.0611127 -0.0615157 0.0445772
            0.0560636 -0.0626918 0.0373927 0.0613414 -0.0634507 0.032977 0.0725956 -0.0634341
            0.0184227 0.0676057 -0.0631206 0.0263869 0.0616108 -0.0626246 0.0632648 0.0657748
            -0.0601386 0.0661194 0.0559566 -0.0617436 0.0593225 0.0608778 -0.0633316 0.0556562
            0.0714426 -0.0628604 0.0520844 0.0662048 -0.0634057 0.0443298 0.0720069 -0.0632507
            0.0669766 0.0708839</float_array>
          <technique_common>
            <accessor count="262" source="#ID257" stride="3">
              <param name="X" type="float" />
              <param name="Y" type="float" />
              <param name="Z" type="float" />
            </accessor>
          </technique_common>
        </source>
        <source id="ID258">
          <float_array id="ID259" count="786">-0.9999999 0.0000049 0.0003659 -1 0.000027 -0.0002016
            -0.9999997 -0.000013 -0.0007386 -0.9999995 -0.0000105 0.0010488 -0.9999996 -0.0000391
            -0.0009115 -0.9999994 -0.0000367 -0.0010765 -0.9999999 -0.000257 -0.0003638 -0.9999171
            -0.0005694 -0.0128599 -0.9922803 -0.0013843 -0.1240078 -0.9844143 -0.0009614 -0.1758622
            -0.9656852 0.0001341 -0.2597152 -0.9314379 0.0012499 -0.3638982 -0.9300545 0.0012705
            -0.3674194 -0.9013382 0.0013724 -0.4331139 -0.874311 0.0010933 -0.4853649 -0.843197
            0.0007948 -0.537604 -0.8218912 0.0006537 -0.5696441 -0.799346 0.0004813 -0.6008708
            -0.7323037 -0.0005933 -0.6809779 -0.7225608 -0.000828 -0.6913069 -0.7014354 -0.0013775
            -0.7127317 -0.6346585 -0.0029237 -0.7727872 -0.5750142 -0.0036326 -0.8181354 -0.5721915
            -0.0036587 -0.8201119 -0.5300679 -0.0037756 -0.8479468 -0.4756767 -0.0030163 -0.879615
            -0.4194372 -0.0009535 -0.9077839 -0.4069201 -0.000424 -0.9134637 -0.3918126 0.0002029
            -0.920045 -0.3329572 0.0020317 -0.9429398 -0.3028621 0.0024903 -0.9530311 -0.2641653
            0.0024252 -0.9644744 -0.2423498 0.0020453 -0.9701868 -0.2347128 0.0018607 -0.972063
            -0.2243225 0.0015713 -0.9745137 -0.180161 0.0007102 -0.9836369 -0.1795941 0.0007027
            -0.9837406 -0.1165774 -0.0009771 -0.9931811 -0.0622306 0.0020147 -0.9980597 -0.0516331
            0.0056582 -0.9986501 -0.0537498 0.0857605 -0.9948649 -0.0485004 0.159737 -0.9859675
            -0.046035 0.2041155 -0.9778638 -0.0411388 0.363544 -0.9306682 -0.0407167 0.3993718
            -0.9158844 -0.0389618 0.5436938 -0.8383788 -0.036705 0.6783594 -0.7338128 -0.0362467
            0.7086838 -0.7045945 -0.0354246 0.7747771 -0.6312413 -0.0350077 0.8304441 -0.556001
            -0.0349455 0.8775067 -0.4782895 -0.0351038 0.906712 -0.4202869 -0.0359666 0.9497663
            -0.3108864 -0.0367415 0.9638261 -0.2639873 -0.0411217 0.9910446 -0.1270419 -0.0422476
            0.9954923 -0.0849129 -0.0530376 0.9985125 -0.0126429 -0.0523512 0.9986265 -0.0021128
            -0.1748025 0.9846032 0.0007323 -0.2898274 0.9570777 0.0015176 -0.3964341 0.9180617
            0.001659 -0.4954554 0.8686325 0.0012423 -0.5872564 0.8094009 -0.0001805 -0.6720758
            0.7404806 -0.0016073 -0.6904064 0.7234194 -0.0018386 -0.7496905 0.6617857 -0.0019911
            -0.8198467 0.572583 -0.0003676 -0.850332 0.5262462 -0.0006671 -0.8814088 0.4723532
            -0.0010129 -0.9335245 0.3585134 -0.0004265 -0.9394628 0.3426507 -0.0003551 -0.9735693
            0.2283896 -0.0010246 -0.9859065 0.1672895 -0.0015782 -0.9971242 0.0757788 -0.0009571 -1
            -0.0001009 0.0001186 -0.9998304 -0.018418 0.0000006 -0.9997955 -0.0202229 -0.0000027
            -0.9991235 -0.0418603 -0.0000054 -0.9991282 -0.0417485 -0.000017 -0.9999816 -0.0060661
            -0.0000104 -0.7813687 0.435948 -0.4465561 -0.8031511 0.591408 -0.0720062 -0.7422947
            0.6692552 -0.033107 -0.766795 0.5822279 -0.2702518 -0.4532127 0.8503569 -0.2673788
            -0.7811058 0.6005929 -0.1707685 -0.483101 0.8741943 -0.0489666 -0.2873312 0.957813
            -0.0059129 -0.1736032 0.9848123 -0.0025996 -0.3900889 0.9205167 -0.0219013 -0.645901
            0.7542659 -0.1178762 -0.5681157 0.8187612 -0.0829135 -0.6601003 0.7494467 -0.0509614
            -0.583987 0.811659 -0.0129983 -0.7917199 0.5987531 -0.1211379 -0.2450005 0.9321465
            -0.266604 -0.1260569 0.9505931 -0.2836943 -0.1530083 0.9850393 -0.0792843 -0.3547637
            0.8974422 -0.2621837 -0.3704371 0.9219901 -0.1127413 -0.4661026 0.8735062 -0.1404823
            -0.2646664 0.9601347 -0.0899608 -0.6228095 0.7299917 -0.2814613 -0.5419128 0.7940548
            -0.2753316 -0.5533153 0.8156285 -0.1690927 -0.6329406 0.7493325 -0.1946458 -0.7170182
            0.681015 -0.1486723 -0.6975312 0.6590587 -0.2812327 -0.7059035 0.6754806 -0.2131345
            -0.7724592 0.5955226 -0.220589 -0.4906051 0.2491233 -0.8350115 -0.4551864 0.6482639
            -0.6103763 -0.766791 0.5274321 -0.3658509 -0.2622948 0.4370054 -0.8603649 -0.2430755
            0.783609 -0.5717265 -0.4489739 0.782268 -0.4318324 -0.1160096 0.6907359 -0.7137406
            -0.0595055 0.952692 -0.2980556 -0.0518043 0.5935461 -0.803131 -0.0492024 0.8450632
            -0.5323977 -0.1147611 0.8690116 -0.481299 -0.0536904 0.9136375 -0.4029689 -0.0478407
            0.7375041 -0.6736461 -0.1133066 0.793286 -0.5982131 -0.2410203 0.8814985 -0.4060414
            -0.1811035 0.8799292 -0.4392335 -0.1832671 0.7500005 -0.635541 -0.1810632 0.8246123
            -0.535939 -0.2412688 0.8394688 -0.4869102 -0.3518436 0.8015967 -0.4833723 -0.3513387
            0.8621635 -0.365014 -0.4497967 0.8235446 -0.3456258 -0.1571431 0.1883095 -0.9694563
            -0.1331604 0.4346764 -0.8906878 -0.2507689 0.6296501 -0.735293 -0.078502 0.2893448
            -0.9540005 -0.0628409 0.4344546 -0.8984988 -0.1229737 0.5672736 -0.8142961 -0.1936593
            0.5492185 -0.8129299 -0.1876031 0.6567744 -0.7303783 -0.2463203 0.7132691 -0.656181
            -0.1069745 0.0685105 -0.9918986 -0.093847 0.1681778 -0.9812793 -0.1450009 0.30547
            -0.9410966 -0.2091155 0.3204594 -0.923892 -0.2009521 0.4344847 -0.8779757 -0.2561618
            0.5359837 -0.8044268 -0.363281 0.5886007 -0.7222022 -0.3561071 0.710061 -0.6074547
            -0.450838 0.7240314 -0.5220379 -0.3049017 0.6811274 -0.6656579 -0.3139226 0.5267479
            -0.7899299 -0.3091083 0.6074685 -0.7317336 -0.3593935 0.6526356 -0.6670106 -0.6172972
            0.6296342 -0.4717044 -0.5385193 0.6543486 -0.5308719 -0.6171892 0.6912183 -0.3758919
            -0.536465 0.7431909 -0.3998407 -0.6933844 0.5855628 -0.4199217 -0.6930935 0.6295126
            -0.3511912 -0.7648131 0.5596915 -0.3190711 -0.2927932 0.076806 -0.953086 -0.1800296
            0.0016286 -0.9836599 -0.2763794 0.2429308 -0.9298382 -0.2275232 0.1176147 -0.9666437
            -0.2179743 0.2135269 -0.9523095 -0.2690512 0.3378512 -0.9019246 -0.1688356 0.0868255
            -0.9818125 -0.2377371 0.0343643 -0.9707215 -0.2842447 0.1552714 -0.946095 -0.4698325
            0.4560708 -0.7558154 -0.3835741 0.3028525 -0.8724399 -0.3725079 0.4475304 -0.812991
            -0.4616396 0.5572471 -0.6901916 -0.325002 0.3566428 -0.8758879 -0.3676706 0.5195682
            -0.7712764 -0.3192329 0.4420448 -0.8382642 -0.3381473 0.195062 -0.9206558 -0.3312524
            0.2734707 -0.9030424 -0.3777887 0.3746006 -0.846729 -0.4112794 0.0519731 -0.9100264
            -0.3965993 0.1687594 -0.9023466 -0.4795364 0.3513705 -0.8041042 -0.3538236 0.0574697
            -0.9335449 -0.3457223 0.1229495 -0.930247 -0.3898632 0.2339052 -0.8906711 -0.3020562
            0.007891 -0.9532574 -0.6354903 0.4457441 -0.6304477 -0.5640472 0.3819707 -0.7320855
            -0.5480581 0.5289454 -0.6479576 -0.6235301 0.5459042 -0.5596416 -0.7083048 0.4582734
            -0.5369262 -0.6985942 0.5276414 -0.4832812 -0.7725247 0.4857644 -0.4089481 -0.9860394
            0.1467496 -0.0786816 -0.9846339 0.1657441 -0.0549992 -0.9051234 0.4086359 -0.1173392
            -0.9911456 0.1287694 -0.032387 -0.9672096 0.2521294 -0.0305979 -0.995145 0.0978237
            -0.0108161 -0.8553973 0.507195 -0.1051122 -0.9199674 0.3869771 -0.0625207 -0.8759686
            0.4817348 -0.0247119 -0.9509337 0.2933232 -0.0984208 -0.9992176 0.0373366 -0.0130434
            -0.999965 -0.0075076 -0.0036826 -0.9145352 0.3150058 -0.2537653 -0.8950793 0.4021965
            -0.1925384 -0.9820718 0.1779386 -0.0622319 -0.8319461 0.4990332 -0.242552 -0.8387068
            0.5147845 -0.1776734 -0.8958856 0.4149976 -0.1586381 -0.9480127 0.2918348 -0.1269034
            -0.8520573 0.3867164 -0.352773 -0.8372564 0.4561091 -0.3016061 -0.902278 0.3685118
            -0.2238157 -0.9601147 0.2305134 -0.1582512 -0.9997505 0.0221685 0.0027448 -0.9969341
            0.0746894 -0.0233221 -0.8877112 0.0281889 -0.4595369 -0.451592 0.1563109 -0.8784256
            -0.516567 0.0672578 -0.8536012 -0.7186835 0.0449274 -0.6938844 -0.8302567 0.2052114
            -0.5182297 -0.6727102 0.2327401 -0.7023482 -0.6107092 0.1003738 -0.7854676 -0.5854166
            0.2342283 -0.7761601 -0.6523162 0.3384837 -0.6781684 -0.6951784 0.1337778 -0.7062793
            -0.804537 0.3207568 -0.4998353 -0.7372413 0.3029756 -0.6038883 -0.7215634 0.3817382
            -0.5776004 -0.7923651 0.3799959 -0.4772428 -0.7728899 0.1539144 -0.6155905 -0.754575
            0.2262876 -0.615963 -0.8172302 0.2616242 -0.5135052 -0.8111835 0.0292077 -0.5840618
            -0.8579134 0.1055742 -0.5028307 -0.9965768 0.0153768 -0.0812294 -0.9614584 0.0651488
            -0.2671207 -0.9917606 0.0736843 -0.1047925 -0.9384226 0.1732669 -0.2989007 -0.8881028
            0.2067797 -0.4105065 -0.9276567 0.2466943 -0.280348 -0.8706788 0.2983241 -0.3910514
            -0.9733384 0.1235309 -0.193268 -0.9262972 0.0678514 -0.3706341 -0.9061569 0.1289174
            -0.4028151 -0.9492427 0.1121997 -0.2938528 -0.985361 0.0408612 -0.1655112 -0.9790442
            0.0760274 -0.188924 -0.9940572 0.0393535 -0.1014964 -0.9997097 0.0021734 -0.0239962
            -0.9998797 0.0094979 -0.012268 -0.998491 0.0335713 -0.0434589 -0.98682 0.0108418
            -0.1614583 -0.9475108 0.0244611 -0.3187867 -0.9745155 0.0316878 -0.2220707 -0.9977752
            0.0044077 -0.0665221 -0.9920954 0.0175265 -0.1242563 -0.9990833 0.0027934 -0.0427158
            -0.9961506 0.0009798 -0.0876526</float_array>
          <technique_common>
            <accessor count="262" source="#ID259" stride="3">
              <param name="X" type="float" />
              <param name="Y" type="float" />
              <param name="Z" type="float" />
            </accessor>
          </technique_common>
        </source>
        <source id="ID260">
          <float_array id="ID261" count="524">0 0.5855098 0.1250494 0.7245601 0.1875834 0.7940958
            0.2501175 0.8636313 0.3126515 0.9331669 0.3169701 0.937969 0.3727552 1 0.3751855
            0.9937157 0.3997591 0.937969 0.4131879 0.9117104 0.4377196 0.8687537 0.4732346 0.8146592
            0.4745391 0.812815 0.5002536 0.7781548 0.522685 0.750238 0.5469169 0.7221352 0.5627877
            0.7047582 0.5791073 0.6876611 0.6253217 0.6430467 0.6317813 0.6372222 0.6455926
            0.6250841 0.6878557 0.5904722 0.7240122 0.5636855 0.7256839 0.5625071 0.7503898
            0.5456929 0.7816568 0.5259899 0.8129238 0.5080073 0.8197861 0.5042882 0.8280261
            0.4999302 0.8596627 0.4842859 0.8754579 0.4771232 0.8955505 0.4686416 0.9067249
            0.4642334 0.9105832 0.4627631 0.9157942 0.4608195 0.937992 0.4530903 0.9382753 0.4529974
            0.9692589 0.4437484 0.9955398 0.4373531 1 0.4364045 0.994299 0.429531 0.9905459
            0.4243217 0.9888551 0.4217089 0.9846072 0.4138868 0.9838939 0.4122931 0.9815865
            0.4060647 0.9800175 0.3998212 0.9797302 0.3982426 0.9791982 0.394387 0.9788848 0.3904204
            0.9787915 0.3861047 0.9788901 0.3825983 0.9795871 0.3747762 0.9801823 0.3706324
            0.9840798 0.3528472 0.986757 0.3434877 0.997434 0.3121992 0.9994041 0.3069457 0.937992
            0.3105282 0.8754579 0.3084992 0.8129238 0.3015385 0.7503898 0.2901162 0.6878557
            0.2744779 0.6253217 0.2547055 0.6110854 0.2496222 0.5627877 0.2307287 0.5002536
            0.2023146 0.4703847 0.1870453 0.4377196 0.1689923 0.3751855 0.130003 0.3670737 0.1244683
            0.3126515 0.0839738 0.2862796 0.0618913 0.2501175 0.0282692 0.2231812 0 0.1875834
            0.0933899 0.1851085 0.0998827 0.1250494 0.2574463 0.1234049 0.2617606 0.0326208
            0.4999302 0.5002536 0.4999302 0.5002536 0.2496222 0.5627877 0.2496222 0.5002536
            0.3747762 0.7503898 0.3747762 0.5002536 0.3121992 0.7503898 0.3121992 0.8754579
            0.3121992 0.937992 0.3121992 0.8129238 0.3121992 0.6253217 0.3121992 0.6878557 0.3121992
            0.6253217 0.2809107 0.6878557 0.2809107 0.5002536 0.2809107 0.8754579 0.3747762 0.937992
            0.3747762 0.937992 0.3434877 0.8129238 0.3747762 0.8129238 0.3434877 0.7503898 0.3434877
            0.8754579 0.3434877 0.6253217 0.3747762 0.6878557 0.3747762 0.6878557 0.3434877
            0.6253217 0.3434877 0.5627877 0.3121992 0.5627877 0.3747762 0.5627877 0.3434877
            0.5002536 0.3434877 0.7503898 0.4999302 0.7503898 0.4373531 0.5002536 0.4373531
            0.8754579 0.4373531 0.8754579 0.4060647 0.7503898 0.4060647 0.937992 0.4060647 0.9692589
            0.3747762 0.9692589 0.4060647 0.9692589 0.3904204 0.937992 0.3904204 0.9692589 0.3825983
            0.9692589 0.3982426 0.937992 0.3982426 0.8754579 0.3904204 0.9067249 0.3904204 0.9067249
            0.4060647 0.9067249 0.3982426 0.8754579 0.3982426 0.8129238 0.4060647 0.8129238
            0.3904204 0.7503898 0.3904204 0.937992 0.4373531 0.937992 0.4217089 0.8754579 0.4217089
            0.9692589 0.4217089 0.9692589 0.4138868 0.937992 0.4138868 0.9067249 0.4217089 0.9067249
            0.4138868 0.8754579 0.4138868 0.9692589 0.4373531 0.9692589 0.429531 0.937992 0.429531
            0.9067249 0.4373531 0.9067249 0.429531 0.8754579 0.429531 0.8129238 0.4373531 0.8129238
            0.4217089 0.7503898 0.4217089 0.8441909 0.4217089 0.8441909 0.4373531 0.8441909 0.429531
            0.8129238 0.429531 0.6253217 0.4373531 0.6878557 0.4373531 0.6253217 0.4060647 0.6878557
            0.4060647 0.5627877 0.4373531 0.5627877 0.4060647 0.5002536 0.4060647 0.8754579
            0.4686416 0.937992 0.4529974 0.8754579 0.4529974 0.9067249 0.4529974 0.9067249 0.4451753
            0.8754579 0.4451753 0.937992 0.4451753 0.9067249 0.4608195 0.8754579 0.4608195 0.7503898
            0.4686416 0.8129238 0.4686416 0.8129238 0.4529974 0.7503898 0.4529974 0.8441909
            0.4529974 0.8129238 0.4451753 0.8441909 0.4451753 0.8441909 0.4686416 0.8441909
            0.4608195 0.8129238 0.4608195 0.8129238 0.4999302 0.8129238 0.4842859 0.7503898
            0.4842859 0.8441909 0.4842859 0.8441909 0.4764638 0.8129238 0.4764638 0.8754579
            0.4764638 0.6253217 0.4999302 0.6878557 0.4999302 0.6878557 0.4686416 0.6253217
            0.4686416 0.5627877 0.4999302 0.5627877 0.4686416 0.5002536 0.4686416 0.2501175
            0.4999302 0.2501175 0.2496222 0.3751855 0.2496222 0.2501175 0.1244683 0.3126515
            0.1244683 0.2501175 0.0618913 0.4377196 0.2496222 0.3751855 0.1870453 0.4377196
            0.1870453 0.3126515 0.2496222 0.1875834 0.2496222 0.1875834 0.1244683 0.3751855
            0.4999302 0.3751855 0.3747762 0.2501175 0.3747762 0.4377196 0.3747762 0.4377196
            0.3121992 0.3751855 0.3121992 0.3126515 0.3747762 0.4377196 0.4999302 0.4377196
            0.4373531 0.3751855 0.4373531 0.3126515 0.4999302 0.1250494 0.4999302 0.1875834
            0.4999302 0.5002536 0.750238 0.7816568 0.4999302 0.7503898 0.5312186 0.6253217 0.6250841
            0.5002536 0.6250841 0.6253217 0.5625071 0.6878557 0.5625071 0.6878557 0.5312186
            0.6253217 0.5312186 0.6253217 0.5937956 0.5002536 0.5625071 0.5627877 0.5625071
            0.5627877 0.5312186 0.5002536 0.5312186 0.5627877 0.6250841 0.5627877 0.5937956
            0.5002536 0.5937956 0.5627877 0.6876611 0.5002536 0.6876611 0.2501175 0.750238 0.3751855
            0.750238 0.2501175 0.6250841 0.3751855 0.6250841 0.4377196 0.6250841 0.3751855 0.5625071
            0.4377196 0.5625071 0.3126515 0.6250841 0.4377196 0.750238 0.4377196 0.6876611 0.3751855
            0.6876611 0.3126515 0.750238 0.3126515 0.6876611 0.2501175 0.6876611 0.1875834 0.750238
            0.1250494 0.6250841 0.1875834 0.6250841 0.3751855 0.875392 0.4377196 0.812815 0.3751855
            0.812815 0.3126515 0.875392 0.3126515 0.812815 0.2501175 0.812815 0.3751855 0.937969</float_array>
          <technique_common>
            <accessor count="262" source="#ID261" stride="2">
              <param name="S" type="float" />
              <param name="T" type="float" />
            </accessor>
          </technique_common>
        </source>
        <vertices id="ID262">
          <input semantic="POSITION" source="#ID256" />
        </vertices>
        <triangles count="442" material="ID263">
          <input semantic="VERTEX" source="#ID262" offset="0" />
          <input semantic="NORMAL" source="#ID258" offset="1" />
          <input semantic="TEXCOORD" source="#ID260" offset="2" set="0" />
          <p>79 79 79 0 0 0 253 253 253 217 217 217 253 253 253 254 254 254 218 218 218 254 254 254
            240 240 240 194 194 194 240 240 240 245 245 245 216 216 216 245 245 245 243 243 243 206
            206 206 243 243 243 244 244 244 213 213 213 244 244 244 232 232 232 80 80 80 232 232 232
            191 191 191 193 193 193 191 191 191 192 192 192 112 112 112 192 192 192 158 158 158 160
            160 160 158 158 158 159 159 159 83 83 83 159 159 159 107 107 107 109 109 109 107 107 107
            108 108 108 85 85 85 108 108 108 106 106 106 94 94 94 106 106 106 92 92 92 81 81 81 92
            92 92 82 82 82 65 65 65 82 82 82 64 64 64 65 65 65 81 81 81 82 82 82 65 65 65 66 66 66
            81 81 81 81 81 81 66 66 66 67 67 67 202 202 202 67 67 67 68 68 68 201 201 201 68 68 68
            69 69 69 70 70 70 201 201 201 69 69 69 70 70 70 198 198 198 201 201 201 70 70 70 71 71
            71 198 198 198 198 198 198 71 71 71 72 72 72 199 199 199 72 72 72 73 73 73 74 74 74 199
            199 199 73 73 73 74 74 74 75 75 75 199 199 199 199 199 199 75 75 75 197 197 197 198 198
            198 197 197 197 203 203 203 201 201 201 203 203 203 196 196 196 200 200 200 196 196 196
            210 210 210 94 94 94 210 210 210 85 85 85 106 106 106 94 94 94 85 85 85 4 4 4 258 258
            258 3 3 3 4 4 4 5 5 5 258 258 258 258 258 258 5 5 5 261 261 261 255 255 255 261 261 261
            8 8 8 9 9 9 255 255 255 8 8 8 9 9 9 10 10 10 255 255 255 255 255 255 10 10 10 256 256
            256 257 257 257 256 256 256 246 246 246 239 239 239 246 246 246 247 247 247 248 248 248
            247 247 247 242 242 242 241 241 241 242 242 242 244 244 244 243 243 243 241 241 241 244
            244 244 243 243 243 245 245 245 241 241 241 241 241 241 245 245 245 250 250 250 248 248
            248 250 250 250 249 249 249 239 239 239 249 249 249 259 259 259 257 257 257 259 259 259
            255 255 255 256 256 256 257 257 257 255 255 255 3 3 3 260 260 260 2 2 2 3 3 3 258 258
            258 260 260 260 260 260 260 258 258 258 259 259 259 238 238 238 259 259 259 249 249 249
            251 251 251 249 249 249 250 250 250 240 240 240 250 250 250 245 245 245 240 240 240 251
            251 251 250 250 250 240 240 240 254 254 254 251 251 251 251 251 251 254 254 254 252 252
            252 238 238 238 252 252 252 260 260 260 259 259 259 238 238 238 260 260 260 6 6 6 7 7 7
            5 5 5 5 5 5 7 7 7 261 261 261 261 261 261 7 7 7 8 8 8 10 10 10 11 11 11 256 256 256 256
            256 256 11 11 11 12 12 12 246 246 246 12 12 12 13 13 13 219 219 219 13 13 13 14 14 14
            237 237 237 14 14 14 15 15 15 236 236 236 15 15 15 16 16 16 17 17 17 236 236 236 16 16
            16 17 17 17 233 233 233 236 236 236 17 17 17 18 18 18 233 233 233 233 233 233 18 18 18
            222 222 222 228 228 228 222 222 222 20 20 20 21 21 21 228 228 228 20 20 20 21 21 21 225
            225 225 228 228 228 21 21 21 22 22 22 225 225 225 225 225 225 22 22 22 23 23 23 226 226
            226 23 23 23 221 221 221 110 110 110 221 221 221 25 25 25 220 220 220 25 25 25 26 26 26
            180 180 180 26 26 26 27 27 27 28 28 28 180 180 180 27 27 27 28 28 28 181 181 181 180 180
            180 28 28 28 183 183 183 181 181 181 28 28 28 29 29 29 183 183 183 183 183 183 29 29 29
            184 184 184 185 185 185 184 184 184 171 171 171 170 170 170 171 171 171 179 179 179 173
            173 173 179 179 179 172 172 172 175 175 175 172 172 172 174 174 174 176 176 176 174 174
            174 163 163 163 166 166 166 163 163 163 164 164 164 165 165 165 164 164 164 162 162 162
            167 167 167 162 162 162 36 36 36 37 37 37 167 167 167 36 36 36 37 37 37 132 132 132 167
            167 167 37 37 37 141 141 141 132 132 132 37 37 37 38 38 38 141 141 141 141 141 141 38 38
            38 142 142 142 143 143 143 142 142 142 133 133 133 138 138 138 133 133 133 139 139 139
            140 140 140 139 139 139 114 114 114 150 150 150 114 114 114 129 129 129 148 148 148 129
            129 129 149 149 149 153 153 153 149 149 149 111 111 111 147 147 147 111 111 111 175 175
            175 176 176 176 175 175 175 174 174 174 176 176 176 147 147 147 175 175 175 176 176 176
            151 151 151 147 147 147 176 176 176 166 166 166 151 151 151 176 176 176 163 163 163 166
            166 166 18 18 18 19 19 19 222 222 222 222 222 222 19 19 19 20 20 20 23 23 23 24 24 24
            221 221 221 221 221 221 24 24 24 25 25 25 184 184 184 29 29 29 186 186 186 177 177 177
            186 186 186 161 161 161 178 178 178 161 161 161 169 169 169 174 174 174 169 169 169 163
            163 163 174 174 174 178 178 178 169 169 169 174 174 174 172 172 172 178 178 178 178 178
            178 172 172 172 179 179 179 177 177 177 179 179 179 171 171 171 184 184 184 177 177 177
            171 171 171 184 184 184 186 186 186 177 177 177 29 29 29 30 30 30 186 186 186 186 186
            186 30 30 30 31 31 31 161 161 161 31 31 31 169 169 169 161 161 161 186 186 186 31 31 31
            169 169 169 31 31 31 168 168 168 163 163 163 168 168 168 164 164 164 163 163 163 169 169
            169 168 168 168 31 31 31 32 32 32 168 168 168 168 168 168 32 32 32 33 33 33 34 34 34 168
            168 168 33 33 33 34 34 34 164 164 164 168 168 168 34 34 34 35 35 35 164 164 164 164 164
            164 35 35 35 162 162 162 162 162 162 35 35 35 36 36 36 39 39 39 40 40 40 38 38 38 38 38
            38 40 40 40 142 142 142 142 142 142 40 40 40 41 41 41 135 135 135 41 41 41 42 42 42 136
            136 136 42 42 42 43 43 43 44 44 44 136 136 136 43 43 43 44 44 44 118 118 118 136 136 136
            44 44 44 45 45 45 118 118 118 118 118 118 45 45 45 46 46 46 122 122 122 46 46 46 47 47
            47 48 48 48 122 122 122 47 47 47 48 48 48 119 119 119 122 122 122 48 48 48 49 49 49 119
            119 119 119 119 119 49 49 49 50 50 50 121 121 121 50 50 50 51 51 51 52 52 52 121 121 121
            51 51 51 52 52 52 117 117 117 121 121 121 52 52 52 53 53 53 117 117 117 117 117 117 53
            53 53 54 54 54 96 96 96 54 54 54 97 97 97 95 95 95 97 97 97 101 101 101 98 98 98 101 101
            101 99 99 99 84 84 84 99 99 99 100 100 100 103 103 103 100 100 100 104 104 104 102 102
            102 104 104 104 105 105 105 108 108 108 105 105 105 106 106 106 108 108 108 102 102 102
            105 105 105 108 108 108 107 107 107 102 102 102 102 102 102 107 107 107 156 156 156 103
            103 103 156 156 156 157 157 157 131 131 131 157 157 157 115 115 115 130 130 130 115 115
            115 129 129 129 124 124 124 129 129 129 128 128 128 125 125 125 128 128 128 127 127 127
            120 120 120 127 127 127 123 123 123 119 119 119 123 123 123 122 122 122 119 119 119 120
            120 120 123 123 123 119 119 119 121 121 121 120 120 120 119 119 119 50 50 50 121 121 121
            54 54 54 55 55 55 97 97 97 97 97 97 55 55 55 56 56 56 88 88 88 56 56 56 57 57 57 58 58
            58 88 88 88 57 57 57 58 58 58 87 87 87 88 88 88 58 58 58 59 59 59 87 87 87 87 87 87 59
            59 59 89 89 89 99 99 99 89 89 89 100 100 100 99 99 99 87 87 87 89 89 89 99 99 99 101 101
            101 87 87 87 87 87 87 101 101 101 88 88 88 88 88 88 101 101 101 97 97 97 56 56 56 88 88
            88 97 97 97 59 59 59 60 60 60 89 89 89 89 89 89 60 60 60 86 86 86 100 100 100 86 86 86
            104 104 104 100 100 100 89 89 89 86 86 86 60 60 60 61 61 61 86 86 86 86 86 86 61 61 61
            91 91 91 104 104 104 91 91 91 105 105 105 104 104 104 86 86 86 91 91 91 91 91 91 61 61
            61 93 93 93 92 92 92 93 93 93 62 62 62 63 63 63 92 92 92 62 62 62 63 63 63 64 64 64 92
            92 92 92 92 92 64 64 64 82 82 82 197 197 197 75 75 75 205 205 205 195 195 195 205 205
            205 204 204 204 208 208 208 204 204 204 218 218 218 194 194 194 218 218 218 240 240 240
            194 194 194 208 208 208 218 218 218 194 194 194 216 216 216 208 208 208 194 194 194 245
            245 245 216 216 216 75 75 75 76 76 76 205 205 205 205 205 205 76 76 76 77 77 77 204 204
            204 77 77 77 218 218 218 204 204 204 205 205 205 77 77 77 218 218 218 77 77 77 217 217
            217 254 254 254 218 218 218 217 217 217 77 77 77 78 78 78 217 217 217 217 217 217 78 78
            78 79 79 79 253 253 253 217 217 217 79 79 79 13 13 13 219 219 219 246 246 246 246 246
            246 219 219 219 237 237 237 247 247 247 237 237 237 223 223 223 242 242 242 223 223 223
            235 235 235 244 244 244 235 235 235 229 229 229 232 232 232 229 229 229 231 231 231 191
            191 191 231 231 231 187 187 187 190 190 190 187 187 187 188 188 188 189 189 189 188 188
            188 182 182 182 170 170 170 182 182 182 185 185 185 171 171 171 170 170 170 185 185 185
            80 80 80 193 193 193 213 213 213 232 232 232 80 80 80 213 213 213 80 80 80 191 191 191
            193 193 193 92 92 92 81 81 81 94 94 94 94 94 94 81 81 81 200 200 200 210 210 210 94 94
            94 200 200 200 159 159 159 83 83 83 160 160 160 160 160 160 83 83 83 209 209 209 214 214
            214 209 209 209 207 207 207 215 215 215 207 207 207 212 212 212 216 216 216 212 212 212
            208 208 208 216 216 216 215 215 215 212 212 212 216 216 216 206 206 206 215 215 215 216
            216 216 243 243 243 206 206 206 83 83 83 109 109 109 209 209 209 83 83 83 107 107 107
            109 109 109 99 99 99 84 84 84 98 98 98 98 98 98 84 84 84 131 131 131 130 130 130 131 131
            131 115 115 115 130 130 130 98 98 98 131 131 131 130 130 130 95 95 95 98 98 98 130 130
            130 124 124 124 95 95 95 130 130 130 129 129 129 124 124 124 157 157 157 131 131 131 103
            103 103 103 103 103 131 131 131 84 84 84 100 100 100 103 103 103 84 84 84 108 108 108 85
            85 85 109 109 109 109 109 109 85 85 85 210 210 210 209 209 209 210 210 210 211 211 211
            207 207 207 211 211 211 212 212 212 207 207 207 209 209 209 211 211 211 93 93 93 92 92
            92 91 91 91 91 91 91 92 92 92 90 90 90 105 105 105 90 90 90 106 106 106 105 105 105 91
            91 91 90 90 90 90 90 90 92 92 92 106 106 106 62 62 62 93 93 93 61 61 61 97 97 97 95 95
            95 96 96 96 96 96 96 95 95 95 125 125 125 120 120 120 125 125 125 127 127 127 120 120
            120 96 96 96 125 125 125 120 120 120 117 117 117 96 96 96 120 120 120 121 121 121 117
            117 117 95 95 95 101 101 101 98 98 98 96 96 96 117 117 117 54 54 54 156 156 156 103 103
            103 102 102 102 102 102 102 103 103 103 104 104 104 110 110 110 220 220 220 182 182 182
            188 188 188 110 110 110 182 182 182 188 188 188 226 226 226 110 110 110 188 188 188 227
            227 227 226 226 226 188 188 188 187 187 187 227 227 227 227 227 227 187 187 187 231 231
            231 230 230 230 231 231 231 229 229 229 235 235 235 230 230 230 229 229 229 235 235 235
            234 234 234 230 230 230 235 235 235 223 223 223 234 234 234 234 234 234 223 223 223 233
            233 233 228 228 228 233 233 233 222 222 222 228 228 228 234 234 234 233 233 233 228 228
            228 224 224 224 234 234 234 228 228 228 225 225 225 224 224 224 224 224 224 225 225 225
            226 226 226 227 227 227 224 224 224 226 226 226 227 227 227 230 230 230 224 224 224 227
            227 227 231 231 231 230 230 230 111 111 111 149 149 149 155 155 155 173 173 173 155 155
            155 189 189 189 170 170 170 189 189 189 182 182 182 170 170 170 173 173 173 189 189 189
            170 170 170 179 179 179 173 173 173 172 172 172 175 175 175 173 173 173 173 173 173 175
            175 175 111 111 111 155 155 155 173 173 173 111 111 111 192 192 192 112 112 112 193 193
            193 193 193 193 112 112 112 214 214 214 213 213 213 214 214 214 215 215 215 206 206 206
            213 213 213 215 215 215 206 206 206 244 244 244 213 213 213 209 209 209 214 214 214 160
            160 160 160 160 160 214 214 214 112 112 112 158 158 158 160 160 160 112 112 112 111 111
            111 147 147 147 153 153 153 153 153 153 147 147 147 151 151 151 152 152 152 151 151 151
            113 113 113 146 146 146 113 113 113 144 144 144 145 145 145 144 144 144 132 132 132 143
            143 143 132 132 132 141 141 141 142 142 142 143 143 143 141 141 141 151 151 151 166 166
            166 113 113 113 113 113 113 166 166 166 165 165 165 144 144 144 165 165 165 167 167 167
            132 132 132 144 144 144 167 167 167 113 113 113 146 146 146 152 152 152 152 152 152 146
            146 146 150 150 150 148 148 148 150 150 150 129 129 129 148 148 148 152 152 152 150 150
            150 148 148 148 153 153 153 152 152 152 148 148 148 149 149 149 153 153 153 128 128 128
            125 125 125 124 124 124 124 124 124 125 125 125 95 95 95 127 127 127 128 128 128 114 114
            114 126 126 126 114 114 114 139 139 139 137 137 137 139 139 139 133 133 133 135 135 135
            133 133 133 142 142 142 41 41 41 135 135 135 142 142 142 129 129 129 115 115 115 149 149
            149 149 149 149 115 115 115 157 157 157 155 155 155 157 157 157 154 154 154 189 189 189
            154 154 154 190 190 190 188 188 188 189 189 189 190 190 190 114 114 114 126 126 126 127
            127 127 127 127 127 126 126 126 116 116 116 123 123 123 116 116 116 118 118 118 122 122
            122 118 118 118 46 46 46 122 122 122 123 123 123 118 118 118 139 139 139 137 137 137 126
            126 126 126 126 126 137 137 137 116 116 116 116 116 116 137 137 137 136 136 136 118 118
            118 116 116 116 136 136 136 116 116 116 123 123 123 127 127 127 129 129 129 114 114 114
            128 128 128 132 132 132 143 143 143 145 145 145 145 145 145 143 143 143 138 138 138 134
            134 134 138 138 138 140 140 140 150 150 150 140 140 140 114 114 114 150 150 150 134 134
            134 140 140 140 150 150 150 146 146 146 134 134 134 134 134 134 146 146 146 145 145 145
            138 138 138 134 134 134 145 145 145 133 133 133 138 138 138 143 143 143 136 136 136 137
            137 137 135 135 135 42 42 42 136 136 136 135 135 135 137 137 137 133 133 133 135 135 135
            138 138 138 139 139 139 140 140 140 144 144 144 113 113 113 165 165 165 144 144 144 145
            145 145 146 146 146 151 151 151 152 152 152 153 153 153 156 156 156 159 159 159 154 154
            154 157 157 157 156 156 156 154 154 154 155 155 155 154 154 154 189 189 189 157 157 157
            155 155 155 149 149 149 190 190 190 154 154 154 158 158 158 192 192 192 190 190 190 158
            158 158 192 192 192 191 191 191 190 190 190 190 190 190 191 191 191 187 187 187 107 107
            107 159 159 159 156 156 156 159 159 159 158 158 158 154 154 154 162 162 162 167 167 167
            165 165 165 164 164 164 165 165 165 166 166 166 179 179 179 177 177 177 178 178 178 178
            178 178 177 177 177 161 161 161 26 26 26 180 180 180 220 220 220 220 220 220 180 180 180
            181 181 181 182 182 182 181 181 181 185 185 185 182 182 182 220 220 220 181 181 181 184
            184 184 185 185 185 183 183 183 183 183 183 185 185 185 181 181 181 203 203 203 197 197
            197 195 195 195 212 212 212 195 195 195 208 208 208 212 212 212 203 203 203 195 195 195
            212 212 212 211 211 211 203 203 203 203 203 203 211 211 211 196 196 196 196 196 196 211
            211 211 210 210 210 195 195 195 204 204 204 208 208 208 196 196 196 200 200 200 201 201
            201 201 201 201 200 200 200 202 202 202 68 68 68 201 201 201 202 202 202 72 72 72 199
            199 199 198 198 198 198 198 198 199 199 199 197 197 197 67 67 67 202 202 202 81 81 81 81
            81 81 202 202 202 200 200 200 198 198 198 203 203 203 201 201 201 197 197 197 205 205
            205 195 195 195 207 207 207 215 215 215 214 214 214 210 210 210 209 209 209 109 109 109
            214 214 214 213 213 213 193 193 193 219 219 219 14 14 14 237 237 237 220 220 220 110 110
            110 25 25 25 221 221 221 110 110 110 226 226 226 236 236 236 233 233 233 237 237 237 15
            15 15 236 236 236 237 237 237 225 225 225 23 23 23 226 226 226 229 229 229 232 232 232
            244 244 244 224 224 224 230 230 230 234 234 234 231 231 231 191 191 191 232 232 232 233
            233 233 223 223 223 237 237 237 249 249 249 251 251 251 238 238 238 238 238 238 251 251
            251 252 252 252 247 247 247 248 248 248 239 239 239 239 239 239 248 248 248 249 249 249
            250 250 250 248 248 248 241 241 241 241 241 241 248 248 248 242 242 242 223 223 223 242
            242 242 247 247 247 244 244 244 242 242 242 235 235 235 259 259 259 257 257 257 239 239
            239 239 239 239 257 257 257 246 246 246 247 247 247 246 246 246 237 237 237 0 0 0 1 1 1
            253 253 253 253 253 253 1 1 1 254 254 254 254 254 254 1 1 1 252 252 252 252 252 252 1 1
            1 2 2 2 260 260 260 252 252 252 2 2 2 259 259 259 258 258 258 255 255 255 255 255 255
            258 258 258 261 261 261 246 246 246 256 256 256 12 12 12</p>
        </triangles>
      </mesh>
    </geometry>
    <geometry id="ID264">
      <mesh>
        <source id="ID265">
          <float_array id="ID266" count="12">0 -0.07 0.0129129 0 -0.085 0.0129129 -0.0033233 -0.085
            0.013087 -0.0033236 -0.0700002 0.0130868</float_array>
          <technique_common>
            <accessor count="4" source="#ID266" stride="3">
              <param name="X" type="float" />
              <param name="Y" type="float" />
              <param name="Z" type="float" />
            </accessor>
          </technique_common>
        </source>
        <source id="ID267">
          <float_array id="ID268" count="12">-0.052336 0 -0.9986295 -0.052336 0 -0.9986295 -0.052336
            0 -0.9986295 -0.0523395 0 -0.9986293</float_array>
          <technique_common>
            <accessor count="4" source="#ID268" stride="3">
              <param name="X" type="float" />
              <param name="Y" type="float" />
              <param name="Z" type="float" />
            </accessor>
          </technique_common>
        </source>
        <source id="ID269">
          <float_array id="ID270" count="8">0 0 0 1 0.9999323 1 1 0.0000144</float_array>
          <technique_common>
            <accessor count="4" source="#ID270" stride="2">
              <param name="S" type="float" />
              <param name="T" type="float" />
            </accessor>
          </technique_common>
        </source>
        <vertices id="ID271">
          <input semantic="POSITION" source="#ID265" />
        </vertices>
        <triangles count="2" material="ID272">
          <input semantic="VERTEX" source="#ID271" offset="0" />
          <input semantic="NORMAL" source="#ID267" offset="1" />
          <input semantic="TEXCOORD" source="#ID269" offset="2" set="0" />
          <p>0 0 0 1 1 1 3 3 3 3 3 3 1 1 1 2 2 2</p>
        </triangles>
      </mesh>
    </geometry>
    <geometry id="ID273">
      <mesh>
        <source id="ID274">
          <float_array id="ID275" count="12">-0.0033233 0.075 0.013087 0 0.075 0.0129129 0 0.07
            0.0129129 -0.0033235 0.0700001 0.0130869</float_array>
          <technique_common>
            <accessor count="4" source="#ID275" stride="3">
              <param name="X" type="float" />
              <param name="Y" type="float" />
              <param name="Z" type="float" />
            </accessor>
          </technique_common>
        </source>
        <source id="ID276">
          <float_array id="ID277" count="12">-0.052336 0 -0.9986295 -0.052336 0 -0.9986295 -0.052336
            0 -0.9986295 -0.0523381 0 -0.9986295</float_array>
          <technique_common>
            <accessor count="4" source="#ID277" stride="3">
              <param name="X" type="float" />
              <param name="Y" type="float" />
              <param name="Z" type="float" />
            </accessor>
          </technique_common>
        </source>
        <source id="ID278">
          <float_array id="ID279" count="8">0.99996 0 0 0 0 1 1 0.9999738</float_array>
          <technique_common>
            <accessor count="4" source="#ID279" stride="2">
              <param name="S" type="float" />
              <param name="T" type="float" />
            </accessor>
          </technique_common>
        </source>
        <vertices id="ID280">
          <input semantic="POSITION" source="#ID274" />
        </vertices>
        <triangles count="2" material="ID281">
          <input semantic="VERTEX" source="#ID280" offset="0" />
          <input semantic="NORMAL" source="#ID276" offset="1" />
          <input semantic="TEXCOORD" source="#ID278" offset="2" set="0" />
          <p>0 0 0 1 1 1 3 3 3 3 3 3 1 1 1 2 2 2</p>
        </triangles>
      </mesh>
    </geometry>
    <geometry id="ID282">
      <mesh>
        <source id="ID283">
          <float_array id="ID284" count="12">0 0.075 0.0129129 0.0033233 0.075 0.013087 0.0033235
            0.0700001 0.0130869 0 0.07 0.0129129</float_array>
          <technique_common>
            <accessor count="4" source="#ID284" stride="3">
              <param name="X" type="float" />
              <param name="Y" type="float" />
              <param name="Z" type="float" />
            </accessor>
          </technique_common>
        </source>
        <source id="ID285">
          <float_array id="ID286" count="12">0.052336 0 -0.9986295 0.052336 0 -0.9986295 0.0523381 0
            -0.9986295 0.052336 0 -0.9986295</float_array>
          <technique_common>
            <accessor count="4" source="#ID286" stride="3">
              <param name="X" type="float" />
              <param name="Y" type="float" />
              <param name="Z" type="float" />
            </accessor>
          </technique_common>
        </source>
        <source id="ID287">
          <float_array id="ID288" count="8">1 0 0.0000393 0 0 0.9999738 1 1</float_array>
          <technique_common>
            <accessor count="4" source="#ID288" stride="2">
              <param name="S" type="float" />
              <param name="T" type="float" />
            </accessor>
          </technique_common>
        </source>
        <vertices id="ID289">
          <input semantic="POSITION" source="#ID283" />
        </vertices>
        <triangles count="2" material="ID290">
          <input semantic="VERTEX" source="#ID289" offset="0" />
          <input semantic="NORMAL" source="#ID285" offset="1" />
          <input semantic="TEXCOORD" source="#ID287" offset="2" set="0" />
          <p>1 1 1 2 2 2 0 0 0 0 0 0 2 2 2 3 3 3</p>
        </triangles>
      </mesh>
    </geometry>
    <geometry id="ID291">
      <mesh>
        <source id="ID292">
          <float_array id="ID293" count="837">0.0635002 0.0700001 0.0764999 0.0635002 0.0689876
            0.0764999 0.0635002 0.0571038 0.0765 0.0635001 0.0452199 0.0765 0.0635001 0.0214522
            0.0765 0.0635001 0.0000001 0.0765001 0.0635003 -0.0000001 0.0736754 0.0635001 0
            0.0703219 0.0635001 0.0000002 0.0656682 0.0635001 0.0000002 0.0648273 0.0634999
            0.0000003 0.0569142 0.0635 0.0000003 0.0530365 0.0635001 0.0000003 0.0485699 0.0635001
            0.0000002 0.0442819 0.0635001 0.0000001 0.0413307 0.0635 -0.0000001 0.0376137 0.0635
            -0.0000001 0.0369793 0.0634999 -0.0000001 0.0326352 0.0635 -0.0000001 0.0310699
            0.0634999 -0.0000001 0.0263295 0.0635001 0.0000001 0.023064 0.0635 -0.0000002 0.0169062
            0.0635 -0.0000001 0.0164439 0.0635 -0.0000001 0.0158205 0.0635 -0.0000002 0.0089745
            0.0634999 0.0000002 0.0015001 0.0634159 0.0032684 0.0015 0.0628436 0.0091064 0.0015001
            0.0620864 0.0133243 0.0015 0.0601757 0.020279 0.0014999 0.0596403 0.0218028 0.0014998
            0.0563706 0.0292344 0.0015 0.0524598 0.0357799 0.0015002 0.0480091 0.0415616 0.0015001
            0.0453506 0.0444475 0.0015 0.0430785 0.0466534 0.0015 0.0376704 0.0511193 0.0015
            0.0374267 0.0512981 0.0015 0.0318072 0.0549599 0.0015001 0.0254503 0.058177 0.0015001
            0.0218027 0.0596403 0.0015001 0.0186493 0.0606999 0.0015001 0.0112652 0.0624926
            0.0015001 0.0033236 0.0634132 0.0014998 0.0033233 0.0635455 0.0055812 0.0033231
            0.0637535 0.0075556 0.0033234 0.0640226 0.0089362 0.0033234 0.0641584 0.0094248
            0.0033233 0.0646 0.0105423 0.0033233 0.0649088 0.0110708 0.0033234 0.0650168 0.0112242
            0.0033234 0.0652784 0.0115452 0.0033234 0.0655647 0.0118309 0.0033233 0.0658886
            0.0120917 0.0033232 0.0661759 0.0122802 0.0033232 0.066252 0.0123244 0.0033232 0.0666536
            0.0125247 0.0033232 0.0670983 0.0126946 0.0033236 0.0679448 0.01291 0.0033238 0.0681251
            0.0129417 0.003323 0.0692745 0.013064 0.0033235 0.0700001 0.0130869 0.0074953 0.07
            0.013444 0.0092423 0.07 0.0136763 0.0115945 0.07 0.0140676 0.0154285 0.07 0.0149027
            0.0155833 0.07 0.0149417 0.0194532 0.07 0.0160532 0.0198173 0.07 0.0161716 0.0237714
            0.07 0.0176173 0.0269357 0.07 0.0189958 0.0269613 0.07 0.0190078 0.0305349 0.07
            0.0208236 0.034028 0.07 0.0228871 0.0356672 0.07 0.0239633 0.0374921 0.07 0.0252496
            0.0407203 0.07 0.0277753 0.0441182 0.07 0.030829 0.0466295 0.07 0.0333961 0.0469587 0.07
            0.0337549 0.0504827 0.07 0.0379807 0.0526712 0.07 0.0410316 0.054034 0.07 0.0431445
            0.0553395 0.07 0.0453585 0.0576992 0.07 0.0499849 0.0589584 0.07 0.0529168 0.0594303
            0.07 0.0541326 0.0616946 0.07 0.0614658 0.0626179 0.07 0.0659519 0.0629942 0.07
            0.0685016 0.0507764 0.0490958 0.0295318 0.0516517 0.0371918 0.0060858 0.0476907
            0.0419577 0.0030488 0.050343 0.0423565 0.0185331 0.0297531 0.0571304 0.0103314 0.0312529
            0.0553123 0.0034047 0.0507927 0.0395892 0.0124796 0.0252748 0.0582549 0.002045 0.0418253
            0.0481761 0.0072749 0.0367506 0.0519354 0.005164 0.0376336 0.0511466 0.00159 0.0425263
            0.0472228 0.0038522 0.0465047 0.0440595 0.0097145 0.0470359 0.0429528 0.006433 0.0511718
            0.0383449 0.0093246 0.0165773 0.0619134 0.0086259 0.0090174 0.0634262 0.0085815
            0.0234535 0.0597824 0.009239 0.0242206 0.0588889 0.0057614 0.0303762 0.0561067 0.0069735
            0.0174923 0.0611536 0.0050253 0.0409165 0.0505284 0.0137102 0.0355585 0.0540316
            0.0118348 0.0412819 0.0492718 0.0105665 0.0360466 0.0528859 0.0085891 0.0458464
            0.0466383 0.0159414 0.046105 0.0452852 0.0128866 0.0505156 0.0409256 0.0155498 0.0312788
            0.0648571 0.0204219 0.0295984 0.0601644 0.0161396 0.0503278 0.0455165 0.0242253
            0.0168356 0.0653207 0.0140907 0.0162618 0.0632151 0.0117281 0.0294667 0.0584584
            0.0134093 0.0088018 0.0648183 0.0116004 0.0087632 0.0639899 0.0102127 0.008741 0.0643666
            0.0109411 0.0048147 0.0653874 0.0117505 0.0046973 0.0648847 0.0111381 0.0047416 0.065123
            0.0114563 0.0087605 0.0645826 0.0112799 0.0163242 0.0624781 0.0102563 0.0231281
            0.0610753 0.0123493 0.0232249 0.0603693 0.0108489 0.0295623 0.0577514 0.0119099
            0.0099699 0.067461 0.013469 0.0091982 0.06597 0.0126908 0.0164247 0.0641557 0.0130125
            0.008953 0.0653517 0.0121847 0.0050514 0.0659981 0.0122636 0.0049177 0.065679 0.0120198
            0.0088658 0.0650745 0.0119022 0.0054097 0.0667187 0.0126756 0.0052157 0.066345 0.012482
            0.0090637 0.0656501 0.0124476 0.0128702 0.065116 0.0128028 0.0126118 0.064089 0.0115977
            0.0127038 0.0645689 0.0122312 0.0163133 0.0636584 0.0123952 0.0064518 0.0684542 0.013229
            0.0058806 0.0675411 0.012994 0.0095379 0.0666738 0.0131183 0.0134341 0.0664191 0.0137538
            0.0131133 0.0657325 0.0133106 0.0165983 0.0647094 0.0135781 0.0234014 0.0629092
            0.0149618 0.0231821 0.0619175 0.0137243 0.029476 0.0592603 0.0148214 0.019862 0.0630896
            0.0133196 0.0201614 0.0641536 0.0144906 0.0232704 0.0623941 0.0143608 0.0199856
            0.0635981 0.0139268 0.0408065 0.0536028 0.0194811 0.0354032 0.057065 0.0176435 0.0353302
            0.0554122 0.0148643 0.0407513 0.051966 0.0166873 0.0457917 0.0497626 0.0216665 0.0457389
            0.048128 0.0188706 0.0502789 0.0438855 0.0214261 0.0184174 0.0683374 0.0156152 0.0110937
            0.0692703 0.0139544 0.0104902 0.0683281 0.0137463 0.0071136 0.0694491 0.0133887
            0.0175025 0.0667169 0.0149561 0.0143046 0.0679995 0.0144499 0.0138319 0.0671754 0.014133
            0.0171372 0.06599 0.0145499 0.01546 0.0698373 0.0149091 0.0148489 0.0688882 0.0147072
            0.01793 0.0675 0.0153106 0.0302006 0.0622956 0.0184786 0.0243622 0.0653645 0.0170027
            0.0237943 0.0640577 0.0160551 0.0298392 0.0611755 0.0173593 0.0206717 0.0654084
            0.0154862 0.02039 0.064757 0.0150105 0.0235759 0.0634636 0.0155267 0.021392 0.0668529
            0.0163072 0.0210061 0.0661073 0.0159181 0.0240565 0.0646915 0.0165469 0.0259949
            0.0684272 0.018485 0.0250995 0.0668245 0.0178095 0.0306818 0.063524 0.0194984 0.0223108
            0.0684769 0.0169631 0.0218277 0.0676435 0.0166548 0.0247103 0.0660759 0.0174232
            0.0189616 0.0692259 0.0158727 0.0416203 0.0575122 0.024484 0.0365408 0.0612671 0.0223771
            0.0410953 0.0554507 0.0220808 0.0358047 0.0590149 0.0201493 0.0463975 0.053484 0.0268423
            0.0460108 0.0515476 0.0243241 0.050493 0.0472528 0.0269276 0.0622357 0.0260688 0.0453254
            0.0628456 0.0139249 0.0221001 0.0584442 0.026639 0.0130989 0.063159 0.0078606 0.0104803
            0.0617712 0.0149524 0.0053038 0.0633305 0.0048418 0.0046582 0.0552564 0.0321038 0.009419
            0.0561325 0.0297219 0.003011 0.0589864 0.0239553 0.0069685 0.0610516 0.0206496 0.0172613
            0.0635838 0.0062458 0.0278168 0.0579381 0.0388767 0.0362379 0.0578448 0.0324448
            0.0249563 0.0624962 0.0199566 0.0337497 0.0543753 0.037655 0.0215107 0.0546773 0.0347542
            0.01558 0.0580701 0.0294747 0.0190894 0.0605997 0.0265887 0.0289962 0.0546626 0.0442622
            0.032631 0.0543609 0.0408158 0.0272023 0.0577875 0.0355668 0.0306836 0.0604862 0.0328337
            0.0404496 0.0635265 0.0105429 0.0569131 0.0636035 0.0042649 0.04549 0.0634596 0.0124812
            0.0392791 0.0632022 0.0185961 0.0508523 0.06333 0.0155379 0.0450665 0.0635909 0.0074274
            0.05118 0.062333 0.0229829 0.039565 0.0565367 0.0669977 0.0474605 0.0286276 0.0666338
            0.0194611 0.0327942 0.0678137 0.0220017 0.0304562 0.0698735 0.0207805 0.0530304
            0.0574808 0.0390167 0.0457797 0.0676194 0.0323847 0.0433328 0.0622339 0.0287396
            0.0389304 0.0666009 0.0260697 0.0375941 0.0638061 0.024341 0.0423726 0.0597791 0.0266983
            0.0444769 0.064855 0.0306281 0.0405085 0.0696142 0.0275973 0.0516918 0.0530971 0.0344502
            0.0476504 0.0577904 0.0314801 0.0469474 0.0555679 0.0292249 0.0511771 0.0510449
            0.0320384 0.0494545 0.0625949 0.0356596 0.0484921 0.060138 0.0336201 0.0523135 0.0552459
            0.0367731 0.0546905 0.0621552 0.0433159 0.0516675 0.067769 0.039499 0.0631603 0.0395997
            0.0672749 0.0609025 0.0542514 0.0564913 0.0590101 0.0461933 0.0467056 0.062467 0.0326255
            0.0564922 0.0562788 0.0520707 0.0426463 0.0553028 0.0480147 0.0377782 0.058337 0.0424111
            0.0415858 0.0610909 0.0397279 0.0513059 0.0588995 0.0607872 0.0518262 0.0575185
            0.0563651 0.047295 0.059905 0.050176 0.0516411 0.0623427 0.0472069 0.0616242 0.0616824
            0.0434363 0.0564937 0.062795 0.0360957 0.0618991 0.0634692 0.0315327 0.0733485 0.063191
            0.0249336 0.0622207 0.0634553 0.0168262 0.0683315 0.0627245 0.0622459 0.0663354
            0.0615706 0.0695491 0.0609644 0.0602931 0.0652207 0.0563471 0.0618825 0.0583111 0.061356
            0.0633779 0.0544902 0.0721226 0.0629507 0.0509303 0.0667982 0.0634363 0.043023 0.072725
            0.0633054 0.0659448 0.071532</float_array>
          <technique_common>
            <accessor count="279" source="#ID293" stride="3">
              <param name="X" type="float" />
              <param name="Y" type="float" />
              <param name="Z" type="float" />
            </accessor>
          </technique_common>
        </source>
        <source id="ID294">
          <float_array id="ID295" count="837">0.9999999 -0.000257 -0.0003638 0.9999997 -0.0001083
            -0.0007496 0.9999998 -0.0000309 -0.000549 0.9999995 -0.0000441 0.0009728 1 0.0000236
            0.0000938 0.9999999 0.0000049 0.0003659 1 -0.0001529 0.0000532 0.9999992 -0.0012766
            -0.0000591 0.9999831 -0.0058037 -0.0000072 0.9999771 -0.0067641 -0.0000192 0.9998179
            -0.0190836 -0.0000012 0.9997267 -0.0233801 0.0000147 0.9995584 -0.0297145 0.0000249
            0.9993775 -0.0352772 0.0000122 0.9992712 -0.0381731 -0.0000134 0.9991685 -0.0407707
            -0.0000429 0.9991559 -0.0410793 -0.000041 0.999118 -0.0419898 0.0000296 0.9991255
            -0.0418113 0.0000298 0.9991946 -0.0401269 -0.0000253 0.9993492 -0.0360706 0.00003
            0.9996719 -0.0256132 -0.0000115 0.9996955 -0.0246761 -0.00001 0.9997264 -0.0233935
            -0.0000079 0.9999612 -0.0088071 -0.0000047 1 -0.0001009 0.0001186 0.9987313 0.0503534
            -0.0005406 0.989679 0.1432934 -0.0016083 0.9779177 0.2089866 -0.0012466 0.9476682
            0.3192568 -0.0003213 0.939254 0.3432226 -0.000357 0.8878164 0.4601967 -0.0010172
            0.8264688 0.5629824 -0.0003762 0.7562279 0.6543055 -0.0018991 0.71418 0.6999591
            -0.0020486 0.6783343 0.7347515 -0.0016914 0.5930027 0.8052005 -0.0002846 0.5891674
            0.808011 -0.0002151 0.5005264 0.8657205 0.001181 0.4006709 0.9162205 0.0016814 0.3431853
            0.9392668 0.0013054 0.2930707 0.9560896 0.0014961 0.1768751 0.984233 0.0007393 0.0523512
            0.9986265 -0.0021128 0.0433358 0.9965282 -0.0710885 0.0406299 0.988163 -0.1479294
            0.0371702 0.9687182 -0.245364 0.036234 0.9555831 -0.2924861 0.0349948 0.8911566
            -0.4523443 0.0350222 0.8276305 -0.5601797 0.0351752 0.803293 -0.5945444 0.0358063
            0.741529 -0.6699646 0.0368763 0.6676551 -0.7435569 0.0382931 0.5835777 -0.8111539
            0.0394648 0.5113879 -0.8584434 0.0397251 0.4930678 -0.8690835 0.0406965 0.4016088
            -0.9149066 0.0420171 0.3144329 -0.9483494 0.0469392 0.1865723 -0.9813192 0.0482093
            0.164388 -0.985217 0.054377 0.0572639 -0.9968771 0.0516331 0.0056582 -0.9986501
            0.1180029 -0.0007425 -0.993013 0.1453411 0.0001331 -0.9893816 0.1822972 0.0009872
            -0.983243 0.2427599 0.0021425 -0.9700841 0.2452141 0.002189 -0.9694665 0.3063777
            0.0024545 -0.9519069 0.3121287 0.0023912 -0.9500368 0.3743051 0.0008859 -0.9273052
            0.4241346 -0.001149 -0.9055985 0.4245376 -0.0011658 -0.9054096 0.48091 -0.0031537
            -0.8767643 0.5357862 -0.0037951 -0.8443452 0.5617076 -0.0037228 -0.8273274 0.5905637
            -0.0034223 -0.8069838 0.6412097 -0.0027668 -0.7673607 0.6946565 -0.0015482 -0.7193399
            0.7343441 -0.0005471 -0.6787772 0.7395276 -0.0004303 -0.6731261 0.7949356 0.0004438
            -0.6066936 0.8294491 0.0007092 -0.5585819 0.8509604 0.0008575 -0.5252291 0.8715503
            0.0010604 -0.4903049 0.9086409 0.0013977 -0.4175761 0.9284629 0.0012916 -0.3714229
            0.9359052 0.0011711 -0.35225 0.9715751 -0.0001832 -0.2367315 0.9860999 -0.0010642
            -0.1661501 0.9920335 -0.0013749 -0.1259664 0.7871332 0.4401169 -0.4321094 0.811294
            0.5810202 -0.064943 0.7508258 0.6600338 -0.0248199 0.7742087 0.5773851 -0.2592823
            0.460074 0.8546266 -0.2407182 0.4914866 0.8701884 -0.0348285 0.7891095 0.5924313
            -0.1622696 0.3980286 0.9173378 -0.0080389 0.65451 0.748612 -0.1058144 0.5766645
            0.8140219 -0.0694719 0.5926095 0.8054879 -0.001805 0.6688023 0.7423309 -0.0405998
            0.7255535 0.6741205 -0.1383245 0.738185 0.6699122 -0.0793757 0.7998556 0.5893616
            -0.1135069 0.2511745 0.9420031 -0.2225792 0.1337651 0.9648278 -0.2263053 0.3612855
            0.9040838 -0.2282658 0.3784631 0.9210358 -0.0919722 0.4741501 0.8720477 -0.1213033
            0.2725043 0.9597027 -0.0686452 0.6304011 0.7297312 -0.2647391 0.549194 0.7960799
            -0.2542495 0.641197 0.7458693 -0.1804034 0.5614834 0.8133568 -0.152273 0.7052275
            0.6564349 -0.267857 0.7141187 0.6704417 -0.2013517 0.7802158 0.588866 -0.2109506
            0.4911077 0.2889932 -0.8217641 0.4580869 0.6771997 -0.5758098 0.7733634 0.5269994
            -0.3523927 0.2611273 0.5113877 -0.8187155 0.2450041 0.8264528 -0.5069011 0.4538676
            0.7971866 -0.3981177 0.1161099 0.7698257 -0.6276041 0.1203627 0.9090106 -0.3990144
            0.1164748 0.852549 -0.5095035 0.049318 0.703609 -0.7088739 0.0496109 0.8219382 -0.567412
            0.0488324 0.7678072 -0.6388172 0.1157888 0.8146394 -0.5682918 0.2452347 0.9045007
            -0.3489103 0.3554618 0.8263674 -0.4367652 0.3564841 0.8763787 -0.323851 0.4557363
            0.8324875 -0.3150697 0.1506496 0.2728754 -0.9501809 0.1279496 0.5334588 -0.8360924
            0.2508045 0.6932757 -0.6756226 0.1200059 0.6608526 -0.7408593 0.0551404 0.5523019
            -0.8318186 0.051346 0.6308595 -0.7741963 0.117511 0.7183103 -0.685727 0.0681697
            0.3940305 -0.9165658 0.0608692 0.4718425 -0.8795792 0.1235356 0.5987351 -0.7913629
            0.192003 0.6306333 -0.7519552 0.1843762 0.8076588 -0.5600827 0.1871781 0.7281205
            -0.6593974 0.2472122 0.7670522 -0.5920447 0.0991701 0.1383988 -0.9853989 0.0842411
            0.2540942 -0.9635038 0.1386793 0.4001399 -0.9059007 0.2059175 0.4048015 -0.8909174
            0.1983977 0.5203243 -0.8306028 0.255527 0.606828 -0.7526392 0.3645517 0.6368063
            -0.6793966 0.3583638 0.7471676 -0.5597463 0.454681 0.7458835 -0.4867473 0.3061285
            0.7297883 -0.6113055 0.3141352 0.5877737 -0.7455475 0.361108 0.6956841 -0.6209868
            0.3097649 0.6632226 -0.6813087 0.6228161 0.6388376 -0.4516487 0.5428975 0.6712828
            -0.5046204 0.5423917 0.7518343 -0.3749086 0.6238269 0.6952866 -0.3569547 0.6996371
            0.5893066 -0.4040121 0.7001115 0.6298684 -0.3363179 0.7718201 0.556949 -0.3067597
            0.289785 0.1344906 -0.9475953 0.1742012 0.0614554 -0.9827905 0.1626761 0.1590628
            -0.9737738 0.1118348 0.04272 -0.9928081 0.2743181 0.3134282 -0.9091272 0.2233124
            0.1871723 -0.9566076 0.2142617 0.2918025 -0.9321712 0.2674227 0.411906 -0.8711019
            0.2434643 0.0141482 -0.9698067 0.2330796 0.0942345 -0.9678811 0.2817741 0.2200577
            -0.9339047 0.4713292 0.4951374 -0.7298546 0.3834735 0.3574935 -0.8515553 0.373088
            0.5020937 -0.780197 0.4637643 0.5922749 -0.6588878 0.3245037 0.421008 -0.847024
            0.3190788 0.5059807 -0.8013565 0.3685743 0.5717067 -0.7330106 0.3367979 0.2540022
            -0.9066697 0.3303934 0.3360829 -0.8819799 0.3780512 0.4299916 -0.8198686 0.4099434
            0.0952499 -0.9071239 0.3958315 0.218729 -0.8918941 0.4805064 0.391947 -0.7845324
            0.3516492 0.1067728 -0.9300228 0.3439117 0.1772134 -0.9221281 0.3894133 0.2866067
            -0.8753365 0.2985773 0.0584662 -0.9525929 0.6388841 0.4641474 -0.6135099 0.5658866
            0.4110078 -0.7147342 0.6279303 0.5602304 -0.5402271 0.5510219 0.5535546 -0.6244615
            0.7131074 0.4685698 -0.5214596 0.704084 0.5348466 -0.4671239 0.7786735 0.4876966
            -0.3947399 0.9882278 0.1371467 -0.0677979 0.9883749 0.144517 -0.0472212 0.9125742
            0.3933451 -0.1117498 0.9941512 0.1046529 -0.0266686 0.9721918 0.2325618 -0.0275329
            0.9972884 0.0731276 -0.0082604 0.8633 0.4948084 -0.0993872 0.8835997 0.4678237
            -0.0198127 0.9268718 0.3708407 -0.0581871 0.9570401 0.2751115 -0.0915857 0.9998101
            0.0175123 -0.0085494 0.9203122 0.3094942 -0.2392462 0.9021726 0.3910443 -0.1821235
            0.9854259 0.1614716 -0.0535047 0.8393205 0.4914463 -0.2324256 0.8464525 0.5045453
            -0.1701533 0.9033667 0.4014806 -0.1508041 0.9536781 0.2773494 -0.1165139 0.8583692
            0.3856504 -0.3383431 0.8441063 0.451717 -0.2888533 0.908727 0.3601386 -0.2109866 0.96424
            0.2220057 -0.1447571 0.9998714 0.0153521 0.0046467 0.9999039 -0.0134577 0.0033255
            0.9983717 0.0561353 -0.0101388 0.997734 0.0652508 -0.016409 0.9977248 0.0664807
            -0.0112036 0.9999753 0.0043602 0.0055062 0.9860333 0.1560695 -0.0581429 0.890299
            0.0372995 -0.4538463 0.4513322 0.1994416 -0.8697829 0.5162597 0.1016455 -0.8503788
            0.47977 0.0030255 -0.8773891 0.8346448 0.2138792 -0.5075665 0.719978 0.06526 -0.6909217
            0.6746258 0.2543581 -0.6929517 0.6111864 0.1279699 -0.7810729 0.5864036 0.2638312
            -0.7658485 0.6548693 0.359268 -0.6648855 0.6967009 0.1552182 -0.7003678 0.6378887
            0.0103281 -0.7700593 0.8096852 0.328198 -0.4865141 0.7409812 0.3170113 -0.5919887
            0.7257957 0.3943581 -0.5636509 0.7978039 0.3860717 -0.4630956 0.7757136 0.169016
            -0.6080313 0.7578337 0.2410455 -0.6062881 0.8220427 0.269814 -0.5014442 0.8613546
            0.1147227 -0.4948807 0.8132946 0.0437945 -0.5802017 0.9973127 0.01316 -0.0720707
            0.9646677 0.0644856 -0.2554562 0.9431525 0.1715514 -0.2846635 0.9932297 0.0690508
            -0.0934168 0.8933786 0.2094492 -0.3974994 0.8765397 0.2999938 -0.3764065 0.9328775
            0.2437623 -0.2651782 0.9764671 0.1195201 -0.1795188 0.9297688 0.071501 -0.3611337
            0.9105413 0.1321792 -0.3917183 0.9532617 0.1110016 -0.2810173 0.9873328 0.0382247
            -0.1539894 0.9816422 0.0727396 -0.1763164 0.9951771 0.0361142 -0.0912049 0.9998302
            0.0014688 -0.0183667 0.9988979 0.0297986 -0.0362631 0.9999316 0.0074381 -0.0090286
            0.9884706 0.0109441 -0.1510167 0.9696472 0.0017277 -0.2445022 0.9501561 0.0282187
            -0.310495 0.9769242 0.0314895 -0.2112522 0.9984272 0.0034901 -0.0559546 0.9934203
            0.0157042 -0.1134436 0.9994093 0.0017272 -0.034323 0.9970244 0.0012396 -0.0770772</float_array>
          <technique_common>
            <accessor count="279" source="#ID295" stride="3">
              <param name="X" type="float" />
              <param name="Y" type="float" />
              <param name="Z" type="float" />
            </accessor>
          </technique_common>
        </source>
        <source id="ID296">
          <float_array id="ID297" count="558">0.3727552 1 0.3673638 0.9940048 0.3040814 0.9236373
            0.240799 0.8532695 0.1142342 0.7125341 0 0.5855098 0.004408 0.5739421 0.0148847
            0.5464566 0.0318987 0.5018237 0.0344786 0.4950562 0.0610086 0.4254603 0.0694955
            0.4031941 0.0826075 0.3687918 0.0959854 0.3336915 0.1047137 0.3107913 0.1157143
            0.2819304 0.1176021 0.2769776 0.1305289 0.2430641 0.1351866 0.2308447 0.1467691
            0.2004596 0.1590868 0.1681449 0.1775003 0.1198367 0.1788625 0.1162629 0.1806945
            0.1114565 0.2012154 0.0576162 0.2231812 0 0.240799 0.0188477 0.2764079 0.0531307
            0.3040814 0.076996 0.3553619 0.1162629 0.3673638 0.1246683 0.4306461 0.1648858 0.4939285
            0.1991764 0.5572109 0.2283805 0.5921682 0.2425273 0.6204932 0.2530059 0.6837756
            0.2733139 0.6865012 0.2740934 0.747058 0.2893879 0.8103404 0.3011526 0.8447294 0.3056595
            0.8736228 0.3083621 0.9369051 0.310539 0.9994041 0.3069457 0.9879641 0.3395896 0.9831511
            0.3564225 0.9804899 0.3687918 0.9797901 0.3732255 0.9788167 0.3845748 0.9788955
            0.3906445 0.9790155 0.3924663 0.9794444 0.3964121 0.9801237 0.4003578 0.9810721
            0.4043036 0.9820382 0.4074628 0.9823086 0.4082493 0.9838496 0.4121951 0.9857026
            0.4161409 0.9894852 0.4227054 0.9903542 0.4240324 0.996204 0.431924 1 0.4364045
            0.9685463 0.4439188 0.9551592 0.447707 0.9369051 0.4534226 0.9065102 0.4643064 0.905264
            0.4647882 0.8736228 0.4779336 0.8706159 0.4792731 0.8375134 0.4950562 0.8103404
            0.5094283 0.8101186 0.5095509 0.7786992 0.5277796 0.747058 0.5478961 0.73187 0.5581884
            0.7147466 0.5703018 0.6837756 0.5936381 0.6499701 0.6213205 0.6239616 0.6442857
            0.6204932 0.6474635 0.5822489 0.6844528 0.5572109 0.7107731 0.5410022 0.7288091
            0.5248979 0.747585 0.4939285 0.7863985 0.4760314 0.8107172 0.4689705 0.8207513 0.4306461
            0.8805836 0.4105732 0.9166477 0.4002427 0.9369816 0.4939285 0.4950562 0.4939285
            0.2425273 0.5572109 0.2425273 0.4939285 0.3687918 0.747058 0.3687918 0.747058 0.3056595
            0.4939285 0.3056595 0.8103404 0.3056595 0.6204932 0.3056595 0.6837756 0.3056595
            0.6837756 0.2740934 0.6204932 0.2740934 0.5572109 0.3056595 0.5572109 0.2740934
            0.4939285 0.2740934 0.8736228 0.3687918 0.9369051 0.3687918 0.8103404 0.3687918
            0.8103404 0.3372256 0.747058 0.3372256 0.8736228 0.3372256 0.6204932 0.3687918 0.6837756
            0.3687918 0.6204932 0.3372256 0.6837756 0.3372256 0.5572109 0.3687918 0.5572109
            0.3372256 0.4939285 0.3372256 0.747058 0.4950562 0.747058 0.431924 0.4939285 0.431924
            0.8736228 0.431924 0.8736228 0.4003578 0.747058 0.4003578 0.9369051 0.4003578 0.9369051
            0.3845748 0.9369051 0.3924663 0.9685463 0.4003578 0.9685463 0.3924663 0.9685463
            0.3964121 0.9369051 0.3964121 0.8736228 0.3845748 0.8103404 0.4003578 0.8103404
            0.3845748 0.747058 0.3845748 0.9369051 0.431924 0.9369051 0.4161409 0.8736228 0.4161409
            0.9369051 0.4082493 0.9685463 0.4082493 0.9685463 0.4043036 0.9369051 0.4043036
            0.9685463 0.4161409 0.9685463 0.4121951 0.9369051 0.4121951 0.905264 0.4161409 0.905264
            0.4003578 0.905264 0.4082493 0.8736228 0.4082493 0.9685463 0.431924 0.9685463 0.4240324
            0.9369051 0.4240324 0.905264 0.431924 0.905264 0.4240324 0.8736228 0.4240324 0.8103404
            0.431924 0.8103404 0.4161409 0.747058 0.4161409 0.8419816 0.4161409 0.8419816 0.431924
            0.8103404 0.4240324 0.8419816 0.4240324 0.6204932 0.431924 0.6837756 0.431924 0.6837756
            0.4003578 0.6204932 0.4003578 0.5572109 0.431924 0.5572109 0.4003578 0.4939285 0.4003578
            0.8736228 0.4634901 0.9369051 0.447707 0.9369051 0.4398155 0.9685463 0.4398155 0.8736228
            0.447707 0.905264 0.447707 0.905264 0.4398155 0.8736228 0.4398155 0.905264 0.4634901
            0.905264 0.4555985 0.8736228 0.4555985 0.747058 0.4634901 0.8103404 0.4634901 0.8103404
            0.447707 0.747058 0.447707 0.8419816 0.447707 0.8419816 0.4398155 0.8103404 0.4398155
            0.8419816 0.4634901 0.8419816 0.4555985 0.8103404 0.4555985 0.8103404 0.4950562
            0.8103404 0.4792731 0.747058 0.4792731 0.8419816 0.4792731 0.8419816 0.4713816 0.8103404
            0.4713816 0.8736228 0.4713816 0.6204932 0.4950562 0.6837756 0.4950562 0.6204932
            0.4634901 0.6837756 0.4634901 0.5572109 0.4950562 0.5572109 0.4634901 0.4939285
            0.4634901 0.240799 0.4950562 0.240799 0.2425273 0.3673638 0.2425273 0.240799 0.1162629
            0.3040814 0.1162629 0.240799 0.0531307 0.4306461 0.2425273 0.4306461 0.1793951 0.3673638
            0.1793951 0.3040814 0.2425273 0.1775166 0.2425273 0.3673638 0.4950562 0.3673638
            0.3687918 0.240799 0.3687918 0.4306461 0.3687918 0.4306461 0.3056595 0.3673638 0.3056595
            0.3040814 0.3687918 0.4306461 0.4950562 0.4306461 0.431924 0.3673638 0.431924 0.3040814
            0.4950562 0.1142342 0.4950562 0.1142342 0.3687918 0.1775166 0.3687918 0.1775166
            0.4950562 0.1775166 0.431924 0.1142342 0.431924 0.240799 0.431924 0.4939285 0.747585
            0.7786992 0.4950562 0.747058 0.5266222 0.7786992 0.5266222 0.4939285 0.6213205 0.6204932
            0.6213205 0.6204932 0.5581884 0.6837756 0.5581884 0.6837756 0.5266222 0.6204932
            0.5266222 0.6204932 0.5897545 0.6837756 0.5897545 0.4939285 0.5581884 0.5572109
            0.5581884 0.5572109 0.5266222 0.4939285 0.5266222 0.5572109 0.6213205 0.5572109
            0.5897545 0.4939285 0.5897545 0.4939285 0.6844528 0.5572109 0.6844528 0.240799 0.747585
            0.3673638 0.747585 0.3673638 0.6213205 0.240799 0.6213205 0.4306461 0.6213205 0.4306461
            0.5581884 0.3673638 0.5581884 0.3040814 0.6213205 0.4306461 0.747585 0.4306461 0.6844528
            0.3673638 0.6844528 0.3040814 0.747585 0.3040814 0.6844528 0.240799 0.6844528 0.1775166
            0.747585 0.1775166 0.6213205 0.1142342 0.6213205 0.3673638 0.8738494 0.4306461 0.8738494
            0.4306461 0.8107172 0.3673638 0.8107172 0.3040814 0.8738494 0.3040814 0.8107172 0.240799
            0.8107172 0.3673638 0.9369816</float_array>
          <technique_common>
            <accessor count="279" source="#ID297" stride="2">
              <param name="S" type="float" />
              <param name="T" type="float" />
            </accessor>
          </technique_common>
        </source>
        <vertices id="ID298">
          <input semantic="POSITION" source="#ID292" />
        </vertices>
        <triangles count="466" material="ID299">
          <input semantic="VERTEX" source="#ID298" offset="0" />
          <input semantic="NORMAL" source="#ID294" offset="1" />
          <input semantic="TEXCOORD" source="#ID296" offset="2" set="0" />
          <p>89 89 89 0 0 0 278 278 278 271 271 271 278 278 278 275 275 275 276 276 276 275 275 275
            3 3 3 277 277 277 3 3 3 268 268 268 254 254 254 268 268 268 267 267 267 265 265 265 267
            267 267 266 266 266 264 264 264 266 266 266 256 256 256 258 258 258 256 256 256 259 259
            259 251 251 251 259 259 259 245 245 245 246 246 246 245 245 245 247 247 247 242 242 242
            247 247 247 197 197 197 198 198 198 197 197 197 199 199 199 200 200 200 199 199 199 163
            163 163 183 183 183 163 163 163 119 119 119 186 186 186 119 119 119 155 155 155 185 185
            185 155 155 155 159 159 159 176 176 176 159 159 159 121 121 121 175 175 175 121 121 121
            152 152 152 171 171 171 152 152 152 135 135 135 172 172 172 135 135 135 149 149 149 61
            61 61 149 149 149 60 60 60 61 61 61 172 172 172 149 149 149 61 61 61 62 62 62 172 172
            172 172 172 172 62 62 62 63 63 63 171 171 171 63 63 63 170 170 170 175 175 175 170 170
            170 174 174 174 176 176 176 174 174 174 173 173 173 185 185 185 173 173 173 184 184 184
            186 186 186 184 184 184 182 182 182 183 183 183 182 182 182 189 189 189 180 180 180 189
            189 189 181 181 181 195 195 195 181 181 181 194 194 194 193 193 193 194 194 194 68 68 68
            69 69 69 193 193 193 68 68 68 69 69 69 191 191 191 193 193 193 69 69 69 190 190 190 191
            191 191 69 69 69 70 70 70 190 190 190 190 190 190 70 70 70 71 71 71 234 234 234 71 71 71
            236 236 236 235 235 235 236 236 236 72 72 72 73 73 73 235 235 235 72 72 72 73 73 73 74
            74 74 235 235 235 235 235 235 74 74 74 241 241 241 118 118 118 241 241 241 198 198 198
            192 192 192 198 198 198 200 200 200 180 180 180 200 200 200 183 183 183 189 189 189 180
            180 180 183 183 183 0 0 0 1 1 1 278 278 278 278 278 278 1 1 1 2 2 2 275 275 275 2 2 2 3
            3 3 275 275 275 278 278 278 2 2 2 3 3 3 4 4 4 268 268 268 268 268 268 4 4 4 269 269 269
            267 267 267 269 269 269 257 257 257 266 266 266 257 257 257 261 261 261 256 256 256 261
            261 261 260 260 260 259 259 259 260 260 260 215 215 215 222 222 222 215 215 215 224 224
            224 223 223 223 224 224 224 216 216 216 218 218 218 216 216 216 220 220 220 219 219 219
            220 220 220 206 206 206 210 210 210 206 206 206 212 212 212 211 211 211 212 212 212 31
            31 31 32 32 32 211 211 211 31 31 31 32 32 32 210 210 210 211 211 211 32 32 32 91 91 91
            210 210 210 32 32 32 33 33 33 91 91 91 91 91 91 33 33 33 92 92 92 103 103 103 92 92 92
            34 34 34 101 101 101 34 34 34 35 35 35 36 36 36 101 101 101 35 35 35 36 36 36 100 100
            100 101 101 101 36 36 36 37 37 37 100 100 100 100 100 100 37 37 37 99 99 99 101 101 101
            99 99 99 98 98 98 103 103 103 98 98 98 102 102 102 104 104 104 102 102 102 96 96 96 219
            219 219 96 96 96 117 117 117 218 218 218 117 117 117 93 93 93 168 168 168 93 93 93 167
            167 167 166 166 166 167 167 167 162 162 162 199 199 199 162 162 162 163 163 163 199 199
            199 166 166 166 162 162 162 199 199 199 202 202 202 166 166 166 199 199 199 201 201 201
            202 202 202 199 199 199 197 197 197 201 201 201 201 201 201 197 197 197 247 247 247 248
            248 248 247 247 247 245 245 245 259 259 259 248 248 248 245 245 245 259 259 259 222 222
            222 248 248 248 259 259 259 215 215 215 222 222 222 269 269 269 4 4 4 270 270 270 226
            226 226 270 270 270 8 8 8 9 9 9 226 226 226 8 8 8 9 9 9 10 10 10 226 226 226 226 226 226
            10 10 10 231 231 231 229 229 229 231 231 231 230 230 230 204 204 204 230 230 230 232 232
            232 225 225 225 232 232 232 221 221 221 224 224 224 221 221 221 216 216 216 224 224 224
            225 225 225 221 221 221 224 224 224 215 215 215 225 225 225 225 225 225 215 215 215 260
            260 260 261 261 261 225 225 225 260 260 260 261 261 261 204 204 204 225 225 225 261 261
            261 257 257 257 204 204 204 204 204 204 257 257 257 229 229 229 230 230 230 204 204 204
            229 229 229 4 4 4 5 5 5 270 270 270 270 270 270 5 5 5 6 6 6 7 7 7 270 270 270 6 6 6 7 7
            7 8 8 8 270 270 270 10 10 10 11 11 11 231 231 231 231 231 231 11 11 11 12 12 12 227 227
            227 12 12 12 13 13 13 14 14 14 227 227 227 13 13 13 14 14 14 15 15 15 227 227 227 227
            227 227 15 15 15 228 228 228 230 230 230 228 228 228 232 232 232 230 230 230 227 227 227
            228 228 228 230 230 230 231 231 231 227 227 227 227 227 227 231 231 231 12 12 12 15 15
            15 16 16 16 228 228 228 228 228 228 16 16 16 214 214 214 217 217 217 214 214 214 205 205
            205 221 221 221 205 205 205 213 213 213 220 220 220 213 213 213 206 206 206 220 220 220
            221 221 221 213 213 213 220 220 220 216 216 216 221 221 221 16 16 16 17 17 17 214 214
            214 214 214 214 17 17 17 18 18 18 19 19 19 214 214 214 18 18 18 19 19 19 20 20 20 214
            214 214 214 214 214 20 20 20 21 21 21 205 205 205 21 21 21 207 207 207 213 213 213 207
            207 207 208 208 208 212 212 212 208 208 208 29 29 29 30 30 30 212 212 212 29 29 29 30 30
            30 31 31 31 212 212 212 21 21 21 22 22 22 207 207 207 207 207 207 22 22 22 23 23 23 24
            24 24 207 207 207 23 23 23 24 24 24 209 209 209 207 207 207 24 24 24 25 25 25 209 209
            209 209 209 209 25 25 25 26 26 26 27 27 27 209 209 209 26 26 26 27 27 27 207 207 207 209
            209 209 27 27 27 208 208 208 207 207 207 27 27 27 28 28 28 208 208 208 208 208 208 28 28
            28 29 29 29 33 33 33 34 34 34 92 92 92 37 37 37 38 38 38 99 99 99 99 99 99 38 38 38 95
            95 95 114 114 114 95 95 95 109 109 109 112 112 112 109 109 109 94 94 94 134 134 134 94
            94 94 107 107 107 133 133 133 107 107 107 105 105 105 131 131 131 105 105 105 106 106
            106 125 125 125 106 106 106 46 46 46 47 47 47 125 125 125 46 46 46 47 47 47 48 48 48 125
            125 125 125 125 125 48 48 48 128 128 128 126 126 126 128 128 128 130 130 130 146 146 146
            130 130 130 124 124 124 141 141 141 124 124 124 140 140 140 139 139 139 140 140 140 54
            54 54 55 55 55 139 139 139 54 54 54 55 55 55 56 56 56 139 139 139 139 139 139 56 56 56
            143 143 143 138 138 138 143 143 143 144 144 144 147 147 147 144 144 144 136 136 136 145
            145 145 136 136 136 151 151 151 153 153 153 151 151 151 135 135 135 152 152 152 153 153
            153 135 135 135 152 152 152 154 154 154 153 153 153 152 152 152 121 121 121 154 154 154
            154 154 154 121 121 121 161 161 161 158 158 158 161 161 161 156 156 156 132 132 132 156
            156 156 157 157 157 123 123 123 157 157 157 164 164 164 134 134 134 164 164 164 112 112
            112 94 94 94 134 134 134 112 112 112 38 38 38 39 39 39 95 95 95 95 95 95 39 39 39 97 97
            97 109 109 109 97 97 97 108 108 108 94 94 94 108 108 108 107 107 107 94 94 94 109 109
            109 108 108 108 39 39 39 40 40 40 97 97 97 97 97 97 40 40 40 108 108 108 108 108 108 40
            40 40 110 110 110 107 107 107 110 110 110 105 105 105 107 107 107 108 108 108 110 110
            110 40 40 40 41 41 41 110 110 110 110 110 110 41 41 41 42 42 42 105 105 105 42 42 42 106
            106 106 105 105 105 110 110 110 42 42 42 43 43 43 44 44 44 42 42 42 42 42 42 44 44 44
            106 106 106 106 106 106 44 44 44 45 45 45 46 46 46 106 106 106 45 45 45 48 48 48 49 49
            49 128 128 128 128 128 128 49 49 49 50 50 50 129 129 129 50 50 50 51 51 51 127 127 127
            51 51 51 52 52 52 53 53 53 127 127 127 52 52 52 53 53 53 140 140 140 127 127 127 53 53
            53 54 54 54 140 140 140 56 56 56 57 57 57 143 143 143 143 143 143 57 57 57 142 142 142
            144 144 144 142 142 142 136 136 136 144 144 144 143 143 143 142 142 142 57 57 57 58 58
            58 142 142 142 142 142 142 58 58 58 150 150 150 136 136 136 150 150 150 151 151 151 136
            136 136 142 142 142 150 150 150 58 58 58 59 59 59 150 150 150 150 150 150 59 59 59 60 60
            60 149 149 149 150 150 150 60 60 60 149 149 149 151 151 151 150 150 150 149 149 149 135
            135 135 151 151 151 63 63 63 64 64 64 170 170 170 170 170 170 64 64 64 174 174 174 174
            174 174 64 64 64 178 178 178 173 173 173 178 178 178 179 179 179 184 184 184 179 179 179
            188 188 188 182 182 182 188 188 188 189 189 189 182 182 182 184 184 184 188 188 188 64
            64 64 65 65 65 178 178 178 178 178 178 65 65 65 177 177 177 179 179 179 177 177 177 169
            169 169 188 188 188 169 169 169 187 187 187 189 189 189 187 187 187 181 181 181 189 189
            189 188 188 188 187 187 187 65 65 65 66 66 66 177 177 177 177 177 177 66 66 66 169 169
            169 169 169 169 66 66 66 196 196 196 187 187 187 196 196 196 194 194 194 181 181 181 187
            187 187 194 194 194 66 66 66 67 67 67 196 196 196 196 196 196 67 67 67 68 68 68 194 194
            194 196 196 196 68 68 68 71 71 71 72 72 72 236 236 236 241 241 241 74 74 74 240 240 240
            239 239 239 240 240 240 243 243 243 250 250 250 243 243 243 249 249 249 237 237 237 249
            249 249 252 252 252 263 263 263 252 252 252 262 262 262 255 255 255 262 262 262 274 274
            274 276 276 276 274 274 274 271 271 271 275 275 275 276 276 276 271 271 271 76 76 76 244
            244 244 75 75 75 76 76 76 77 77 77 244 244 244 244 244 244 77 77 77 243 243 243 240 240
            240 244 244 244 243 243 243 240 240 240 75 75 75 244 244 244 240 240 240 74 74 74 75 75
            75 243 243 243 77 77 77 238 238 238 249 249 249 238 238 238 80 80 80 253 253 253 80 80
            80 81 81 81 82 82 82 253 253 253 81 81 81 82 82 82 252 252 252 253 253 253 82 82 82 233
            233 233 252 252 252 82 82 82 83 83 83 233 233 233 233 233 233 83 83 83 84 84 84 85 85 85
            233 233 233 84 84 84 85 85 85 262 262 262 233 233 233 85 85 85 273 273 273 262 262 262
            85 85 85 86 86 86 273 273 273 273 273 273 86 86 86 272 272 272 271 271 271 272 272 272
            88 88 88 89 89 89 271 271 271 88 88 88 89 89 89 278 278 278 271 271 271 77 77 77 78 78
            78 238 238 238 238 238 238 78 78 78 79 79 79 80 80 80 238 238 238 79 79 79 86 86 86 87
            87 87 272 272 272 272 272 272 87 87 87 88 88 88 248 248 248 222 222 222 90 90 90 201 201
            201 90 90 90 203 203 203 202 202 202 203 203 203 120 120 120 166 166 166 120 120 120 168
            168 168 167 167 167 166 166 166 168 168 168 90 90 90 222 222 222 203 203 203 203 203 203
            222 222 222 223 223 223 120 120 120 223 223 223 168 168 168 120 120 120 203 203 203 223
            223 223 247 247 247 248 248 248 201 201 201 201 201 201 248 248 248 90 90 90 92 92 92
            103 103 103 91 91 91 91 91 91 103 103 103 104 104 104 210 210 210 104 104 104 219 219
            219 206 206 206 210 210 210 219 219 219 93 93 93 117 117 117 115 115 115 167 167 167 115
            115 115 165 165 165 162 162 162 165 165 165 164 164 164 163 163 163 164 164 164 157 157
            157 119 119 119 157 157 157 160 160 160 155 155 155 160 160 160 159 159 159 155 155 155
            119 119 119 160 160 160 93 93 93 168 168 168 218 218 218 218 218 218 168 168 168 223 223
            223 216 216 216 218 218 218 223 223 223 93 93 93 115 115 115 167 167 167 96 96 96 102
            102 102 116 116 116 117 117 117 116 116 116 115 115 115 117 117 117 96 96 96 116 116 116
            95 95 95 97 97 97 109 109 109 98 98 98 99 99 99 113 113 113 102 102 102 113 113 113 116
            116 116 102 102 102 98 98 98 113 113 113 113 113 113 99 99 99 114 114 114 111 111 111
            114 114 114 112 112 112 165 165 165 112 112 112 164 164 164 165 165 165 111 111 111 112
            112 112 165 165 165 115 115 115 111 111 111 111 111 111 115 115 115 116 116 116 113 113
            113 111 111 111 116 116 116 113 113 113 114 114 114 111 111 111 100 100 100 99 99 99 101
            101 101 34 34 34 101 101 101 103 103 103 103 103 103 101 101 101 98 98 98 103 103 103
            102 102 102 104 104 104 104 104 104 96 96 96 219 219 219 112 112 112 114 114 114 109 109
            109 114 114 114 99 99 99 95 95 95 198 198 198 192 192 192 118 118 118 118 118 118 192
            192 192 234 234 234 235 235 235 234 234 234 236 236 236 235 235 235 118 118 118 234 234
            234 235 235 235 241 241 241 118 118 118 119 119 119 163 163 163 157 157 157 120 120 120
            166 166 166 202 202 202 121 121 121 159 159 159 161 161 161 161 161 161 159 159 159 160
            160 160 156 156 156 160 160 160 157 157 157 156 156 156 161 161 161 160 160 160 105 105
            105 131 131 131 133 133 133 133 133 133 131 131 131 132 132 132 123 123 123 132 132 132
            157 157 157 123 123 123 133 133 133 132 132 132 123 123 123 134 134 134 133 133 133 123
            123 123 164 164 164 134 134 134 106 106 106 125 125 125 131 131 131 131 131 131 125 125
            125 146 146 146 122 122 122 146 146 146 148 148 148 158 158 158 148 148 148 137 137 137
            154 154 154 137 137 137 153 153 153 154 154 154 158 158 158 137 137 137 154 154 154 161
            161 161 158 158 158 132 132 132 131 131 131 122 122 122 158 158 158 122 122 122 148 148
            148 158 158 158 132 132 132 122 122 122 158 158 158 156 156 156 132 132 132 140 140 140
            124 124 124 127 127 127 127 127 127 124 124 124 130 130 130 129 129 129 130 130 130 128
            128 128 50 50 50 129 129 129 128 128 128 130 130 130 146 146 146 126 126 126 126 126 126
            146 146 146 125 125 125 128 128 128 126 126 126 125 125 125 130 130 130 129 129 129 127
            127 127 127 127 127 129 129 129 51 51 51 107 107 107 133 133 133 134 134 134 124 124 124
            141 141 141 146 146 146 146 146 146 141 141 141 147 147 147 148 148 148 147 147 147 145
            145 145 137 137 137 145 145 145 153 153 153 137 137 137 148 148 148 145 145 145 136 136
            136 145 145 145 147 147 147 140 140 140 139 139 139 141 141 141 141 141 141 139 139 139
            138 138 138 147 147 147 138 138 138 144 144 144 147 147 147 141 141 141 138 138 138 138
            138 138 139 139 139 143 143 143 146 146 146 122 122 122 131 131 131 146 146 146 147 147
            147 148 148 148 153 153 153 145 145 145 151 151 151 163 163 163 162 162 162 164 164 164
            165 165 165 162 162 162 167 167 167 169 169 169 196 196 196 187 187 187 63 63 63 171 171
            171 172 172 172 172 172 172 171 171 171 135 135 135 152 152 152 171 171 171 175 175 175
            175 175 175 171 171 171 170 170 170 173 173 173 179 179 179 184 184 184 173 173 173 174
            174 174 178 178 178 121 121 121 175 175 175 176 176 176 176 176 176 175 175 175 174 174
            174 159 159 159 176 176 176 185 185 185 185 185 185 176 176 176 173 173 173 178 178 178
            177 177 177 179 179 179 179 179 179 169 169 169 188 188 188 200 200 200 180 180 180 192
            192 192 192 192 192 180 180 180 195 195 195 191 191 191 195 195 195 193 193 193 191 191
            191 192 192 192 195 195 195 191 191 191 234 234 234 192 192 192 191 191 191 190 190 190
            234 234 234 234 234 234 190 190 190 71 71 71 180 180 180 181 181 181 195 195 195 182 182
            182 183 183 183 186 186 186 186 186 186 183 183 183 119 119 119 155 155 155 185 185 185
            186 186 186 186 186 186 185 185 185 184 184 184 194 194 194 193 193 193 195 195 195 197
            197 197 198 198 198 242 242 242 242 242 242 198 198 198 241 241 241 239 239 239 241 241
            241 240 240 240 239 239 239 242 242 242 241 241 241 239 239 239 246 246 246 242 242 242
            239 239 239 250 250 250 246 246 246 239 239 239 243 243 243 250 250 250 200 200 200 198
            198 198 199 199 199 200 200 200 163 163 163 183 183 183 202 202 202 201 201 201 203 203
            203 204 204 204 232 232 232 225 225 225 205 205 205 207 207 207 213 213 213 205 205 205
            214 214 214 21 21 21 208 208 208 212 212 212 213 213 213 213 213 213 212 212 212 206 206
            206 210 210 210 91 91 91 104 104 104 211 211 211 210 210 210 212 212 212 205 205 205 221
            221 221 217 217 217 217 217 217 221 221 221 232 232 232 228 228 228 217 217 217 232 232
            232 228 228 228 214 214 214 217 217 217 220 220 220 219 219 219 218 218 218 218 218 218
            219 219 219 117 117 117 223 223 223 222 222 222 224 224 224 257 257 257 269 269 269 229
            229 229 229 229 229 269 269 269 226 226 226 231 231 231 229 229 229 226 226 226 246 246
            246 250 250 250 251 251 251 245 245 245 246 246 246 251 251 251 252 252 252 263 263 263
            237 237 237 237 237 237 263 263 263 258 258 258 251 251 251 258 258 258 259 259 259 251
            251 251 237 237 237 258 258 258 251 251 251 250 250 250 237 237 237 237 237 237 250 250
            250 249 249 249 238 238 238 249 249 249 243 243 243 246 246 246 247 247 247 242 242 242
            80 80 80 253 253 253 249 249 249 249 249 249 253 253 253 252 252 252 252 252 252 233 233
            233 262 262 262 3 3 3 277 277 277 276 276 276 276 276 276 277 277 277 254 254 254 265
            265 265 254 254 254 267 267 267 265 265 265 276 276 276 254 254 254 265 265 265 255 255
            255 276 276 276 265 265 265 264 264 264 255 255 255 265 265 265 266 266 266 264 264 264
            254 254 254 277 277 277 268 268 268 258 258 258 263 263 263 264 264 264 256 256 256 258
            258 258 264 264 264 256 256 256 260 260 260 259 259 259 261 261 261 256 256 256 266 266
            266 264 264 264 263 263 263 255 255 255 255 255 255 263 263 263 262 262 262 267 267 267
            257 257 257 266 266 266 268 268 268 269 269 269 267 267 267 270 270 270 226 226 226 269
            269 269 255 255 255 274 274 274 276 276 276 262 262 262 273 273 273 274 274 274 274 274
            274 273 273 273 271 271 271 271 271 271 273 273 273 272 272 272</p>
        </triangles>
      </mesh>
    </geometry>
    <geometry id="ID300">
      <mesh>
        <source id="ID301">
          <float_array id="ID302" count="840">0.0635001 0.0000001 0.0765001 0.0635001 -0.0228105
            0.0765 0.0635001 -0.0347319 0.0765 0.0635001 -0.0466532 0.0765 0.0635002 -0.0585746
            0.0765 0.0635002 -0.0593667 0.0765 0.0635002 -0.07 0.0765 0.0634945 -0.07 0.0756497
            0.0629988 -0.07 0.0685381 0.0626179 -0.07 0.0659519 0.0615028 -0.07 0.0606995 0.0613302
            -0.07 0.0600426 0.0594303 -0.07 0.0541326 0.0589899 -0.07 0.0529955 0.0572593 -0.07
            0.049048 0.0553833 -0.07 0.0454366 0.054034 -0.07 0.0431445 0.0522287 -0.07 0.0403833
            0.0505296 -0.07 0.0380423 0.0466295 -0.07 0.033396 0.0465426 -0.07 0.0333022 0.0435024
            -0.07 0.0302421 0.0403439 -0.07 0.0274632 0.0402083 -0.07 0.0273519 0.037492 -0.07
            0.0252495 0.0337068 -0.07 0.0226846 0.0302402 -0.07 0.020663 0.0269612 -0.07 0.0190078
            0.0266704 -0.07 0.0188723 0.02301 -0.07 0.0173157 0.0192502 -0.07 0.0159882 0.0154284
            -0.07 0.0149026 0.0114436 -0.07 0.0140397 0.0080963 -0.07 0.0135184 0.0073965 -0.0700001
            0.0134323 0.0036228 -0.0700002 0.0131032 0.0033236 -0.0700002 0.0130868 0.0033235
            -0.0688152 0.0130229 0.0033235 -0.0680258 0.0129063 0.0033235 -0.0677318 0.0128425
            0.0033234 -0.0667993 0.0125407 0.0033234 -0.0664873 0.0123955 0.0033234 -0.066393
            0.0123461 0.0033234 -0.0660249 0.0121238 0.0033234 -0.0658662 0.0120114 0.0033234
            -0.0656923 0.0118745 0.0033234 -0.0653883 0.0115944 0.0033234 -0.0653346 0.0115387
            0.0033234 -0.0651196 0.0112927 0.0033234 -0.0648825 0.0109709 0.0033234 -0.0645121
            0.0103196 0.0033234 -0.0644884 0.0102698 0.0033234 -0.0641879 0.0095118 0.0033234
            -0.0639488 0.0086569 0.0033234 -0.0636355 0.0067305 0.0033234 -0.0634131 0.0014999
            0.0112219 -0.0625007 0.0014999 0.0185546 -0.0607289 0.0015001 0.0222134 -0.0594886
            0.0015001 0.0253771 -0.0582089 0.0015001 0.0316807 -0.0550329 0.0015 0.0375288
            -0.0512242 0.0014996 0.0429262 -0.0467939 0.0014998 0.0449344 -0.0448685 0.0014999
            0.0478665 -0.0417263 0.0015 0.0523208 -0.0359831 0.0015 0.0562353 -0.0294937 0.0015001
            0.0595271 -0.0221093 0.0014999 0.0599431 -0.0209559 0.0014999 0.0620093 -0.013679 0.0015
            0.0633963 -0.0036233 0.0015002 0.0634999 0.0000002 0.0015001 0.0635 -0.0000002 0.0089745
            0.0635 -0.0000001 0.0158205 0.0635 -0.0000001 0.0164439 0.0635 -0.0000002 0.0169062
            0.0635001 0.0000001 0.023064 0.0634999 -0.0000001 0.0263295 0.0635 -0.0000001 0.0310699
            0.0634999 -0.0000001 0.0326352 0.0635 -0.0000001 0.0369793 0.0635 -0.0000001 0.0376137
            0.0635001 0.0000001 0.0413307 0.0635001 0.0000002 0.0442819 0.0635001 0.0000003
            0.0485699 0.0635 0.0000003 0.0530365 0.0634999 0.0000003 0.0569142 0.0635001 0.0000002
            0.0648273 0.0635001 0.0000002 0.0656682 0.0635001 0 0.0703219 0.0635003 -0.0000001
            0.0736754 0.0503801 -0.049328 0.0295599 0.0514269 -0.0374439 0.006249 0.0474955
            -0.0421765 0.0031956 0.0499139 -0.0424815 0.0187182 0.0295742 -0.0571948 0.0102989
            0.0504533 -0.0397643 0.012662 0.0311101 -0.0553883 0.0034234 0.0251808 -0.0582949
            0.0020129 0.0416157 -0.0483385 0.007357 0.0365721 -0.0520547 0.0052182 0.0423355
            -0.0473914 0.0039588 0.0374682 -0.0512686 0.001675 0.0462507 -0.044249 0.0098318
            0.0468154 -0.04316 0.0065611 0.050892 -0.0385601 0.0094951 0.0165007 -0.0618975
            0.0084769 0.0090056 -0.063373 0.0083539 0.0233217 -0.0598059 0.0091542 0.0241102
            -0.0589215 0.0056995 0.0302156 -0.0561759 0.0069652 0.0174443 -0.0611549 0.0048947
            0.0406673 -0.0506819 0.0137494 0.0353454 -0.0541437 0.0118394 0.0358502 -0.053 0.008618
            0.041051 -0.0494275 0.0106276 0.0455346 -0.0468047 0.0160331 0.0458186 -0.0454592
            0.0129933 0.0501238 -0.0410683 0.0157393 0.0310464 -0.0649608 0.0203135 0.0293864
            -0.0602333 0.0160659 0.0498811 -0.0456617 0.0243577 0.0166533 -0.0652472 0.013964
            0.016141 -0.0631738 0.0115789 0.0292706 -0.0585224 0.0133548 0.0087109 -0.0647087
            0.0114025 0.0087184 -0.063913 0.0099932 0.0086749 -0.0642746 0.0107305 0.0046547
            -0.064763 0.0108933 0.0047376 -0.0652401 0.0115267 0.0046827 -0.0649893 0.011221
            0.0086825 -0.0644821 0.0110751 0.0162278 -0.0624506 0.0101044 0.0229704 -0.06109
            0.0122493 0.0230808 -0.0603883 0.0107554 0.0293747 -0.057815 0.0118661 0.009751
            -0.0672645 0.0133535 0.0090467 -0.0658182 0.0125295 0.016275 -0.0640989 0.0128718
            0.0088333 -0.0652219 0.0120034 0.0049319 -0.065819 0.0120684 0.0048204 -0.0655164
            0.0118094 0.0087609 -0.0649551 0.0117122 0.0052415 -0.0665033 0.0125154 0.0050724
            -0.066148 0.0123037 0.0089285 -0.0655095 0.012276 0.0127238 -0.0650161 0.012649
            0.0125071 -0.0640155 0.011424 0.0125792 -0.0644826 0.0120663 0.0161786 -0.0636095
            0.0122496 0.0061843 -0.0681675 0.0131433 0.0056616 -0.0672885 0.0128716 0.0093528
            -0.0664992 0.0129794 0.0132416 -0.0662918 0.0136263 0.0129441 -0.0656187 0.0131694
            0.0164327 -0.0646443 0.0134438 0.0232136 -0.0629174 0.0148556 0.0230094 -0.0619282
            0.0136203 0.0292719 -0.0593261 0.0147569 0.0197031 -0.0630692 0.013196 0.0199801
            -0.0641249 0.0143714 0.0198157 -0.0635734 0.013805 0.0230902 -0.0624033 0.0142555
            0.0405402 -0.053776 0.0194664 0.035168 -0.0571917 0.0175979 0.04049 -0.052125 0.0167014
            0.0351041 -0.0555283 0.0148441 0.0454629 -0.0499494 0.0217046 0.0454126 -0.0482984
            0.0189397 0.0498313 -0.0440111 0.0215923 0.0181736 -0.0682419 0.0155201 0.0299755
            -0.0623768 0.0183878 0.0108138 -0.0690384 0.0138827 0.0172872 -0.0666292 0.0148458
            0.0068056 -0.0691366 0.013334 0.0102392 -0.068112 0.0136537 0.0140664 -0.0678483
            0.0143512 0.0136161 -0.0670354 0.01402 0.0169381 -0.0659088 0.0144313 0.0151835
            -0.0696719 0.0148358 0.0145901 -0.0687282 0.0146222 0.0176997 -0.0674074 0.0152082
            0.0241443 -0.0653732 0.0168965 0.0235913 -0.0640651 0.0159481 0.02962 -0.0612494
            0.0172769 0.0204677 -0.0653732 0.0153736 0.0233805 -0.0634712 0.0154199 0.0201973
            -0.0647247 0.0148944 0.0211669 -0.0668147 0.0162018 0.0207912 -0.0660701 0.0158092
            0.023846 -0.0646992 0.0164403 0.0257568 -0.068452 0.0183769 0.0248692 -0.0668382
            0.0177036 0.0304522 -0.0636151 0.0193989 0.0220687 -0.0684415 0.0168634 0.0215933
            -0.0676058 0.0165527 0.0244857 -0.0660864 0.0173174 0.0187062 -0.0691299 0.0157838
            0.0413588 -0.0577344 0.0244059 0.0362985 -0.0614353 0.0222808 0.0355642 -0.059159
            0.0200783 0.0408297 -0.0556457 0.0220347 0.0460917 -0.0537343 0.0268002 0.04569
            -0.0517621 0.0243242 0.0500647 -0.0474347 0.027013 0.0614454 -0.026138 0.0456054
            0.0620347 -0.0138358 0.0226706 0.0579402 -0.0267452 0.0134653 0.0549355 -0.0323249
            0.0096499 0.060332 -0.0206054 0.0177846 0.0629299 -0.0082335 0.0107094 0.0616192
            -0.0153615 0.0055011 0.0630653 -0.0064519 0.0281092 0.0634878 -0.0004176 0.0165367
            0.0572456 -0.0389512 0.0364867 0.0569815 -0.0322895 0.0254787 0.0614043 -0.0196801
            0.034414 0.0537514 -0.0376631 0.0218487 0.054171 -0.0348364 0.0158911 0.0573275
            -0.0293954 0.0195817 0.0595397 -0.0263017 0.0296613 0.0598356 -0.0233619 0.0238054
            0.0616523 -0.0166965 0.0285976 0.0541251 -0.044425 0.0327666 0.0537317 -0.0408553
            0.0274775 0.0569512 -0.035472 0.0311162 0.0596855 -0.0328554 0.0407664 0.0594866
            -0.0294634 0.0353175 0.0613311 -0.0228233 0.0400869 0.0632058 -0.0110953 0.05673
            0.0625813 -0.0188503 0.0509575 0.0632952 -0.0047565 0.0454314 0.0626203 -0.0124656
            0.0397002 0.0563315 -0.0676084 0.0471164 0.0283957 -0.066701 0.01935 0.0302231
            -0.0699763 0.0206537 0.0325623 -0.0679514 0.0218732 0.0455538 -0.067989 0.0321815
            0.0527727 -0.0579352 0.0388177 0.0430841 -0.0625215 0.0285998 0.0386971 -0.0668377
            0.025921 0.0373539 -0.064005 0.0242193 0.0421167 -0.0600323 0.0265889 0.0402892
            -0.0698981 0.0274181 0.0442377 -0.0651811 0.0304574 0.0513759 -0.0534484 0.0343536
            0.0473804 -0.0581224 0.031353 0.0466597 -0.0558586 0.0291394 0.0508207 -0.0513358
            0.032004 0.0492114 -0.0630061 0.03546 0.0482369 -0.0605103 0.033455 0.0520316 -0.0556528
            0.0366207 0.0514503 -0.0682628 0.0392315 0.0544604 -0.062688 0.0430424 0.0630835
            -0.0404761 0.0667087 0.0607397 -0.0549857 0.0560638 0.0621497 -0.0332022 0.0562514
            0.0586664 -0.0466703 0.0465435 0.0559843 -0.0525447 0.0424629 0.0578349 -0.0427
            0.0416147 0.0549006 -0.0483441 0.0377414 0.0607312 -0.0402316 0.0511317 0.0617323
            -0.0296104 0.0509821 0.0601157 -0.0364588 0.0460253 0.0587011 -0.0614483 0.051454
            0.0572842 -0.0569431 0.0470065 0.0596673 -0.0507953 0.051333 0.0622166 -0.0480097
            0.0611354 0.0614625 -0.0441102 0.0561429 0.0626303 -0.0368517 0.0614687 0.0634478
            -0.0324831 0.0726952 0.0633798 -0.0176747 0.067812 0.0629878 -0.0256423 0.0618483
            0.0626416 -0.0631445 0.0657249 0.0601237 -0.0659587 0.0558968 0.0617709 -0.0591385
            0.0608284 0.0633438 -0.0554603 0.0714337 0.0628825 -0.0518285 0.0662004 0.0634057
            -0.0439808 0.0720563 0.0632506 -0.0669113 0.0708367</float_array>
          <technique_common>
            <accessor count="280" source="#ID302" stride="3">
              <param name="X" type="float" />
              <param name="Y" type="float" />
              <param name="Z" type="float" />
            </accessor>
          </technique_common>
        </source>
        <source id="ID303">
          <float_array id="ID304" count="840">0.9999999 0.000039 0.0003269 0.9999991 -0.0000273
            -0.0013555 0.9999984 0.0000604 -0.0017909 0.9999997 0.0000308 -0.0007336 0.9999998
            0.0000642 -0.0005789 0.9999998 0.0000679 -0.0007171 0.9999999 0.0002629 -0.0003399
            0.9999076 0.0007906 -0.0135679 0.9921051 0.0014825 -0.1254001 0.986106 0.0011886
            -0.1661131 0.9685426 0.0010051 -0.2488459 0.9658199 0.0010354 -0.2592119 0.9359413
            0.001572 -0.3521525 0.9290002 0.0016974 -0.3700753 0.901715 0.0018418 -0.4323271
            0.872177 0.0013205 -0.4891886 0.8509282 0.0008591 -0.5252813 0.8225031 0.0003789
            -0.5687605 0.7957214 0.0001633 -0.6056628 0.7343422 0.0004988 -0.6787793 0.7329742
            0.0005159 -0.6802562 0.685087 0.00121 -0.7284603 0.6353309 0.0018188 -0.7722379
            0.6331927 0.0018352 -0.7739921 0.5904034 0.0020224 -0.8071058 0.530775 0.0017509
            -0.8475109 0.4762927 0.0005635 -0.8792866 0.4245169 -0.0011565 -0.9054193 0.419927
            -0.0013195 -0.907557 0.3623732 -0.0035929 -0.9320261 0.3031413 -0.0055891 -0.9529292
            0.2428902 -0.0063714 -0.9700329 0.1800909 -0.0051072 -0.9836367 0.1273667 -0.0006267
            -0.9918555 0.1163961 0.0002047 -0.9932029 0.0571101 -0.0036487 -0.9983612 0.0521195
            -0.0048511 -0.9986291 0.0526197 -0.1036164 -0.9932244 0.0486057 -0.1905795 -0.9804677
            0.046537 -0.2308194 -0.9718831 0.0403703 -0.3894479 -0.9201633 0.0387502 -0.4535236
            -0.8904014 0.0382744 -0.4739993 -0.879693 0.0365417 -0.5584478 -0.8287344 0.0358874
            -0.5965851 -0.801747 0.035262 -0.6390607 -0.7683476 0.0344729 -0.7123345 -0.700993
            0.0343776 -0.7252181 -0.6876605 0.0341538 -0.7759271 -0.6298974 0.0342277 -0.8288593
            -0.558409 0.0350214 -0.9006608 -0.4331093 0.035093 -0.9044895 -0.4250497 0.0362112
            -0.9473894 -0.3180285 0.0375131 -0.9729758 -0.2278395 0.0413072 -0.993138 -0.1094108
            0.0519144 -0.99864 -0.0047964 0.1764451 -0.9843087 0.0018615 0.2919599 -0.9564288
            0.0018468 0.3493452 -0.9369922 0.0018731 0.3991532 -0.9168804 0.0026685 0.4984365
            -0.8669211 0.0029754 0.5907891 -0.8068255 0.0009169 0.6759754 -0.7369239 -0.0006531
            0.707595 -0.7066177 -0.0008837 0.7538419 -0.6570553 -0.000892 0.824071 -0.5664864
            -0.0003283 0.885736 -0.464189 0.00052 0.9374781 -0.3480436 0.0006755 0.9440041
            -0.3299334 0.0005008 0.9766932 -0.2146396 -0.0005668 0.9983831 -0.0568147 0.0017994
            0.9999999 -0.0005221 0.0000884 0.9999316 -0.0116977 0.0000217 0.9996676 -0.0257798
            -0.0000151 0.9996364 -0.0269628 -0.0000087 0.9996129 -0.0278239 -0.0000028 0.9993008
            -0.037389 0.0000031 0.9991586 -0.0410138 -0.0000355 0.9990668 -0.0431905 0.0000144
            0.9990624 -0.0432937 0.0000229 0.9991041 -0.0423211 0.0000084 0.9991174 -0.0420046
            0.0000034 0.9992067 -0.0398238 -0.0000066 0.9993348 -0.0364679 0.0000149 0.9995232
            -0.0308771 0.0000225 0.9996988 -0.0245415 0.0000077 0.9998204 -0.0189504 -0.0000034
            0.9999678 -0.0080243 -0.0000148 0.9999751 -0.007062 -0.0000174 0.9999964 -0.0026692
            -0.0000217 0.9999996 -0.0008797 -0.0000686 0.797759 -0.4100064 -0.4421259 0.810743
            -0.5833794 -0.0486234 0.7479743 -0.6633703 -0.0217771 0.7916597 -0.5610117 -0.241952
            0.458627 -0.8556793 -0.2397376 0.798048 -0.5868878 -0.1366826 0.4892431 -0.8715454
            -0.0324002 0.3967206 -0.9179185 -0.0061951 0.6531723 -0.7503715 -0.1015311 0.574016
            -0.8160859 -0.0671527 0.6662351 -0.7447559 -0.0383333 0.5899991 -0.8074017 -0.0018722
            0.7278461 -0.673894 -0.1269127 0.7372004 -0.6720111 -0.0702613 0.8035297 -0.5884412
            -0.0898718 0.2501568 -0.943894 -0.2156053 0.1349009 -0.9676533 -0.2131871 0.3609893
            -0.9050422 -0.2249119 0.3777608 -0.921657 -0.0885736 0.4722917 -0.8734021 -0.1187826
            0.2716342 -0.96025 -0.0643019 0.6321914 -0.7287205 -0.2632499 0.5476393 -0.7971037
            -0.2543951 0.5593043 -0.8152228 -0.1503013 0.641467 -0.7465751 -0.1764815 0.7139254
            -0.6499523 -0.2605236 0.7199488 -0.6673213 -0.1906727 0.7941176 -0.5780016 -0.1878601
            0.4878041 -0.284946 -0.8251382 0.4563552 -0.6763127 -0.5782223 0.7914469 -0.500882
            -0.350327 0.2587292 -0.5283237 -0.8086614 0.2437283 -0.8336732 -0.4955657 0.4525131
            -0.7974252 -0.3991804 0.1166505 -0.7907701 -0.6008955 0.1212351 -0.9172917 -0.3793125
            0.1172057 -0.8661476 -0.485851 0.0521937 -0.8425175 -0.5361344 0.0522743 -0.738008
            -0.6727642 0.0517848 -0.7948766 -0.6045573 0.1164341 -0.8316954 -0.5428866 0.2442012
            -0.908272 -0.3397171 0.3549425 -0.8283615 -0.4333971 0.3561603 -0.8777056 -0.3205973
            0.4543937 -0.8332185 -0.3150766 0.146653 -0.3111853 -0.9389657 0.1274062 -0.5691031
            -0.8123357 0.2489277 -0.7055563 -0.6634948 0.1202052 -0.6899254 -0.7138302 0.0565361
            -0.6012878 -0.7970299 0.0538176 -0.6728185 -0.7378475 0.1179122 -0.7433655 -0.6584106
            0.0658001 -0.4512216 -0.8899828 0.0605058 -0.5262591 -0.8481688 0.1234344 -0.6313921
            -0.765577 0.1901521 -0.6523075 -0.7337146 0.1834493 -0.8201093 -0.5420029 0.1858521
            -0.7453402 -0.6402553 0.2456568 -0.7766238 -0.5800932 0.0941146 -0.1859685 -0.9780379
            0.0797553 -0.310817 -0.9471177 0.1365434 -0.4389697 -0.8880662 0.2035168 -0.4310355
            -0.8790843 0.1961575 -0.5450469 -0.8151357 0.2534097 -0.621927 -0.7409388 0.3631114
            -0.6399097 -0.6772486 0.3574848 -0.7499066 -0.5566369 0.4531712 -0.7455521 -0.4886594
            0.3045941 -0.7361637 -0.6043884 0.3118052 -0.5966352 -0.739462 0.3079094 -0.6709024
            -0.6745975 0.3599448 -0.6985019 -0.618494 0.6250021 -0.6328232 -0.4570636 0.5411719
            -0.6688291 -0.5097063 0.6263996 -0.691941 -0.3589446 0.5410821 -0.7513319 -0.3777969
            0.7095101 -0.57551 -0.4066738 0.7102908 -0.6196776 -0.333896 0.7907392 -0.5352864
            -0.2969849 0.286028 -0.1484106 -0.9466585 0.4687234 -0.4924043 -0.7333733 0.1687996
            -0.0902404 -0.9815108 0.2711491 -0.330468 -0.9040294 0.1062466 -0.077298 -0.9913307
            0.1575324 -0.1936734 -0.9683357 0.2202474 -0.2113131 -0.9522803 0.2116197 -0.317807
            -0.924238 0.2646495 -0.4294286 -0.8634533 0.2390611 -0.0315914 -0.9704905 0.229378
            -0.1154305 -0.9664686 0.278235 -0.2357434 -0.9311339 0.3809786 -0.3619949 -0.8507732
            0.3711464 -0.5061329 -0.7785113 0.4616551 -0.5904773 -0.6619751 0.3214718 -0.4311448
            -0.8430718 0.3668822 -0.5752821 -0.7310595 0.3163335 -0.5156946 -0.7962363 0.3336434
            -0.2635138 -0.9051202 0.3272436 -0.3461339 -0.8792627 0.3758641 -0.4344256 -0.8185356
            0.4060586 -0.0966333 -0.9087235 0.3924687 -0.2218782 -0.892602 0.4774748 -0.3885144
            -0.7880827 0.3481009 -0.113391 -0.9305742 0.3406126 -0.1854595 -0.9217309 0.386492
            -0.2906187 -0.8753083 0.2945883 -0.0700798 -0.9530512 0.6379759 -0.4554656 -0.620917
            0.5627134 -0.4051214 -0.7205763 0.5484465 -0.5490487 -0.6306758 0.628753 -0.5523729
            -0.5473151 0.7175692 -0.4517711 -0.5300918 0.7118929 -0.5185937 -0.4735706 0.7937854
            -0.4583884 -0.399731 0.9864303 -0.1199471 -0.1121065 0.983909 -0.1781792 -0.0132367
            0.919179 -0.3901722 -0.0536251 0.8683578 -0.4922693 -0.0602137 0.9589711 -0.2815081
            -0.0335786 0.9919522 -0.1264279 0.0068417 0.9706615 -0.2404453 -0.0014833 0.9956199
            -0.0934669 -0.0022269 0.9994997 -0.0316183 0.0007605 0.9276198 -0.2653923 -0.2628468
            0.9189033 -0.3610236 -0.1589928 0.9832502 -0.1710952 -0.062813 0.8615801 -0.4636054
            -0.2067604 0.8621798 -0.4901978 -0.1278751 0.9170852 -0.3853742 -0.1021837 0.9596142
            -0.2598883 -0.1076976 0.9580415 -0.2785437 -0.0675997 0.9827092 -0.181648 -0.0358709
            0.8703083 -0.3438468 -0.3526087 0.864572 -0.4132803 -0.2858578 0.9227818 -0.3191549
            -0.2159025 0.96562 -0.1872108 -0.1803611 0.9624568 -0.2279404 -0.1473771 0.9847249
            -0.1491935 -0.0897673 0.999122 -0.0336281 -0.0249871 0.9958182 -0.0686381 -0.0602901
            0.9986657 -0.0510063 -0.0080729 0.9944628 -0.1008446 -0.029566 0.8872483 -0.0300538
            -0.4603121 0.4478209 -0.1977887 -0.8719725 0.4760826 -0.0005862 -0.8794004 0.51278
            -0.0968816 -0.8530361 0.7167274 -0.0559703 -0.6951036 0.8317892 -0.2029352 -0.5166663
            0.671509 -0.2462111 -0.6988961 0.6077818 -0.1203078 -0.7849378 0.5830407 -0.2570495
            -0.7707069 0.6525662 -0.3508626 -0.6716046 0.6344623 -0.0016735 -0.772952 0.6934043
            -0.1468698 -0.7054217 0.8109198 -0.3048591 -0.4994697 0.7389138 -0.3049226 -0.6008565
            0.7266251 -0.3792028 -0.5729059 0.8033988 -0.3578982 -0.4758773 0.771955 -0.1617064
            -0.6147655 0.7543224 -0.2320402 -0.6141296 0.8205209 -0.2530777 -0.5125398 0.8101305
            -0.0348436 -0.5852131 0.8579865 -0.1094772 -0.5018705 0.9963262 -0.0121823 -0.0847686
            0.960602 -0.060629 -0.2712339 0.9902536 -0.0569904 -0.1270823 0.940337 -0.1493271
            -0.3057249 0.8916631 -0.1903001 -0.4107587 0.9334517 -0.2067037 -0.293158 0.8793454
            -0.265431 -0.3953456 0.9727748 -0.1005351 -0.2088105 0.9881794 -0.0878187 -0.1256557
            0.9688554 -0.1431899 -0.2020295 0.9256318 -0.069634 -0.3719636 0.906959 -0.1243514
            -0.4024452 0.9491895 -0.0996253 -0.2985198 0.9849833 -0.0336235 -0.1693443 0.9781007
            -0.0629906 -0.1983712 0.9930329 -0.0309104 -0.1137113 0.9996687 -0.0016777 -0.0256864
            0.9996324 -0.0081656 -0.0258518 0.9974764 -0.0262453 -0.0659703 0.9868453 -0.0151201
            -0.1609587 0.9467701 -0.0275444 -0.3207299 0.9739487 -0.0329325 -0.2243644 0.9980316
            -0.0035016 -0.0626158 0.9923403 -0.0139296 -0.1227463 0.9991137 -0.0020359 -0.0420443
            0.9961638 -0.0033071 -0.0874458</float_array>
          <technique_common>
            <accessor count="280" source="#ID304" stride="3">
              <param name="X" type="float" />
              <param name="Y" type="float" />
              <param name="Z" type="float" />
            </accessor>
          </technique_common>
        </source>
        <source id="ID305">
          <float_array id="ID306" count="560">0 0.586624 0.1202995 0.7213287 0.1831711 0.7917288
            0.2460426 0.8621288 0.3089141 0.9325287 0.3130912 0.937206 0.36917 1 0.3717856 0.993324
            0.3968474 0.937206 0.4074371 0.9165702 0.4314135 0.8743491 0.4346572 0.8690283 0.466347
            0.8208515 0.4729995 0.8114921 0.4975287 0.7788395 0.5221342 0.7486351 0.5389035
            0.7293071 0.5604002 0.705856 0.5798756 0.6857782 0.622354 0.6454155 0.6232717 0.6445916
            0.6547074 0.6175021 0.6861433 0.5925047 0.6874709 0.5914928 0.713645 0.5722394 0.7490148
            0.5482655 0.7804505 0.5288485 0.8093557 0.5125275 0.8118863 0.5111679 0.8433221
            0.4951975 0.8747578 0.4809349 0.9059579 0.4684824 0.9376293 0.457621 0.9636977 0.4500647
            0.9690651 0.4486684 0.9975578 0.4422076 0.999787 0.4417715 0.9937693 0.4343505 0.9899424
            0.4287495 0.9885721 0.4264934 0.984569 0.4186363 0.9833598 0.4156545 0.9830102 0.4147077
            0.9817324 0.4107791 0.9812317 0.4089552 0.9807251 0.4068506 0.9799774 0.402922 0.9798632
            0.4021752 0.9794707 0.3989934 0.9791856 0.3950649 0.9791906 0.3877187 0.9792151
            0.3872078 0.9799004 0.3796492 0.9812168 0.3714935 0.9853009 0.3548051 1 0.3122453
            0.9376293 0.3150254 0.8747578 0.3121552 0.8416553 0.3086366 0.8118863 0.3043745
            0.7490148 0.2921372 0.6861433 0.2756805 0.6232717 0.2550729 0.5984484 0.2457797
            0.5604002 0.2302275 0.4975287 0.2008853 0.4346572 0.166561 0.3717856 0.1264124 0.3627184
            0.1200658 0.3089141 0.078951 0.2460426 0.0212327 0.2262358 0 0.2039747 0.0577294
            0.1831711 0.1116698 0.181314 0.1164853 0.1799331 0.1200658 0.1612674 0.1684661 0.1500224
            0.197624 0.1355457 0.2351609 0.1314503 0.2457797 0.1192154 0.2775077 0.1173017 0.2824695
            0.1077181 0.3073152 0.0973008 0.3343262 0.0837386 0.3694921 0.070446 0.4039589 0.0592114
            0.4330899 0.0352107 0.4953237 0.0326743 0.5019007 0.0182717 0.5392472 0.0094282
            0.5621776 0.4975287 0.4972074 0.4975287 0.2457797 0.5604002 0.2457797 0.4975287
            0.3714935 0.7490148 0.3714935 0.4975287 0.3086366 0.7490148 0.3086366 0.8118863
            0.3086366 0.6232717 0.3086366 0.6861433 0.3086366 0.6232717 0.2772081 0.6861433
            0.2772081 0.5604002 0.3086366 0.5604002 0.2772081 0.4975287 0.2772081 0.8747578
            0.3714935 0.9376293 0.3714935 0.8118863 0.3714935 0.8118863 0.3400651 0.7490148
            0.3400651 0.8747578 0.3400651 0.6232717 0.3714935 0.6861433 0.3714935 0.6861433
            0.3400651 0.6232717 0.3400651 0.5604002 0.3714935 0.5604002 0.3400651 0.4975287
            0.3400651 0.7490148 0.4972074 0.7490148 0.4343505 0.4975287 0.4343505 0.8747578
            0.4343505 0.8747578 0.402922 0.7490148 0.402922 0.9376293 0.402922 0.9376293 0.3872078
            0.9376293 0.3950649 0.9690651 0.3950649 0.9690651 0.402922 0.9690651 0.3989934 0.9376293
            0.3989934 0.8747578 0.3872078 0.8118863 0.402922 0.8118863 0.3872078 0.7490148 0.3872078
            0.9376293 0.4343505 0.9376293 0.4186363 0.8747578 0.4186363 0.9376293 0.4107791
            0.9690651 0.4107791 0.9690651 0.4068506 0.9376293 0.4068506 0.9690651 0.4186363
            0.9690651 0.4147077 0.9376293 0.4147077 0.9061936 0.4186363 0.9061936 0.402922 0.9061936
            0.4107791 0.8747578 0.4107791 0.9690651 0.4343505 0.9690651 0.4264934 0.9376293
            0.4264934 0.9061936 0.4343505 0.9061936 0.4264934 0.8747578 0.4264934 0.8118863
            0.4343505 0.8118863 0.4186363 0.7490148 0.4186363 0.8433221 0.4186363 0.8433221
            0.4343505 0.8433221 0.4264934 0.8118863 0.4264934 0.6232717 0.4343505 0.6861433
            0.4343505 0.6232717 0.402922 0.6861433 0.402922 0.5604002 0.4343505 0.5604002 0.402922
            0.4975287 0.402922 0.8747578 0.4657789 0.7490148 0.4657789 0.9376293 0.4500647 0.8747578
            0.4500647 0.9690651 0.4422076 0.9376293 0.4422076 0.9061936 0.4500647 0.9061936
            0.4422076 0.8747578 0.4422076 0.9061936 0.4657789 0.9061936 0.4579218 0.8747578
            0.4579218 0.8118863 0.4657789 0.8118863 0.4500647 0.7490148 0.4500647 0.8433221
            0.4500647 0.8118863 0.4422076 0.8433221 0.4422076 0.8433221 0.4657789 0.8433221
            0.4579218 0.8118863 0.4579218 0.8118863 0.4972074 0.8118863 0.4814931 0.7490148
            0.4814931 0.8433221 0.4814931 0.8433221 0.473636 0.8118863 0.473636 0.8747578 0.473636
            0.6232717 0.4972074 0.6861433 0.4972074 0.6861433 0.4657789 0.6232717 0.4657789
            0.5604002 0.4972074 0.5604002 0.4657789 0.4975287 0.4657789 0.2460426 0.4972074
            0.2460426 0.2457797 0.3717856 0.2457797 0.4346572 0.2457797 0.3089141 0.2457797
            0.2460426 0.1200658 0.3089141 0.1200658 0.1831711 0.2457797 0.1831711 0.1200658
            0.3717856 0.4972074 0.3717856 0.3714935 0.2460426 0.3714935 0.4346572 0.3714935
            0.4346572 0.3086366 0.3717856 0.3086366 0.3089141 0.3714935 0.3089141 0.3086366
            0.2460426 0.3086366 0.4346572 0.4972074 0.4346572 0.4343505 0.3717856 0.4343505
            0.3089141 0.4972074 0.3089141 0.4343505 0.2460426 0.4343505 0.1202995 0.4972074
            0.1831711 0.4972074 0.1202995 0.3714935 0.1831711 0.3714935 0.4975287 0.7486351
            0.7804505 0.4972074 0.7804505 0.5286359 0.7490148 0.5286359 0.6232717 0.6229213
            0.4975287 0.6229213 0.6232717 0.5600644 0.6861433 0.5600644 0.6861433 0.5286359
            0.6232717 0.5286359 0.6861433 0.5914928 0.6232717 0.5914928 0.4975287 0.5600644
            0.5604002 0.5600644 0.5604002 0.5286359 0.4975287 0.5286359 0.5604002 0.6229213
            0.5604002 0.5914928 0.4975287 0.5914928 0.5604002 0.6857782 0.4975287 0.6857782
            0.2460426 0.7486351 0.3717856 0.7486351 0.2460426 0.6229213 0.3717856 0.6229213
            0.4346572 0.6229213 0.3717856 0.5600644 0.4346572 0.5600644 0.3089141 0.6229213
            0.2460426 0.5600644 0.3089141 0.5600644 0.4346572 0.7486351 0.4346572 0.6857782
            0.3717856 0.6857782 0.3089141 0.7486351 0.3089141 0.6857782 0.2460426 0.6857782
            0.1831711 0.7486351 0.1202995 0.6229213 0.1831711 0.6229213 0.3717856 0.8743491
            0.4346572 0.8114921 0.3717856 0.8114921 0.3089141 0.8743491 0.3089141 0.8114921
            0.2460426 0.8114921 0.3717856 0.937206</float_array>
          <technique_common>
            <accessor count="280" source="#ID306" stride="2">
              <param name="S" type="float" />
              <param name="T" type="float" />
            </accessor>
          </technique_common>
        </source>
        <vertices id="ID307">
          <input semantic="POSITION" source="#ID301" />
        </vertices>
        <triangles count="467" material="ID308">
          <input semantic="VERTEX" source="#ID307" offset="0" />
          <input semantic="NORMAL" source="#ID303" offset="1" />
          <input semantic="TEXCOORD" source="#ID305" offset="2" set="0" />
          <p>90 90 90 0 0 0 271 271 271 89 89 89 271 271 271 88 88 88 89 89 89 90 90 90 271 271 271
            7 7 7 279 279 279 5 5 5 6 6 6 7 7 7 5 5 5 4 4 4 276 276 276 3 3 3 4 4 4 5 5 5 276 276
            276 276 276 276 5 5 5 273 273 273 277 277 277 273 273 273 275 275 275 255 255 255 275
            275 275 264 264 264 265 265 265 264 264 264 253 253 253 238 238 238 253 253 253 249 249
            249 250 250 250 249 249 249 244 244 244 239 239 239 244 244 244 240 240 240 241 241 241
            240 240 240 24 24 24 25 25 25 241 241 241 24 24 24 25 25 25 236 236 236 241 241 241 25
            25 25 26 26 26 236 236 236 236 236 236 26 26 26 235 235 235 234 234 234 235 235 235 27
            27 27 191 191 191 27 27 27 28 28 28 29 29 29 191 191 191 28 28 28 29 29 29 192 192 192
            191 191 191 29 29 29 194 194 194 192 192 192 29 29 29 30 30 30 194 194 194 194 194 194
            30 30 30 195 195 195 196 196 196 195 195 195 182 182 182 171 171 171 182 182 182 190 190
            190 184 184 184 190 190 190 183 183 183 186 186 186 183 183 183 185 185 185 187 187 187
            185 185 185 173 173 173 178 178 178 173 173 173 176 176 176 177 177 177 176 176 176 172
            172 172 175 175 175 172 172 172 33 33 33 174 174 174 33 33 33 34 34 34 35 35 35 174 174
            174 34 34 34 35 35 35 150 150 150 174 174 174 35 35 35 37 37 37 150 150 150 35 35 35 36
            36 36 37 37 37 7 7 7 8 8 8 279 279 279 279 279 279 8 8 8 9 9 9 273 273 273 9 9 9 10 10
            10 275 275 275 10 10 10 274 274 274 264 264 264 274 274 274 13 13 13 14 14 14 264 264
            264 13 13 13 14 14 14 233 233 233 264 264 264 14 14 14 15 15 15 233 233 233 233 233 233
            15 15 15 16 16 16 253 253 253 16 16 16 252 252 252 249 249 249 252 252 252 18 18 18 19
            19 19 249 249 249 18 18 18 19 19 19 237 237 237 249 249 249 19 19 19 20 20 20 237 237
            237 237 237 237 20 20 20 21 21 21 244 244 244 21 21 21 243 243 243 240 240 240 243 243
            243 23 23 23 24 24 24 240 240 240 23 23 23 10 10 10 11 11 11 274 274 274 274 274 274 11
            11 11 12 12 12 13 13 13 274 274 274 12 12 12 16 16 16 17 17 17 252 252 252 252 252 252
            17 17 17 18 18 18 21 21 21 22 22 22 243 243 243 243 243 243 22 22 22 23 23 23 26 26 26
            27 27 27 235 235 235 195 195 195 30 30 30 197 197 197 188 188 188 197 197 197 170 170
            170 189 189 189 170 170 170 181 181 181 185 185 185 181 181 181 173 173 173 185 185 185
            189 189 189 181 181 181 185 185 185 183 183 183 189 189 189 189 189 189 183 183 183 190
            190 190 188 188 188 190 190 190 182 182 182 195 195 195 188 188 188 182 182 182 195 195
            195 197 197 197 188 188 188 176 176 176 180 180 180 32 32 32 172 172 172 32 32 32 33 33
            33 172 172 172 176 176 176 32 32 32 150 150 150 37 37 37 151 151 151 152 152 152 151 151
            151 137 137 137 146 146 146 137 137 137 148 148 148 149 149 149 148 148 148 147 147 147
            123 123 123 147 147 147 132 132 132 133 133 133 132 132 132 134 134 134 124 124 124 134
            134 134 135 135 135 166 166 166 135 135 135 113 113 113 165 165 165 113 113 113 112 112
            112 116 116 116 112 112 112 117 117 117 118 118 118 117 117 117 96 96 96 218 218 218 96
            96 96 105 105 105 208 208 208 105 105 105 92 92 92 65 65 65 92 92 92 64 64 64 65 65 65
            208 208 208 92 92 92 65 65 65 66 66 66 208 208 208 208 208 208 66 66 66 207 207 207 218
            218 218 207 207 207 219 219 219 217 217 217 219 219 219 215 215 215 224 224 224 215 215
            215 225 225 225 223 223 223 225 225 225 214 214 214 259 259 259 214 214 214 226 226 226
            263 263 263 226 226 226 205 205 205 262 262 262 205 205 205 230 230 230 272 272 272 230
            230 230 229 229 229 271 271 271 229 229 229 88 88 88 271 271 271 272 272 272 229 229 229
            271 271 271 1 1 1 272 272 272 271 271 271 0 0 0 1 1 1 37 37 37 38 38 38 151 151 151 151
            151 151 38 38 38 39 39 39 143 143 143 39 39 39 40 40 40 144 144 144 40 40 40 41 41 41 42
            42 42 144 144 144 41 41 41 42 42 42 140 140 140 144 144 144 42 42 42 43 43 43 140 140
            140 140 140 140 43 43 43 44 44 44 141 141 141 44 44 44 45 45 45 46 46 46 141 141 141 45
            45 45 46 46 46 129 129 129 141 141 141 46 46 46 47 47 47 129 129 129 129 129 129 47 47
            47 48 48 48 130 130 130 48 48 48 49 49 49 128 128 128 49 49 49 50 50 50 51 51 51 128 128
            128 50 50 50 51 51 51 126 126 126 128 128 128 51 51 51 52 52 52 126 126 126 126 126 126
            52 52 52 53 53 53 107 107 107 53 53 53 54 54 54 55 55 55 107 107 107 54 54 54 55 55 55
            56 56 56 107 107 107 107 107 107 56 56 56 106 106 106 132 132 132 106 106 106 134 134
            134 132 132 132 107 107 107 106 106 106 132 132 132 126 126 126 107 107 107 132 132 132
            147 147 147 126 126 126 126 126 126 147 147 147 127 127 127 128 128 128 127 127 127 131
            131 131 130 130 130 131 131 131 125 125 125 129 129 129 125 125 125 141 141 141 129 129
            129 130 130 130 125 125 125 129 129 129 48 48 48 130 130 130 106 106 106 56 56 56 111
            111 111 108 108 108 111 111 111 109 109 109 95 95 95 109 109 109 110 110 110 113 113 113
            110 110 110 114 114 114 112 112 112 114 114 114 115 115 115 117 117 117 115 115 115 103
            103 103 96 96 96 103 103 103 105 105 105 96 96 96 117 117 117 103 103 103 56 56 56 57 57
            57 111 111 111 111 111 111 57 57 57 58 58 58 109 109 109 58 58 58 98 98 98 110 110 110
            98 98 98 97 97 97 114 114 114 97 97 97 100 100 100 115 115 115 100 100 100 99 99 99 103
            103 103 99 99 99 104 104 104 105 105 105 104 104 104 92 92 92 105 105 105 103 103 103
            104 104 104 58 58 58 59 59 59 98 98 98 98 98 98 59 59 59 97 97 97 97 97 97 59 59 59 60
            60 60 100 100 100 60 60 60 102 102 102 101 101 101 102 102 102 61 61 61 62 62 62 101 101
            101 61 61 61 62 62 62 63 63 63 101 101 101 101 101 101 63 63 63 104 104 104 99 99 99 101
            101 101 104 104 104 99 99 99 100 100 100 101 101 101 101 101 101 100 100 100 102 102 102
            60 60 60 61 61 61 102 102 102 104 104 104 63 63 63 93 93 93 92 92 92 93 93 93 64 64 64
            92 92 92 104 104 104 93 93 93 66 66 66 67 67 67 207 207 207 207 207 207 67 67 67 211 211
            211 209 209 209 211 211 211 210 210 210 206 206 206 210 210 210 213 213 213 212 212 212
            213 213 213 76 76 76 77 77 77 212 212 212 76 76 76 77 77 77 78 78 78 212 212 212 212 212
            212 78 78 78 79 79 79 80 80 80 212 212 212 79 79 79 80 80 80 232 232 232 212 212 212 80
            80 80 231 231 231 232 232 232 80 80 80 81 81 81 231 231 231 231 231 231 81 81 81 82 82
            82 83 83 83 231 231 231 82 82 82 83 83 83 84 84 84 231 231 231 231 231 231 84 84 84 85
            85 85 229 229 229 85 85 85 86 86 86 87 87 87 229 229 229 86 86 86 87 87 87 88 88 88 229
            229 229 67 67 67 68 68 68 211 211 211 211 211 211 68 68 68 69 69 69 210 210 210 69 69 69
            70 70 70 72 72 72 70 70 70 71 71 71 72 72 72 210 210 210 70 70 70 72 72 72 73 73 73 210
            210 210 210 210 210 73 73 73 213 213 213 213 213 213 73 73 73 74 74 74 75 75 75 213 213
            213 74 74 74 75 75 75 76 76 76 213 213 213 239 239 239 241 241 241 242 242 242 246 246
            246 242 242 242 247 247 247 245 245 245 247 247 247 248 248 248 260 260 260 248 248 248
            223 223 223 259 259 259 223 223 223 214 214 214 259 259 259 260 260 260 223 223 223 259
            259 259 257 257 257 260 260 260 259 259 259 261 261 261 257 257 257 259 259 259 263 263
            263 261 261 261 259 259 259 226 226 226 263 263 263 166 166 166 165 165 165 163 163 163
            164 164 164 163 163 163 200 200 200 184 184 184 200 200 200 171 171 171 190 190 190 184
            184 184 171 171 171 223 223 223 248 248 248 91 91 91 204 204 204 91 91 91 203 203 203
            121 121 121 203 203 203 167 167 167 169 169 169 167 167 167 168 168 168 94 94 94 168 168
            168 116 116 116 118 118 118 116 116 116 117 117 117 118 118 118 94 94 94 116 116 116 118
            118 118 217 217 217 94 94 94 118 118 118 218 218 218 217 217 217 118 118 118 96 96 96
            218 218 218 91 91 91 202 202 202 203 203 203 91 91 91 248 248 248 202 202 202 202 202
            202 248 248 248 247 247 247 198 198 198 247 247 247 242 242 242 199 199 199 242 242 242
            241 241 241 119 119 119 241 241 241 236 236 236 234 234 234 236 236 236 235 235 235 234
            234 234 119 119 119 236 236 236 234 234 234 193 193 193 119 119 119 234 234 234 192 192
            192 193 193 193 234 234 234 191 191 191 192 192 192 234 234 234 27 27 27 191 191 191 93
            93 93 63 63 63 64 64 64 168 168 168 94 94 94 169 169 169 169 169 169 94 94 94 217 217
            217 224 224 224 217 217 217 215 215 215 224 224 224 169 169 169 217 217 217 224 224 224
            121 121 121 169 169 169 224 224 224 204 204 204 121 121 121 224 224 224 223 223 223 204
            204 204 224 224 224 225 225 225 223 223 223 53 53 53 107 107 107 126 126 126 109 109 109
            95 95 95 108 108 108 108 108 108 95 95 95 135 135 135 134 134 134 108 108 108 135 135
            135 134 134 134 106 106 106 108 108 108 108 108 108 106 106 106 111 111 111 110 110 110
            113 113 113 95 95 95 95 95 95 113 113 113 135 135 135 97 97 97 60 60 60 100 100 100 99
            99 99 103 103 103 115 115 115 109 109 109 98 98 98 110 110 110 110 110 110 97 97 97 114
            114 114 109 109 109 111 111 111 58 58 58 112 112 112 113 113 113 114 114 114 112 112 112
            116 116 116 165 165 165 165 165 165 116 116 116 168 168 168 163 163 163 168 168 168 167
            167 167 201 201 201 167 167 167 203 203 203 202 202 202 201 201 201 203 203 203 202 202
            202 198 198 198 201 201 201 202 202 202 247 247 247 198 198 198 112 112 112 115 115 115
            117 117 117 114 114 114 100 100 100 115 115 115 241 241 241 119 119 119 199 199 199 199
            199 199 119 119 119 193 193 193 200 200 200 193 193 193 171 171 171 200 200 200 199 199
            199 193 193 193 200 200 200 201 201 201 199 199 199 200 200 200 163 163 163 201 201 201
            201 201 201 163 163 163 167 167 167 173 173 173 178 178 178 187 187 187 187 187 187 178
            178 178 160 160 160 156 156 156 160 160 160 162 162 162 120 120 120 162 162 162 158 158
            158 164 164 164 158 158 158 166 166 166 163 163 163 164 164 164 166 166 166 183 183 183
            186 186 186 184 184 184 184 184 184 186 186 186 120 120 120 164 164 164 120 120 120 158
            158 158 164 164 164 184 184 184 120 120 120 164 164 164 200 200 200 184 184 184 121 121
            121 204 204 204 203 203 203 121 121 121 167 167 167 169 169 169 162 162 162 120 120 120
            156 156 156 156 156 156 120 120 120 186 186 186 187 187 187 186 186 186 185 185 185 187
            187 187 156 156 156 186 186 186 187 187 187 160 160 160 156 156 156 178 178 178 177 177
            177 122 122 122 160 160 160 122 122 122 161 161 161 162 162 162 161 161 161 157 157 157
            158 158 158 157 157 157 133 133 133 124 124 124 133 133 133 134 134 134 124 124 124 158
            158 158 133 133 133 124 124 124 166 166 166 158 158 158 124 124 124 135 135 135 166 166
            166 122 122 122 160 160 160 178 178 178 172 172 172 175 175 175 177 177 177 177 177 177
            175 175 175 153 153 153 122 122 122 153 153 153 155 155 155 161 161 161 155 155 155 159
            159 159 157 157 157 159 159 159 133 133 133 157 157 157 161 161 161 159 159 159 132 132
            132 133 133 133 123 123 123 123 123 123 133 133 133 159 159 159 149 149 149 159 159 159
            138 138 138 146 146 146 138 138 138 154 154 154 152 152 152 154 154 154 136 136 136 150
            150 150 136 136 136 174 174 174 150 150 150 152 152 152 136 136 136 150 150 150 151 151
            151 152 152 152 159 159 159 149 149 149 123 123 123 123 123 123 149 149 149 147 147 147
            125 125 125 147 147 147 142 142 142 141 141 141 142 142 142 140 140 140 44 44 44 141 141
            141 140 140 140 127 127 127 147 147 147 131 131 131 131 131 131 147 147 147 125 125 125
            126 126 126 127 127 127 128 128 128 131 131 131 130 130 130 128 128 128 128 128 128 130
            130 130 49 49 49 174 174 174 136 136 136 175 175 175 33 33 33 174 174 174 175 175 175
            125 125 125 142 142 142 141 141 141 151 151 151 143 143 143 137 137 137 151 151 151 39
            39 39 143 143 143 138 138 138 155 155 155 154 154 154 138 138 138 159 159 159 155 155
            155 148 148 148 149 149 149 146 146 146 146 146 146 149 149 149 138 138 138 154 154 154
            152 152 152 146 146 146 146 146 146 152 152 152 137 137 137 137 137 137 143 143 143 145
            145 145 148 148 148 145 145 145 139 139 139 142 142 142 139 139 139 140 140 140 142 142
            142 148 148 148 139 139 139 142 142 142 147 147 147 148 148 148 139 139 139 145 145 145
            144 144 144 140 140 140 139 139 139 144 144 144 145 145 145 143 143 143 144 144 144 144
            144 144 143 143 143 40 40 40 155 155 155 153 153 153 154 154 154 154 154 154 153 153 153
            136 136 136 136 136 136 153 153 153 175 175 175 153 153 153 122 122 122 177 177 177 157
            157 157 158 158 158 162 162 162 160 160 160 161 161 161 162 162 162 155 155 155 161 161
            161 122 122 122 163 163 163 165 165 165 168 168 168 166 166 166 113 113 113 165 165 165
            30 30 30 31 31 31 197 197 197 197 197 197 31 31 31 170 170 170 170 170 170 31 31 31 179
            179 179 181 181 181 179 179 179 180 180 180 173 173 173 180 180 180 176 176 176 173 173
            173 181 181 181 180 180 180 171 171 171 193 193 193 196 196 196 182 182 182 171 171 171
            196 196 196 170 170 170 179 179 179 181 181 181 176 176 176 177 177 177 178 178 178 31
            31 31 32 32 32 179 179 179 179 179 179 32 32 32 180 180 180 190 190 190 188 188 188 189
            189 189 189 189 189 188 188 188 170 170 170 193 193 193 192 192 192 196 196 196 196 196
            196 192 192 192 194 194 194 195 195 195 196 196 196 194 194 194 242 242 242 199 199 199
            198 198 198 198 198 198 199 199 199 201 201 201 205 205 205 226 226 226 228 228 228 230
            230 230 228 228 228 232 232 232 231 231 231 230 230 230 232 232 232 231 231 231 229 229
            229 230 230 230 231 231 231 85 85 85 229 229 229 205 205 205 228 228 228 230 230 230 213
            213 213 212 212 212 206 206 206 206 206 206 212 212 212 222 222 222 221 221 221 222 222
            222 220 220 220 215 215 215 220 220 220 225 225 225 215 215 215 221 221 221 220 220 220
            215 215 215 219 219 219 221 221 221 221 221 221 219 219 219 209 209 209 206 206 206 209
            209 209 210 210 210 206 206 206 221 221 221 209 209 209 206 206 206 222 222 222 221 221
            221 211 211 211 209 209 209 207 207 207 207 207 207 209 209 209 219 219 219 105 105 105
            208 208 208 218 218 218 218 218 218 208 208 208 207 207 207 211 211 211 69 69 69 210 210
            210 214 214 214 225 225 225 227 227 227 226 226 226 227 227 227 228 228 228 226 226 226
            214 214 214 227 227 227 228 228 228 227 227 227 216 216 216 232 232 232 216 216 216 222
            222 222 212 212 212 232 232 232 222 222 222 222 222 222 216 216 216 220 220 220 220 220
            220 216 216 216 227 227 227 225 225 225 220 220 220 227 227 227 217 217 217 218 218 218
            219 219 219 223 223 223 91 91 91 204 204 204 228 228 228 216 216 216 232 232 232 16 16
            16 253 253 253 233 233 233 233 233 233 253 253 253 264 264 264 21 21 21 244 244 244 237
            237 237 237 237 237 244 244 244 249 249 249 249 249 249 250 250 250 238 238 238 238 238
            238 250 250 250 251 251 251 258 258 258 251 251 251 260 260 260 257 257 257 258 258 258
            260 260 260 257 257 257 266 266 266 258 258 258 257 257 257 268 268 268 266 266 266 257
            257 257 261 261 261 268 268 268 268 268 268 261 261 261 256 256 256 269 269 269 256 256
            256 272 272 272 270 270 270 272 272 272 1 1 1 2 2 2 270 270 270 1 1 1 2 2 2 254 254 254
            270 270 270 2 2 2 278 278 278 254 254 254 2 2 2 3 3 3 278 278 278 278 278 278 3 3 3 276
            276 276 277 277 277 276 276 276 273 273 273 277 277 277 278 278 278 276 276 276 277 277
            277 254 254 254 278 278 278 277 277 277 267 267 267 254 254 254 277 277 277 255 255 255
            267 267 267 277 277 277 275 275 275 255 255 255 242 242 242 246 246 246 239 239 239 239
            239 239 246 246 246 250 250 250 244 244 244 239 239 239 250 250 250 239 239 239 240 240
            240 241 241 241 243 243 243 240 240 240 244 244 244 250 250 250 246 246 246 251 251 251
            251 251 251 246 246 246 245 245 245 260 260 260 245 245 245 248 248 248 260 260 260 251
            251 251 245 245 245 245 245 245 246 246 246 247 247 247 252 252 252 249 249 249 253 253
            253 253 253 253 238 238 238 265 265 265 265 265 265 238 238 238 258 258 258 266 266 266
            265 265 265 258 258 258 266 266 266 255 255 255 265 265 265 266 266 266 267 267 267 255
            255 255 266 266 266 268 268 268 267 267 267 267 267 267 268 268 268 269 269 269 254 254
            254 269 269 269 270 270 270 254 254 254 267 267 267 269 269 269 261 261 261 263 263 263
            262 262 262 256 256 256 262 262 262 272 272 272 256 256 256 261 261 261 262 262 262 255
            255 255 264 264 264 265 265 265 256 256 256 269 269 269 268 268 268 258 258 258 238 238
            238 251 251 251 262 262 262 263 263 263 205 205 205 230 230 230 272 272 272 262 262 262
            272 272 272 270 270 270 269 269 269 5 5 5 279 279 279 273 273 273 273 273 273 279 279
            279 9 9 9 273 273 273 10 10 10 275 275 275 274 274 274 264 264 264 275 275 275 148 148
            148 137 137 137 145 145 145</p>
        </triangles>
      </mesh>
    </geometry>
    <geometry id="ID309">
      <mesh>
        <source id="ID310">
          <float_array id="ID311" count="12">0.0033236 -0.0700002 0.0130868 0.0033233 -0.085
            0.013087 0 -0.085 0.0129129 0 -0.07 0.0129129</float_array>
          <technique_common>
            <accessor count="4" source="#ID311" stride="3">
              <param name="X" type="float" />
              <param name="Y" type="float" />
              <param name="Z" type="float" />
            </accessor>
          </technique_common>
        </source>
        <source id="ID312">
          <float_array id="ID313" count="12">0.052336 0 -0.9986295 0.052336 0 -0.9986295 0.052336 0
            -0.9986295 0.052336 0 -0.9986295</float_array>
          <technique_common>
            <accessor count="4" source="#ID313" stride="3">
              <param name="X" type="float" />
              <param name="Y" type="float" />
              <param name="Z" type="float" />
            </accessor>
          </technique_common>
        </source>
        <source id="ID314">
          <float_array id="ID315" count="8">0 0.0000144 0 1 1 1 1 0</float_array>
          <technique_common>
            <accessor count="4" source="#ID315" stride="2">
              <param name="S" type="float" />
              <param name="T" type="float" />
            </accessor>
          </technique_common>
        </source>
        <vertices id="ID316">
          <input semantic="POSITION" source="#ID310" />
        </vertices>
        <triangles count="2" material="ID317">
          <input semantic="VERTEX" source="#ID316" offset="0" />
          <input semantic="NORMAL" source="#ID312" offset="1" />
          <input semantic="TEXCOORD" source="#ID314" offset="2" set="0" />
          <p>1 1 1 2 2 2 0 0 0 0 0 0 2 2 2 3 3 3</p>
        </triangles>
      </mesh>
    </geometry>
    <geometry id="ID318">
      <mesh>
        <source id="ID319">
          <float_array id="ID320" count="195">0 -0.085 0.1400872 -0.006163 -0.085 0.1397001
            -0.0122708 -0.085 0.1388031 -0.0182626 -0.085 0.1373172 -0.0240819 -0.085 0.1352564
            -0.0296734 -0.085 0.1326403 -0.0349846 -0.085 0.1294937 -0.0399651 -0.085 0.1258461
            -0.0445679 -0.085 0.1217322 -0.0487494 -0.085 0.1171908 -0.0524703 -0.085 0.1122648
            -0.0556951 -0.085 0.1070007 -0.0583938 -0.085 0.1014485 -0.0605402 -0.085 0.0956604
            -0.0621148 -0.085 0.0896912 -0.063102 -0.085 0.0835974 -0.0634932 -0.085 0.0774364
            -0.0632839 -0.085 0.0712666 -0.0624768 -0.085 0.0651463 -0.0610789 -0.085 0.0591333
            -0.0591041 -0.085 0.0532844 -0.0565703 -0.085 0.047655 -0.0535023 -0.085 0.042298
            -0.0499281 -0.085 0.0372646 -0.0458825 -0.085 0.0326017 -0.0414029 -0.085 0.028354
            -0.0365322 -0.085 0.024561 -0.0313161 -0.085 0.0212592 -0.0258041 -0.085 0.0184792
            -0.0200482 -0.085 0.0162479 -0.0141028 -0.085 0.0145858 -0.0033233 -0.085 0.013087 0
            -0.085 0.0129129 0.0033233 -0.085 0.013087 0.0094198 -0.085 0.0137027 0.0154286 -0.085
            0.0149027 0.021294 -0.085 0.0166769 0.0269614 -0.085 0.0190078 0.0323774 -0.085
            0.0218746 0.0374921 -0.085 0.0252496 0.0422575 -0.085 0.0291023 0.0466296 -0.085
            0.0333961 0.0505671 -0.085 0.0380916 0.054034 -0.085 0.0431445 0.0569974 -0.085
            0.0485083 0.0594303 -0.085 0.0541326 0.0613094 -0.085 0.0599653 0.0626179 -0.085
            0.0659519 0.0633429 -0.085 0.0720368 0.0634783 -0.085 0.0781632 0.0630222 -0.085
            0.0842742 0.0619795 -0.085 0.0903128 0.0603594 -0.085 0.0962227 0.0581774 -0.085
            0.101949 0.0554533 -0.085 0.1074382 0.0522131 -0.085 0.1126393 0.0484864 -0.085
            0.1175039 0.0443083 -0.085 0.1219866 0.0397174 -0.085 0.1260457 0.0347568 -0.085
            0.1296434 0.0294724 -0.085 0.1327461 0.0239136 -0.085 0.1353251 0.018132 -0.085
            0.1373563 0.0121816 -0.085 0.1388206 0.0061178 -0.085 0.1397045</float_array>
          <technique_common>
            <accessor count="65" source="#ID320" stride="3">
              <param name="X" type="float" />
              <param name="Y" type="float" />
              <param name="Z" type="float" />
            </accessor>
          </technique_common>
        </source>
        <source id="ID321">
          <float_array id="ID322" count="195">0 -1 0 0 -1 0 0 -1 0 0 -1 0 0 -1 0 0 -1 0 0 -1 0 0 -1
            0 0 -1 0 0 -1 0 0 -1 0 0 -1 0 0 -1 0 0 -1 0 0 -1 0 0 -1 0 0 -1 0 0 -1 0 0 -1 0 0 -1 0 0
            -1 0 0 -1 0 0 -1 0 0 -1 0 0 -1 0 0 -1 0 0 -1 0 0 -1 0 0 -1 0 0 -1 0 0 -1 0 0 -1 0 0 -1 0
            0 -1 0 0 -1 0 0 -1 0 0 -1 0 0 -1 0 0 -1 0 0 -1 0 0 -1 0 0 -1 0 0 -1 0 0 -1 0 0 -1 0 0 -1
            0 0 -1 0 0 -1 0 0 -1 0 0 -1 0 0 -1 0 0 -1 0 0 -1 0 0 -1 0 0 -1 0 0 -1 0 0 -1 0 0 -1 0 0
            -1 0 0 -1 0 0 -1 0 0 -1 0 0 -1 0 0 -1 0 0 -1 0</float_array>
          <technique_common>
            <accessor count="65" source="#ID322" stride="3">
              <param name="X" type="float" />
              <param name="Y" type="float" />
              <param name="Z" type="float" />
            </accessor>
          </technique_common>
        </source>
        <source id="ID323">
          <float_array id="ID324" count="130">0 0.4999413 0.0030432 0.5484797 0.0100968 0.5965836
            0.0217808 0.6437737 0.0379851 0.6896048 0.0585563 0.7336428 0.0832988 0.7754726
            0.1119805 0.8146976 0.1443288 0.8509487 0.1800394 0.8838812 0.2187732 0.9131863
            0.2601658 0.938584 0.3038244 0.959838 0.3493378 0.9767432 0.3962745 0.9891444 0.444192
            0.9969193 0.4926368 1 0.5411512 0.9983515 0.5892769 0.9919955 0.6365581 0.9809858
            0.6825498 0.9654327 0.7268148 0.9454771 0.7689376 0.9213135 0.8085168 0.8931646
            0.8451822 0.8613019 0.878583 0.8260214 0.908408 0.7876613 0.9343705 0.7465799 0.9562302
            0.7031692 0.9737757 0.6578362 0.9868456 0.611012 0.9986305 0.5261151 1 0.4999413
            0.9986305 0.4737674 0.9937891 0.4257531 0.9843535 0.3784293 0.9704025 0.332234 0.9520738
            0.2875994 0.9295322 0.2449437 0.9029934 0.2046612 0.8726988 0.1671304 0.8389357
            0.1326969 0.8020141 0.1016857 0.7622818 0.0743811 0.7201052 0.0510421 0.6758801
            0.0318811 0.6300161 0.0170816 0.5829421 0.0067764 0.535095 0.0010663 0.4869215 0
            0.4388696 0.0035916 0.391387 0.0118037 0.344916 0.0245636 0.2998891 0.0417488 0.2567261
            0.0632027 0.2158283 0.0887225 0.1775773 0.1180731 0.1423286 0.1509789 0.1104112
            0.1871355 0.0821218 0.2262043 0.0577242 0.2678231 0.0374451 0.311603 0.0214736 0.3571374
            0.0099592 0.4040012 0.0030087 0.451759</float_array>
          <technique_common>
            <accessor count="65" source="#ID324" stride="2">
              <param name="S" type="float" />
              <param name="T" type="float" />
            </accessor>
          </technique_common>
        </source>
        <vertices id="ID325">
          <input semantic="POSITION" source="#ID319" />
        </vertices>
        <triangles count="63" material="ID326">
          <input semantic="VERTEX" source="#ID325" offset="0" />
          <input semantic="NORMAL" source="#ID321" offset="1" />
          <input semantic="TEXCOORD" source="#ID323" offset="2" set="0" />
          <p>0 0 0 1 1 1 64 64 64 64 64 64 1 1 1 34 34 34 54 54 54 34 34 34 52 52 52 53 53 53 54 54
            54 52 52 52 2 2 2 3 3 3 1 1 1 1 1 1 3 3 3 5 5 5 9 9 9 5 5 5 7 7 7 8 8 8 9 9 9 7 7 7 3 3
            3 4 4 4 5 5 5 5 5 5 6 6 6 7 7 7 10 10 10 11 11 11 9 9 9 9 9 9 11 11 11 1 1 1 5 5 5 9 9 9
            1 1 1 12 12 12 13 13 13 11 11 11 11 11 11 13 13 13 1 1 1 1 1 1 13 13 13 15 15 15 17 17
            17 15 15 15 16 16 16 17 17 17 1 1 1 15 15 15 17 17 17 19 19 19 1 1 1 17 17 17 18 18 18
            19 19 19 13 13 13 14 14 14 15 15 15 20 20 20 21 21 21 19 19 19 19 19 19 21 21 21 1 1 1 1
            1 1 21 21 21 34 34 34 34 34 34 21 21 21 23 23 23 27 27 27 23 23 23 25 25 25 26 26 26 27
            27 27 25 25 25 21 21 21 22 22 22 23 23 23 23 23 23 24 24 24 25 25 25 28 28 28 29 29 29
            27 27 27 27 27 27 29 29 29 34 34 34 23 23 23 27 27 27 34 34 34 30 30 30 31 31 31 29 29
            29 29 29 29 31 31 31 34 34 34 34 34 34 31 31 31 33 33 33 33 33 33 31 31 31 32 32 32 35
            35 35 36 36 36 34 34 34 34 34 34 36 36 36 38 38 38 42 42 42 38 38 38 40 40 40 41 41 41
            42 42 42 40 40 40 36 36 36 37 37 37 38 38 38 38 38 38 39 39 39 40 40 40 43 43 43 44 44
            44 42 42 42 42 42 42 44 44 44 34 34 34 38 38 38 42 42 42 34 34 34 45 45 45 46 46 46 44
            44 44 44 44 44 46 46 46 34 34 34 34 34 34 46 46 46 48 48 48 50 50 50 48 48 48 49 49 49
            50 50 50 34 34 34 48 48 48 50 50 50 52 52 52 34 34 34 50 50 50 51 51 51 52 52 52 46 46
            46 47 47 47 48 48 48 55 55 55 56 56 56 54 54 54 54 54 54 56 56 56 64 64 64 34 34 34 54
            54 54 64 64 64 57 57 57 58 58 58 56 56 56 56 56 56 58 58 58 60 60 60 64 64 64 60 60 60
            61 61 61 63 63 63 61 61 61 62 62 62 63 63 63 64 64 64 61 61 61 58 58 58 59 59 59 60 60
            60 60 60 60 64 64 64 56 56 56</p>
        </triangles>
      </mesh>
    </geometry>
    <geometry id="ID327">
      <mesh>
        <source id="ID328">
          <float_array id="ID329" count="114">0.05975 0.1 0.07925 0.05975 0.103 0.07925 0.0592725
            0.103 0.0792082 0.0588094 0.103 0.0790842 0.058375 0.103 0.0788816 0.0579823 0.103
            0.0786066 0.0576434 0.103 0.0782677 0.0573684 0.103 0.077875 0.0571658 0.103 0.0774406
            0.0570418 0.103 0.0769775 0.057 0.103 0.0765 0.0570418 0.103 0.0760225 0.0571658 0.103
            0.0755594 0.0573684 0.103 0.075125 0.0576434 0.103 0.0747323 0.0579823 0.103 0.0743934
            0.058375 0.103 0.0741184 0.0588094 0.103 0.0739158 0.0592725 0.103 0.0737918 0.05975
            0.103 0.07375 0.05975 0.1 0.07375 0.0592725 0.1 0.0737918 0.0588094 0.1 0.0739158
            0.058375 0.1 0.0741184 0.0579823 0.1 0.0743934 0.0576434 0.1 0.0747323 0.0573684 0.1
            0.075125 0.0571658 0.1 0.0755594 0.0570418 0.1 0.0760225 0.057 0.1 0.0765 0.0570418 0.1
            0.0769775 0.0571658 0.1 0.0774406 0.0573684 0.1 0.077875 0.0576434 0.1 0.0782677
            0.0579823 0.1 0.0786066 0.058375 0.1 0.0788816 0.0588094 0.1 0.0790842 0.0592725 0.1
            0.0792082</float_array>
          <technique_common>
            <accessor count="38" source="#ID329" stride="3">
              <param name="X" type="float" />
              <param name="Y" type="float" />
              <param name="Z" type="float" />
            </accessor>
          </technique_common>
        </source>
        <source id="ID330">
          <float_array id="ID331" count="114">0 0 1 0 0 1 -0.1736482 0 0.9848077 -0.3420202 0
            0.9396926 -0.5 0 0.8660254 -0.6427876 0 0.7660444 -0.7660444 0 0.6427876 -0.8660254 0
            0.5 -0.9396926 0 0.3420202 -0.9848077 0 0.1736482 -1 0 0 -0.9848077 0 -0.1736482
            -0.9396926 0 -0.3420202 -0.8660254 0 -0.5 -0.7660444 0 -0.6427876 -0.6427876 0
            -0.7660444 -0.5 0 -0.8660254 -0.3420202 0 -0.9396926 -0.1736482 0 -0.9848077 0 0 -1 0 0
            -1 -0.1736482 0 -0.9848077 -0.3420202 0 -0.9396926 -0.5 0 -0.8660254 -0.6427876 0
            -0.7660444 -0.7660444 0 -0.6427876 -0.8660254 0 -0.5 -0.9396926 0 -0.3420202 -0.9848077
            0 -0.1736482 -1 0 0 -0.9848077 0 0.1736482 -0.9396926 0 0.3420202 -0.8660254 0 0.5
            -0.7660444 0 0.6427876 -0.6427876 0 0.7660444 -0.5 0 0.8660254 -0.3420202 0 0.9396926
            -0.1736482 0 0.9848077</float_array>
          <technique_common>
            <accessor count="38" source="#ID331" stride="3">
              <param name="X" type="float" />
              <param name="Y" type="float" />
              <param name="Z" type="float" />
            </accessor>
          </technique_common>
        </source>
        <source id="ID332">
          <float_array id="ID333" count="76">1 0 0 0 0 0.0555556 0 0.1111112 0 0.1666667 0 0.2222223
            0 0.2777778 0 0.3333333 0 0.3888889 0 0.4444444 0 0.5 0 0.5555556 0 0.6111111 0
            0.6666667 0 0.7222222 0 0.7777777 0 0.8333333 0 0.8888889 0 0.9444445 0 1 1 1 1
            0.9444445 1 0.8888889 1 0.8333333 1 0.7777777 1 0.7222222 1 0.6666667 1 0.6111111 1
            0.5555556 1 0.5 1 0.4444444 1 0.3888889 1 0.3333333 1 0.2777778 1 0.2222223 1 0.1666667
            1 0.1111112 1 0.0555556</float_array>
          <technique_common>
            <accessor count="38" source="#ID333" stride="2">
              <param name="S" type="float" />
              <param name="T" type="float" />
            </accessor>
          </technique_common>
        </source>
        <vertices id="ID334">
          <input semantic="POSITION" source="#ID328" />
        </vertices>
        <triangles count="36" material="ID335">
          <input semantic="VERTEX" source="#ID334" offset="0" />
          <input semantic="NORMAL" source="#ID330" offset="1" />
          <input semantic="TEXCOORD" source="#ID332" offset="2" set="0" />
          <p>0 0 0 1 1 1 37 37 37 37 37 37 1 1 1 2 2 2 3 3 3 37 37 37 2 2 2 3 3 3 36 36 36 37 37 37
            3 3 3 4 4 4 36 36 36 36 36 36 4 4 4 35 35 35 35 35 35 4 4 4 34 34 34 34 34 34 4 4 4 5 5
            5 6 6 6 34 34 34 5 5 5 6 6 6 33 33 33 34 34 34 6 6 6 7 7 7 33 33 33 33 33 33 7 7 7 32 32
            32 32 32 32 7 7 7 8 8 8 31 31 31 8 8 8 30 30 30 31 31 31 32 32 32 8 8 8 8 8 8 9 9 9 30
            30 30 30 30 30 9 9 9 10 10 10 29 29 29 10 10 10 11 11 11 28 28 28 11 11 11 27 27 27 28
            28 28 29 29 29 11 11 11 11 11 11 12 12 12 27 27 27 27 27 27 12 12 12 13 13 13 26 26 26
            13 13 13 14 14 14 25 25 25 14 14 14 15 15 15 24 24 24 15 15 15 23 23 23 24 24 24 25 25
            25 15 15 15 15 15 15 16 16 16 23 23 23 23 23 23 16 16 16 17 17 17 22 22 22 17 17 17 18
            18 18 21 21 21 18 18 18 20 20 20 21 21 21 22 22 22 18 18 18 18 18 18 19 19 19 20 20 20
            22 22 22 23 23 23 17 17 17 25 25 25 26 26 26 14 14 14 26 26 26 27 27 27 13 13 13 29 29
            29 30 30 30 10 10 10</p>
        </triangles>
      </mesh>
    </geometry>
    <geometry id="ID336">
      <mesh>
        <source id="ID337">
          <float_array id="ID338" count="114">0 0.1 0.0195 0 0.103 0.0195 -0.0004775 0.103 0.0194582
            -0.0009406 0.103 0.0193342 -0.001375 0.103 0.0191316 -0.0017677 0.103 0.0188566
            -0.0021066 0.103 0.0185177 -0.0023816 0.103 0.018125 -0.0025842 0.103 0.0176906
            -0.0027082 0.103 0.0172275 -0.00275 0.103 0.01675 -0.0027082 0.103 0.0162725 -0.0025842
            0.103 0.0158094 -0.0023816 0.103 0.015375 -0.0021066 0.103 0.0149823 -0.0017677 0.103
            0.0146434 -0.001375 0.103 0.0143684 -0.0009406 0.103 0.0141658 -0.0004775 0.103
            0.0140418 0 0.103 0.014 0 0.1 0.014 -0.0004775 0.1 0.0140418 -0.0009406 0.1 0.0141658
            -0.001375 0.1 0.0143684 -0.0017677 0.1 0.0146434 -0.0021066 0.1 0.0149823 -0.0023816 0.1
            0.015375 -0.0025842 0.1 0.0158094 -0.0027082 0.1 0.0162725 -0.00275 0.1 0.01675
            -0.0027082 0.1 0.0172275 -0.0025842 0.1 0.0176906 -0.0023816 0.1 0.018125 -0.0021066 0.1
            0.0185177 -0.0017677 0.1 0.0188566 -0.001375 0.1 0.0191316 -0.0009406 0.1 0.0193342
            -0.0004775 0.1 0.0194582</float_array>
          <technique_common>
            <accessor count="38" source="#ID338" stride="3">
              <param name="X" type="float" />
              <param name="Y" type="float" />
              <param name="Z" type="float" />
            </accessor>
          </technique_common>
        </source>
        <source id="ID339">
          <float_array id="ID340" count="114">0 0 1 0 0 1 -0.1736482 0 0.9848077 -0.3420202 0
            0.9396926 -0.5 0 0.8660254 -0.6427876 0 0.7660444 -0.7660444 0 0.6427876 -0.8660254 0
            0.5 -0.9396926 0 0.3420202 -0.9848077 0 0.1736482 -1 0 0 -0.9848077 0 -0.1736482
            -0.9396926 0 -0.3420202 -0.8660254 0 -0.5 -0.7660444 0 -0.6427876 -0.6427876 0
            -0.7660444 -0.5 0 -0.8660254 -0.3420202 0 -0.9396926 -0.1736482 0 -0.9848077 0 0 -1 0 0
            -1 -0.1736482 0 -0.9848077 -0.3420202 0 -0.9396926 -0.5 0 -0.8660254 -0.6427876 0
            -0.7660444 -0.7660444 0 -0.6427876 -0.8660254 0 -0.5 -0.9396926 0 -0.3420202 -0.9848077
            0 -0.1736482 -1 0 0 -0.9848077 0 0.1736482 -0.9396926 0 0.3420202 -0.8660254 0 0.5
            -0.7660444 0 0.6427876 -0.6427876 0 0.7660444 -0.5 0 0.8660254 -0.3420202 0 0.9396926
            -0.1736482 0 0.9848077</float_array>
          <technique_common>
            <accessor count="38" source="#ID340" stride="3">
              <param name="X" type="float" />
              <param name="Y" type="float" />
              <param name="Z" type="float" />
            </accessor>
          </technique_common>
        </source>
        <source id="ID341">
          <float_array id="ID342" count="76">1 0 0 0 0 0.0555556 0 0.1111112 0 0.1666667 0 0.2222223
            0 0.2777778 0 0.3333333 0 0.3888889 0 0.4444444 0 0.5 0 0.5555556 0 0.6111111 0
            0.6666667 0 0.7222222 0 0.7777777 0 0.8333333 0 0.8888889 0 0.9444445 0 1 1 1 1
            0.9444445 1 0.8888889 1 0.8333333 1 0.7777777 1 0.7222222 1 0.6666667 1 0.6111111 1
            0.5555556 1 0.5 1 0.4444444 1 0.3888889 1 0.3333333 1 0.2777778 1 0.2222223 1 0.1666667
            1 0.1111112 1 0.0555556</float_array>
          <technique_common>
            <accessor count="38" source="#ID342" stride="2">
              <param name="S" type="float" />
              <param name="T" type="float" />
            </accessor>
          </technique_common>
        </source>
        <vertices id="ID343">
          <input semantic="POSITION" source="#ID337" />
        </vertices>
        <triangles count="36" material="ID344">
          <input semantic="VERTEX" source="#ID343" offset="0" />
          <input semantic="NORMAL" source="#ID339" offset="1" />
          <input semantic="TEXCOORD" source="#ID341" offset="2" set="0" />
          <p>0 0 0 1 1 1 37 37 37 37 37 37 1 1 1 2 2 2 3 3 3 37 37 37 2 2 2 3 3 3 36 36 36 37 37 37
            3 3 3 4 4 4 36 36 36 36 36 36 4 4 4 35 35 35 35 35 35 4 4 4 34 34 34 34 34 34 4 4 4 5 5
            5 6 6 6 34 34 34 5 5 5 6 6 6 33 33 33 34 34 34 6 6 6 7 7 7 33 33 33 33 33 33 7 7 7 32 32
            32 32 32 32 7 7 7 8 8 8 31 31 31 8 8 8 30 30 30 31 31 31 32 32 32 8 8 8 8 8 8 9 9 9 30
            30 30 30 30 30 9 9 9 10 10 10 29 29 29 10 10 10 11 11 11 28 28 28 11 11 11 27 27 27 28
            28 28 29 29 29 11 11 11 11 11 11 12 12 12 27 27 27 27 27 27 12 12 12 13 13 13 26 26 26
            13 13 13 14 14 14 25 25 25 14 14 14 15 15 15 24 24 24 15 15 15 23 23 23 24 24 24 25 25
            25 15 15 15 15 15 15 16 16 16 23 23 23 23 23 23 16 16 16 17 17 17 22 22 22 17 17 17 18
            18 18 21 21 21 18 18 18 20 20 20 21 21 21 22 22 22 18 18 18 18 18 18 19 19 19 20 20 20
            22 22 22 23 23 23 17 17 17 25 25 25 26 26 26 14 14 14 26 26 26 27 27 27 13 13 13 29 29
            29 30 30 30 10 10 10</p>
        </triangles>
      </mesh>
    </geometry>
    <geometry id="ID345">
      <mesh>
        <source id="ID346">
          <float_array id="ID347" count="138">-0.0041641 0.1062679 0.017 -0.0041433 0.1065238
            0.0174793 -0.0040616 0.1067339 0.0179724 -0.003913 0.1068969 0.0184718 -0.0036966
            0.1070103 0.018959 -0.0034019 0.1071005 0.0194394 -0.0030458 0.1071821 0.0198746
            -0.0026301 0.1072546 0.0202617 -0.0021685 0.1073155 0.020587 -0.0016636 0.1073643
            0.0208484 -0.0011271 0.1074 0.0210395 -0.0005713 0.1074216 0.0211553 0 0.107429
            0.0211945 0.0005669 0.1074218 0.021156 0.001125 0.1074001 0.0210401 0.0016608 0.1073646
            0.0208501 0.0021638 0.107316 0.0205899 0.0026289 0.1072548 0.0202626 0.0030414 0.107183
            0.0198793 0.0033995 0.107101 0.0194422 0.0036966 0.1070103 0.018959 0.003912 0.106897
            0.0184733 0.0040609 0.1067351 0.0179753 0.004143 0.1065248 0.0174815 0.0041641 0.1062679
            0.017 0.004 0.1 0.017 0.0039392 0.1 0.0176946 0.0037588 0.1 0.0183681 0.0034641 0.1
            0.019 0.0030642 0.1 0.0195712 0.0025712 0.1 0.0200642 0.002 0.1 0.0204641 0.0013681 0.1
            0.0207588 0.0006946 0.1 0.0209392 0 0.1 0.021 -0.0006946 0.1 0.0209392 -0.0013681 0.1
            0.0207588 -0.002 0.1 0.0204641 -0.0025712 0.1 0.0200642 -0.0030642 0.1 0.0195712
            -0.0034641 0.1 0.019 -0.0037588 0.1 0.0183681 -0.0039392 0.1 0.0176946 -0.004 0.1 0.017
            0 0.1 0.021 0 0.107429 0.0211945</float_array>
          <technique_common>
            <accessor count="46" source="#ID347" stride="3">
              <param name="X" type="float" />
              <param name="Y" type="float" />
              <param name="Z" type="float" />
            </accessor>
          </technique_common>
        </source>
        <source id="ID348">
          <float_array id="ID349" count="138">0.9996573 0.0261769 0 0.993035 0.0261769 -0.1148751
            0.9721859 0.0261769 -0.2327431 0.9356622 0.0261769 -0.3519246 0.8832878 0.0261769
            -0.4680999 0.8123816 0.0261769 -0.5825382 0.7270033 0.0261769 -0.6861348 0.6274899
            0.0261769 -0.7781845 0.5171717 0.0261769 -0.8554813 0.3966582 0.0261769 -0.9175931
            0.2686605 0.0261769 -0.9628792 0.1361602 0.0261769 -0.9903409 0 0.0261769 -0.9996573
            -0.1351037 0.0261769 -0.9904856 -0.2681523 0.0261769 -0.9630208 -0.3959433 0.0261769
            -0.9179018 -0.5160416 0.0261769 -0.8561634 -0.6272154 0.0261769 -0.7784058 -0.7259415
            0.0261769 -0.6872581 -0.8118749 0.0261769 -0.5832444 -0.8832878 0.0261769 -0.4680999
            -0.9355123 0.0261769 -0.3523231 -0.9720142 0.0261769 -0.2334591 -0.9929727 0.0261769
            -0.1154118 -0.9996573 0.0261769 0 -0.9996573 0.0261769 0 -0.9844703 0.0261769 -0.1735887
            -0.9393706 0.0261769 -0.3419029 -0.8657286 0.0261769 -0.4998287 -0.7657819 0.0261769
            -0.6425673 -0.6425673 0.0261769 -0.7657819 -0.4998287 0.0261769 -0.8657286 -0.3419029
            0.0261769 -0.9393706 -0.1735887 0.0261769 -0.9844703 0 0.0261769 -0.9996573 0.1735887
            0.0261769 -0.9844703 0.3419029 0.0261769 -0.9393706 0.4998287 0.0261769 -0.8657286
            0.6425673 0.0261769 -0.7657819 0.7657819 0.0261769 -0.6425673 0.8657286 0.0261769
            -0.4998287 0.9393706 0.0261769 -0.3419029 0.9844703 0.0261769 -0.1735887 0.9996573
            0.0261769 0 0 0.0261769 -0.9996573 0 0.0261769 -0.9996573</float_array>
          <technique_common>
            <accessor count="46" source="#ID349" stride="3">
              <param name="X" type="float" />
              <param name="Y" type="float" />
              <param name="Z" type="float" />
            </accessor>
          </technique_common>
        </source>
        <source id="ID350">
          <float_array id="ID351" count="92">0.8437129 0.75 0.8781575 0.7683297 0.9064426 0.7873982
            0.9283773 0.8072569 0.9436456 0.8275595 0.955786 0.8490093 0.9667681 0.8703985 0.9765272
            0.8919972 0.9847207 0.9134595 0.9912964 0.9350614 0.9961028 0.9566942 0.9990128
            0.9782544 1 0 0.9990308 0.0215758 0.9961178 0.0432217 0.9913412 0.0648147 0.984793
            0.0863304 0.9765506 0.1079467 0.9668872 0.1293555 0.9558553 0.1508524 0.9436456
            0.1724405 0.928396 0.1926754 0.906594 0.2124847 0.8782941 0.2315843 0.8437129 0.25 0
            0.25 0 0.2222222 0 0.1944445 0 0.1666667 0 0.1388889 0 0.1111111 0 0.0833334 0 0.0555556
            0 0.0277778 0 1 0 0.9722221 0 0.9444444 0 0.9166666 0 0.8888888 0 0.861111 0 0.8333333 0
            0.8055555 0 0.7777777 0 0.75 0 0 1 1</float_array>
          <technique_common>
            <accessor count="46" source="#ID351" stride="2">
              <param name="S" type="float" />
              <param name="T" type="float" />
            </accessor>
          </technique_common>
        </source>
        <vertices id="ID352">
          <input semantic="POSITION" source="#ID346" />
        </vertices>
        <triangles count="42" material="ID353">
          <input semantic="VERTEX" source="#ID352" offset="0" />
          <input semantic="NORMAL" source="#ID348" offset="1" />
          <input semantic="TEXCOORD" source="#ID350" offset="2" set="0" />
          <p>0 0 0 1 1 1 43 43 43 43 43 43 1 1 1 42 42 42 42 42 42 1 1 1 2 2 2 41 41 41 2 2 2 3 3 3
            4 4 4 41 41 41 3 3 3 4 4 4 40 40 40 41 41 41 4 4 4 5 5 5 40 40 40 40 40 40 5 5 5 39 39
            39 39 39 39 5 5 5 6 6 6 38 38 38 6 6 6 7 7 7 37 37 37 7 7 7 8 8 8 9 9 9 37 37 37 8 8 8 9
            9 9 36 36 36 37 37 37 9 9 9 10 10 10 36 36 36 36 36 36 10 10 10 35 35 35 35 35 35 10 10
            10 11 11 11 34 34 34 11 11 11 45 45 45 13 13 13 44 44 44 12 12 12 13 13 13 33 33 33 44
            44 44 13 13 13 14 14 14 33 33 33 33 33 33 14 14 14 32 32 32 32 32 32 14 14 14 15 15 15
            31 31 31 15 15 15 16 16 16 30 30 30 16 16 16 17 17 17 18 18 18 30 30 30 17 17 17 18 18
            18 29 29 29 30 30 30 18 18 18 19 19 19 29 29 29 29 29 29 19 19 19 28 28 28 28 28 28 19
            19 19 20 20 20 21 21 21 28 28 28 20 20 20 21 21 21 27 27 27 28 28 28 21 21 21 22 22 22
            27 27 27 27 27 27 22 22 22 26 26 26 26 26 26 22 22 22 23 23 23 25 25 25 23 23 23 24 24
            24 25 25 25 26 26 26 23 23 23 30 30 30 31 31 31 16 16 16 31 31 31 32 32 32 15 15 15 34
            34 34 35 35 35 11 11 11 37 37 37 38 38 38 7 7 7 38 38 38 39 39 39 6 6 6 41 41 41 42 42
            42 2 2 2</p>
        </triangles>
      </mesh>
    </geometry>
    <geometry id="ID354">
      <mesh>
        <source id="ID355">
          <float_array id="ID356" count="114">-0.05975 0.1 0.07925 -0.05975 0.103 0.07925 -0.0602275
            0.103 0.0792082 -0.0606906 0.103 0.0790842 -0.061125 0.103 0.0788816 -0.0615177 0.103
            0.0786066 -0.0618566 0.103 0.0782677 -0.0621316 0.103 0.077875 -0.0623342 0.103
            0.0774406 -0.0624582 0.103 0.0769775 -0.0625 0.103 0.0765 -0.0624582 0.103 0.0760225
            -0.0623342 0.103 0.0755594 -0.0621316 0.103 0.075125 -0.0618566 0.103 0.0747323
            -0.0615177 0.103 0.0743934 -0.061125 0.103 0.0741184 -0.0606906 0.103 0.0739158
            -0.0602275 0.103 0.0737918 -0.05975 0.103 0.07375 -0.05975 0.1 0.07375 -0.0602275 0.1
            0.0737918 -0.0606906 0.1 0.0739158 -0.061125 0.1 0.0741184 -0.0615177 0.1 0.0743934
            -0.0618566 0.1 0.0747323 -0.0621316 0.1 0.075125 -0.0623342 0.1 0.0755594 -0.0624582 0.1
            0.0760225 -0.0625 0.1 0.0765 -0.0624582 0.1 0.0769775 -0.0623342 0.1 0.0774406
            -0.0621316 0.1 0.077875 -0.0618566 0.1 0.0782677 -0.0615177 0.1 0.0786066 -0.061125 0.1
            0.0788816 -0.0606906 0.1 0.0790842 -0.0602275 0.1 0.0792082</float_array>
          <technique_common>
            <accessor count="38" source="#ID356" stride="3">
              <param name="X" type="float" />
              <param name="Y" type="float" />
              <param name="Z" type="float" />
            </accessor>
          </technique_common>
        </source>
        <source id="ID357">
          <float_array id="ID358" count="114">0 0 1 0 0 1 -0.1736482 0 0.9848077 -0.3420202 0
            0.9396926 -0.5 0 0.8660254 -0.6427876 0 0.7660444 -0.7660444 0 0.6427876 -0.8660254 0
            0.5 -0.9396926 0 0.3420202 -0.9848077 0 0.1736482 -1 0 0 -0.9848077 0 -0.1736482
            -0.9396926 0 -0.3420202 -0.8660254 0 -0.5 -0.7660444 0 -0.6427876 -0.6427876 0
            -0.7660444 -0.5 0 -0.8660254 -0.3420202 0 -0.9396926 -0.1736482 0 -0.9848077 0 0 -1 0 0
            -1 -0.1736482 0 -0.9848077 -0.3420202 0 -0.9396926 -0.5 0 -0.8660254 -0.6427876 0
            -0.7660444 -0.7660444 0 -0.6427876 -0.8660254 0 -0.5 -0.9396926 0 -0.3420202 -0.9848077
            0 -0.1736482 -1 0 0 -0.9848077 0 0.1736482 -0.9396926 0 0.3420202 -0.8660254 0 0.5
            -0.7660444 0 0.6427876 -0.6427876 0 0.7660444 -0.5 0 0.8660254 -0.3420202 0 0.9396926
            -0.1736482 0 0.9848077</float_array>
          <technique_common>
            <accessor count="38" source="#ID358" stride="3">
              <param name="X" type="float" />
              <param name="Y" type="float" />
              <param name="Z" type="float" />
            </accessor>
          </technique_common>
        </source>
        <source id="ID359">
          <float_array id="ID360" count="76">1 0 0 0 0 0.0555556 0 0.1111112 0 0.1666667 0 0.2222223
            0 0.2777778 0 0.3333333 0 0.3888889 0 0.4444444 0 0.5 0 0.5555556 0 0.6111111 0
            0.6666667 0 0.7222222 0 0.7777777 0 0.8333333 0 0.8888889 0 0.9444445 0 1 1 1 1
            0.9444445 1 0.8888889 1 0.8333333 1 0.7777777 1 0.7222222 1 0.6666667 1 0.6111111 1
            0.5555556 1 0.5 1 0.4444444 1 0.3888889 1 0.3333333 1 0.2777778 1 0.2222223 1 0.1666667
            1 0.1111112 1 0.0555556</float_array>
          <technique_common>
            <accessor count="38" source="#ID360" stride="2">
              <param name="S" type="float" />
              <param name="T" type="float" />
            </accessor>
          </technique_common>
        </source>
        <vertices id="ID361">
          <input semantic="POSITION" source="#ID355" />
        </vertices>
        <triangles count="36" material="ID362">
          <input semantic="VERTEX" source="#ID361" offset="0" />
          <input semantic="NORMAL" source="#ID357" offset="1" />
          <input semantic="TEXCOORD" source="#ID359" offset="2" set="0" />
          <p>0 0 0 1 1 1 37 37 37 37 37 37 1 1 1 2 2 2 3 3 3 37 37 37 2 2 2 3 3 3 36 36 36 37 37 37
            3 3 3 4 4 4 36 36 36 36 36 36 4 4 4 35 35 35 35 35 35 4 4 4 34 34 34 34 34 34 4 4 4 5 5
            5 6 6 6 34 34 34 5 5 5 6 6 6 33 33 33 34 34 34 6 6 6 7 7 7 33 33 33 33 33 33 7 7 7 32 32
            32 32 32 32 7 7 7 8 8 8 31 31 31 8 8 8 30 30 30 31 31 31 32 32 32 8 8 8 8 8 8 9 9 9 30
            30 30 30 30 30 9 9 9 10 10 10 29 29 29 10 10 10 11 11 11 28 28 28 11 11 11 27 27 27 28
            28 28 29 29 29 11 11 11 11 11 11 12 12 12 27 27 27 27 27 27 12 12 12 13 13 13 26 26 26
            13 13 13 14 14 14 25 25 25 14 14 14 15 15 15 24 24 24 15 15 15 23 23 23 24 24 24 25 25
            25 15 15 15 15 15 15 16 16 16 23 23 23 23 23 23 16 16 16 17 17 17 22 22 22 17 17 17 18
            18 18 21 21 21 18 18 18 20 20 20 21 21 21 22 22 22 18 18 18 18 18 18 19 19 19 20 20 20
            22 22 22 23 23 23 17 17 17 25 25 25 26 26 26 14 14 14 26 26 26 27 27 27 13 13 13 29 29
            29 30 30 30 10 10 10</p>
        </triangles>
      </mesh>
    </geometry>
    <geometry id="ID363">
      <mesh>
        <source id="ID364">
          <float_array id="ID365" count="138">-0.0595 0.1062679 0.0806641 -0.0590207 0.1065238
            0.0806433 -0.0585277 0.1067339 0.0805616 -0.0580282 0.1068969 0.080413 -0.057541
            0.1070103 0.0801966 -0.0570606 0.1071005 0.0799019 -0.0566255 0.1071821 0.0795458
            -0.0562383 0.1072546 0.0791301 -0.055913 0.1073155 0.0786685 -0.0556516 0.1073643
            0.0781636 -0.0554605 0.1074 0.0776272 -0.0553448 0.1074216 0.0770714 -0.0553055 0.107429
            0.0765001 -0.055344 0.1074218 0.0759332 -0.0554599 0.1074001 0.0753751 -0.0556499
            0.1073646 0.0748393 -0.0559101 0.107316 0.0743363 -0.0562374 0.1072548 0.0738711
            -0.0566207 0.107183 0.0734587 -0.0570578 0.107101 0.0731005 -0.057541 0.1070103
            0.0728034 -0.0580267 0.106897 0.072588 -0.0585247 0.1067351 0.0724391 -0.0590185
            0.1065248 0.072357 -0.0595 0.1062679 0.0723359 -0.0595 0.1 0.0725 -0.0588054 0.1
            0.0725608 -0.0581319 0.1 0.0727412 -0.0575 0.1 0.0730359 -0.0569288 0.1 0.0734358
            -0.0564358 0.1 0.0739289 -0.0560359 0.1 0.0745 -0.0557412 0.1 0.0751319 -0.0555608 0.1
            0.0758054 -0.0555 0.1 0.0765 -0.0555608 0.1 0.0771946 -0.0557412 0.1 0.0778681
            -0.0560359 0.1 0.0785 -0.0564358 0.1 0.0790711 -0.0569288 0.1 0.0795642 -0.0575 0.1
            0.0799641 -0.0581319 0.1 0.0802588 -0.0588054 0.1 0.0804392 -0.0595 0.1 0.0805
            -0.0553055 0.107429 0.0765001 -0.0555 0.1 0.0765</float_array>
          <technique_common>
            <accessor count="46" source="#ID365" stride="3">
              <param name="X" type="float" />
              <param name="Y" type="float" />
              <param name="Z" type="float" />
            </accessor>
          </technique_common>
        </source>
        <source id="ID366">
          <float_array id="ID367" count="138">0 0.0261769 -0.9996573 -0.1148751 0.0261769 -0.993035
            -0.2327431 0.0261769 -0.9721859 -0.3519246 0.0261769 -0.9356622 -0.4680999 0.0261769
            -0.8832878 -0.5825357 0.0261769 -0.8123835 -0.6861303 0.0261769 -0.7270076 -0.7781788
            0.0261769 -0.6274971 -0.8554748 0.0261769 -0.5171823 -0.9175876 0.0261769 -0.3966709
            -0.9628742 0.0261769 -0.2686784 -0.990338 0.0261769 -0.1361817 -0.9996573 0.0261769
            -0.0000249 -0.9904889 0.0261769 0.1350795 -0.9630259 0.0261769 0.2681342 -0.9179079
            0.0261769 0.3959291 -0.8561699 0.0261769 0.5160309 -0.7784116 0.0261769 0.6272082
            -0.6872625 0.0261769 0.7259373 -0.5832468 0.0261769 0.8118731 -0.4680999 0.0261769
            0.8832878 -0.3523231 0.0261769 0.9355123 -0.2334591 0.0261769 0.9720142 -0.1154118
            0.0261769 0.9929727 0 0.0261769 0.9996573 0 0.0261769 0.9996573 -0.1735887 0.0261769
            0.9844703 -0.3419029 0.0261769 0.9393706 -0.4998287 0.0261769 0.8657286 -0.6425673
            0.0261769 0.7657819 -0.7657819 0.0261769 0.6425673 -0.8657286 0.0261769 0.4998287
            -0.9393706 0.0261769 0.3419029 -0.9844703 0.0261769 0.1735887 -0.9996573 0.0261769 0
            -0.9844703 0.0261769 -0.1735887 -0.9393706 0.0261769 -0.3419029 -0.8657286 0.0261769
            -0.4998287 -0.7657819 0.0261769 -0.6425673 -0.6425673 0.0261769 -0.7657819 -0.4998287
            0.0261769 -0.8657286 -0.3419029 0.0261769 -0.9393706 -0.1735887 0.0261769 -0.9844703 0
            0.0261769 -0.9996573 -0.9996573 0.0261769 -0.0000249 -0.9996573 0.0261769 0</float_array>
          <technique_common>
            <accessor count="46" source="#ID367" stride="3">
              <param name="X" type="float" />
              <param name="Y" type="float" />
              <param name="Z" type="float" />
            </accessor>
          </technique_common>
        </source>
        <source id="ID368">
          <float_array id="ID369" count="92">0.8437129 0.750001 0.8781575 0.7683306 0.9064426
            0.787399 0.9283773 0.8072576 0.9436456 0.8275602 0.9557858 0.8490094 0.9667676 0.870398
            0.9765265 0.8919961 0.98472 0.9134578 0.9912958 0.9350594 0.9961023 0.9566916 0.9990125
            0.978251 1 0 0.9990312 0.0215758 0.9961184 0.0432225 0.9913419 0.0648159 0.9847937
            0.086332 0.9765512 0.1079487 0.9668877 0.1293579 0.9558555 0.1508552 0.9436456 0.1724438
            0.928396 0.1926786 0.906594 0.2124878 0.8782941 0.2315873 0.8437129 0.250003 0 0.250003
            0 0.2222253 0 0.1944476 0 0.1666699 0 0.1388923 0 0.1111146 0 0.083337 0 0.0555593 0
            0.0277816 0 1 0 0.9722223 0 0.9444446 0 0.9166669 0 0.8888893 0 0.8611116 0 0.833334 0
            0.8055563 0 0.7777786 0 0.750001 1 0.999996 0 0.0000039</float_array>
          <technique_common>
            <accessor count="46" source="#ID369" stride="2">
              <param name="S" type="float" />
              <param name="T" type="float" />
            </accessor>
          </technique_common>
        </source>
        <vertices id="ID370">
          <input semantic="POSITION" source="#ID364" />
        </vertices>
        <triangles count="42" material="ID371">
          <input semantic="VERTEX" source="#ID370" offset="0" />
          <input semantic="NORMAL" source="#ID366" offset="1" />
          <input semantic="TEXCOORD" source="#ID368" offset="2" set="0" />
          <p>0 0 0 1 1 1 43 43 43 43 43 43 1 1 1 42 42 42 42 42 42 1 1 1 2 2 2 41 41 41 2 2 2 3 3 3
            4 4 4 41 41 41 3 3 3 4 4 4 40 40 40 41 41 41 4 4 4 5 5 5 40 40 40 40 40 40 5 5 5 39 39
            39 39 39 39 5 5 5 6 6 6 38 38 38 6 6 6 7 7 7 37 37 37 7 7 7 8 8 8 9 9 9 37 37 37 8 8 8 9
            9 9 36 36 36 37 37 37 9 9 9 10 10 10 36 36 36 36 36 36 10 10 10 35 35 35 35 35 35 10 10
            10 11 11 11 34 34 34 11 11 11 44 44 44 13 13 13 45 45 45 12 12 12 13 13 13 33 33 33 45
            45 45 13 13 13 14 14 14 33 33 33 33 33 33 14 14 14 32 32 32 32 32 32 14 14 14 15 15 15
            31 31 31 15 15 15 16 16 16 30 30 30 16 16 16 17 17 17 18 18 18 30 30 30 17 17 17 18 18
            18 29 29 29 30 30 30 18 18 18 19 19 19 29 29 29 29 29 29 19 19 19 28 28 28 28 28 28 19
            19 19 20 20 20 21 21 21 28 28 28 20 20 20 21 21 21 27 27 27 28 28 28 21 21 21 22 22 22
            27 27 27 27 27 27 22 22 22 26 26 26 26 26 26 22 22 22 23 23 23 25 25 25 23 23 23 24 24
            24 25 25 25 26 26 26 23 23 23 30 30 30 31 31 31 16 16 16 31 31 31 32 32 32 15 15 15 34
            34 34 35 35 35 11 11 11 37 37 37 38 38 38 7 7 7 38 38 38 39 39 39 6 6 6 41 41 41 42 42
            42 2 2 2</p>
        </triangles>
      </mesh>
    </geometry>
    <geometry id="ID372">
      <mesh>
        <source id="ID373">
          <float_array id="ID374" count="138">0.0595 0.1062679 0.0723359 0.0590207 0.1065238
            0.0723567 0.0585277 0.1067339 0.0724384 0.0580282 0.1068969 0.072587 0.057541 0.1070103
            0.0728034 0.0570606 0.1071005 0.0730981 0.0566255 0.1071821 0.0734542 0.0562383
            0.1072546 0.0738699 0.055913 0.1073155 0.0743315 0.0556516 0.1073643 0.0748364 0.0554605
            0.1074 0.0753728 0.0553448 0.1074216 0.0759286 0.0553055 0.107429 0.0764999 0.055344
            0.1074218 0.0770668 0.0554599 0.1074001 0.0776249 0.0556499 0.1073646 0.0781607
            0.0559101 0.107316 0.0786637 0.0562374 0.1072548 0.0791289 0.0566207 0.107183 0.0795413
            0.0570578 0.107101 0.0798995 0.057541 0.1070103 0.0801966 0.0580267 0.106897 0.080412
            0.0585247 0.1067351 0.0805609 0.0590185 0.1065248 0.080643 0.0595 0.1062679 0.0806641
            0.0595 0.1 0.0805 0.0588054 0.1 0.0804392 0.0581319 0.1 0.0802588 0.0575 0.1 0.0799641
            0.0569288 0.1 0.0795642 0.0564358 0.1 0.0790711 0.0560359 0.1 0.0785 0.0557412 0.1
            0.0778681 0.0555608 0.1 0.0771946 0.0555 0.1 0.0765 0.0555608 0.1 0.0758054 0.0557412
            0.1 0.0751319 0.0560359 0.1 0.0745 0.0564358 0.1 0.0739289 0.0569288 0.1 0.0734358
            0.0575 0.1 0.0730359 0.0581319 0.1 0.0727412 0.0588054 0.1 0.0725608 0.0595 0.1 0.0725
            0.0553055 0.107429 0.0764999 0.0555 0.1 0.0765</float_array>
          <technique_common>
            <accessor count="46" source="#ID374" stride="3">
              <param name="X" type="float" />
              <param name="Y" type="float" />
              <param name="Z" type="float" />
            </accessor>
          </technique_common>
        </source>
        <source id="ID375">
          <float_array id="ID376" count="138">0 0.0261769 0.9996573 0.1148751 0.0261769 0.993035
            0.2327431 0.0261769 0.9721859 0.3519246 0.0261769 0.9356622 0.4680999 0.0261769
            0.8832878 0.5825357 0.0261769 0.8123835 0.6861303 0.0261769 0.7270076 0.7781788
            0.0261769 0.6274971 0.8554748 0.0261769 0.5171823 0.9175876 0.0261769 0.3966709
            0.9628742 0.0261769 0.2686784 0.990338 0.0261769 0.1361817 0.9996573 0.0261769 0.0000249
            0.9904889 0.0261769 -0.1350795 0.9630259 0.0261769 -0.2681342 0.9179079 0.0261769
            -0.3959291 0.8561699 0.0261769 -0.5160309 0.7784116 0.0261769 -0.6272082 0.6872625
            0.0261769 -0.7259373 0.5832468 0.0261769 -0.8118731 0.4680999 0.0261769 -0.8832878
            0.3523231 0.0261769 -0.9355123 0.2334591 0.0261769 -0.9720142 0.1154118 0.0261769
            -0.9929727 0 0.0261769 -0.9996573 0 0.0261769 -0.9996573 0.1735887 0.0261769 -0.9844703
            0.3419029 0.0261769 -0.9393706 0.4998287 0.0261769 -0.8657286 0.6425673 0.0261769
            -0.7657819 0.7657819 0.0261769 -0.6425673 0.8657286 0.0261769 -0.4998287 0.9393706
            0.0261769 -0.3419029 0.9844703 0.0261769 -0.1735887 0.9996573 0.0261769 0 0.9844703
            0.0261769 0.1735887 0.9393706 0.0261769 0.3419029 0.8657286 0.0261769 0.4998287
            0.7657819 0.0261769 0.6425673 0.6425673 0.0261769 0.7657819 0.4998287 0.0261769
            0.8657286 0.3419029 0.0261769 0.9393706 0.1735887 0.0261769 0.9844703 0 0.0261769
            0.9996573 0.9996573 0.0261769 0.0000249 0.9996573 0.0261769 0</float_array>
          <technique_common>
            <accessor count="46" source="#ID376" stride="3">
              <param name="X" type="float" />
              <param name="Y" type="float" />
              <param name="Z" type="float" />
            </accessor>
          </technique_common>
        </source>
        <source id="ID377">
          <float_array id="ID378" count="92">0.8437129 0.750001 0.8781575 0.7683306 0.9064426
            0.787399 0.9283773 0.8072576 0.9436456 0.8275602 0.9557858 0.8490094 0.9667676 0.870398
            0.9765265 0.8919961 0.98472 0.9134578 0.9912958 0.9350594 0.9961023 0.9566916 0.9990125
            0.978251 1 0 0.9990312 0.0215758 0.9961184 0.0432225 0.9913419 0.0648159 0.9847937
            0.086332 0.9765512 0.1079487 0.9668877 0.1293579 0.9558555 0.1508552 0.9436456 0.1724438
            0.928396 0.1926786 0.906594 0.2124878 0.8782941 0.2315873 0.8437129 0.250003 0 0.250003
            0 0.2222253 0 0.1944476 0 0.1666699 0 0.1388923 0 0.1111146 0 0.083337 0 0.0555593 0
            0.0277816 0 1 0 0.9722223 0 0.9444446 0 0.9166669 0 0.8888893 0 0.8611116 0 0.833334 0
            0.8055563 0 0.7777786 0 0.750001 1 0.999996 0 0.0000039</float_array>
          <technique_common>
            <accessor count="46" source="#ID378" stride="2">
              <param name="S" type="float" />
              <param name="T" type="float" />
            </accessor>
          </technique_common>
        </source>
        <vertices id="ID379">
          <input semantic="POSITION" source="#ID373" />
        </vertices>
        <triangles count="42" material="ID380">
          <input semantic="VERTEX" source="#ID379" offset="0" />
          <input semantic="NORMAL" source="#ID375" offset="1" />
          <input semantic="TEXCOORD" source="#ID377" offset="2" set="0" />
          <p>0 0 0 1 1 1 43 43 43 43 43 43 1 1 1 42 42 42 42 42 42 1 1 1 2 2 2 41 41 41 2 2 2 3 3 3
            4 4 4 41 41 41 3 3 3 4 4 4 40 40 40 41 41 41 4 4 4 5 5 5 40 40 40 40 40 40 5 5 5 39 39
            39 39 39 39 5 5 5 6 6 6 38 38 38 6 6 6 7 7 7 37 37 37 7 7 7 8 8 8 9 9 9 37 37 37 8 8 8 9
            9 9 36 36 36 37 37 37 9 9 9 10 10 10 36 36 36 36 36 36 10 10 10 35 35 35 35 35 35 10 10
            10 11 11 11 34 34 34 11 11 11 44 44 44 13 13 13 45 45 45 12 12 12 13 13 13 33 33 33 45
            45 45 13 13 13 14 14 14 33 33 33 33 33 33 14 14 14 32 32 32 32 32 32 14 14 14 15 15 15
            31 31 31 15 15 15 16 16 16 30 30 30 16 16 16 17 17 17 18 18 18 30 30 30 17 17 17 18 18
            18 29 29 29 30 30 30 18 18 18 19 19 19 29 29 29 29 29 29 19 19 19 28 28 28 28 28 28 19
            19 19 20 20 20 21 21 21 28 28 28 20 20 20 21 21 21 27 27 27 28 28 28 21 21 21 22 22 22
            27 27 27 27 27 27 22 22 22 26 26 26 26 26 26 22 22 22 23 23 23 25 25 25 23 23 23 24 24
            24 25 25 25 26 26 26 23 23 23 30 30 30 31 31 31 16 16 16 31 31 31 32 32 32 15 15 15 34
            34 34 35 35 35 11 11 11 37 37 37 38 38 38 7 7 7 38 38 38 39 39 39 6 6 6 41 41 41 42 42
            42 2 2 2</p>
        </triangles>
      </mesh>
    </geometry>
    <geometry id="ID381">
      <mesh>
        <source id="ID382">
          <float_array id="ID383" count="399">0 0.107429 0.1318055 0 0.1090861 0.1210885 0 0.1105892
            0.1079002 0 0.111543 0.0945918 0 0.1119704 0.0811603 -0.0004453 0.1119704 0.0811389
            -0.0008866 0.1119704 0.0810752 -0.0015271 0.1119704 0.080903 -0.0021367 0.1119704
            0.0806416 -0.0027596 0.1119704 0.0802553 -0.0032998 0.1119704 0.0797909 -0.0037628
            0.1119704 0.0792495 -0.0041466 0.1119704 0.078627 -0.0044052 0.1119704 0.0780208
            -0.0045756 0.1119704 0.0773842 -0.0046391 0.1119704 0.0769441 -0.0046603 0.1119704
            0.0765 -0.0046391 0.1119704 0.0760559 -0.0045756 0.1119704 0.0756158 -0.0044052
            0.1119704 0.0749792 -0.0041466 0.1119704 0.074373 -0.0037628 0.1119704 0.0737505
            -0.0032998 0.1119704 0.0732091 -0.0027596 0.1119704 0.0727447 -0.0021367 0.1119704
            0.0723584 -0.0015271 0.1119704 0.072097 -0.0008866 0.1119704 0.0719248 -0.0004453
            0.1119704 0.0718611 0 0.1119704 0.0718397 0 0.111543 0.0584082 0 0.1105892 0.0450998 0
            0.1090861 0.0319115 0 0.107429 0.0211945 -0.0005713 0.1074216 0.0211553 -0.0011271
            0.1074 0.0210395 -0.0016636 0.1073643 0.0208484 -0.0021685 0.1073155 0.020587 -0.0026301
            0.1072546 0.0202617 -0.0030458 0.1071821 0.0198746 -0.0034019 0.1071005 0.0194394
            -0.0036966 0.1070103 0.018959 -0.0100125 0.1070103 0.0197164 -0.0144822 0.1070103
            0.0206888 -0.0197207 0.1070103 0.0223177 -0.0265285 0.1070103 0.0253055 -0.0288298
            0.1070103 0.0265653 -0.0369259 0.1070103 0.0322156 -0.0370629 0.1070103 0.0323302
            -0.0441698 0.1070103 0.0394371 -0.044306 0.1070103 0.0396001 -0.0499347 0.1070103
            0.0476702 -0.0512211 0.1070103 0.0500229 -0.0541823 0.1070103 0.0567793 -0.0558283
            0.1070103 0.0620838 -0.0567836 0.1070103 0.0664875 -0.057541 0.1070103 0.0728034
            -0.0570578 0.107101 0.0731005 -0.0566207 0.107183 0.0734587 -0.0562374 0.1072548
            0.0738711 -0.0559101 0.107316 0.0743363 -0.0556499 0.1073646 0.0748393 -0.0554599
            0.1074001 0.0753751 -0.055344 0.1074218 0.0759332 -0.0553055 0.107429 0.0765001
            -0.0553448 0.1074216 0.0770714 -0.0554605 0.1074 0.0776272 -0.0556516 0.1073643
            0.0781636 -0.055913 0.1073155 0.0786685 -0.0562383 0.1072546 0.0791301 -0.0566255
            0.1071821 0.0795458 -0.0570606 0.1071005 0.0799019 -0.057541 0.1070103 0.0801966
            -0.0567836 0.1070103 0.0865125 -0.0558283 0.1070103 0.0909162 -0.0541823 0.1070103
            0.0962208 -0.0512211 0.1070103 0.1029771 -0.0499347 0.1070103 0.1053298 -0.044306
            0.1070103 0.1133999 -0.0441698 0.1070103 0.1135629 -0.0370629 0.1070103 0.1206698
            -0.0369259 0.1070103 0.1207844 -0.0288298 0.1070103 0.1264347 -0.0265285 0.1070103
            0.1276945 -0.0197207 0.1070103 0.1306823 -0.0144822 0.1070103 0.1323112 -0.0100125
            0.1070103 0.1332836 -0.0036966 0.1070103 0.134041 -0.0033995 0.107101 0.1335578
            -0.0030414 0.107183 0.1331207 -0.0026289 0.1072548 0.1327374 -0.0021638 0.107316
            0.1324101 -0.0016608 0.1073646 0.1321499 -0.001125 0.1074001 0.1319599 -0.0005669
            0.1074218 0.1318441 -0.0040258 0.111543 0.0941382 -0.0069872 0.1105892 0.1071129
            -0.0099219 0.1090861 0.1199706 -0.0078497 0.111543 0.0928001 -0.013624 0.1105892
            0.1047906 -0.0193462 0.1090861 0.1166729 -0.01128 0.111543 0.0906447 -0.0195777
            0.1105892 0.1010497 -0.0278005 0.1090861 0.1113607 -0.0141447 0.111543 0.08778
            -0.0245497 0.1105892 0.0960777 -0.0348607 0.1090861 0.1043005 -0.0163001 0.111543
            0.0843497 -0.0282906 0.1105892 0.0901241 -0.0401729 0.1090861 0.0958462 -0.0176382
            0.111543 0.0805258 -0.0306129 0.1105892 0.0834872 -0.0434706 0.1090861 0.0864219
            -0.0180918 0.111543 0.0765 -0.0314002 0.1105892 0.0765 -0.0445885 0.1090861 0.0765001
            -0.0176382 0.111543 0.0724742 -0.0306129 0.1105892 0.0695128 -0.0434706 0.1090861
            0.0665781 -0.0163001 0.111543 0.0686503 -0.0282906 0.1105892 0.062876 -0.0401729
            0.1090861 0.0571538 -0.0141447 0.111543 0.06522 -0.0245497 0.1105892 0.0569223
            -0.0348607 0.1090861 0.0486995 -0.01128 0.111543 0.0623553 -0.0195777 0.1105892
            0.0519503 -0.0278005 0.1090861 0.0416393 -0.0078497 0.111543 0.0601999 -0.013624
            0.1105892 0.0482094 -0.0193462 0.1090861 0.0363271 -0.0040258 0.111543 0.0588618
            -0.0069872 0.1105892 0.0458871 -0.0099219 0.1090861 0.0330294</float_array>
          <technique_common>
            <accessor count="133" source="#ID383" stride="3">
              <param name="X" type="float" />
              <param name="Y" type="float" />
              <param name="Z" type="float" />
            </accessor>
          </technique_common>
        </source>
        <source id="ID384">
          <float_array id="ID385" count="399">0 0.9852665 0.1710261 0 0.990878 0.1347614 0 0.9957551
            0.0920418 0 0.9986835 0.0512967 0 0.9999187 0.0127507 -0.0016682 0.9999187 0.0126411
            -0.0028373 0.9999187 0.012431 -0.0037667 0.9999187 0.0121816 -0.0055323 0.9999187
            0.011488 -0.0079499 0.9999187 0.0099689 -0.0090205 0.9999187 0.0090116 -0.0099689
            0.9999187 0.0079499 -0.011488 0.9999187 0.0055323 -0.0121847 0.9999187 0.0037566
            -0.012431 0.9999187 0.0028373 -0.0126348 0.9999187 0.0017151 -0.0127507 0.9999187 0
            -0.0126348 0.9999187 -0.0017151 -0.012431 0.9999187 -0.0028373 -0.0121847 0.9999187
            -0.0037566 -0.011488 0.9999187 -0.0055323 -0.0099689 0.9999187 -0.0079499 -0.0090205
            0.9999187 -0.0090116 -0.0079499 0.9999187 -0.0099689 -0.0055323 0.9999187 -0.011488
            -0.0037667 0.9999187 -0.0121816 -0.0028373 0.9999187 -0.012431 -0.0016682 0.9999187
            -0.0126411 0 0.9999187 -0.0127507 0 0.9986835 -0.0512967 0 0.9957551 -0.0920418 0
            0.990878 -0.1347614 0 0.9852665 -0.1710261 -0.0017633 0.9852414 -0.1711618 -0.0034879
            0.9851667 -0.1715645 -0.005149 0.9850438 -0.1722274 -0.0067148 0.9848753 -0.1731346
            -0.0081501 0.9846652 -0.1742646 -0.0094404 0.9844158 -0.1756027 -0.0105585 0.9841327
            -0.1771196 -0.011486 0.9838198 -0.1787919 -0.0311109 0.9838198 -0.1764386 -0.0449993
            0.9838198 -0.1734172 -0.0612765 0.9838198 -0.1683557 -0.0824294 0.9838198 -0.1590718
            -0.0895802 0.9838198 -0.1551575 -0.1147365 0.9838198 -0.1376008 -0.1151621 0.9838198
            -0.1372449 -0.1372449 0.9838198 -0.1151621 -0.1376681 0.9838198 -0.1146558 -0.1551575
            0.9838198 -0.0895802 -0.1591545 0.9838198 -0.0822698 -0.1683557 0.9838198 -0.0612765
            -0.1734703 0.9838198 -0.0447943 -0.1764386 0.9838198 -0.0311109 -0.1787919 0.9838198
            -0.011486 -0.1771056 0.9841353 -0.0105508 -0.1755951 0.9844173 -0.0094353 -0.1742536
            0.9846672 -0.0081386 -0.173121 0.9848778 -0.0066995 -0.1722224 0.9850447 -0.005143
            -0.1715587 0.9851677 -0.0034746 -0.171159 0.9852418 -0.0017594 -0.1710261 0.9852665
            0.0000003 -0.1711595 0.9852418 0.0017634 -0.1715607 0.9851674 0.0034799 -0.1722277
            0.9850437 0.0051501 -0.1731292 0.9848763 0.0067096 -0.1742613 0.9846658 0.0081468
            -0.1756014 0.9844161 0.0094402 -0.1771096 0.9841346 0.0105532 -0.1787919 0.9838198
            0.011486 -0.1764386 0.9838198 0.0311109 -0.1734703 0.9838198 0.0447943 -0.1683557
            0.9838198 0.0612765 -0.1591545 0.9838198 0.0822698 -0.1551575 0.9838198 0.0895802
            -0.1376681 0.9838198 0.1146558 -0.1372449 0.9838198 0.1151621 -0.1151621 0.9838198
            0.1372449 -0.1147365 0.9838198 0.1376008 -0.0895802 0.9838198 0.1551575 -0.0824294
            0.9838198 0.1590718 -0.0612765 0.9838198 0.1683557 -0.0449993 0.9838198 0.1734172
            -0.0311109 0.9838198 0.1764386 -0.011486 0.9838198 0.1787919 -0.0105522 0.9841343
            0.1771113 -0.009431 0.9844179 0.1755915 -0.0081414 0.9846666 0.1742567 -0.0067001
            0.9848772 0.1731246 -0.005138 0.985045 0.1722205 -0.0034785 0.9851673 0.1715612
            -0.0017534 0.9852417 0.17116 -0.0114146 0.9986835 0.0500106 -0.0204812 0.9957551
            0.0897341 -0.0299872 0.990878 0.1313827 -0.0222568 0.9986835 0.0462168 -0.0399354
            0.9957551 0.0829268 -0.0584708 0.990878 0.1214159 -0.031983 0.9986835 0.0401054
            -0.0573871 0.9957551 0.0719612 -0.0840224 0.990878 0.1053607 -0.0401054 0.9986835
            0.031983 -0.0719612 0.9957551 0.0573871 -0.1053607 0.990878 0.0840224 -0.0462168
            0.9986835 0.0222568 -0.0829268 0.9957551 0.0399354 -0.1214159 0.990878 0.0584708
            -0.0500106 0.9986835 0.0114146 -0.0897341 0.9957551 0.0204812 -0.1313827 0.990878
            0.0299872 -0.0512967 0.9986835 0 -0.0920418 0.9957551 0.0000001 -0.1347614 0.990878
            0.0000002 -0.0500106 0.9986835 -0.0114146 -0.0897341 0.9957551 -0.0204812 -0.1313827
            0.990878 -0.0299872 -0.0462168 0.9986835 -0.0222568 -0.0829268 0.9957551 -0.0399354
            -0.1214159 0.990878 -0.0584708 -0.0401054 0.9986835 -0.031983 -0.0719612 0.9957551
            -0.0573871 -0.1053607 0.990878 -0.0840224 -0.031983 0.9986835 -0.0401054 -0.0573871
            0.9957551 -0.0719612 -0.0840224 0.990878 -0.1053607 -0.0222568 0.9986835 -0.0462168
            -0.0399354 0.9957551 -0.0829268 -0.0584708 0.990878 -0.1214159 -0.0114146 0.9986835
            -0.0500106 -0.0204812 0.9957551 -0.0897341 -0.0299872 0.990878 -0.1313827</float_array>
          <technique_common>
            <accessor count="133" source="#ID385" stride="3">
              <param name="X" type="float" />
              <param name="Y" type="float" />
              <param name="Z" type="float" />
            </accessor>
          </technique_common>
        </source>
        <source id="ID386">
          <float_array id="ID387" count="266">0.9548106 0 0.75 0 0.5 0 0.25 0 0 0 0 0.0616495 0
            0.1012633 0 0.1312479 0 0.1858292 0 0.2592127 0 0.293038 0 0.3250424 0 0.3858783 0
            0.4246728 0 0.4436635 0 0.4662186 0 0.5 0 0.5337814 0 0.5563365 0 0.5753272 0 0.6141217
            0 0.6749576 0 0.7069621 0 0.7407873 0 0.8141708 0 0.868752 0 0.8987367 0 0.9383506 0 1
            0.25 1 0.5 1 0.75 1 0.9548106 1 0.9556168 0.9948756 0.9580067 0.9899384 0.9619284
            0.985275 0.9672717 0.9809842 0.9738901 0.9771623 0.9816736 0.973842 0.9904293 0.9710814
            1 0.9689096 1 0.9195498 1 0.8868161 1 0.8501037 1 0.8040481 1 0.7886751 1 0.734097 1
            0.7331538 1 0.6819851 1 0.680943 1 0.6339746 1 0.6215875 1 0.5881635 1 0.5635144 1
            0.5437443 1 0.516044 0.9903494 0.5148802 0.98163 0.5134237 0.9738259 0.5116699 0.967193
            0.509671 0.9618996 0.5074639 0.9579729 0.5050628 0.9556009 0.5025697 0.9548106 0.4999996
            0.9556044 0.4974245 0.9579847 0.4949295 0.9619301 0.492526 0.9672409 0.4903149 0.9738708
            0.4883187 0.9816661 0.4865698 0.9903724 0.4851167 1 0.483956 1 0.4562557 1 0.4364856 1
            0.4118365 1 0.3784124 1 0.3660254 1 0.319057 1 0.3180149 1 0.2668462 1 0.265903 1
            0.2113249 1 0.1959519 1 0.1498962 1 0.1131839 1 0.0804502 1 0.0310904 0.9903818
            0.0289032 0.9816089 0.0261341 0.973844 0.022815 0.9672131 0.0189762 0.9618881 0.0146944
            0.9579874 0.010035 0.9556062 0.0050959 0.25 0.1012633 0.5 0.1012633 0.75 0.1012633 0.25
            0.1858292 0.5 0.1858292 0.75 0.1858292 0.25 0.2592127 0.5 0.2592127 0.75 0.2592127 0.25
            0.3250424 0.5 0.3250424 0.75 0.3250424 0.25 0.3858783 0.5 0.3858783 0.75 0.3858783 0.25
            0.4436635 0.5 0.4436635 0.75 0.4436635 0.25 0.4999999 0.5 0.4999998 0.75 0.4999997 0.25
            0.5563365 0.5 0.5563365 0.75 0.5563365 0.25 0.6141217 0.5 0.6141217 0.75 0.6141217 0.25
            0.6749576 0.5 0.6749576 0.75 0.6749576 0.25 0.7407873 0.5 0.7407873 0.75 0.7407873 0.25
            0.8141708 0.5 0.8141708 0.75 0.8141708 0.25 0.8987367 0.5 0.8987367 0.75 0.8987367</float_array>
          <technique_common>
            <accessor count="133" source="#ID387" stride="2">
              <param name="S" type="float" />
              <param name="T" type="float" />
            </accessor>
          </technique_common>
        </source>
        <vertices id="ID388">
          <input semantic="POSITION" source="#ID382" />
        </vertices>
        <triangles count="170" material="ID389">
          <input semantic="VERTEX" source="#ID388" offset="0" />
          <input semantic="NORMAL" source="#ID384" offset="1" />
          <input semantic="TEXCOORD" source="#ID386" offset="2" set="0" />
          <p>0 0 0 1 1 1 93 93 93 93 93 93 1 1 1 92 92 92 92 92 92 1 1 1 91 91 91 91 91 91 1 1 1 90
            90 90 90 90 90 1 1 1 96 96 96 89 89 89 96 96 96 85 85 85 88 88 88 85 85 85 87 87 87 88
            88 88 89 89 89 85 85 85 1 1 1 2 2 2 96 96 96 96 96 96 2 2 2 95 95 95 99 99 99 95 95 95
            98 98 98 102 102 102 98 98 98 101 101 101 105 105 105 101 101 101 104 104 104 108 108
            108 104 104 104 107 107 107 111 111 111 107 107 107 110 110 110 114 114 114 110 110 110
            113 113 113 117 117 117 113 113 113 116 116 116 120 120 120 116 116 116 119 119 119 123
            123 123 119 119 119 122 122 122 126 126 126 122 122 122 125 125 125 129 129 129 125 125
            125 128 128 128 132 132 132 128 128 128 131 131 131 31 31 31 131 131 131 30 30 30 31 31
            31 132 132 132 131 131 131 31 31 31 36 36 36 132 132 132 31 31 31 35 35 35 36 36 36 31
            31 31 34 34 34 35 35 35 31 31 31 33 33 33 34 34 34 31 31 31 32 32 32 33 33 33 2 2 2 3 3
            3 95 95 95 95 95 95 3 3 3 94 94 94 98 98 98 94 94 94 97 97 97 101 101 101 97 97 97 100
            100 100 104 104 104 100 100 100 103 103 103 107 107 107 103 103 103 106 106 106 110 110
            110 106 106 106 109 109 109 113 113 113 109 109 109 112 112 112 116 116 116 112 112 112
            115 115 115 119 119 119 115 115 115 118 118 118 122 122 122 118 118 118 121 121 121 125
            125 125 121 121 121 124 124 124 128 128 128 124 124 124 127 127 127 131 131 131 127 127
            127 130 130 130 30 30 30 130 130 130 29 29 29 30 30 30 131 131 131 130 130 130 4 4 4 5 5
            5 3 3 3 3 3 3 5 5 5 94 94 94 94 94 94 5 5 5 6 6 6 7 7 7 94 94 94 6 6 6 7 7 7 97 97 97 94
            94 94 7 7 7 8 8 8 97 97 97 97 97 97 8 8 8 9 9 9 100 100 100 9 9 9 10 10 10 103 103 103
            10 10 10 11 11 11 106 106 106 11 11 11 12 12 12 13 13 13 106 106 106 12 12 12 13 13 13
            109 109 109 106 106 106 13 13 13 14 14 14 109 109 109 109 109 109 14 14 14 15 15 15 112
            112 112 15 15 15 16 16 16 17 17 17 112 112 112 16 16 16 17 17 17 115 115 115 112 112 112
            17 17 17 18 18 18 115 115 115 115 115 115 18 18 18 19 19 19 118 118 118 19 19 19 20 20
            20 21 21 21 118 118 118 20 20 20 21 21 21 121 121 121 118 118 118 21 21 21 22 22 22 121
            121 121 121 121 121 22 22 22 124 124 124 124 124 124 22 22 22 23 23 23 127 127 127 23 23
            23 24 24 24 25 25 25 127 127 127 24 24 24 25 25 25 130 130 130 127 127 127 25 25 25 26
            26 26 130 130 130 130 130 130 26 26 26 27 27 27 29 29 29 27 27 27 28 28 28 29 29 29 130
            130 130 27 27 27 36 36 36 37 37 37 132 132 132 132 132 132 37 37 37 38 38 38 41 41 41 38
            38 38 39 39 39 40 40 40 41 41 41 39 39 39 38 38 38 41 41 41 132 132 132 132 132 132 41
            41 41 42 42 42 43 43 43 132 132 132 42 42 42 43 43 43 129 129 129 132 132 132 43 43 43
            44 44 44 129 129 129 129 129 129 44 44 44 45 45 45 126 126 126 45 45 45 46 46 46 47 47
            47 126 126 126 46 46 46 47 47 47 48 48 48 126 126 126 126 126 126 48 48 48 123 123 123
            122 122 122 126 126 126 123 123 123 48 48 48 49 49 49 123 123 123 123 123 123 49 49 49
            50 50 50 120 120 120 50 50 50 51 51 51 52 52 52 120 120 120 51 51 51 52 52 52 117 117
            117 120 120 120 52 52 52 53 53 53 117 117 117 117 117 117 53 53 53 54 54 54 58 58 58 54
            54 54 57 57 57 58 58 58 117 117 117 54 54 54 58 58 58 59 59 59 117 117 117 117 117 117
            59 59 59 114 114 114 113 113 113 117 117 117 114 114 114 55 55 55 56 56 56 54 54 54 54
            54 54 56 56 56 57 57 57 59 59 59 60 60 60 114 114 114 114 114 114 60 60 60 61 61 61 62
            62 62 114 114 114 61 61 61 62 62 62 63 63 63 114 114 114 114 114 114 63 63 63 64 64 64
            65 65 65 114 114 114 64 64 64 65 65 65 66 66 66 114 114 114 114 114 114 66 66 66 67 67
            67 111 111 111 67 67 67 68 68 68 69 69 69 111 111 111 68 68 68 69 69 69 72 72 72 111 111
            111 69 69 69 70 70 70 72 72 72 72 72 72 70 70 70 71 71 71 72 72 72 73 73 73 111 111 111
            111 111 111 73 73 73 74 74 74 108 108 108 74 74 74 75 75 75 76 76 76 108 108 108 75 75
            75 76 76 76 105 105 105 108 108 108 76 76 76 77 77 77 105 105 105 105 105 105 77 77 77
            78 78 78 79 79 79 105 105 105 78 78 78 79 79 79 102 102 102 105 105 105 79 79 79 80 80
            80 102 102 102 102 102 102 80 80 80 81 81 81 99 99 99 81 81 81 82 82 82 83 83 83 99 99
            99 82 82 82 83 83 83 96 96 96 99 99 99 83 83 83 84 84 84 96 96 96 96 96 96 84 84 84 85
            85 85 85 85 85 86 86 86 87 87 87 89 89 89 90 90 90 96 96 96 9 9 9 100 100 100 97 97 97
            95 95 95 94 94 94 98 98 98 96 96 96 95 95 95 99 99 99 98 98 98 97 97 97 101 101 101 81
            81 81 99 99 99 102 102 102 102 102 102 99 99 99 98 98 98 101 101 101 100 100 100 104 104
            104 102 102 102 101 101 101 105 105 105 103 103 103 11 11 11 106 106 106 104 104 104 103
            103 103 107 107 107 105 105 105 104 104 104 108 108 108 103 103 103 100 100 100 10 10 10
            107 107 107 106 106 106 110 110 110 74 74 74 108 108 108 111 111 111 111 111 111 108 108
            108 107 107 107 110 110 110 109 109 109 113 113 113 67 67 67 111 111 111 114 114 114 114
            114 114 111 111 111 110 110 110 113 113 113 112 112 112 116 116 116 112 112 112 109 109
            109 15 15 15 116 116 116 115 115 115 119 119 119 117 117 117 116 116 116 120 120 120 119
            119 119 118 118 118 122 122 122 50 50 50 120 120 120 123 123 123 123 123 123 120 120 120
            119 119 119 118 118 118 115 115 115 19 19 19 122 122 122 121 121 121 125 125 125 124 124
            124 23 23 23 127 127 127 125 125 125 124 124 124 128 128 128 45 45 45 126 126 126 129
            129 129 129 129 129 126 126 126 125 125 125 128 128 128 127 127 127 131 131 131 129 129
            129 128 128 128 132 132 132</p>
        </triangles>
      </mesh>
    </geometry>
    <geometry id="ID390">
      <mesh>
        <source id="ID391">
          <float_array id="ID392" count="12">0 0.075 0.14 -0.0033233 0.075 0.139913 0 0.075
            0.1400872 0.0033233 0.075 0.139913</float_array>
          <technique_common>
            <accessor count="4" source="#ID392" stride="3">
              <param name="X" type="float" />
              <param name="Y" type="float" />
              <param name="Z" type="float" />
            </accessor>
          </technique_common>
        </source>
        <source id="ID393">
          <float_array id="ID394" count="12">0 1 0 0 1 0 0 1 0 0 1 0</float_array>
          <technique_common>
            <accessor count="4" source="#ID394" stride="3">
              <param name="X" type="float" />
              <param name="Y" type="float" />
              <param name="Z" type="float" />
            </accessor>
          </technique_common>
        </source>
        <source id="ID395">
          <float_array id="ID396" count="8">0.5001643 0.5 1 1 0 0.5 1 0</float_array>
          <technique_common>
            <accessor count="4" source="#ID396" stride="2">
              <param name="S" type="float" />
              <param name="T" type="float" />
            </accessor>
          </technique_common>
        </source>
        <vertices id="ID397">
          <input semantic="POSITION" source="#ID391" />
        </vertices>
        <triangles count="2" material="ID398">
          <input semantic="VERTEX" source="#ID397" offset="0" />
          <input semantic="NORMAL" source="#ID393" offset="1" />
          <input semantic="TEXCOORD" source="#ID395" offset="2" set="0" />
          <p>1 1 1 2 2 2 0 0 0 0 0 0 2 2 2 3 3 3</p>
        </triangles>
      </mesh>
    </geometry>
    <geometry id="ID399">
      <mesh>
        <source id="ID400">
          <float_array id="ID401" count="423">-0.0033236 -0.0700002 0.0130868 -0.0033233 -0.085
            0.013087 -0.0141028 -0.085 0.0145858 -0.0200482 -0.085 0.0162479 -0.0258041 -0.085
            0.0184792 -0.0313161 -0.085 0.0212592 -0.0365322 -0.085 0.024561 -0.0414029 -0.085
            0.028354 -0.0458825 -0.085 0.0326017 -0.0499281 -0.085 0.0372646 -0.0535023 -0.085
            0.042298 -0.0565703 -0.085 0.047655 -0.0591041 -0.085 0.0532844 -0.0610789 -0.085
            0.0591333 -0.0624768 -0.085 0.0651463 -0.0632839 -0.085 0.0712666 -0.0634932 -0.085
            0.0774364 -0.063102 -0.085 0.0835974 -0.0621148 -0.085 0.0896912 -0.0605402 -0.085
            0.0956604 -0.0583938 -0.085 0.1014485 -0.0556951 -0.085 0.1070007 -0.0524703 -0.085
            0.1122648 -0.0487494 -0.085 0.1171908 -0.0445679 -0.085 0.1217322 -0.0399651 -0.085
            0.1258461 -0.0349846 -0.085 0.1294937 -0.0296734 -0.085 0.1326403 -0.0240819 -0.085
            0.1352564 -0.0182626 -0.085 0.1373172 -0.0122708 -0.085 0.1388031 -0.006163 -0.085
            0.1397001 0 -0.085 0.1400872 0 0.075 0.1400872 -0.0033233 0.075 0.139913 -0.0122708
            0.075 0.138803 -0.0182626 0.075 0.137317 -0.0240818 0.075 0.1352563 -0.0296734 0.075
            0.1326402 -0.0349846 0.075 0.1294936 -0.039965 0.075 0.125846 -0.0445678 0.075 0.1217321
            -0.0487493 0.075 0.1171907 -0.0524702 0.075 0.1122647 -0.055695 0.075 0.1070007
            -0.0583937 0.075 0.1014485 -0.0605401 0.075 0.0956603 -0.0621147 0.075 0.0896912
            -0.0631019 0.075 0.0835973 -0.0634931 0.075 0.0774364 -0.0632838 0.075 0.0712666
            -0.0624767 0.075 0.0651463 -0.0610788 0.075 0.0591333 -0.059104 0.075 0.0532844
            -0.0565702 0.075 0.047655 -0.0535022 0.075 0.0422981 -0.0499281 0.075 0.0372647
            -0.0458824 0.075 0.0326018 -0.0414028 0.075 0.0283541 -0.0365322 0.075 0.0245611
            -0.031316 0.075 0.0212593 -0.0258041 0.075 0.0184793 -0.0200481 0.075 0.016248
            -0.0141028 0.075 0.0145859 -0.0033233 0.075 0.013087 -0.0033235 0.0700001 0.0130869
            -0.0039292 0.0700005 0.0131212 -0.0074045 0.0699998 0.0134335 -0.0114198 0.0699998
            0.0140354 -0.0114556 0.0699998 0.014042 -0.0142916 0.07 0.0146289 -0.014952 0.0700001
            0.0147852 -0.0154373 0.0700001 0.0149048 -0.016826 0.0700001 0.0152696 -0.0192615 0.07
            0.0159914 -0.0211401 0.07 0.0166216 -0.0248867 0.07 0.0180794 -0.0258506 0.07 0.0184996
            -0.0266452 0.07 0.0188605 -0.0302211 0.07 0.0206526 -0.0336822 0.0699999 0.0226693
            -0.0363479 0.0700001 0.0244317 -0.0365274 0.0700001 0.0245575 -0.0403082 0.0699999
            0.0274336 -0.044548 0.0699999 0.0312479 -0.0458849 0.0699999 0.0326042 -0.0465007
            0.0699999 0.0332573 -0.0507627 0.0700002 0.0383493 -0.0521892 0.0700003 0.0403251
            -0.0535365 0.0700003 0.0423509 -0.0555143 0.0700002 0.0456703 -0.0572266 0.07 0.0489792
            -0.0590556 0.0699999 0.0531612 -0.0591424 0.0699999 0.053382 -0.0613204 0.0699999
            0.0600046 -0.0625041 0.0699999 0.0652978 -0.0630077 0.07 0.068607 -0.0634946 0.0699999
            0.0756746 -0.0635002 0.0700001 0.0764999 -0.0635002 0.0595241 0.0765 -0.0635001
            0.0587131 0.0765 -0.0635002 0.0469699 0.0764999 -0.0635002 0.0352266 0.0764999
            -0.0635001 0.0234832 0.0765 -0.0635001 0.0000001 0.0765001 -0.0634998 -0.0237194
            0.0765002 -0.0635003 -0.0474398 0.0764999 -0.0635001 -0.0592997 0.0765 -0.0635002 -0.07
            0.0765 -0.0634686 -0.0699996 0.074506 -0.0630086 -0.0699996 0.0686129 -0.0624777
            -0.0699999 0.0651511 -0.0615313 -0.07 0.0608094 -0.061156 -0.07 0.0594045 -0.0591527
            -0.07 0.0534085 -0.059052 -0.07 0.0531521 -0.0570492 -0.0700001 0.0486127 -0.0554906
            -0.07 0.0456278 -0.0535026 -0.0699999 0.0422987 -0.052009 -0.0699999 0.0400673
            -0.0506976 -0.0699999 0.0382634 -0.0463349 -0.0699999 0.0330798 -0.0458853 -0.0699999
            0.0326048 -0.0405295 -0.07 0.0276161 -0.0401604 -0.07 0.0273125 -0.0365268 -0.07
            0.0245572 -0.0360326 -0.07 0.0242131 -0.0335422 -0.0700001 0.0225814 -0.0307029
            -0.0700001 0.0209156 -0.0300889 -0.0700001 0.020581 -0.0265528 -0.07 0.018818 -0.0261169
            -0.07 0.0186194 -0.0241997 -0.0699999 0.0177921 -0.0202162 -0.0700001 0.0163039
            -0.0191714 -0.0700001 0.015963 -0.0155581 -0.0699998 0.0149355 -0.0153525 -0.0699998
            0.0148839 -0.0142134 -0.0699999 0.0146111 -0.0113806 -0.07 0.0140281 -0.0095237
            -0.0699998 0.0137185 -0.0073452 -0.0700001 0.0134262</float_array>
          <technique_common>
            <accessor count="141" source="#ID401" stride="3">
              <param name="X" type="float" />
              <param name="Y" type="float" />
              <param name="Z" type="float" />
            </accessor>
          </technique_common>
        </source>
        <source id="ID402">
          <float_array id="ID403" count="423">-0.052336 0 -0.9986295 -0.052336 0 -0.9986295
            -0.2220417 0 -0.9750372 -0.3157457 0 -0.9488439 -0.4063381 0 -0.9137228 -0.4931801 0
            -0.8699272 -0.5752898 0 -0.8179497 -0.652023 0 -0.7581992 -0.72255 0 -0.6913186
            -0.7862726 0 -0.6178797 -0.8425546 0 -0.538611 -0.8908709 0 -0.4542566 -0.9307775 0
            -0.3655861 -0.9618712 0 -0.2735027 -0.9838903 0 -0.1787732 -0.9965966 0 -0.0824337
            -0.9998907 0 0.0147812 -0.993737 0 0.1117444 -0.9781764 0 0.2077764 -0.9534002 0
            0.3017086 -0.9195672 0 0.3929328 -0.8771073 0 0.4802946 -0.8262744 0 0.5632678
            -0.7677348 0 0.6407678 -0.7018189 0 0.7123554 -0.6294084 0 0.7770747 -0.5508909 0
            0.8345773 -0.4673421 0 0.8840765 -0.3791963 0 0.9253163 -0.2876523 0 0.9577349
            -0.1931743 0 0.9811645 -0.0970989 0 0.9952747 -0.052336 0 0.9986295 -0.052336 0
            0.9986295 -0.052336 0 0.9986295 -0.1931743 0 0.9811645 -0.2876523 0 0.9577349 -0.3791963
            0 0.9253163 -0.4673421 0 0.8840765 -0.5508909 0 0.8345773 -0.6294084 0 0.7770747
            -0.7018189 0 0.7123554 -0.7677348 0 0.6407678 -0.8262744 0 0.5632678 -0.8771073 0
            0.4802946 -0.9195672 0 0.3929328 -0.9534002 0 0.3017086 -0.9781764 0 0.2077764 -0.993737
            0 0.1117444 -0.9998907 0 0.0147812 -0.9965966 0 -0.0824337 -0.9838903 0 -0.1787732
            -0.9618712 0 -0.2735027 -0.9307775 0 -0.3655861 -0.8908709 0 -0.4542566 -0.8425546 0
            -0.538611 -0.7862726 0 -0.6178797 -0.72255 0 -0.6913186 -0.652023 0 -0.7581992
            -0.5752898 0 -0.8179497 -0.4931801 0 -0.8699272 -0.4063381 0 -0.9137228 -0.3157457 0
            -0.9488439 -0.2220417 0 -0.9750372 -0.052336 0 -0.9986295 -0.0523381 0 -0.9986295
            -0.0596659 0 -0.9982184 -0.1162772 0 -0.9932168 -0.1797798 0 -0.9837069 -0.1803433 0
            -0.9836037 -0.2250201 0 -0.9743541 -0.2354429 0 -0.9718882 -0.2431091 0 -0.969999
            -0.2650209 0 -0.9642426 -0.2947648 0 -0.9555698 -0.3327947 0 -0.9429993 -0.3915463 0
            -0.9201584 -0.4063381 0 -0.9137228 -0.4188657 0 -0.9080482 -0.4752704 0 -0.8798398
            -0.5299031 0 -0.8480582 -0.5724506 0 -0.8199392 -0.5752898 0 -0.8179497 -0.6348639 0
            -0.772624 -0.7014134 0 -0.7127547 -0.72255 0 -0.6913186 -0.7323088 0 -0.6809727
            -0.7931347 0 -0.6090463 -0.8214788 0 -0.5702391 -0.8425546 0 -0.538611 -0.8748703 0
            -0.4843573 -0.9074494 0 -0.4201613 -0.9295089 0 -0.3687998 -0.9307775 0 -0.3655861
            -0.9656338 0 -0.2599065 -0.9838903 0 -0.1787732 -0.992184 0 -0.1247829 -0.9999074 0
            -0.013607 -1 0 -0.0000009 -1 0 -0.0000006 -1 0 -0.0000006 -1 0 -0.0000003 -1 0
            -0.0000001 -1 0 0.0000002 -1 0 0.0000008 -1 0 0.0000003 -1 0 -0.0000002 -1 0 -0.0000005
            -1 0 -0.0000007 -0.9996991 0 -0.0245303 -0.9926129 0 -0.1213243 -0.9838903 0 -0.1787732
            -0.9689676 0 -0.2471876 -0.9630309 0 -0.2693911 -0.9307775 0 -0.3655861 -0.9293414 0
            -0.3692216 -0.8984155 0 -0.4391465 -0.8738881 0 -0.4861272 -0.8425546 0 -0.538611
            -0.818998 0 -0.5737965 -0.7928831 0 -0.6093737 -0.7296785 0 -0.6837904 -0.72255 0
            -0.6913186 -0.6383361 0 -0.7697578 -0.6325554 0 -0.7745152 -0.5752898 0 -0.8179497
            -0.5674696 0 -0.8233944 -0.5192228 0 -0.8546389 -0.4835342 0 -0.8753255 -0.4738775 0
            -0.8805907 -0.4181554 0 -0.9083755 -0.4112734 0 -0.9115121 -0.3748553 0 -0.9270833
            -0.317927 0 -0.9481152 -0.3005043 0 -0.9537805 -0.2450178 0 -0.9695185 -0.2417717 0
            -0.9703332 -0.2220417 0 -0.9750372 -0.1789612 0 -0.9838561 -0.1496892 0 -0.9887331
            -0.1112161 0 -0.9937962</float_array>
          <technique_common>
            <accessor count="141" source="#ID403" stride="3">
              <param name="X" type="float" />
              <param name="Y" type="float" />
              <param name="Z" type="float" />
            </accessor>
          </technique_common>
        </source>
        <source id="ID404">
          <float_array id="ID405" count="282">0 0.9062514 0 1 0.0555465 1 0.0870283 1 0.11851 1
            0.1499918 1 0.1814736 1 0.2129554 1 0.2444372 1 0.275919 1 0.3074007 1 0.3388825 1
            0.3703643 1 0.4018461 1 0.4333279 1 0.4648097 1 0.4962915 1 0.5277732 1 0.559255 1
            0.5907367 1 0.6222185 1 0.6537004 1 0.6851822 1 0.7166639 1 0.7481457 1 0.7796275 1
            0.8111093 1 0.842591 1 0.8740728 1 0.9055547 1 0.9370365 1 0.9685182 1 1 1 1 0 0.9830356
            0 0.9370365 0 0.9055547 0 0.8740728 0 0.842591 0 0.8111093 0 0.7796275 0 0.7481457 0
            0.7166639 0 0.6851822 0 0.6537004 0 0.6222185 0 0.5907367 0 0.559255 0 0.5277732 0
            0.4962915 0 0.4648097 0 0.4333279 0 0.4018461 0 0.3703643 0 0.3388825 0 0.3074007 0
            0.275919 0 0.2444372 0 0.2129554 0 0.1814736 0 0.1499918 0 0.11851 0 0.0870283 0
            0.0555465 0 0 0 0.0000007 0.0312492 0.0023708 0.0312476 0.0207662 0.0312514 0.0415833
            0.031251 0.0417688 0.031251 0.0565339 0.0312499 0.0599928 0.0312497 0.0625409 0.0312496
            0.0698605 0.0312497 0.0798888 0.03125 0.0928706 0.0312502 0.1132943 0.03125 0.11851
            0.0312499 0.1229516 0.0312498 0.143357 0.0312497 0.1638476 0.0312499 0.1803537 0.0312501
            0.1814736 0.0312501 0.2056894 0.0312505 0.2347057 0.0312504 0.2444372 0.0312503 0.249029
            0.0312503 0.2795452 0.0312489 0.2951156 0.0312481 0.3074007 0.031248 0.3278323 0.0312489
            0.3511703 0.0312503 0.3692489 0.0312504 0.3703643 0.0312504 0.406419 0.0312509 0.4333279
            0.0312507 0.4510068 0.03125 0.4871236 0.0312497 0.4915175 0.0312496 0.4915176 0.0967242
            0.4915176 0.1017929 0.4915177 0.1751886 0.4915178 0.2485842 0.4915179 0.3219799
            0.4915181 0.4687493 0.4915179 0.6169972 0.4915178 0.7652482 0.4915177 0.8393736
            0.4915176 0.9062503 0.483592 0.9062481 0.4521361 0.9062472 0.4333279 0.906249 0.4106799
            0.9062501 0.403231 0.9062501 0.3703643 0.9062502 0.3691024 0.9062502 0.3443574 0.9062503
            0.3271765 0.9062498 0.3074007 0.9062497 0.2937118 0.9062496 0.2794113 0.9062496 0.247784
            0.9062496 0.2444372 0.9062496 0.2071484 0.9062502 0.2047224 0.9062502 0.1814736
            0.9062502 0.1783948 0.9062502 0.159782 0.9062504 0.1464087 0.9062505 0.1428443 0.9062505
            0.1226991 0.9062501 0.1202571 0.9062499 0.1074452 0.9062503 0.0877737 0.9062505
            0.0818364 0.9062504 0.0631763 0.9062487 0.062096 0.9062487 0.0555465 0.90625 0.0413136
            0.9062499 0.0316949 0.9062497 0.0191155 0.9062505</float_array>
          <technique_common>
            <accessor count="141" source="#ID405" stride="2">
              <param name="S" type="float" />
              <param name="T" type="float" />
            </accessor>
          </technique_common>
        </source>
        <vertices id="ID406">
          <input semantic="POSITION" source="#ID400" />
        </vertices>
        <triangles count="139" material="ID407">
          <input semantic="VERTEX" source="#ID406" offset="0" />
          <input semantic="NORMAL" source="#ID402" offset="1" />
          <input semantic="TEXCOORD" source="#ID404" offset="2" set="0" />
          <p>0 0 0 1 1 1 140 140 140 140 140 140 1 1 1 139 139 139 139 139 139 1 1 1 2 2 2 138 138
            138 2 2 2 137 137 137 138 138 138 139 139 139 2 2 2 133 133 133 134 134 134 3 3 3 132
            132 132 3 3 3 4 4 4 131 131 131 4 4 4 130 130 130 131 131 131 132 132 132 4 4 4 130 130
            130 4 4 4 129 129 129 129 129 129 4 4 4 5 5 5 128 128 128 5 5 5 127 127 127 128 128 128
            129 129 129 5 5 5 5 5 5 6 6 6 127 127 127 127 127 127 6 6 6 126 126 126 126 126 126 6 6
            6 125 125 125 125 125 125 6 6 6 124 124 124 124 124 124 6 6 6 7 7 7 123 123 123 7 7 7
            122 122 122 123 123 123 124 124 124 7 7 7 7 7 7 8 8 8 122 122 122 122 122 122 8 8 8 9 9
            9 121 121 121 9 9 9 120 120 120 121 121 121 122 122 122 9 9 9 120 120 120 9 9 9 119 119
            119 119 119 119 9 9 9 10 10 10 118 118 118 10 10 10 117 117 117 118 118 118 119 119 119
            10 10 10 10 10 10 11 11 11 117 117 117 117 117 117 11 11 11 116 116 116 116 116 116 11
            11 11 12 12 12 115 115 115 12 12 12 114 114 114 115 115 115 116 116 116 12 12 12 12 12
            12 13 13 13 114 114 114 114 114 114 13 13 13 113 113 113 113 113 113 13 13 13 112 112
            112 112 112 112 13 13 13 14 14 14 111 111 111 14 14 14 15 15 15 110 110 110 15 15 15 109
            109 109 110 110 110 111 111 111 15 15 15 15 15 15 16 16 16 109 109 109 109 109 109 16 16
            16 108 108 108 108 108 108 16 16 16 107 107 107 107 107 107 16 16 16 106 106 106 106 106
            106 16 16 16 105 105 105 105 105 105 16 16 16 104 104 104 104 104 104 16 16 16 49 49 49
            103 103 103 49 49 49 102 102 102 103 103 103 104 104 104 49 49 49 16 16 16 17 17 17 49
            49 49 49 49 49 17 17 17 48 48 48 48 48 48 17 17 17 18 18 18 47 47 47 18 18 18 19 19 19
            46 46 46 19 19 19 20 20 20 45 45 45 20 20 20 21 21 21 44 44 44 21 21 21 22 22 22 43 43
            43 22 22 22 23 23 23 42 42 42 23 23 23 24 24 24 41 41 41 24 24 24 25 25 25 40 40 40 25
            25 25 26 26 26 39 39 39 26 26 26 27 27 27 38 38 38 27 27 27 28 28 28 37 37 37 28 28 28
            29 29 29 36 36 36 29 29 29 30 30 30 35 35 35 30 30 30 31 31 31 34 34 34 31 31 31 32 32
            32 33 33 33 34 34 34 32 32 32 34 34 34 35 35 35 31 31 31 35 35 35 36 36 36 30 30 30 36
            36 36 37 37 37 29 29 29 37 37 37 38 38 38 28 28 28 38 38 38 39 39 39 27 27 27 39 39 39
            40 40 40 26 26 26 40 40 40 41 41 41 25 25 25 41 41 41 42 42 42 24 24 24 42 42 42 43 43
            43 23 23 23 43 43 43 44 44 44 22 22 22 44 44 44 45 45 45 21 21 21 45 45 45 46 46 46 20
            20 20 46 46 46 47 47 47 19 19 19 47 47 47 48 48 48 18 18 18 94 94 94 95 95 95 51 51 51
            52 52 52 94 94 94 51 51 51 52 52 52 53 53 53 94 94 94 94 94 94 53 53 53 93 93 93 93 93
            93 53 53 53 92 92 92 92 92 92 53 53 53 91 91 91 91 91 91 53 53 53 54 54 54 90 90 90 54
            54 54 55 55 55 89 89 89 55 55 55 88 88 88 89 89 89 90 90 90 55 55 55 51 51 51 96 96 96
            50 50 50 51 51 51 95 95 95 96 96 96 55 55 55 56 56 56 88 88 88 88 88 88 56 56 56 87 87
            87 87 87 87 56 56 56 57 57 57 86 86 86 57 57 57 85 85 85 86 86 86 87 87 87 57 57 57 85
            85 85 57 57 57 84 84 84 84 84 84 57 57 57 58 58 58 59 59 59 84 84 84 58 58 58 59 59 59
            83 83 83 84 84 84 59 59 59 82 82 82 83 83 83 59 59 59 81 81 81 82 82 82 59 59 59 80 80
            80 81 81 81 59 59 59 60 60 60 80 80 80 80 80 80 60 60 60 79 79 79 79 79 79 60 60 60 61
            61 61 78 78 78 61 61 61 77 77 77 78 78 78 79 79 79 61 61 61 73 73 73 74 74 74 62 62 62
            63 63 63 73 73 73 62 62 62 63 63 63 72 72 72 73 73 73 63 63 63 71 71 71 72 72 72 63 63
            63 70 70 70 71 71 71 63 63 63 69 69 69 70 70 70 63 63 63 68 68 68 69 69 69 63 63 63 67
            67 67 68 68 68 63 63 63 64 64 64 67 67 67 67 67 67 64 64 64 66 66 66 66 66 66 64 64 64
            65 65 65 74 74 74 75 75 75 62 62 62 62 62 62 75 75 75 61 61 61 61 61 61 75 75 75 76 76
            76 77 77 77 61 61 61 76 76 76 90 90 90 91 91 91 54 54 54 96 96 96 97 97 97 50 50 50 50
            50 50 97 97 97 49 49 49 49 49 49 97 97 97 98 98 98 99 99 99 49 49 49 98 98 98 99 99 99
            100 100 100 49 49 49 49 49 49 100 100 100 101 101 101 102 102 102 49 49 49 101 101 101
            111 111 111 112 112 112 14 14 14 132 132 132 133 133 133 3 3 3 134 134 134 135 135 135 3
            3 3 3 3 3 135 135 135 2 2 2 2 2 2 135 135 135 136 136 136 137 137 137 2 2 2 136 136 136</p>
        </triangles>
      </mesh>
    </geometry>
    <geometry id="ID408">
      <mesh>
        <source id="ID409">
          <float_array id="ID410" count="12">0 0.075 0.013 0.0033233 0.075 0.013087 0 0.075
            0.0129129 -0.0033233 0.075 0.013087</float_array>
          <technique_common>
            <accessor count="4" source="#ID410" stride="3">
              <param name="X" type="float" />
              <param name="Y" type="float" />
              <param name="Z" type="float" />
            </accessor>
          </technique_common>
        </source>
        <source id="ID411">
          <float_array id="ID412" count="12">0 1 0 0 1 0 0 1 0 0 1 0</float_array>
          <technique_common>
            <accessor count="4" source="#ID412" stride="3">
              <param name="X" type="float" />
              <param name="Y" type="float" />
              <param name="Z" type="float" />
            </accessor>
          </technique_common>
        </source>
        <source id="ID413">
          <float_array id="ID414" count="8">0.4998357 0.5 0 0 1 0.5 0 1</float_array>
          <technique_common>
            <accessor count="4" source="#ID414" stride="2">
              <param name="S" type="float" />
              <param name="T" type="float" />
            </accessor>
          </technique_common>
        </source>
        <vertices id="ID415">
          <input semantic="POSITION" source="#ID409" />
        </vertices>
        <triangles count="2" material="ID416">
          <input semantic="VERTEX" source="#ID415" offset="0" />
          <input semantic="NORMAL" source="#ID411" offset="1" />
          <input semantic="TEXCOORD" source="#ID413" offset="2" set="0" />
          <p>1 1 1 2 2 2 0 0 0 0 0 0 2 2 2 3 3 3</p>
        </triangles>
      </mesh>
    </geometry>
    <geometry id="ID417">
      <mesh>
        <source id="ID418">
          <float_array id="ID419" count="411">0.0033233 0.075 0.013087 0.0094198 0.075 0.0137027
            0.0154286 0.075 0.0149027 0.021294 0.075 0.0166769 0.0269614 0.075 0.0190078 0.0323774
            0.075 0.0218746 0.0374921 0.075 0.0252496 0.0422575 0.075 0.0291023 0.0466296 0.075
            0.0333961 0.0505671 0.075 0.0380916 0.054034 0.075 0.0431445 0.0569974 0.075 0.0485083
            0.0594303 0.075 0.0541326 0.0613094 0.075 0.0599653 0.0626179 0.075 0.0659519 0.0633429
            0.075 0.0720368 0.0634783 0.075 0.0781632 0.0630222 0.075 0.0842742 0.0619795 0.075
            0.0903128 0.0603594 0.075 0.0962227 0.0581774 0.075 0.101949 0.0554533 0.075 0.1074382
            0.0522131 0.075 0.1126393 0.0484864 0.075 0.1175039 0.0443083 0.075 0.1219866 0.0397174
            0.075 0.1260457 0.0347568 0.075 0.1296434 0.0294724 0.075 0.1327461 0.0239136 0.075
            0.1353251 0.018132 0.075 0.1373563 0.0121816 0.075 0.1388206 0.0033233 0.075 0.139913 0
            0.075 0.1400872 0 -0.085 0.1400872 0.0061178 -0.085 0.1397045 0.0121816 -0.085 0.1388206
            0.018132 -0.085 0.1373563 0.0239136 -0.085 0.1353251 0.0294724 -0.085 0.1327461
            0.0347568 -0.085 0.1296434 0.0397174 -0.085 0.1260457 0.0443083 -0.085 0.1219866
            0.0484864 -0.085 0.1175039 0.0522131 -0.085 0.1126393 0.0554533 -0.085 0.1074382
            0.0581774 -0.085 0.101949 0.0603594 -0.085 0.0962227 0.0619795 -0.085 0.0903128
            0.0630222 -0.085 0.0842742 0.0634783 -0.085 0.0781632 0.0633429 -0.085 0.0720368
            0.0626179 -0.085 0.0659519 0.0613094 -0.085 0.0599653 0.0594303 -0.085 0.0541326
            0.0569974 -0.085 0.0485083 0.054034 -0.085 0.0431445 0.0505671 -0.085 0.0380916
            0.0466296 -0.085 0.0333961 0.0422575 -0.085 0.0291023 0.0374921 -0.085 0.0252496
            0.0323774 -0.085 0.0218746 0.0269614 -0.085 0.0190078 0.021294 -0.085 0.0166769
            0.0154286 -0.085 0.0149027 0.0094198 -0.085 0.0137027 0.0033233 -0.085 0.013087
            0.0033236 -0.0700002 0.0130868 0.0036228 -0.0700002 0.0131032 0.0073965 -0.0700001
            0.0134323 0.0080963 -0.07 0.0135184 0.0114436 -0.07 0.0140397 0.0154284 -0.07 0.0149026
            0.0192502 -0.07 0.0159882 0.02301 -0.07 0.0173157 0.0266704 -0.07 0.0188723 0.0269612
            -0.07 0.0190078 0.0302402 -0.07 0.020663 0.0337068 -0.07 0.0226846 0.037492 -0.07
            0.0252495 0.0402083 -0.07 0.0273519 0.0403439 -0.07 0.0274632 0.0435024 -0.07 0.0302421
            0.0465426 -0.07 0.0333022 0.0466295 -0.07 0.033396 0.0505296 -0.07 0.0380423 0.0522287
            -0.07 0.0403833 0.054034 -0.07 0.0431445 0.0553833 -0.07 0.0454366 0.0572593 -0.07
            0.049048 0.0589899 -0.07 0.0529955 0.0594303 -0.07 0.0541326 0.0613302 -0.07 0.0600426
            0.0615028 -0.07 0.0606995 0.0626179 -0.07 0.0659519 0.0629988 -0.07 0.0685381 0.0634945
            -0.07 0.0756497 0.0635002 -0.07 0.0765 0.0635002 -0.0593667 0.0765 0.0635002 -0.0585746
            0.0765 0.0635001 -0.0466532 0.0765 0.0635001 -0.0347319 0.0765 0.0635001 -0.0228105
            0.0765 0.0635001 0.0000001 0.0765001 0.0635001 0.0214522 0.0765 0.0635001 0.0452199
            0.0765 0.0635002 0.0571038 0.0765 0.0635002 0.0689876 0.0764999 0.0635002 0.0700001
            0.0764999 0.0629942 0.07 0.0685016 0.0626179 0.07 0.0659519 0.0616946 0.07 0.0614658
            0.0594303 0.07 0.0541326 0.0589584 0.07 0.0529168 0.0576992 0.07 0.0499849 0.0553395
            0.07 0.0453585 0.054034 0.07 0.0431445 0.0526712 0.07 0.0410316 0.0504827 0.07 0.0379807
            0.0469587 0.07 0.0337549 0.0466295 0.07 0.0333961 0.0441182 0.07 0.030829 0.0407203 0.07
            0.0277753 0.0374921 0.07 0.0252496 0.0356672 0.07 0.0239633 0.034028 0.07 0.0228871
            0.0305349 0.07 0.0208236 0.0269613 0.07 0.0190078 0.0269357 0.07 0.0189958 0.0237714
            0.07 0.0176173 0.0198173 0.07 0.0161716 0.0194532 0.07 0.0160532 0.0155833 0.07
            0.0149417 0.0154285 0.07 0.0149027 0.0115945 0.07 0.0140676 0.0092423 0.07 0.0136763
            0.0074953 0.07 0.013444 0.0033235 0.0700001 0.0130869</float_array>
          <technique_common>
            <accessor count="137" source="#ID419" stride="3">
              <param name="X" type="float" />
              <param name="Y" type="float" />
              <param name="Z" type="float" />
            </accessor>
          </technique_common>
        </source>
        <source id="ID420">
          <float_array id="ID421" count="411">0.052336 0 -0.9986295 0.148325 0 -0.9889387 0.2429717
            0 -0.9700333 0.3353381 0 -0.9420978 0.424606 0 -0.9053782 0.5098687 0 -0.8602522
            0.5904462 0 -0.807077 0.6654614 0 -0.7464322 0.7343443 0 -0.6787772 0.7963198 0
            -0.6048757 0.8509474 0 -0.5252509 0.8975864 0 -0.4408385 0.9359236 0 -0.3522031
            0.9654957 0 -0.260419 0.9861146 0 -0.166066 0.9975244 0 -0.070321 0.9996556 0 0.0262423
            0.992482 0 0.1223905 0.9760437 0 0.2175747 0.9505557 0 0.3105539 0.9161569 0 0.4008199
            0.8733037 0 0.4871763 0.8222209 0 0.5691685 0.7635961 0 0.6456941 0.6977288 0 0.716362
            0.6255112 0 0.7802152 0.5473027 0 0.8369347 0.4641782 0 0.8857418 0.3765469 0 0.9263975
            0.2855963 0 0.95835 0.1917704 0 0.9814398 0.052336 0 0.9986295 0.052336 0 0.9986295
            0.052336 0 0.9986295 0.096387 0 0.9953439 0.1917704 0 0.9814398 0.2855963 0 0.95835
            0.3765469 0 0.9263975 0.4641782 0 0.8857418 0.5473027 0 0.8369347 0.6255112 0 0.7802152
            0.6977288 0 0.716362 0.7635961 0 0.6456941 0.8222209 0 0.5691685 0.8733037 0 0.4871763
            0.9161569 0 0.4008199 0.9505557 0 0.3105539 0.9760437 0 0.2175747 0.992482 0 0.1223905
            0.9996556 0 0.0262423 0.9975244 0 -0.070321 0.9861146 0 -0.166066 0.9654957 0 -0.260419
            0.9359236 0 -0.3522031 0.8975864 0 -0.4408385 0.8509474 0 -0.5252509 0.7963198 0
            -0.6048757 0.7343443 0 -0.6787772 0.6654614 0 -0.7464322 0.5904462 0 -0.807077 0.5098687
            0 -0.8602522 0.424606 0 -0.9053782 0.3353381 0 -0.9420978 0.2429717 0 -0.9700333
            0.148325 0 -0.9889387 0.052336 0 -0.9986295 0.0523395 0 -0.9986293 0.0570644 0
            -0.9983705 0.116511 0 -0.9931894 0.1275175 0 -0.9918363 0.1801586 0 -0.9836376 0.2429717
            0 -0.9700333 0.303197 0 -0.9529279 0.3623284 0 -0.9320505 0.4200143 0 -0.9075175
            0.424606 0 -0.9053782 0.476261 0 -0.879304 0.5307793 0 -0.8475101 0.5904462 0 -0.807077
            0.6332364 0 -0.7739584 0.6353705 0 -0.7722074 0.6850436 0 -0.728502 0.7329739 0
            -0.6802568 0.7343443 0 -0.6787772 0.7957315 0 -0.6056496 0.8224682 0 -0.5688111
            0.8509474 0 -0.5252509 0.8722017 0 -0.4891464 0.9017064 0 -0.4323489 0.9289731 0
            -0.3701473 0.9359236 0 -0.3522031 0.9658226 0 -0.2592038 0.968537 0 -0.2488694 0.9861146
            0 -0.166066 0.9921135 0 -0.1253431 0.9999099 0 -0.0134224 1 0 -0.0000007 1 0 -0.0000005
            1 0 -0.0000005 1 0 -0.0000002 1 0 0.0000001 1 0 0.0000003 1 0 0.0000008 1 0 0.0000003 1
            0 -0.0000003 1 0 -0.0000006 1 0 -0.0000009 1 0 -0.0000009 0.9920407 0 -0.1259178
            0.9861146 0 -0.166066 0.9715557 0 -0.2368111 0.9359236 0 -0.3522031 0.9284765 0
            -0.3713912 0.9086272 0 -0.4176081 0.8715118 0 -0.4903746 0.8509474 0 -0.5252509
            0.8294407 0 -0.5585948 0.7949932 0 -0.6066183 0.7395361 0 -0.6731169 0.7343443 0
            -0.6787772 0.6947361 0 -0.7192647 0.6412891 0 -0.7672993 0.5904462 0 -0.807077 0.5616469
            0 -0.8273771 0.5358313 0 -0.8443251 0.4808964 0 -0.8767774 0.424606 0 -0.9053782
            0.4242025 0 -0.9055673 0.3743097 0 -0.9273038 0.3121168 0 -0.9500437 0.3063897 0
            -0.9519061 0.2454177 0 -0.9694175 0.2429717 0 -0.9700333 0.1825311 0 -0.9832001 0.145536
            0 -0.9893529 0.1180631 0 -0.9930061 0.0523381 0 -0.9986295</float_array>
          <technique_common>
            <accessor count="137" source="#ID421" stride="3">
              <param name="X" type="float" />
              <param name="Y" type="float" />
              <param name="Z" type="float" />
            </accessor>
          </technique_common>
        </source>
        <source id="ID422">
          <float_array id="ID423" count="274">1 0 0.9687524 0 0.9375048 0 0.9062546 0 0.8750045 0
            0.8437544 0 0.8125042 0 0.781254 0 0.7500038 0 0.7187537 0 0.6875035 0 0.6562533 0
            0.6250032 0 0.593753 0 0.5625029 0 0.5312527 0 0.5000026 0 0.4687524 0 0.4375022 0
            0.4062521 0 0.3750019 0 0.3437518 0 0.3125016 0 0.2812515 0 0.2500013 0 0.2187511 0
            0.187501 0 0.1562508 0 0.1250006 0 0.0937505 0 0.0625003 0 0.0169644 0 0 0 0 1 0.0312502
            1 0.0625003 1 0.0937505 1 0.1250006 1 0.1562508 1 0.187501 1 0.2187511 1 0.2500013 1
            0.2812515 1 0.3125016 1 0.3437518 1 0.3750019 1 0.4062521 1 0.4375022 1 0.4687524 1
            0.5000026 1 0.5312527 1 0.5625029 1 0.593753 1 0.6250032 1 0.6562533 1 0.6875035 1
            0.7187537 1 0.7500038 1 0.781254 1 0.8125042 1 0.8437544 1 0.8750045 1 0.9062546 1
            0.9375048 1 0.9687524 1 1 1 0.9999989 0.9062514 0.998471 0.9062514 0.9791575 0.9062513
            0.9755632 0.9062513 0.958292 0.9062513 0.9375048 0.9062512 0.9172484 0.9062512 0.89692
            0.9062511 0.87664 0.9062511 0.8750045 0.9062511 0.8562781 0.9062511 0.8358175 0.906251
            0.8125042 0.9062509 0.7949926 0.9062509 0.7940981 0.9062509 0.7726491 0.9062508
            0.7506554 0.9062508 0.7500038 0.9062508 0.7190688 0.9062508 0.7043222 0.9062508
            0.6875035 0.9062507 0.6739439 0.9062507 0.6531949 0.9062506 0.6312191 0.9062505
            0.6250032 0.9062505 0.5933452 0.9062505 0.5898826 0.9062505 0.5625029 0.9062505
            0.5491762 0.9062504 0.5128167 0.9062503 0.5084825 0.9062503 0.5084824 0.8397916
            0.5084823 0.8348414 0.5084823 0.7603328 0.5084822 0.6858242 0.5084821 0.6113155
            0.5084819 0.4687493 0.5084821 0.3346735 0.5084823 0.1861256 0.5084824 0.1118515
            0.5084825 0.0375775 0.5084825 0.0312496 0.5493639 0.0312496 0.5625029 0.0312496 0.585856
            0.0312496 0.6250032 0.0312495 0.6316514 0.0312495 0.647919 0.0312495 0.6744004 0.0312495
            0.6875035 0.0312494 0.700321 0.0312494 0.7194636 0.0312494 0.7475214 0.0312494 0.7500038
            0.0312494 0.7683128 0.0312494 0.7916062 0.0312494 0.8125042 0.0312494 0.823886 0.0312494
            0.8338826 0.0312494 0.8545672 0.0312494 0.8750045 0.0312493 0.8751484 0.0312493
            0.8927454 0.0312493 0.9142106 0.0312493 0.9161622 0.0312493 0.9366906 0.0312493
            0.9375048 0.0312493 0.9575105 0.0312493 0.9696665 0.0312492 0.978651 0.0312492 0.9999993
            0.0312492</float_array>
          <technique_common>
            <accessor count="137" source="#ID423" stride="2">
              <param name="S" type="float" />
              <param name="T" type="float" />
            </accessor>
          </technique_common>
        </source>
        <vertices id="ID424">
          <input semantic="POSITION" source="#ID418" />
        </vertices>
        <triangles count="135" material="ID425">
          <input semantic="VERTEX" source="#ID424" offset="0" />
          <input semantic="NORMAL" source="#ID420" offset="1" />
          <input semantic="TEXCOORD" source="#ID422" offset="2" set="0" />
          <p>136 136 136 0 0 0 135 135 135 135 135 135 0 0 0 1 1 1 134 134 134 1 1 1 133 133 133 134
            134 134 135 135 135 1 1 1 1 1 1 2 2 2 133 133 133 133 133 133 2 2 2 132 132 132 132 132
            132 2 2 2 131 131 131 131 131 131 2 2 2 3 3 3 4 4 4 131 131 131 3 3 3 4 4 4 130 130 130
            131 131 131 4 4 4 129 129 129 130 130 130 4 4 4 128 128 128 129 129 129 4 4 4 127 127
            127 128 128 128 4 4 4 126 126 126 127 127 127 4 4 4 125 125 125 126 126 126 4 4 4 5 5 5
            125 125 125 125 125 125 5 5 5 124 124 124 124 124 124 5 5 5 123 123 123 123 123 123 5 5
            5 6 6 6 122 122 122 6 6 6 121 121 121 122 122 122 123 123 123 6 6 6 6 6 6 7 7 7 121 121
            121 121 121 121 7 7 7 120 120 120 120 120 120 7 7 7 8 8 8 119 119 119 8 8 8 118 118 118
            119 119 119 120 120 120 8 8 8 8 8 8 9 9 9 118 118 118 118 118 118 9 9 9 117 117 117 117
            117 117 9 9 9 116 116 116 116 116 116 9 9 9 10 10 10 115 115 115 10 10 10 114 114 114
            115 115 115 116 116 116 10 10 10 10 10 10 11 11 11 114 114 114 114 114 114 11 11 11 113
            113 113 113 113 113 11 11 11 12 12 12 112 112 112 12 12 12 111 111 111 112 112 112 113
            113 113 12 12 12 12 12 12 13 13 13 111 111 111 111 111 111 13 13 13 110 110 110 110 110
            110 13 13 13 14 14 14 109 109 109 14 14 14 108 108 108 109 109 109 110 110 110 14 14 14
            14 14 14 15 15 15 108 108 108 108 108 108 15 15 15 107 107 107 107 107 107 15 15 15 16
            16 16 106 106 106 16 16 16 105 105 105 106 106 106 107 107 107 16 16 16 34 34 34 35 35
            35 30 30 30 31 31 31 34 34 34 30 30 30 31 31 31 33 33 33 34 34 34 31 31 31 32 32 32 33
            33 33 30 30 30 36 36 36 29 29 29 30 30 30 35 35 35 36 36 36 29 29 29 37 37 37 28 28 28
            29 29 29 36 36 36 37 37 37 28 28 28 38 38 38 27 27 27 28 28 28 37 37 37 38 38 38 27 27
            27 39 39 39 26 26 26 27 27 27 38 38 38 39 39 39 26 26 26 40 40 40 25 25 25 26 26 26 39
            39 39 40 40 40 25 25 25 41 41 41 24 24 24 25 25 25 40 40 40 41 41 41 24 24 24 42 42 42
            23 23 23 24 24 24 41 41 41 42 42 42 42 42 42 43 43 43 23 23 23 23 23 23 43 43 43 22 22
            22 22 22 22 43 43 43 44 44 44 21 21 21 44 44 44 45 45 45 20 20 20 45 45 45 46 46 46 19
            19 19 46 46 46 47 47 47 18 18 18 47 47 47 48 48 48 17 17 17 48 48 48 49 49 49 16 16 16
            49 49 49 102 102 102 103 103 103 16 16 16 102 102 102 103 103 103 104 104 104 16 16 16
            16 16 16 104 104 104 105 105 105 92 92 92 93 93 93 51 51 51 52 52 52 92 92 92 51 51 51
            52 52 52 91 91 91 92 92 92 52 52 52 90 90 90 91 91 91 52 52 52 53 53 53 90 90 90 90 90
            90 53 53 53 89 89 89 89 89 89 53 53 53 54 54 54 88 88 88 54 54 54 87 87 87 88 88 88 89
            89 89 54 54 54 51 51 51 94 94 94 50 50 50 51 51 51 93 93 93 94 94 94 54 54 54 55 55 55
            87 87 87 87 87 87 55 55 55 86 86 86 86 86 86 55 55 55 85 85 85 85 85 85 55 55 55 56 56
            56 84 84 84 56 56 56 57 57 57 83 83 83 57 57 57 82 82 82 83 83 83 84 84 84 57 57 57 82
            82 82 57 57 57 81 81 81 81 81 81 57 57 57 58 58 58 80 80 80 58 58 58 79 79 79 80 80 80
            81 81 81 58 58 58 58 58 58 59 59 59 79 79 79 79 79 79 59 59 59 78 78 78 78 78 78 59 59
            59 77 77 77 77 77 77 59 59 59 60 60 60 76 76 76 60 60 60 61 61 61 75 75 75 61 61 61 74
            74 74 75 75 75 76 76 76 61 61 61 74 74 74 61 61 61 73 73 73 73 73 73 61 61 61 62 62 62
            72 72 72 62 62 62 63 63 63 71 71 71 63 63 63 70 70 70 71 71 71 72 72 72 63 63 63 63 63
            63 64 64 64 70 70 70 70 70 70 64 64 64 69 69 69 69 69 69 64 64 64 68 68 68 68 68 68 64
            64 64 65 65 65 67 67 67 65 65 65 66 66 66 67 67 67 68 68 68 65 65 65 72 72 72 73 73 73
            62 62 62 76 76 76 77 77 77 60 60 60 84 84 84 85 85 85 56 56 56 94 94 94 95 95 95 50 50
            50 50 50 50 95 95 95 49 49 49 49 49 49 95 95 95 96 96 96 97 97 97 49 49 49 96 96 96 97
            97 97 98 98 98 49 49 49 49 49 49 98 98 98 99 99 99 100 100 100 49 49 49 99 99 99 100 100
            100 101 101 101 49 49 49 49 49 49 101 101 101 102 102 102 49 49 49 16 16 16 17 17 17 45
            45 45 20 20 20 21 21 21 47 47 47 18 18 18 19 19 19 18 18 18 48 48 48 17 17 17 20 20 20
            46 46 46 19 19 19 22 22 22 44 44 44 21 21 21</p>
        </triangles>
      </mesh>
    </geometry>
    <geometry id="ID426">
      <mesh>
        <source id="ID427">
          <float_array id="ID428" count="177">0.0624991 0.1 0.0805 0.0626128 0.1 0.0778341 0.0626128
            0.1 0.0751659 0.0624991 0.1 0.0725 0.0595 0.1 0.0725 0.0588054 0.1 0.0725608 0.0581319
            0.1 0.0727412 0.0575 0.1 0.0730359 0.0569288 0.1 0.0734358 0.0564358 0.1 0.0739289
            0.0560359 0.1 0.0745 0.0557412 0.1 0.0751319 0.0555608 0.1 0.0758054 0.0555 0.1 0.0765
            0.0555608 0.1 0.0771946 0.0557412 0.1 0.0778681 0.0560359 0.1 0.0785 0.0564358 0.1
            0.0790711 0.0569288 0.1 0.0795642 0.0575 0.1 0.0799641 0.0581319 0.1 0.0802588 0.0588054
            0.1 0.0804392 0.0595 0.1 0.0805 0.05975 0.1 0.07925 0.0592725 0.1 0.0792082 0.0588094
            0.1 0.0790842 0.058375 0.1 0.0788816 0.0579823 0.1 0.0786066 0.0576434 0.1 0.0782677
            0.0573684 0.1 0.077875 0.0571658 0.1 0.0774406 0.0570418 0.1 0.0769775 0.057 0.1 0.0765
            0.0570418 0.1 0.0760225 0.0571658 0.1 0.0755594 0.0573684 0.1 0.075125 0.0576434 0.1
            0.0747323 0.0579823 0.1 0.0743934 0.058375 0.1 0.0741184 0.0588094 0.1 0.0739158
            0.0592725 0.1 0.0737918 0.05975 0.1 0.07375 0.0602275 0.1 0.0737918 0.0606906 0.1
            0.0739158 0.061125 0.1 0.0741184 0.0615177 0.1 0.0743934 0.0618566 0.1 0.0747323
            0.0621316 0.1 0.075125 0.0623342 0.1 0.0755594 0.0624582 0.1 0.0760225 0.0625 0.1 0.0765
            0.0624582 0.1 0.0769775 0.0623342 0.1 0.0774406 0.0621316 0.1 0.077875 0.0618566 0.1
            0.0782677 0.0615177 0.1 0.0786066 0.061125 0.1 0.0788816 0.0606906 0.1 0.0790842
            0.0602275 0.1 0.0792082</float_array>
          <technique_common>
            <accessor count="59" source="#ID428" stride="3">
              <param name="X" type="float" />
              <param name="Y" type="float" />
              <param name="Z" type="float" />
            </accessor>
          </technique_common>
        </source>
        <source id="ID429">
          <float_array id="ID430" count="177">0 1 0 0 1 0 0 1 0 0 1 0 0 1 0 0 1 0 0 1 0 0 1 0 0 1 0
            0 1 0 0 1 0 0 1 0 0 1 0 0 1 0 0 1 0 0 1 0 0 1 0 0 1 0 0 1 0 0 1 0 0 1 0 0 1 0 0 1 0 0 1
            0 0 1 0 0 1 0 0 1 0 0 1 0 0 1 0 0 1 0 0 1 0 0 1 0 0 1 0 0 1 0 0 1 0 0 1 0 0 1 0 0 1 0 0
            1 0 0 1 0 0 1 0 0 1 0 0 1 0 0 1 0 0 1 0 0 1 0 0 1 0 0 1 0 0 1 0 0 1 0 0 1 0 0 1 0 0 1 0
            0 1 0 0 1 0 0 1 0 0 1 0 0 1 0 0 1 0</float_array>
          <technique_common>
            <accessor count="59" source="#ID430" stride="3">
              <param name="X" type="float" />
              <param name="Y" type="float" />
              <param name="Z" type="float" />
            </accessor>
          </technique_common>
        </source>
        <source id="ID431">
          <float_array id="ID432" count="118">0 0.0159796 0.3332324 0 0.6667676 0 1 0.0159796 1
            0.4376311 0.9924039 0.5352854 0.9698463 0.6299726 0.9330127 0.7188156 0.8830222
            0.7991148 0.8213938 0.8684307 0.75 0.9246568 0.6710101 0.966085 0.5868241 0.9914563 0.5
            1 0.4131759 0.9914563 0.3289899 0.966085 0.25 0.9246568 0.1786062 0.8684307 0.1169778
            0.7991148 0.0669873 0.7188156 0.0301537 0.6299726 0.0075961 0.5352854 0 0.4376311
            0.15625 0.402483 0.1614723 0.4696204 0.1769807 0.5347178 0.2023038 0.5957974 0.2366722
            0.6510031 0.2790418 0.6986578 0.328125 0.7373133 0.3824306 0.7657951 0.4403085 0.7832379
            0.5 0.7891117 0.5596915 0.7832379 0.6175694 0.7657951 0.671875 0.7373133 0.7209582
            0.6986578 0.7633278 0.6510031 0.7976962 0.5957974 0.8230193 0.5347178 0.8385277
            0.4696204 0.84375 0.402483 0.8385277 0.3353457 0.8230193 0.2702482 0.7976962 0.2091687
            0.7633278 0.1539629 0.7209582 0.1063083 0.671875 0.0676528 0.6175694 0.039171 0.5596915
            0.0217281 0.5 0.0158544 0.4403085 0.0217281 0.3824306 0.039171 0.328125 0.0676528
            0.2790418 0.1063083 0.2366722 0.1539629 0.2023038 0.2091687 0.1769807 0.2702482
            0.1614723 0.3353457</float_array>
          <technique_common>
            <accessor count="59" source="#ID432" stride="2">
              <param name="S" type="float" />
              <param name="T" type="float" />
            </accessor>
          </technique_common>
        </source>
        <vertices id="ID433">
          <input semantic="POSITION" source="#ID427" />
        </vertices>
        <triangles count="59" material="ID434">
          <input semantic="VERTEX" source="#ID433" offset="0" />
          <input semantic="NORMAL" source="#ID429" offset="1" />
          <input semantic="TEXCOORD" source="#ID431" offset="2" set="0" />
          <p>52 52 52 53 53 53 1 1 1 51 51 51 1 1 1 50 50 50 51 51 51 52 52 52 1 1 1 1 1 1 2 2 2 50
            50 50 50 50 50 2 2 2 49 49 49 49 49 49 2 2 2 48 48 48 48 48 48 2 2 2 47 47 47 47 47 47 2
            2 2 46 46 46 46 46 46 2 2 2 3 3 3 45 45 45 3 3 3 44 44 44 45 45 45 46 46 46 3 3 3 44 44
            44 3 3 3 43 43 43 43 43 43 3 3 3 4 4 4 42 42 42 4 4 4 41 41 41 42 42 42 43 43 43 4 4 4
            41 41 41 4 4 4 40 40 40 40 40 40 4 4 4 5 5 5 39 39 39 5 5 5 6 6 6 38 38 38 6 6 6 7 7 7
            37 37 37 7 7 7 8 8 8 36 36 36 8 8 8 9 9 9 35 35 35 9 9 9 10 10 10 34 34 34 10 10 10 11
            11 11 33 33 33 11 11 11 12 12 12 32 32 32 12 12 12 13 13 13 14 14 14 32 32 32 13 13 13
            14 14 14 31 31 31 32 32 32 14 14 14 15 15 15 31 31 31 31 31 31 15 15 15 30 30 30 30 30
            30 15 15 15 16 16 16 29 29 29 16 16 16 17 17 17 28 28 28 17 17 17 18 18 18 27 27 27 18
            18 18 19 19 19 26 26 26 19 19 19 20 20 20 25 25 25 20 20 20 21 21 21 24 24 24 21 21 21
            22 22 22 23 23 23 22 22 22 58 58 58 23 23 23 24 24 24 22 22 22 58 58 58 22 22 22 57 57
            57 57 57 57 22 22 22 0 0 0 56 56 56 0 0 0 55 55 55 56 56 56 57 57 57 0 0 0 24 24 24 25
            25 25 21 21 21 25 25 25 26 26 26 20 20 20 26 26 26 27 27 27 19 19 19 27 27 27 28 28 28
            18 18 18 28 28 28 29 29 29 17 17 17 29 29 29 30 30 30 16 16 16 32 32 32 33 33 33 12 12
            12 33 33 33 34 34 34 11 11 11 34 34 34 35 35 35 10 10 10 35 35 35 36 36 36 9 9 9 36 36
            36 37 37 37 8 8 8 37 37 37 38 38 38 7 7 7 38 38 38 39 39 39 6 6 6 39 39 39 40 40 40 5 5
            5 53 53 53 54 54 54 1 1 1 1 1 1 54 54 54 0 0 0 0 0 0 54 54 54 55 55 55</p>
        </triangles>
      </mesh>
    </geometry>
    <geometry id="ID435">
      <mesh>
        <source id="ID436">
          <float_array id="ID437" count="33">0.0624991 0.1 0.0725 0.0624508 0.1013168 0.0724655
            0.0623764 0.1020645 0.072446 0.0622094 0.1027945 0.0724268 0.0619504 0.1035037 0.0724083
            0.0616073 0.10417 0.0723908 0.0611832 0.1047893 0.0723746 0.0606827 0.1053535 0.0723598
            0.0601213 0.1058466 0.0723469 0.0595 0.1062679 0.0723359 0.0595 0.1 0.0725</float_array>
          <technique_common>
            <accessor count="11" source="#ID437" stride="3">
              <param name="X" type="float" />
              <param name="Y" type="float" />
              <param name="Z" type="float" />
            </accessor>
          </technique_common>
        </source>
        <source id="ID438">
          <float_array id="ID439" count="33">0 0.0261769 0.9996573 0 0.0261769 0.9996573 0 0.0261769
            0.9996573 0 0.0261769 0.9996573 0 0.0261769 0.9996573 0 0.0261769 0.9996573 0 0.0261769
            0.9996573 0 0.0261769 0.9996573 0 0.0261769 0.9996573 0 0.0261769 0.9996573 0 0.0261769
            0.9996573</float_array>
          <technique_common>
            <accessor count="11" source="#ID439" stride="3">
              <param name="X" type="float" />
              <param name="Y" type="float" />
              <param name="Z" type="float" />
            </accessor>
          </technique_common>
        </source>
        <source id="ID440">
          <float_array id="ID441" count="22">1 1 0.7899152 0.9838966 0.6706234 0.9590864 0.5541612
            0.903394 0.441004 0.8170279 0.3347059 0.7026283 0.2359094 0.5612422 0.1458814 0.3943537
            0.0672157 0.2071689 0 0 1 0</float_array>
          <technique_common>
            <accessor count="11" source="#ID441" stride="2">
              <param name="S" type="float" />
              <param name="T" type="float" />
            </accessor>
          </technique_common>
        </source>
        <vertices id="ID442">
          <input semantic="POSITION" source="#ID436" />
        </vertices>
        <triangles count="9" material="ID443">
          <input semantic="VERTEX" source="#ID442" offset="0" />
          <input semantic="NORMAL" source="#ID438" offset="1" />
          <input semantic="TEXCOORD" source="#ID440" offset="2" set="0" />
          <p>0 0 0 1 1 1 10 10 10 10 10 10 1 1 1 2 2 2 3 3 3 10 10 10 2 2 2 3 3 3 4 4 4 10 10 10 10
            10 10 4 4 4 5 5 5 6 6 6 10 10 10 5 5 5 6 6 6 7 7 7 10 10 10 10 10 10 7 7 7 8 8 8 9 9 9
            10 10 10 8 8 8</p>
        </triangles>
      </mesh>
    </geometry>
    <geometry id="ID444">
      <mesh>
        <source id="ID445">
          <float_array id="ID446" count="285">0.057541 0.1070103 0.0728034 0.0580282 0.1068969
            0.072587 0.0585277 0.1067339 0.0724384 0.0590207 0.1065238 0.0723567 0.0595 0.1062679
            0.0723359 0.0601213 0.1058466 0.0723469 0.0606827 0.1053535 0.0723598 0.0611832
            0.1047893 0.0723746 0.0616073 0.10417 0.0723908 0.0619504 0.1035037 0.0724083 0.0622094
            0.1027945 0.0724268 0.0623764 0.1020645 0.072446 0.0624508 0.1013168 0.0724655 0.0616303
            0.1013168 0.0656329 0.0604486 0.1013168 0.0603028 0.0588069 0.1013168 0.055096 0.0567176
            0.1013168 0.0500521 0.0541967 0.1013168 0.0452095 0.0512634 0.1013168 0.040605 0.0479398
            0.1013168 0.0362737 0.0442514 0.1013168 0.0322486 0.0402263 0.1013168 0.0285602 0.035895
            0.1013168 0.0252366 0.0312905 0.1013168 0.0223033 0.0264479 0.1013168 0.0197823 0.021404
            0.1013168 0.0176931 0.0161972 0.1013168 0.0160514 0.0108671 0.1013168 0.0148698
            0.0040345 0.1013168 0.0140492 0.004054 0.1020638 0.0141235 0.0040731 0.1027922 0.0142899
            0.0040917 0.1035007 0.0145483 0.0041091 0.1041681 0.0148916 0.0041253 0.1047866
            0.0153147 0.0041401 0.1053517 0.0158155 0.0041531 0.1058462 0.0163781 0.0041641
            0.1062679 0.017 0.004143 0.1065248 0.0174815 0.0040609 0.1067351 0.0179753 0.003912
            0.106897 0.0184733 0.0036966 0.1070103 0.018959 0.0100125 0.1070103 0.0197164 0.0144822
            0.1070103 0.0206888 0.0197207 0.1070103 0.0223177 0.0265285 0.1070103 0.0253055
            0.0288298 0.1070103 0.0265653 0.0369259 0.1070103 0.0322156 0.0370629 0.1070103
            0.0323302 0.0441698 0.1070103 0.0394371 0.044306 0.1070103 0.0396001 0.0499347 0.1070103
            0.0476702 0.0512211 0.1070103 0.0500229 0.0541823 0.1070103 0.0567793 0.0558283
            0.1070103 0.0620838 0.0567836 0.1070103 0.0664875 0.0614622 0.1025433 0.0656626 0.060957
            0.1038957 0.0657516 0.0601478 0.1050861 0.0658943 0.0590816 0.1060453 0.0660823
            0.0578203 0.1067175 0.0663047 0.0586465 0.1025433 0.0551544 0.0581645 0.1038957
            0.0553298 0.0573924 0.1050861 0.0556109 0.056375 0.1060453 0.0559812 0.0551715 0.1067175
            0.0564192 0.0540489 0.1025433 0.0452948 0.0536047 0.1038957 0.0455513 0.0528931
            0.1050861 0.0459621 0.0519555 0.1060453 0.0465035 0.0508463 0.1067175 0.0471439
            0.0478091 0.1025433 0.0363834 0.0474161 0.1038957 0.0367131 0.0467867 0.1050861
            0.0372413 0.0459573 0.1060453 0.0379372 0.0449762 0.1067175 0.0387605 0.0401166
            0.1025433 0.0286909 0.0397869 0.1038957 0.0290838 0.0392587 0.1050861 0.0297133
            0.0385628 0.1060453 0.0305427 0.0377395 0.1067175 0.0315238 0.0312052 0.1025433
            0.0224511 0.0309487 0.1038957 0.0228953 0.0305379 0.1050861 0.0236069 0.0299965
            0.1060453 0.0245445 0.0293561 0.1067175 0.0256537 0.0213456 0.1025433 0.0178535
            0.0211702 0.1038957 0.0183355 0.0208891 0.1050861 0.0191076 0.0205188 0.1060453 0.020125
            0.0200808 0.1067175 0.0213285 0.0108374 0.1025433 0.0150379 0.0107484 0.1038957 0.015543
            0.0106057 0.1050861 0.0163522 0.0104177 0.1060453 0.0174184 0.0101953 0.1067175
            0.0186797</float_array>
          <technique_common>
            <accessor count="95" source="#ID446" stride="3">
              <param name="X" type="float" />
              <param name="Y" type="float" />
              <param name="Z" type="float" />
            </accessor>
          </technique_common>
        </source>
        <source id="ID447">
          <float_array id="ID448" count="285">0.1787919 0.9838198 -0.011486 0.2618938 0.9649351
            -0.0176595 0.3464601 0.9377565 -0.0240428 0.4289458 0.9028282 -0.0301121 0.5089025
            0.860087 -0.0356157 0.6129407 0.788994 -0.0423351 0.7060387 0.7065336 -0.0481631
            0.7880997 0.6132498 -0.0531369 0.8580096 0.5104354 -0.0572291 0.9150983 0.3986758
            -0.0604377 0.9576816 0.2809168 -0.0627034 0.9851738 0.1591634 -0.0640287 0.9973118
            0.0348995 -0.0644289 0.9842078 0.0348995 -0.1735424 0.9653374 0.0348995 -0.2586614
            0.9391202 0.0348995 -0.3418118 0.9057557 0.0348995 -0.4223608 0.8654978 0.0348995
            -0.4996954 0.818653 0.0348995 -0.573227 0.7655778 0.0348995 -0.642396 0.706676 0.0348995
            -0.706676 0.642396 0.0348995 -0.7655778 0.573227 0.0348995 -0.818653 0.4996954 0.0348995
            -0.8654978 0.4223608 0.0348995 -0.9057557 0.3418118 0.0348995 -0.9391202 0.2586614
            0.0348995 -0.9653374 0.1735424 0.0348995 -0.9842078 0.0644289 0.0348995 -0.9973118
            0.0640297 0.1590244 -0.9851961 0.0627087 0.280559 -0.9577861 0.0604493 0.3981861
            -0.9153107 0.0572401 0.510112 -0.8582012 0.0531571 0.6128129 -0.7884381 0.0481806
            0.7062489 -0.7063223 0.0423428 0.7888994 -0.6130618 0.0356157 0.860087 -0.5089025
            0.0300873 0.9029876 -0.4286118 0.0240049 0.9379439 -0.345955 0.0176362 0.9650131
            -0.2616079 0.011486 0.9838198 -0.1787919 0.0311109 0.9838198 -0.1764386 0.0449993
            0.9838198 -0.1734172 0.0612765 0.9838198 -0.1683557 0.0824294 0.9838198 -0.1590718
            0.0895802 0.9838198 -0.1551575 0.1147365 0.9838198 -0.1376008 0.1151621 0.9838198
            -0.1372449 0.1372449 0.9838198 -0.1151621 0.1376681 0.9838198 -0.1146558 0.1551575
            0.9838198 -0.0895802 0.1591545 0.9838198 -0.0822698 0.1683557 0.9838198 -0.0612765
            0.1734703 0.9838198 -0.0447943 0.1764386 0.9838198 -0.0311109 0.956191 0.2393157
            -0.1686023 0.872004 0.4647232 -0.1537578 0.7371392 0.6631227 -0.1299775 0.5594346
            0.8229839 -0.0986434 0.3492177 0.9350162 -0.0615765 0.9123868 0.2393157 -0.3320816
            0.8320565 0.4647232 -0.3028438 0.70337 0.6631227 -0.2560058 0.5338063 0.8229839
            -0.1942896 0.3332196 0.9350162 -0.121282 0.8408603 0.2393157 -0.4854709 0.7668274
            0.4647232 -0.442728 0.6482293 0.6631227 -0.3742554 0.4919585 0.8229839 -0.2840324
            0.3070968 0.9350162 -0.1773024 0.7437846 0.2393157 -0.6241094 0.6782987 0.4647232
            -0.5691602 0.5733925 0.6631227 -0.4811334 0.4351628 0.8229839 -0.365145 0.2716431
            0.9350162 -0.2279356 0.6241094 0.2393157 -0.7437846 0.5691602 0.4647232 -0.6782987
            0.4811334 0.6631227 -0.5733925 0.365145 0.8229839 -0.4351628 0.2279356 0.9350162
            -0.2716431 0.4854709 0.2393157 -0.8408603 0.442728 0.4647232 -0.7668274 0.3742554
            0.6631227 -0.6482293 0.2840324 0.8229839 -0.4919585 0.1773024 0.9350162 -0.3070968
            0.3320816 0.2393157 -0.9123868 0.3028438 0.4647232 -0.8320565 0.2560058 0.6631227
            -0.70337 0.1942896 0.8229839 -0.5338063 0.121282 0.9350162 -0.3332196 0.1686023
            0.2393157 -0.956191 0.1537578 0.4647232 -0.872004 0.1299775 0.6631227 -0.7371392
            0.0986434 0.8229839 -0.5594346 0.0615765 0.9350162 -0.3492177</float_array>
          <technique_common>
            <accessor count="95" source="#ID448" stride="3">
              <param name="X" type="float" />
              <param name="Y" type="float" />
              <param name="Z" type="float" />
            </accessor>
          </technique_common>
        </source>
        <source id="ID449">
          <float_array id="ID450" count="190">1 1 0.9369597 0.9977996 0.8712526 0.9964433 0.8050082
            0.9958882 0.7379891 0.9960364 0.6448526 0.9966687 0.5529616 0.9972571 0.4611902
            0.9978036 0.3693764 0.9983035 0.2767207 0.9987556 0.1842828 0.9991496 0.0921527
            0.9994822 0 0.9997513 0 0.9234802 0 0.862983 0 0.8024858 0 0.7419887 0 0.6814915 0
            0.6209943 0 0.5604972 0 0.5 0 0.4395028 0 0.3790057 0 0.3185085 0 0.2580113 0 0.1975142
            0 0.137017 0 0.0765198 0 0.0002488 0.0920488 0.0005175 0.1840078 0.0008494 0.2763269
            0.0012428 0.3690991 0.001695 0.4607824 0.002194 0.5526649 0.0027409 0.6447392 0.0033304
            0.7379891 0.0039636 0.8052819 0.0041096 0.8716509 0.0035511 0.937179 0.0021898 1 0 1
            0.0765198 1 0.1315313 1 0.1975142 1 0.2869621 1 0.3185085 1 0.437356 1 0.4395028 1
            0.5604972 1 0.5630508 1 0.6814915 1 0.7137336 1 0.8024858 1 0.8692884 1 0.9234802
            0.1525011 0.9234802 0.3307491 0.9234802 0.5089972 0.9234802 0.6872452 0.9234802
            0.8654933 0.9234802 0.1525011 0.8024858 0.3307491 0.8024858 0.5089972 0.8024858
            0.6872452 0.8024858 0.8654933 0.8024858 0.1525011 0.6814915 0.3307491 0.6814915
            0.5089972 0.6814915 0.6872452 0.6814915 0.8654933 0.6814915 0.1525011 0.5604972
            0.3307491 0.5604972 0.5089972 0.5604972 0.6872452 0.5604972 0.8654933 0.5604972
            0.1525011 0.4395028 0.3307491 0.4395028 0.5089972 0.4395028 0.6872452 0.4395028
            0.8654933 0.4395028 0.1525011 0.3185085 0.3307491 0.3185085 0.5089972 0.3185085
            0.6872452 0.3185085 0.8654933 0.3185085 0.1525011 0.1975142 0.3307491 0.1975142
            0.5089972 0.1975142 0.6872452 0.1975142 0.8654933 0.1975142 0.1525011 0.0765198
            0.3307491 0.0765198 0.5089972 0.0765198 0.6872452 0.0765198 0.8654933 0.0765198</float_array>
          <technique_common>
            <accessor count="95" source="#ID450" stride="2">
              <param name="S" type="float" />
              <param name="T" type="float" />
            </accessor>
          </technique_common>
        </source>
        <vertices id="ID451">
          <input semantic="POSITION" source="#ID445" />
        </vertices>
        <triangles count="133" material="ID452">
          <input semantic="VERTEX" source="#ID451" offset="0" />
          <input semantic="NORMAL" source="#ID447" offset="1" />
          <input semantic="TEXCOORD" source="#ID449" offset="2" set="0" />
          <p>0 0 0 1 1 1 54 54 54 54 54 54 1 1 1 2 2 2 59 59 59 2 2 2 3 3 3 58 58 58 3 3 3 4 4 4 5 5
            5 58 58 58 4 4 4 5 5 5 57 57 57 58 58 58 5 5 5 6 6 6 57 57 57 57 57 57 6 6 6 7 7 7 56 56
            56 7 7 7 8 8 8 9 9 9 56 56 56 8 8 8 9 9 9 55 55 55 56 56 56 9 9 9 10 10 10 55 55 55 55
            55 55 10 10 10 11 11 11 13 13 13 11 11 11 12 12 12 13 13 13 55 55 55 11 11 11 13 13 13
            14 14 14 55 55 55 55 55 55 14 14 14 60 60 60 61 61 61 60 60 60 66 66 66 67 67 67 66 66
            66 72 72 72 73 73 73 72 72 72 78 78 78 79 79 79 78 78 78 84 84 84 46 46 46 84 84 84 45
            45 45 46 46 46 79 79 79 84 84 84 46 46 46 47 47 47 79 79 79 79 79 79 47 47 47 74 74 74
            73 73 73 74 74 74 68 68 68 67 67 67 68 68 68 62 62 62 61 61 61 62 62 62 56 56 56 55 55
            55 61 61 61 56 56 56 55 55 55 60 60 60 61 61 61 14 14 14 15 15 15 60 60 60 60 60 60 15
            15 15 16 16 16 65 65 65 16 16 16 17 17 17 18 18 18 65 65 65 17 17 17 18 18 18 70 70 70
            65 65 65 18 18 18 19 19 19 70 70 70 70 70 70 19 19 19 20 20 20 75 75 75 20 20 20 21 21
            21 22 22 22 75 75 75 21 21 21 22 22 22 80 80 80 75 75 75 22 22 22 23 23 23 80 80 80 80
            80 80 23 23 23 24 24 24 85 85 85 24 24 24 25 25 25 26 26 26 85 85 85 25 25 25 26 26 26
            90 90 90 85 85 85 26 26 26 27 27 27 90 90 90 90 90 90 27 27 27 29 29 29 30 30 30 90 90
            90 29 29 29 30 30 30 31 31 31 90 90 90 90 90 90 31 31 31 91 91 91 85 85 85 91 91 91 86
            86 86 80 80 80 86 86 86 81 81 81 75 75 75 81 81 81 76 76 76 70 70 70 76 76 76 71 71 71
            65 65 65 71 71 71 66 66 66 60 60 60 65 65 65 66 66 66 60 60 60 16 16 16 65 65 65 27 27
            27 28 28 28 29 29 29 31 31 31 32 32 32 91 91 91 91 91 91 32 32 32 33 33 33 92 92 92 33
            33 33 34 34 34 35 35 35 92 92 92 34 34 34 35 35 35 93 93 93 92 92 92 35 35 35 36 36 36
            93 93 93 93 93 93 36 36 36 37 37 37 94 94 94 37 37 37 38 38 38 41 41 41 38 38 38 39 39
            39 40 40 40 41 41 41 39 39 39 38 38 38 41 41 41 94 94 94 94 94 94 41 41 41 42 42 42 89
            89 89 42 42 42 43 43 43 44 44 44 89 89 89 43 43 43 44 44 44 84 84 84 89 89 89 44 44 44
            45 45 45 84 84 84 47 47 47 48 48 48 74 74 74 74 74 74 48 48 48 49 49 49 69 69 69 49 49
            49 50 50 50 51 51 51 69 69 69 50 50 50 51 51 51 64 64 64 69 69 69 51 51 51 52 52 52 64
            64 64 64 64 64 52 52 52 53 53 53 59 59 59 53 53 53 54 54 54 2 2 2 59 59 59 54 54 54 7 7
            7 56 56 56 57 57 57 57 57 57 56 56 56 62 62 62 63 63 63 62 62 62 68 68 68 69 69 69 68 68
            68 74 74 74 49 49 49 69 69 69 74 74 74 3 3 3 58 58 58 59 59 59 59 59 59 58 58 58 64 64
            64 53 53 53 59 59 59 64 64 64 62 62 62 63 63 63 57 57 57 57 57 57 63 63 63 58 58 58 58
            58 58 63 63 63 64 64 64 64 64 64 63 63 63 69 69 69 69 69 69 63 63 63 68 68 68 66 66 66
            67 67 67 61 61 61 61 61 61 67 67 67 62 62 62 72 72 72 73 73 73 67 67 67 67 67 67 73 73
            73 68 68 68 70 70 70 71 71 71 65 65 65 66 66 66 71 71 71 72 72 72 72 72 72 71 71 71 77
            77 77 78 78 78 77 77 77 83 83 83 84 84 84 83 83 83 89 89 89 84 84 84 78 78 78 83 83 83
            78 78 78 79 79 79 73 73 73 73 73 73 79 79 79 74 74 74 20 20 20 75 75 75 70 70 70 70 70
            70 75 75 75 76 76 76 71 71 71 76 76 76 77 77 77 77 77 77 76 76 76 82 82 82 83 83 83 82
            82 82 88 88 88 89 89 89 88 88 88 94 94 94 42 42 42 89 89 89 94 94 94 77 77 77 78 78 78
            72 72 72 80 80 80 81 81 81 75 75 75 76 76 76 81 81 81 82 82 82 82 82 82 81 81 81 87 87
            87 88 88 88 87 87 87 93 93 93 94 94 94 93 93 93 37 37 37 94 94 94 88 88 88 93 93 93 82
            82 82 83 83 83 77 77 77 24 24 24 85 85 85 80 80 80 80 80 80 85 85 85 86 86 86 81 81 81
            86 86 86 87 87 87 87 87 87 86 86 86 92 92 92 93 93 93 87 87 87 92 92 92 87 87 87 88 88
            88 82 82 82 88 88 88 89 89 89 83 83 83 90 90 90 91 91 91 85 85 85 33 33 33 92 92 92 91
            91 91 91 91 91 92 92 92 86 86 86</p>
        </triangles>
      </mesh>
    </geometry>
    <geometry id="ID453">
      <mesh>
        <source id="ID454">
          <float_array id="ID455" count="33">0.0040345 0.1013168 0.0140492 0.004 0.1 0.0140009 0.004
            0.1 0.017 0.0041641 0.1062679 0.017 0.0041531 0.1058462 0.0163781 0.0041401 0.1053517
            0.0158155 0.0041253 0.1047866 0.0153147 0.0041091 0.1041681 0.0148916 0.0040917
            0.1035007 0.0145483 0.0040731 0.1027922 0.0142899 0.004054 0.1020638 0.0141235</float_array>
          <technique_common>
            <accessor count="11" source="#ID455" stride="3">
              <param name="X" type="float" />
              <param name="Y" type="float" />
              <param name="Z" type="float" />
            </accessor>
          </technique_common>
        </source>
        <source id="ID456">
          <float_array id="ID457" count="33">-0.9996573 0.0261769 0 -0.9996573 0.0261769 0
            -0.9996573 0.0261769 0 -0.9996573 0.0261769 0 -0.9996573 0.0261769 0 -0.9996573
            0.0261769 0 -0.9996573 0.0261769 0 -0.9996573 0.0261769 0 -0.9996573 0.0261769 0
            -0.9996573 0.0261769 0 -0.9996573 0.0261769 0</float_array>
          <technique_common>
            <accessor count="11" source="#ID457" stride="3">
              <param name="X" type="float" />
              <param name="Y" type="float" />
              <param name="Z" type="float" />
            </accessor>
          </technique_common>
        </source>
        <source id="ID458">
          <float_array id="ID459" count="22">0.9838966 0.7899152 1 1 0 1 0 0 0.2073593 0.0672861
            0.3949576 0.1461689 0.5619467 0.2363414 0.7030142 0.3350154 0.8174673 0.4414839
            0.9036215 0.55453 0.9591224 0.6707296</float_array>
          <technique_common>
            <accessor count="11" source="#ID459" stride="2">
              <param name="S" type="float" />
              <param name="T" type="float" />
            </accessor>
          </technique_common>
        </source>
        <vertices id="ID460">
          <input semantic="POSITION" source="#ID454" />
        </vertices>
        <triangles count="9" material="ID461">
          <input semantic="VERTEX" source="#ID460" offset="0" />
          <input semantic="NORMAL" source="#ID456" offset="1" />
          <input semantic="TEXCOORD" source="#ID458" offset="2" set="0" />
          <p>1 1 1 2 2 2 0 0 0 0 0 0 2 2 2 10 10 10 10 10 10 2 2 2 9 9 9 9 9 9 2 2 2 8 8 8 8 8 8 2 2
            2 7 7 7 7 7 7 2 2 2 6 6 6 6 6 6 2 2 2 5 5 5 5 5 5 2 2 2 4 4 4 4 4 4 2 2 2 3 3 3</p>
        </triangles>
      </mesh>
    </geometry>
    <geometry id="ID462">
      <mesh>
        <source id="ID463">
          <float_array id="ID464" count="186">0.004 0.1 0.0140009 0.0026677 0.1 0.0139299 0.0013341
            0.1 0.0138872 0 0.1 0.013873 -0.0013341 0.1 0.0138872 -0.0026677 0.1 0.0139299 -0.004
            0.1 0.0140009 -0.004 0.1 0.017 -0.0039392 0.1 0.0176946 -0.0037588 0.1 0.0183681
            -0.0034641 0.1 0.019 -0.0030642 0.1 0.0195712 -0.0025712 0.1 0.0200642 -0.002 0.1
            0.0204641 -0.0013681 0.1 0.0207588 -0.0006946 0.1 0.0209392 0 0.1 0.021 0.0006946 0.1
            0.0209392 0.0013681 0.1 0.0207588 0.002 0.1 0.0204641 0.0025712 0.1 0.0200642 0.0030642
            0.1 0.0195712 0.0034641 0.1 0.019 0.0037588 0.1 0.0183681 0.0039392 0.1 0.0176946 0.004
            0.1 0.017 0 0.1 0.0195 -0.0004775 0.1 0.0194582 -0.0009406 0.1 0.0193342 -0.001375 0.1
            0.0191316 -0.0017677 0.1 0.0188566 -0.0021066 0.1 0.0185177 -0.0023816 0.1 0.018125
            -0.0025842 0.1 0.0176906 -0.0027082 0.1 0.0172275 -0.00275 0.1 0.01675 -0.0027082 0.1
            0.0162725 -0.0025842 0.1 0.0158094 -0.0023816 0.1 0.015375 -0.0021066 0.1 0.0149823
            -0.0017677 0.1 0.0146434 -0.001375 0.1 0.0143684 -0.0009406 0.1 0.0141658 -0.0004775 0.1
            0.0140418 0 0.1 0.014 0.0004775 0.1 0.0140418 0.0009406 0.1 0.0141658 0.001375 0.1
            0.0143684 0.0017677 0.1 0.0146434 0.0021066 0.1 0.0149823 0.0023816 0.1 0.015375
            0.0025842 0.1 0.0158094 0.0027082 0.1 0.0162725 0.00275 0.1 0.01675 0.0027082 0.1
            0.0172275 0.0025842 0.1 0.0176906 0.0023816 0.1 0.018125 0.0021066 0.1 0.0185177
            0.0017677 0.1 0.0188566 0.001375 0.1 0.0191316 0.0009406 0.1 0.0193342 0.0004775 0.1
            0.0194582</float_array>
          <technique_common>
            <accessor count="62" source="#ID464" stride="3">
              <param name="X" type="float" />
              <param name="Y" type="float" />
              <param name="Z" type="float" />
            </accessor>
          </technique_common>
        </source>
        <source id="ID465">
          <float_array id="ID466" count="186">0 1 0 0 1 0 0 1 0 0 1 0 0 1 0 0 1 0 0 1 0 0 1 0 0 1 0
            0 1 0 0 1 0 0 1 0 0 1 0 0 1 0 0 1 0 0 1 0 0 1 0 0 1 0 0 1 0 0 1 0 0 1 0 0 1 0 0 1 0 0 1
            0 0 1 0 0 1 0 0 1 0 0 1 0 0 1 0 0 1 0 0 1 0 0 1 0 0 1 0 0 1 0 0 1 0 0 1 0 0 1 0 0 1 0 0
            1 0 0 1 0 0 1 0 0 1 0 0 1 0 0 1 0 0 1 0 0 1 0 0 1 0 0 1 0 0 1 0 0 1 0 0 1 0 0 1 0 0 1 0
            0 1 0 0 1 0 0 1 0 0 1 0 0 1 0 0 1 0 0 1 0 0 1 0 0 1 0</float_array>
          <technique_common>
            <accessor count="62" source="#ID466" stride="3">
              <param name="X" type="float" />
              <param name="Y" type="float" />
              <param name="Z" type="float" />
            </accessor>
          </technique_common>
        </source>
        <source id="ID467">
          <float_array id="ID468" count="124">0.9820582 0 0.9920244 0.1665405 0.9980059 0.3332324 1
            0.5 0.9980059 0.6667676 0.9920244 0.8334595 0.9820582 1 0.5612475 1 0.4637879 0.9924039
            0.3692895 0.9698463 0.2806237 0.9330127 0.2004845 0.8830222 0.131307 0.8213938 0.0751929
            0.75 0.0338474 0.6710101 0.0085266 0.5868241 0 0.5 0.0085266 0.4131759 0.0338474
            0.3289899 0.0751929 0.25 0.131307 0.1786062 0.2004845 0.1169778 0.2806237 0.0669873
            0.3692895 0.0301537 0.4637879 0.0075961 0.5612475 0 0.2104678 0.5 0.2163298 0.5596915
            0.2337379 0.6175694 0.2621629 0.671875 0.3007413 0.7209582 0.3483009 0.7633278 0.4033966
            0.7976962 0.4643544 0.8230193 0.529322 0.8385277 0.5963255 0.84375 0.6633289 0.8385277
            0.7282966 0.8230193 0.7892542 0.7976962 0.8443499 0.7633278 0.8919095 0.7209582 0.930488
            0.671875 0.958913 0.6175694 0.976321 0.5596915 0.9821831 0.5 0.976321 0.4403085 0.958913
            0.3824306 0.930488 0.328125 0.8919095 0.2790418 0.8443499 0.2366722 0.7892542 0.2023038
            0.7282966 0.1769807 0.6633289 0.1614723 0.5963255 0.15625 0.529322 0.1614723 0.4643544
            0.1769807 0.4033966 0.2023038 0.3483009 0.2366722 0.3007413 0.2790418 0.2621629 0.328125
            0.2337379 0.3824306 0.2163298 0.4403085</float_array>
          <technique_common>
            <accessor count="62" source="#ID468" stride="2">
              <param name="S" type="float" />
              <param name="T" type="float" />
            </accessor>
          </technique_common>
        </source>
        <vertices id="ID469">
          <input semantic="POSITION" source="#ID463" />
        </vertices>
        <triangles count="62" material="ID470">
          <input semantic="VERTEX" source="#ID469" offset="0" />
          <input semantic="NORMAL" source="#ID465" offset="1" />
          <input semantic="TEXCOORD" source="#ID467" offset="2" set="0" />
          <p>48 48 48 49 49 49 1 1 1 2 2 2 48 48 48 1 1 1 2 2 2 47 47 47 48 48 48 2 2 2 46 46 46 47
            47 47 2 2 2 45 45 45 46 46 46 2 2 2 3 3 3 45 45 45 45 45 45 3 3 3 44 44 44 44 44 44 3 3
            3 43 43 43 43 43 43 3 3 3 4 4 4 42 42 42 4 4 4 41 41 41 42 42 42 43 43 43 4 4 4 41 41 41
            4 4 4 40 40 40 40 40 40 4 4 4 5 5 5 39 39 39 5 5 5 38 38 38 39 39 39 40 40 40 5 5 5 5 5
            5 6 6 6 38 38 38 38 38 38 6 6 6 37 37 37 37 37 37 6 6 6 7 7 7 36 36 36 7 7 7 35 35 35 36
            36 36 37 37 37 7 7 7 35 35 35 7 7 7 34 34 34 34 34 34 7 7 7 8 8 8 33 33 33 8 8 8 9 9 9
            32 32 32 9 9 9 10 10 10 31 31 31 10 10 10 11 11 11 30 30 30 11 11 11 12 12 12 29 29 29
            12 12 12 13 13 13 28 28 28 13 13 13 14 14 14 27 27 27 14 14 14 15 15 15 26 26 26 15 15
            15 16 16 16 17 17 17 26 26 26 16 16 16 17 17 17 61 61 61 26 26 26 17 17 17 18 18 18 61
            61 61 61 61 61 18 18 18 60 60 60 60 60 60 18 18 18 19 19 19 59 59 59 19 19 19 20 20 20
            58 58 58 20 20 20 21 21 21 57 57 57 21 21 21 22 22 22 56 56 56 22 22 22 23 23 23 55 55
            55 23 23 23 24 24 24 54 54 54 24 24 24 25 25 25 53 53 53 25 25 25 52 52 52 53 53 53 54
            54 54 25 25 25 52 52 52 25 25 25 51 51 51 51 51 51 25 25 25 0 0 0 50 50 50 0 0 0 1 1 1
            49 49 49 50 50 50 1 1 1 26 26 26 27 27 27 15 15 15 27 27 27 28 28 28 14 14 14 28 28 28
            29 29 29 13 13 13 29 29 29 30 30 30 12 12 12 30 30 30 31 31 31 11 11 11 31 31 31 32 32
            32 10 10 10 32 32 32 33 33 33 9 9 9 33 33 33 34 34 34 8 8 8 50 50 50 51 51 51 0 0 0 54
            54 54 55 55 55 24 24 24 55 55 55 56 56 56 23 23 23 56 56 56 57 57 57 22 22 22 57 57 57
            58 58 58 21 21 21 58 58 58 59 59 59 20 20 20 59 59 59 60 60 60 19 19 19</p>
        </triangles>
      </mesh>
    </geometry>
    <geometry id="ID471">
      <mesh>
        <source id="ID472">
          <float_array id="ID473" count="33">-0.004 0.1 0.0140009 -0.0040345 0.1013168 0.0140492
            -0.0040541 0.1020645 0.0141236 -0.0040732 0.1027945 0.0142906 -0.0040917 0.1035037
            0.0145496 -0.0041092 0.10417 0.0148927 -0.0041254 0.1047893 0.0153168 -0.0041402
            0.1053535 0.0158173 -0.0041531 0.1058466 0.0163787 -0.0041641 0.1062679 0.017 -0.004 0.1
            0.017</float_array>
          <technique_common>
            <accessor count="11" source="#ID473" stride="3">
              <param name="X" type="float" />
              <param name="Y" type="float" />
              <param name="Z" type="float" />
            </accessor>
          </technique_common>
        </source>
        <source id="ID474">
          <float_array id="ID475" count="33">0.9996573 0.0261769 0 0.9996573 0.0261769 0 0.9996573
            0.0261769 0 0.9996573 0.0261769 0 0.9996573 0.0261769 0 0.9996573 0.0261769 0 0.9996573
            0.0261769 0 0.9996573 0.0261769 0 0.9996573 0.0261769 0 0.9996573 0.0261769 0 0.9996573
            0.0261769 0</float_array>
          <technique_common>
            <accessor count="11" source="#ID475" stride="3">
              <param name="X" type="float" />
              <param name="Y" type="float" />
              <param name="Z" type="float" />
            </accessor>
          </technique_common>
        </source>
        <source id="ID476">
          <float_array id="ID477" count="22">0 0 0.2100848 0.0161034 0.3293765 0.0409136 0.4458388
            0.096606 0.558996 0.182972 0.6652941 0.2973716 0.7640907 0.4387578 0.8541185 0.6056463
            0.9327843 0.7928311 1 1 0 1</float_array>
          <technique_common>
            <accessor count="11" source="#ID477" stride="2">
              <param name="S" type="float" />
              <param name="T" type="float" />
            </accessor>
          </technique_common>
        </source>
        <vertices id="ID478">
          <input semantic="POSITION" source="#ID472" />
        </vertices>
        <triangles count="9" material="ID479">
          <input semantic="VERTEX" source="#ID478" offset="0" />
          <input semantic="NORMAL" source="#ID474" offset="1" />
          <input semantic="TEXCOORD" source="#ID476" offset="2" set="0" />
          <p>0 0 0 1 1 1 10 10 10 10 10 10 1 1 1 2 2 2 3 3 3 10 10 10 2 2 2 3 3 3 4 4 4 10 10 10 10
            10 10 4 4 4 5 5 5 6 6 6 10 10 10 5 5 5 6 6 6 7 7 7 10 10 10 10 10 10 7 7 7 8 8 8 9 9 9
            10 10 10 8 8 8</p>
        </triangles>
      </mesh>
    </geometry>
    <geometry id="ID480">
      <mesh>
        <source id="ID481">
          <float_array id="ID482" count="285">-0.0595 0.1062679 0.0723359 -0.0590185 0.1065248
            0.072357 -0.0585247 0.1067351 0.0724391 -0.0580267 0.106897 0.072588 -0.057541 0.1070103
            0.0728034 -0.0567836 0.1070103 0.0664875 -0.0558283 0.1070103 0.0620838 -0.0541823
            0.1070103 0.0567793 -0.0512211 0.1070103 0.0500229 -0.0499347 0.1070103 0.0476702
            -0.044306 0.1070103 0.0396001 -0.0441698 0.1070103 0.0394371 -0.0370629 0.1070103
            0.0323302 -0.0369259 0.1070103 0.0322156 -0.0288298 0.1070103 0.0265653 -0.0265285
            0.1070103 0.0253055 -0.0197207 0.1070103 0.0223177 -0.0144822 0.1070103 0.0206888
            -0.0100125 0.1070103 0.0197164 -0.0036966 0.1070103 0.018959 -0.003913 0.1068969
            0.0184718 -0.0040616 0.1067339 0.0179724 -0.0041433 0.1065238 0.0174793 -0.0041641
            0.1062679 0.017 -0.0041531 0.1058466 0.0163787 -0.0041402 0.1053535 0.0158173 -0.0041254
            0.1047893 0.0153168 -0.0041092 0.10417 0.0148927 -0.0040917 0.1035037 0.0145496
            -0.0040732 0.1027945 0.0142906 -0.0040541 0.1020645 0.0141236 -0.0040345 0.1013168
            0.0140492 -0.0108671 0.1013168 0.0148698 -0.0161972 0.1013168 0.0160514 -0.021404
            0.1013168 0.0176931 -0.0264479 0.1013168 0.0197823 -0.0312905 0.1013168 0.0223033
            -0.035895 0.1013168 0.0252366 -0.0402263 0.1013168 0.0285602 -0.0442514 0.1013168
            0.0322486 -0.0479398 0.1013168 0.0362737 -0.0512634 0.1013168 0.040605 -0.0541967
            0.1013168 0.0452095 -0.0567176 0.1013168 0.0500521 -0.0588069 0.1013168 0.055096
            -0.0604486 0.1013168 0.0603028 -0.0616303 0.1013168 0.0656329 -0.0624508 0.1013168
            0.0724655 -0.0623765 0.1020638 0.072446 -0.0622101 0.1027922 0.0724269 -0.0619517
            0.1035007 0.0724083 -0.0616084 0.1041681 0.0723909 -0.0611853 0.1047866 0.0723747
            -0.0606845 0.1053517 0.0723599 -0.0601219 0.1058462 0.0723469 -0.0578203 0.1067175
            0.0663047 -0.0590816 0.1060453 0.0660823 -0.0601478 0.1050861 0.0658943 -0.060957
            0.1038957 0.0657516 -0.0614622 0.1025433 0.0656626 -0.0551715 0.1067175 0.0564192
            -0.056375 0.1060453 0.0559812 -0.0573924 0.1050861 0.0556109 -0.0581645 0.1038957
            0.0553298 -0.0586465 0.1025433 0.0551544 -0.0508463 0.1067175 0.0471439 -0.0519555
            0.1060453 0.0465035 -0.0528931 0.1050861 0.0459621 -0.0536047 0.1038957 0.0455513
            -0.0540489 0.1025433 0.0452948 -0.0449762 0.1067175 0.0387605 -0.0459573 0.1060453
            0.0379372 -0.0467867 0.1050861 0.0372413 -0.0474161 0.1038957 0.0367131 -0.0478091
            0.1025433 0.0363834 -0.0377395 0.1067175 0.0315238 -0.0385628 0.1060453 0.0305427
            -0.0392587 0.1050861 0.0297133 -0.0397869 0.1038957 0.0290838 -0.0401166 0.1025433
            0.0286909 -0.0293561 0.1067175 0.0256537 -0.0299965 0.1060453 0.0245445 -0.0305379
            0.1050861 0.0236069 -0.0309487 0.1038957 0.0228953 -0.0312052 0.1025433 0.0224511
            -0.0200808 0.1067175 0.0213285 -0.0205188 0.1060453 0.020125 -0.0208891 0.1050861
            0.0191076 -0.0211702 0.1038957 0.0183355 -0.0213456 0.1025433 0.0178535 -0.0101953
            0.1067175 0.0186797 -0.0104177 0.1060453 0.0174184 -0.0106057 0.1050861 0.0163522
            -0.0107484 0.1038957 0.015543 -0.0108374 0.1025433 0.0150379</float_array>
          <technique_common>
            <accessor count="95" source="#ID482" stride="3">
              <param name="X" type="float" />
              <param name="Y" type="float" />
              <param name="Z" type="float" />
            </accessor>
          </technique_common>
        </source>
        <source id="ID483">
          <float_array id="ID484" count="285">-0.5089025 0.860087 -0.0356157 -0.4286118 0.9029876
            -0.0300873 -0.345955 0.9379439 -0.0240049 -0.2616079 0.9650131 -0.0176362 -0.1787919
            0.9838198 -0.011486 -0.1764386 0.9838198 -0.0311109 -0.1734703 0.9838198 -0.0447943
            -0.1683557 0.9838198 -0.0612765 -0.1591545 0.9838198 -0.0822698 -0.1551575 0.9838198
            -0.0895802 -0.1376681 0.9838198 -0.1146558 -0.1372449 0.9838198 -0.1151621 -0.1151621
            0.9838198 -0.1372449 -0.1147365 0.9838198 -0.1376008 -0.0895802 0.9838198 -0.1551575
            -0.0824294 0.9838198 -0.1590718 -0.0612765 0.9838198 -0.1683557 -0.0449993 0.9838198
            -0.1734172 -0.0311109 0.9838198 -0.1764386 -0.011486 0.9838198 -0.1787919 -0.0176595
            0.9649351 -0.2618938 -0.0240428 0.9377565 -0.3464601 -0.0301121 0.9028282 -0.4289458
            -0.0356157 0.860087 -0.5089025 -0.0423351 0.788994 -0.6129407 -0.0481631 0.7065336
            -0.7060387 -0.0531369 0.6132497 -0.7880998 -0.0572291 0.5104354 -0.8580096 -0.0604377
            0.3986759 -0.9150982 -0.0627034 0.2809168 -0.9576816 -0.0640287 0.1591634 -0.9851738
            -0.0644289 0.0348995 -0.9973118 -0.1735424 0.0348995 -0.9842078 -0.2586614 0.0348995
            -0.9653374 -0.3418118 0.0348995 -0.9391202 -0.4223608 0.0348995 -0.9057557 -0.4996954
            0.0348995 -0.8654978 -0.573227 0.0348995 -0.818653 -0.642396 0.0348995 -0.7655778
            -0.706676 0.0348995 -0.706676 -0.7655778 0.0348995 -0.642396 -0.818653 0.0348995
            -0.573227 -0.8654978 0.0348995 -0.4996954 -0.9057557 0.0348995 -0.4223608 -0.9391202
            0.0348995 -0.3418118 -0.9653374 0.0348995 -0.2586614 -0.9842078 0.0348995 -0.1735424
            -0.9973118 0.0348995 -0.0644289 -0.9851961 0.1590244 -0.0640297 -0.9577861 0.280559
            -0.0627087 -0.9153107 0.3981861 -0.0604493 -0.8582012 0.510112 -0.0572401 -0.7884381
            0.6128129 -0.0531571 -0.7063223 0.7062489 -0.0481806 -0.6130618 0.7888994 -0.0423428
            -0.3492177 0.9350162 -0.0615765 -0.5594346 0.8229839 -0.0986434 -0.7371392 0.6631227
            -0.1299775 -0.872004 0.4647232 -0.1537578 -0.956191 0.2393157 -0.1686023 -0.3332196
            0.9350162 -0.121282 -0.5338063 0.8229839 -0.1942896 -0.70337 0.6631227 -0.2560058
            -0.8320565 0.4647232 -0.3028438 -0.9123868 0.2393157 -0.3320816 -0.3070968 0.9350162
            -0.1773024 -0.4919585 0.8229839 -0.2840324 -0.6482293 0.6631227 -0.3742554 -0.7668274
            0.4647232 -0.442728 -0.8408603 0.2393157 -0.4854709 -0.2716431 0.9350162 -0.2279356
            -0.4351628 0.8229839 -0.365145 -0.5733925 0.6631227 -0.4811334 -0.6782987 0.4647232
            -0.5691602 -0.7437846 0.2393157 -0.6241094 -0.2279356 0.9350162 -0.2716431 -0.365145
            0.8229839 -0.4351628 -0.4811334 0.6631227 -0.5733925 -0.5691602 0.4647232 -0.6782987
            -0.6241094 0.2393157 -0.7437846 -0.1773024 0.9350162 -0.3070968 -0.2840324 0.8229839
            -0.4919585 -0.3742554 0.6631227 -0.6482293 -0.442728 0.4647232 -0.7668274 -0.4854709
            0.2393157 -0.8408603 -0.121282 0.9350162 -0.3332196 -0.1942896 0.8229839 -0.5338063
            -0.2560058 0.6631227 -0.70337 -0.3028438 0.4647232 -0.8320565 -0.3320816 0.2393157
            -0.9123868 -0.0615765 0.9350162 -0.3492177 -0.0986434 0.8229839 -0.5594346 -0.1299775
            0.6631227 -0.7371392 -0.1537578 0.4647232 -0.872004 -0.1686023 0.2393157 -0.956191</float_array>
          <technique_common>
            <accessor count="95" source="#ID484" stride="3">
              <param name="X" type="float" />
              <param name="Y" type="float" />
              <param name="Z" type="float" />
            </accessor>
          </technique_common>
        </source>
        <source id="ID485">
          <float_array id="ID486" count="190">0.7379891 0.0039636 0.8052819 0.0041097 0.8716509
            0.003551 0.937179 0.0021898 1 0 1 0.0765198 1 0.1307116 1 0.1975141 1 0.2862664 1
            0.3185085 1 0.4369492 1 0.4395028 1 0.5604972 1 0.562644 1 0.6814915 1 0.7130378 1
            0.8024858 1 0.8684687 1 0.9234802 1 1 0.9369597 0.9977998 0.8712526 0.9964433 0.8050082
            0.9958882 0.7379891 0.9960364 0.6448526 0.9966687 0.5529616 0.9972573 0.4611901
            0.9978037 0.3693764 0.9983035 0.2767208 0.9987554 0.1842828 0.9991496 0.0921527
            0.9994822 0 0.9997513 0 0.9234802 0 0.862983 0 0.8024858 0 0.7419887 0 0.6814915 0
            0.6209943 0 0.5604972 0 0.5 0 0.4395028 0 0.3790057 0 0.3185085 0 0.2580113 0 0.1975141
            0 0.1370169 0 0.0765198 0 0.0002488 0.0920488 0.0005175 0.1840078 0.0008493 0.2763269
            0.0012427 0.3690991 0.0016951 0.4607824 0.002194 0.5526649 0.002741 0.6447392 0.0033304
            0.8654933 0.0765198 0.6872452 0.0765198 0.5089972 0.0765198 0.3307491 0.0765198
            0.1525011 0.0765198 0.8654933 0.1975141 0.6872452 0.1975141 0.5089972 0.1975141
            0.3307491 0.1975141 0.1525011 0.1975141 0.8654933 0.3185085 0.6872452 0.3185085
            0.5089972 0.3185085 0.3307491 0.3185085 0.1525011 0.3185085 0.8654933 0.4395028
            0.6872452 0.4395028 0.5089972 0.4395028 0.3307491 0.4395028 0.1525011 0.4395028
            0.8654933 0.5604972 0.6872452 0.5604972 0.5089972 0.5604972 0.3307491 0.5604972
            0.1525011 0.5604972 0.8654933 0.6814915 0.6872452 0.6814915 0.5089972 0.6814915
            0.3307491 0.6814915 0.1525011 0.6814915 0.8654933 0.8024858 0.6872452 0.8024858
            0.5089972 0.8024858 0.3307491 0.8024858 0.1525011 0.8024858 0.8654933 0.9234802
            0.6872452 0.9234802 0.5089972 0.9234802 0.3307491 0.9234802 0.1525011 0.9234802</float_array>
          <technique_common>
            <accessor count="95" source="#ID486" stride="2">
              <param name="S" type="float" />
              <param name="T" type="float" />
            </accessor>
          </technique_common>
        </source>
        <vertices id="ID487">
          <input semantic="POSITION" source="#ID481" />
        </vertices>
        <triangles count="133" material="ID488">
          <input semantic="VERTEX" source="#ID487" offset="0" />
          <input semantic="NORMAL" source="#ID483" offset="1" />
          <input semantic="TEXCOORD" source="#ID485" offset="2" set="0" />
          <p>54 54 54 0 0 0 56 56 56 57 57 57 56 56 56 62 62 62 63 63 63 62 62 62 68 68 68 69 69 69
            68 68 68 74 74 74 41 41 41 74 74 74 40 40 40 41 41 41 69 69 69 74 74 74 41 41 41 42 42
            42 69 69 69 69 69 69 42 42 42 43 43 43 64 64 64 43 43 43 44 44 44 45 45 45 64 64 64 44
            44 44 45 45 45 59 59 59 64 64 64 45 45 45 46 46 46 59 59 59 59 59 59 46 46 46 48 48 48
            49 49 49 59 59 59 48 48 48 49 49 49 50 50 50 59 59 59 59 59 59 50 50 50 58 58 58 64 64
            64 58 58 58 63 63 63 69 69 69 63 63 63 68 68 68 69 69 69 64 64 64 63 63 63 69 69 69 43
            43 43 64 64 64 3 3 3 5 5 5 2 2 2 3 3 3 4 4 4 5 5 5 2 2 2 5 5 5 55 55 55 1 1 1 55 55 55
            56 56 56 0 0 0 1 1 1 56 56 56 7 7 7 60 60 60 6 6 6 7 7 7 8 8 8 60 60 60 60 60 60 8 8 8
            65 65 65 66 66 66 65 65 65 71 71 71 72 72 72 71 71 71 77 77 77 78 78 78 77 77 77 83 83
            83 84 84 84 83 83 83 89 89 89 35 35 35 89 89 89 34 34 34 35 35 35 84 84 84 89 89 89 35
            35 35 36 36 36 84 84 84 84 84 84 36 36 36 37 37 37 79 79 79 37 37 37 38 38 38 39 39 39
            79 79 79 38 38 38 39 39 39 74 74 74 79 79 79 39 39 39 40 40 40 74 74 74 8 8 8 9 9 9 65
            65 65 65 65 65 9 9 9 10 10 10 70 70 70 10 10 10 11 11 11 75 75 75 11 11 11 12 12 12 13
            13 13 75 75 75 12 12 12 13 13 13 80 80 80 75 75 75 13 13 13 14 14 14 80 80 80 80 80 80
            14 14 14 15 15 15 85 85 85 15 15 15 16 16 16 17 17 17 85 85 85 16 16 16 17 17 17 90 90
            90 85 85 85 17 17 17 18 18 18 90 90 90 90 90 90 18 18 18 21 21 21 22 22 22 90 90 90 21
            21 21 22 22 22 91 91 91 90 90 90 22 22 22 23 23 23 91 91 91 91 91 91 23 23 23 24 24 24
            92 92 92 24 24 24 25 25 25 26 26 26 92 92 92 25 25 25 26 26 26 93 93 93 92 92 92 26 26
            26 27 27 27 93 93 93 93 93 93 27 27 27 28 28 28 94 94 94 28 28 28 29 29 29 30 30 30 94
            94 94 29 29 29 30 30 30 32 32 32 94 94 94 30 30 30 31 31 31 32 32 32 19 19 19 20 20 20
            18 18 18 18 18 18 20 20 20 21 21 21 32 32 32 33 33 33 94 94 94 94 94 94 33 33 33 89 89
            89 88 88 88 89 89 89 83 83 83 82 82 82 83 83 83 77 77 77 76 76 76 77 77 77 71 71 71 70
            70 70 71 71 71 65 65 65 10 10 10 70 70 70 65 65 65 33 33 33 34 34 34 89 89 89 46 46 46
            47 47 47 48 48 48 50 50 50 51 51 51 58 58 58 58 58 58 51 51 51 52 52 52 57 57 57 52 52
            52 53 53 53 54 54 54 57 57 57 53 53 53 54 54 54 56 56 56 57 57 57 5 5 5 6 6 6 55 55 55
            55 55 55 6 6 6 60 60 60 61 61 61 60 60 60 66 66 66 67 67 67 66 66 66 72 72 72 73 73 73
            72 72 72 78 78 78 79 79 79 78 78 78 84 84 84 37 37 37 79 79 79 84 84 84 60 60 60 61 61
            61 55 55 55 55 55 55 61 61 61 56 56 56 56 56 56 61 61 61 62 62 62 62 62 62 61 61 61 67
            67 67 68 68 68 67 67 67 73 73 73 74 74 74 73 73 73 79 79 79 74 74 74 68 68 68 73 73 73
            63 63 63 58 58 58 57 57 57 62 62 62 63 63 63 57 57 57 59 59 59 58 58 58 64 64 64 52 52
            52 57 57 57 58 58 58 65 65 65 66 66 66 60 60 60 66 66 66 67 67 67 61 61 61 67 67 67 68
            68 68 62 62 62 11 11 11 75 75 75 70 70 70 70 70 70 75 75 75 76 76 76 71 71 71 70 70 70
            76 76 76 71 71 71 72 72 72 66 66 66 72 72 72 73 73 73 67 67 67 76 76 76 75 75 75 81 81
            81 82 82 82 81 81 81 87 87 87 88 88 88 87 87 87 93 93 93 94 94 94 93 93 93 28 28 28 94
            94 94 88 88 88 93 93 93 94 94 94 89 89 89 88 88 88 77 77 77 78 78 78 72 72 72 81 81 81
            82 82 82 76 76 76 76 76 76 82 82 82 77 77 77 78 78 78 79 79 79 73 73 73 75 75 75 80 80
            80 81 81 81 81 81 81 80 80 80 86 86 86 87 87 87 86 86 86 92 92 92 93 93 93 87 87 87 92
            92 92 83 83 83 84 84 84 78 78 78 87 87 87 88 88 88 82 82 82 82 82 82 88 88 88 83 83 83
            15 15 15 85 85 85 80 80 80 80 80 80 85 85 85 86 86 86 86 86 86 85 85 85 91 91 91 92 92
            92 91 91 91 24 24 24 92 92 92 86 86 86 91 91 91 86 86 86 87 87 87 81 81 81 90 90 90 91
            91 91 85 85 85 55 55 55 1 1 1 2 2 2</p>
        </triangles>
      </mesh>
    </geometry>
    <geometry id="ID489">
      <mesh>
        <source id="ID490">
          <float_array id="ID491" count="33">-0.0624508 0.1013168 0.0724655 -0.0624991 0.1 0.0725
            -0.0595 0.1 0.0725 -0.0595 0.1062679 0.0723359 -0.0601219 0.1058462 0.0723469 -0.0606845
            0.1053517 0.0723599 -0.0611853 0.1047866 0.0723747 -0.0616084 0.1041681 0.0723909
            -0.0619517 0.1035007 0.0724083 -0.0622101 0.1027922 0.0724269 -0.0623765 0.1020638
            0.072446</float_array>
          <technique_common>
            <accessor count="11" source="#ID491" stride="3">
              <param name="X" type="float" />
              <param name="Y" type="float" />
              <param name="Z" type="float" />
            </accessor>
          </technique_common>
        </source>
        <source id="ID492">
          <float_array id="ID493" count="33">0 0.0261769 0.9996573 0 0.0261769 0.9996573 0 0.0261769
            0.9996573 0 0.0261769 0.9996573 0 0.0261769 0.9996573 0 0.0261769 0.9996573 0 0.0261769
            0.9996573 0 0.0261769 0.9996573 0 0.0261769 0.9996573 0 0.0261769 0.9996573 0 0.0261769
            0.9996573</float_array>
          <technique_common>
            <accessor count="11" source="#ID493" stride="3">
              <param name="X" type="float" />
              <param name="Y" type="float" />
              <param name="Z" type="float" />
            </accessor>
          </technique_common>
        </source>
        <source id="ID494">
          <float_array id="ID495" count="22">0.7899152 0.0161034 1 0 1 1 0 1 0.0672861 0.7926407
            0.1461689 0.6050423 0.2363414 0.4380533 0.3350154 0.2969858 0.4414839 0.1825328 0.55453
            0.0963785 0.6707296 0.0408776</float_array>
          <technique_common>
            <accessor count="11" source="#ID495" stride="2">
              <param name="S" type="float" />
              <param name="T" type="float" />
            </accessor>
          </technique_common>
        </source>
        <vertices id="ID496">
          <input semantic="POSITION" source="#ID490" />
        </vertices>
        <triangles count="9" material="ID497">
          <input semantic="VERTEX" source="#ID496" offset="0" />
          <input semantic="NORMAL" source="#ID492" offset="1" />
          <input semantic="TEXCOORD" source="#ID494" offset="2" set="0" />
          <p>1 1 1 2 2 2 0 0 0 0 0 0 2 2 2 10 10 10 10 10 10 2 2 2 9 9 9 9 9 9 2 2 2 8 8 8 8 8 8 2 2
            2 7 7 7 7 7 7 2 2 2 6 6 6 6 6 6 2 2 2 5 5 5 5 5 5 2 2 2 4 4 4 4 4 4 2 2 2 3 3 3</p>
        </triangles>
      </mesh>
    </geometry>
    <geometry id="ID498">
      <mesh>
        <source id="ID499">
          <float_array id="ID500" count="177">-0.0624991 0.1 0.0725 -0.0626128 0.1 0.0751659
            -0.0626128 0.1 0.0778341 -0.0624991 0.1 0.0805 -0.0595 0.1 0.0805 -0.0588054 0.1
            0.0804392 -0.0581319 0.1 0.0802588 -0.0575 0.1 0.0799641 -0.0569288 0.1 0.0795642
            -0.0564358 0.1 0.0790711 -0.0560359 0.1 0.0785 -0.0557412 0.1 0.0778681 -0.0555608 0.1
            0.0771946 -0.0555 0.1 0.0765 -0.0555608 0.1 0.0758054 -0.0557412 0.1 0.0751319
            -0.0560359 0.1 0.0745 -0.0564358 0.1 0.0739289 -0.0569288 0.1 0.0734358 -0.0575 0.1
            0.0730359 -0.0581319 0.1 0.0727412 -0.0588054 0.1 0.0725608 -0.0595 0.1 0.0725 -0.05975
            0.1 0.07925 -0.0602275 0.1 0.0792082 -0.0606906 0.1 0.0790842 -0.061125 0.1 0.0788816
            -0.0615177 0.1 0.0786066 -0.0618566 0.1 0.0782677 -0.0621316 0.1 0.077875 -0.0623342 0.1
            0.0774406 -0.0624582 0.1 0.0769775 -0.0625 0.1 0.0765 -0.0624582 0.1 0.0760225
            -0.0623342 0.1 0.0755594 -0.0621316 0.1 0.075125 -0.0618566 0.1 0.0747323 -0.0615177 0.1
            0.0743934 -0.061125 0.1 0.0741184 -0.0606906 0.1 0.0739158 -0.0602275 0.1 0.0737918
            -0.05975 0.1 0.07375 -0.0592725 0.1 0.0737918 -0.0588094 0.1 0.0739158 -0.058375 0.1
            0.0741184 -0.0579823 0.1 0.0743934 -0.0576434 0.1 0.0747323 -0.0573684 0.1 0.075125
            -0.0571658 0.1 0.0755594 -0.0570418 0.1 0.0760225 -0.057 0.1 0.0765 -0.0570418 0.1
            0.0769775 -0.0571658 0.1 0.0774406 -0.0573684 0.1 0.077875 -0.0576434 0.1 0.0782677
            -0.0579823 0.1 0.0786066 -0.058375 0.1 0.0788816 -0.0588094 0.1 0.0790842 -0.0592725 0.1
            0.0792082</float_array>
          <technique_common>
            <accessor count="59" source="#ID500" stride="3">
              <param name="X" type="float" />
              <param name="Y" type="float" />
              <param name="Z" type="float" />
            </accessor>
          </technique_common>
        </source>
        <source id="ID501">
          <float_array id="ID502" count="177">0 1 0 0 1 0 0 1 0 0 1 0 0 1 0 0 1 0 0 1 0 0 1 0 0 1 0
            0 1 0 0 1 0 0 1 0 0 1 0 0 1 0 0 1 0 0 1 0 0 1 0 0 1 0 0 1 0 0 1 0 0 1 0 0 1 0 0 1 0 0 1
            0 0 1 0 0 1 0 0 1 0 0 1 0 0 1 0 0 1 0 0 1 0 0 1 0 0 1 0 0 1 0 0 1 0 0 1 0 0 1 0 0 1 0 0
            1 0 0 1 0 0 1 0 0 1 0 0 1 0 0 1 0 0 1 0 0 1 0 0 1 0 0 1 0 0 1 0 0 1 0 0 1 0 0 1 0 0 1 0
            0 1 0 0 1 0 0 1 0 0 1 0 0 1 0 0 1 0</float_array>
          <technique_common>
            <accessor count="59" source="#ID502" stride="3">
              <param name="X" type="float" />
              <param name="Y" type="float" />
              <param name="Z" type="float" />
            </accessor>
          </technique_common>
        </source>
        <source id="ID503">
          <float_array id="ID504" count="118">1 0.9840204 0.6667676 1 0.3332324 1 0 0.9840204 0
            0.5623689 0.0075961 0.4647146 0.0301537 0.3700274 0.0669873 0.2811845 0.1169778
            0.2008851 0.1786062 0.1315693 0.25 0.0753432 0.3289899 0.033915 0.4131759 0.0085437 0.5
            0 0.5868241 0.0085437 0.6710101 0.033915 0.75 0.0753432 0.8213938 0.1315693 0.8830222
            0.2008851 0.9330127 0.2811845 0.9698463 0.3700274 0.9924039 0.4647146 1 0.5623689
            0.15625 0.597517 0.1614723 0.6646543 0.1769807 0.7297518 0.2023038 0.7908313 0.2366722
            0.846037 0.2790418 0.8936917 0.328125 0.9323472 0.3824306 0.960829 0.4403085 0.9782718
            0.5 0.9841456 0.5596915 0.9782718 0.6175694 0.960829 0.671875 0.9323472 0.7209582
            0.8936917 0.7633278 0.846037 0.7976962 0.7908313 0.8230193 0.7297518 0.8385277 0.6646543
            0.84375 0.597517 0.8385277 0.5303797 0.8230193 0.4652822 0.7976962 0.4042027 0.7633278
            0.3489969 0.7209582 0.3013422 0.671875 0.2626868 0.6175694 0.2342049 0.5596915 0.2167621
            0.5 0.2108883 0.4403085 0.2167621 0.3824306 0.2342049 0.328125 0.2626868 0.2790418
            0.3013422 0.2366722 0.3489969 0.2023038 0.4042027 0.1769807 0.4652822 0.1614723
            0.5303797</float_array>
          <technique_common>
            <accessor count="59" source="#ID504" stride="2">
              <param name="S" type="float" />
              <param name="T" type="float" />
            </accessor>
          </technique_common>
        </source>
        <vertices id="ID505">
          <input semantic="POSITION" source="#ID499" />
        </vertices>
        <triangles count="59" material="ID506">
          <input semantic="VERTEX" source="#ID505" offset="0" />
          <input semantic="NORMAL" source="#ID501" offset="1" />
          <input semantic="TEXCOORD" source="#ID503" offset="2" set="0" />
          <p>34 34 34 35 35 35 1 1 1 33 33 33 1 1 1 32 32 32 33 33 33 34 34 34 1 1 1 1 1 1 2 2 2 32
            32 32 32 32 32 2 2 2 31 31 31 31 31 31 2 2 2 30 30 30 30 30 30 2 2 2 29 29 29 29 29 29 2
            2 2 28 28 28 28 28 28 2 2 2 3 3 3 27 27 27 3 3 3 26 26 26 27 27 27 28 28 28 3 3 3 26 26
            26 3 3 3 25 25 25 25 25 25 3 3 3 4 4 4 24 24 24 4 4 4 23 23 23 24 24 24 25 25 25 4 4 4
            23 23 23 4 4 4 58 58 58 58 58 58 4 4 4 5 5 5 57 57 57 5 5 5 6 6 6 56 56 56 6 6 6 7 7 7
            55 55 55 7 7 7 8 8 8 54 54 54 8 8 8 9 9 9 53 53 53 9 9 9 10 10 10 52 52 52 10 10 10 11
            11 11 51 51 51 11 11 11 12 12 12 50 50 50 12 12 12 13 13 13 14 14 14 50 50 50 13 13 13
            14 14 14 49 49 49 50 50 50 14 14 14 15 15 15 49 49 49 49 49 49 15 15 15 48 48 48 48 48
            48 15 15 15 16 16 16 47 47 47 16 16 16 17 17 17 46 46 46 17 17 17 18 18 18 45 45 45 18
            18 18 19 19 19 44 44 44 19 19 19 20 20 20 43 43 43 20 20 20 21 21 21 42 42 42 21 21 21
            22 22 22 41 41 41 22 22 22 40 40 40 41 41 41 42 42 42 22 22 22 40 40 40 22 22 22 39 39
            39 39 39 39 22 22 22 0 0 0 38 38 38 0 0 0 37 37 37 38 38 38 39 39 39 0 0 0 35 35 35 36
            36 36 1 1 1 1 1 1 36 36 36 0 0 0 0 0 0 36 36 36 37 37 37 42 42 42 43 43 43 21 21 21 43
            43 43 44 44 44 20 20 20 44 44 44 45 45 45 19 19 19 45 45 45 46 46 46 18 18 18 46 46 46
            47 47 47 17 17 17 47 47 47 48 48 48 16 16 16 50 50 50 51 51 51 12 12 12 51 51 51 52 52
            52 11 11 11 52 52 52 53 53 53 10 10 10 53 53 53 54 54 54 9 9 9 54 54 54 55 55 55 8 8 8
            55 55 55 56 56 56 7 7 7 56 56 56 57 57 57 6 6 6 57 57 57 58 58 58 5 5 5</p>
        </triangles>
      </mesh>
    </geometry>
    <geometry id="ID507">
      <mesh>
        <source id="ID508">
          <float_array id="ID509" count="33">-0.0624991 0.1 0.0805 -0.0624508 0.1013168 0.0805345
            -0.0623764 0.1020645 0.080554 -0.0622094 0.1027945 0.0805732 -0.0619504 0.1035037
            0.0805917 -0.0616073 0.10417 0.0806092 -0.0611832 0.1047893 0.0806254 -0.0606827
            0.1053535 0.0806402 -0.0601213 0.1058466 0.0806531 -0.0595 0.1062679 0.0806641 -0.0595
            0.1 0.0805</float_array>
          <technique_common>
            <accessor count="11" source="#ID509" stride="3">
              <param name="X" type="float" />
              <param name="Y" type="float" />
              <param name="Z" type="float" />
            </accessor>
          </technique_common>
        </source>
        <source id="ID510">
          <float_array id="ID511" count="33">0 0.0261769 -0.9996573 0 0.0261769 -0.9996573 0
            0.0261769 -0.9996573 0 0.0261769 -0.9996573 0 0.0261769 -0.9996573 0 0.0261769
            -0.9996573 0 0.0261769 -0.9996573 0 0.0261769 -0.9996573 0 0.0261769 -0.9996573 0
            0.0261769 -0.9996573 0 0.0261769 -0.9996573</float_array>
          <technique_common>
            <accessor count="11" source="#ID511" stride="3">
              <param name="X" type="float" />
              <param name="Y" type="float" />
              <param name="Z" type="float" />
            </accessor>
          </technique_common>
        </source>
        <source id="ID512">
          <float_array id="ID513" count="22">1 0 0.9838966 0.2100849 0.9590864 0.3293766 0.903394
            0.4458388 0.8170279 0.558996 0.7026283 0.6652941 0.5612422 0.7640907 0.3943537 0.8541185
            0.2071689 0.9327843 0 1 0 0</float_array>
          <technique_common>
            <accessor count="11" source="#ID513" stride="2">
              <param name="S" type="float" />
              <param name="T" type="float" />
            </accessor>
          </technique_common>
        </source>
        <vertices id="ID514">
          <input semantic="POSITION" source="#ID508" />
        </vertices>
        <triangles count="9" material="ID515">
          <input semantic="VERTEX" source="#ID514" offset="0" />
          <input semantic="NORMAL" source="#ID510" offset="1" />
          <input semantic="TEXCOORD" source="#ID512" offset="2" set="0" />
          <p>0 0 0 1 1 1 10 10 10 10 10 10 1 1 1 2 2 2 3 3 3 10 10 10 2 2 2 3 3 3 4 4 4 10 10 10 10
            10 10 4 4 4 5 5 5 6 6 6 10 10 10 5 5 5 6 6 6 7 7 7 10 10 10 10 10 10 7 7 7 8 8 8 9 9 9
            10 10 10 8 8 8</p>
        </triangles>
      </mesh>
    </geometry>
    <geometry id="ID516">
      <mesh>
        <source id="ID517">
          <float_array id="ID518" count="285">-0.0041641 0.1062679 0.136 -0.004143 0.1065248
            0.1355185 -0.0040609 0.1067351 0.1350247 -0.003912 0.106897 0.1345267 -0.0036966
            0.1070103 0.134041 -0.0100125 0.1070103 0.1332836 -0.0144822 0.1070103 0.1323112
            -0.0197207 0.1070103 0.1306823 -0.0265285 0.1070103 0.1276945 -0.0288298 0.1070103
            0.1264347 -0.0369259 0.1070103 0.1207844 -0.0370629 0.1070103 0.1206698 -0.0441698
            0.1070103 0.1135629 -0.044306 0.1070103 0.1133999 -0.0499347 0.1070103 0.1053298
            -0.0512211 0.1070103 0.1029771 -0.0541823 0.1070103 0.0962208 -0.0558283 0.1070103
            0.0909162 -0.0567836 0.1070103 0.0865125 -0.057541 0.1070103 0.0801966 -0.0580282
            0.1068969 0.080413 -0.0585277 0.1067339 0.0805616 -0.0590207 0.1065238 0.0806433 -0.0595
            0.1062679 0.0806641 -0.0601213 0.1058466 0.0806531 -0.0606827 0.1053535 0.0806402
            -0.0611832 0.1047893 0.0806254 -0.0616073 0.10417 0.0806092 -0.0619504 0.1035037
            0.0805917 -0.0622094 0.1027945 0.0805732 -0.0623764 0.1020645 0.080554 -0.0624508
            0.1013168 0.0805345 -0.0616303 0.1013168 0.0873671 -0.0604486 0.1013168 0.0926971
            -0.0588069 0.1013168 0.097904 -0.0567176 0.1013168 0.1029479 -0.0541967 0.1013168
            0.1077905 -0.0512634 0.1013168 0.112395 -0.0479398 0.1013168 0.1167263 -0.0442514
            0.1013168 0.1207514 -0.0402263 0.1013168 0.1244398 -0.035895 0.1013168 0.1277634
            -0.0312905 0.1013168 0.1306967 -0.0264479 0.1013168 0.1332177 -0.021404 0.1013168
            0.1353069 -0.0161972 0.1013168 0.1369486 -0.0108671 0.1013168 0.1381302 -0.0040345
            0.1013168 0.1389508 -0.004054 0.1020638 0.1388765 -0.0040731 0.1027922 0.1387101
            -0.0040917 0.1035007 0.1384517 -0.0041091 0.1041681 0.1381084 -0.0041253 0.1047866
            0.1376853 -0.0041401 0.1053517 0.1371845 -0.0041531 0.1058462 0.1366219 -0.0101953
            0.1067175 0.1343203 -0.0104177 0.1060453 0.1355816 -0.0106057 0.1050861 0.1366478
            -0.0107484 0.1038957 0.137457 -0.0108374 0.1025433 0.1379622 -0.0200808 0.1067175
            0.1316715 -0.0205188 0.1060453 0.132875 -0.0208891 0.1050861 0.1338924 -0.0211702
            0.1038957 0.1346645 -0.0213456 0.1025433 0.1351465 -0.0293561 0.1067175 0.1273463
            -0.0299965 0.1060453 0.1284555 -0.0305379 0.1050861 0.1293931 -0.0309487 0.1038957
            0.1301047 -0.0312052 0.1025433 0.1305489 -0.0377395 0.1067175 0.1214762 -0.0385628
            0.1060453 0.1224573 -0.0392587 0.1050861 0.1232867 -0.0397869 0.1038957 0.1239161
            -0.0401166 0.1025433 0.1243091 -0.0449762 0.1067175 0.1142395 -0.0459573 0.1060453
            0.1150628 -0.0467867 0.1050861 0.1157587 -0.0474161 0.1038957 0.1162869 -0.0478091
            0.1025433 0.1166166 -0.0508463 0.1067175 0.1058561 -0.0519555 0.1060453 0.1064965
            -0.0528931 0.1050861 0.1070379 -0.0536047 0.1038957 0.1074487 -0.0540489 0.1025433
            0.1077051 -0.0551715 0.1067175 0.0965808 -0.056375 0.1060453 0.0970188 -0.0573924
            0.1050861 0.0973891 -0.0581645 0.1038957 0.0976702 -0.0586465 0.1025433 0.0978456
            -0.0578203 0.1067175 0.0866953 -0.0590816 0.1060453 0.0869177 -0.0601478 0.1050861
            0.0871057 -0.060957 0.1038957 0.0872484 -0.0614622 0.1025433 0.0873374</float_array>
          <technique_common>
            <accessor count="95" source="#ID518" stride="3">
              <param name="X" type="float" />
              <param name="Y" type="float" />
              <param name="Z" type="float" />
            </accessor>
          </technique_common>
        </source>
        <source id="ID519">
          <float_array id="ID520" count="285">-0.0356157 0.860087 0.5089025 -0.0300873 0.9029876
            0.4286118 -0.0240049 0.9379439 0.345955 -0.0176362 0.9650131 0.2616079 -0.011486
            0.9838198 0.1787919 -0.0311109 0.9838198 0.1764386 -0.0449993 0.9838198 0.1734172
            -0.0612765 0.9838198 0.1683557 -0.0824294 0.9838198 0.1590718 -0.0895802 0.9838198
            0.1551575 -0.1147365 0.9838198 0.1376008 -0.1151621 0.9838198 0.1372449 -0.1372449
            0.9838198 0.1151621 -0.1376681 0.9838198 0.1146558 -0.1551575 0.9838198 0.0895802
            -0.1591545 0.9838198 0.0822698 -0.1683557 0.9838198 0.0612765 -0.1734703 0.9838198
            0.0447943 -0.1764386 0.9838198 0.0311109 -0.1787919 0.9838198 0.011486 -0.2618938
            0.9649351 0.0176595 -0.3464601 0.9377565 0.0240428 -0.4289458 0.9028282 0.0301121
            -0.5089025 0.860087 0.0356157 -0.6129407 0.788994 0.0423351 -0.7060387 0.7065336
            0.0481631 -0.7880997 0.6132498 0.0531369 -0.8580096 0.5104354 0.0572291 -0.9150983
            0.3986758 0.0604377 -0.9576816 0.2809168 0.0627034 -0.9851738 0.1591634 0.0640287
            -0.9973118 0.0348995 0.0644289 -0.9842078 0.0348995 0.1735424 -0.9653374 0.0348995
            0.2586614 -0.9391202 0.0348995 0.3418118 -0.9057557 0.0348995 0.4223608 -0.8654978
            0.0348995 0.4996954 -0.818653 0.0348995 0.573227 -0.7655778 0.0348995 0.642396 -0.706676
            0.0348995 0.706676 -0.642396 0.0348995 0.7655778 -0.573227 0.0348995 0.818653 -0.4996954
            0.0348995 0.8654978 -0.4223608 0.0348995 0.9057557 -0.3418118 0.0348995 0.9391202
            -0.2586614 0.0348995 0.9653374 -0.1735424 0.0348995 0.9842078 -0.0644289 0.0348995
            0.9973118 -0.0640297 0.1590244 0.9851961 -0.0627087 0.280559 0.9577861 -0.0604493
            0.3981861 0.9153107 -0.0572401 0.510112 0.8582012 -0.0531571 0.6128129 0.7884381
            -0.0481806 0.7062489 0.7063223 -0.0423428 0.7888994 0.6130618 -0.0615765 0.9350162
            0.3492177 -0.0986434 0.8229839 0.5594346 -0.1299775 0.6631227 0.7371392 -0.1537578
            0.4647232 0.872004 -0.1686023 0.2393157 0.956191 -0.121282 0.9350162 0.3332196
            -0.1942896 0.8229839 0.5338063 -0.2560058 0.6631227 0.70337 -0.3028438 0.4647232
            0.8320565 -0.3320816 0.2393157 0.9123868 -0.1773024 0.9350162 0.3070968 -0.2840324
            0.8229839 0.4919585 -0.3742554 0.6631227 0.6482293 -0.442728 0.4647232 0.7668274
            -0.4854709 0.2393157 0.8408603 -0.2279356 0.9350162 0.2716431 -0.365145 0.8229839
            0.4351628 -0.4811334 0.6631227 0.5733925 -0.5691602 0.4647232 0.6782987 -0.6241094
            0.2393157 0.7437846 -0.2716431 0.9350162 0.2279356 -0.4351628 0.8229839 0.365145
            -0.5733925 0.6631227 0.4811334 -0.6782987 0.4647232 0.5691602 -0.7437846 0.2393157
            0.6241094 -0.3070968 0.9350162 0.1773024 -0.4919585 0.8229839 0.2840324 -0.6482293
            0.6631227 0.3742554 -0.7668274 0.4647232 0.442728 -0.8408603 0.2393157 0.4854709
            -0.3332196 0.9350162 0.121282 -0.5338063 0.8229839 0.1942896 -0.70337 0.6631227
            0.2560058 -0.8320565 0.4647232 0.3028438 -0.9123868 0.2393157 0.3320816 -0.3492177
            0.9350162 0.0615765 -0.5594346 0.8229839 0.0986434 -0.7371392 0.6631227 0.1299775
            -0.872004 0.4647232 0.1537578 -0.956191 0.2393157 0.1686023</float_array>
          <technique_common>
            <accessor count="95" source="#ID520" stride="3">
              <param name="X" type="float" />
              <param name="Y" type="float" />
              <param name="Z" type="float" />
            </accessor>
          </technique_common>
        </source>
        <source id="ID521">
          <float_array id="ID522" count="190">0.7379891 0.0039635 0.8052819 0.0041096 0.8716509
            0.003551 0.937179 0.0021898 1 0 1 0.0765197 1 0.1315312 1 0.1975141 1 0.2869621 1
            0.3185084 1 0.437356 1 0.4395028 1 0.5604972 1 0.5630507 1 0.6814916 1 0.7137336 1
            0.8024859 1 0.8692883 1 0.9234802 1 1 0.9369597 0.9977998 0.8712526 0.9964433 0.8050082
            0.9958882 0.7379891 0.9960364 0.6448526 0.9966688 0.5529616 0.9972573 0.4611902
            0.9978037 0.3693764 0.9983035 0.2767207 0.9987555 0.1842828 0.9991496 0.0921527
            0.9994822 0 0.9997513 0 0.9234802 0 0.862983 0 0.8024859 0 0.7419887 0 0.6814916 0
            0.6209943 0 0.5604972 0 0.5 0 0.4395028 0 0.3790056 0 0.3185084 0 0.2580113 0 0.1975141
            0 0.1370169 0 0.0765197 0 0.0002487 0.0920488 0.0005174 0.1840078 0.0008493 0.2763269
            0.0012427 0.3690991 0.001695 0.4607824 0.002194 0.5526649 0.0027409 0.6447392 0.0033305
            0.8654933 0.0765197 0.6872452 0.0765197 0.5089972 0.0765197 0.3307491 0.0765197
            0.1525011 0.0765197 0.8654933 0.1975141 0.6872452 0.1975141 0.5089972 0.1975141
            0.3307491 0.1975141 0.1525011 0.1975141 0.8654933 0.3185084 0.6872452 0.3185084
            0.5089972 0.3185084 0.3307491 0.3185084 0.1525011 0.3185084 0.8654933 0.4395028
            0.6872452 0.4395028 0.5089972 0.4395028 0.3307491 0.4395028 0.1525011 0.4395028
            0.8654933 0.5604972 0.6872452 0.5604972 0.5089972 0.5604972 0.3307491 0.5604972
            0.1525011 0.5604972 0.8654933 0.6814916 0.6872452 0.6814916 0.5089972 0.6814916
            0.3307491 0.6814916 0.1525011 0.6814916 0.8654933 0.8024859 0.6872452 0.8024859
            0.5089972 0.8024859 0.3307491 0.8024859 0.1525011 0.8024859 0.8654933 0.9234802
            0.6872452 0.9234802 0.5089972 0.9234802 0.3307491 0.9234802 0.1525011 0.9234802</float_array>
          <technique_common>
            <accessor count="95" source="#ID522" stride="2">
              <param name="S" type="float" />
              <param name="T" type="float" />
            </accessor>
          </technique_common>
        </source>
        <vertices id="ID523">
          <input semantic="POSITION" source="#ID517" />
        </vertices>
        <triangles count="133" material="ID524">
          <input semantic="VERTEX" source="#ID523" offset="0" />
          <input semantic="NORMAL" source="#ID519" offset="1" />
          <input semantic="TEXCOORD" source="#ID521" offset="2" set="0" />
          <p>54 54 54 0 0 0 56 56 56 57 57 57 56 56 56 62 62 62 63 63 63 62 62 62 68 68 68 69 69 69
            68 68 68 74 74 74 41 41 41 74 74 74 40 40 40 41 41 41 69 69 69 74 74 74 41 41 41 42 42
            42 69 69 69 69 69 69 42 42 42 43 43 43 64 64 64 43 43 43 44 44 44 45 45 45 64 64 64 44
            44 44 45 45 45 59 59 59 64 64 64 45 45 45 46 46 46 59 59 59 59 59 59 46 46 46 48 48 48
            49 49 49 59 59 59 48 48 48 49 49 49 50 50 50 59 59 59 59 59 59 50 50 50 58 58 58 64 64
            64 58 58 58 63 63 63 69 69 69 63 63 63 68 68 68 69 69 69 64 64 64 63 63 63 69 69 69 43
            43 43 64 64 64 3 3 3 5 5 5 2 2 2 3 3 3 4 4 4 5 5 5 2 2 2 5 5 5 55 55 55 1 1 1 55 55 55
            56 56 56 0 0 0 1 1 1 56 56 56 7 7 7 60 60 60 6 6 6 7 7 7 8 8 8 60 60 60 60 60 60 8 8 8
            65 65 65 66 66 66 65 65 65 71 71 71 72 72 72 71 71 71 77 77 77 78 78 78 77 77 77 83 83
            83 84 84 84 83 83 83 89 89 89 35 35 35 89 89 89 34 34 34 35 35 35 84 84 84 89 89 89 35
            35 35 36 36 36 84 84 84 84 84 84 36 36 36 37 37 37 79 79 79 37 37 37 38 38 38 39 39 39
            79 79 79 38 38 38 39 39 39 74 74 74 79 79 79 39 39 39 40 40 40 74 74 74 8 8 8 9 9 9 65
            65 65 65 65 65 9 9 9 10 10 10 70 70 70 10 10 10 11 11 11 75 75 75 11 11 11 12 12 12 13
            13 13 75 75 75 12 12 12 13 13 13 80 80 80 75 75 75 13 13 13 14 14 14 80 80 80 80 80 80
            14 14 14 15 15 15 85 85 85 15 15 15 16 16 16 17 17 17 85 85 85 16 16 16 17 17 17 90 90
            90 85 85 85 17 17 17 18 18 18 90 90 90 90 90 90 18 18 18 21 21 21 22 22 22 90 90 90 21
            21 21 22 22 22 91 91 91 90 90 90 22 22 22 23 23 23 91 91 91 91 91 91 23 23 23 24 24 24
            92 92 92 24 24 24 25 25 25 26 26 26 92 92 92 25 25 25 26 26 26 93 93 93 92 92 92 26 26
            26 27 27 27 93 93 93 93 93 93 27 27 27 28 28 28 94 94 94 28 28 28 29 29 29 30 30 30 94
            94 94 29 29 29 30 30 30 32 32 32 94 94 94 30 30 30 31 31 31 32 32 32 19 19 19 20 20 20
            18 18 18 18 18 18 20 20 20 21 21 21 32 32 32 33 33 33 94 94 94 94 94 94 33 33 33 89 89
            89 88 88 88 89 89 89 83 83 83 82 82 82 83 83 83 77 77 77 76 76 76 77 77 77 71 71 71 70
            70 70 71 71 71 65 65 65 10 10 10 70 70 70 65 65 65 33 33 33 34 34 34 89 89 89 46 46 46
            47 47 47 48 48 48 50 50 50 51 51 51 58 58 58 58 58 58 51 51 51 52 52 52 57 57 57 52 52
            52 53 53 53 54 54 54 57 57 57 53 53 53 54 54 54 56 56 56 57 57 57 5 5 5 6 6 6 55 55 55
            55 55 55 6 6 6 60 60 60 61 61 61 60 60 60 66 66 66 67 67 67 66 66 66 72 72 72 73 73 73
            72 72 72 78 78 78 79 79 79 78 78 78 84 84 84 37 37 37 79 79 79 84 84 84 60 60 60 61 61
            61 55 55 55 55 55 55 61 61 61 56 56 56 56 56 56 61 61 61 62 62 62 62 62 62 61 61 61 67
            67 67 68 68 68 67 67 67 73 73 73 74 74 74 73 73 73 79 79 79 74 74 74 68 68 68 73 73 73
            63 63 63 58 58 58 57 57 57 62 62 62 63 63 63 57 57 57 59 59 59 58 58 58 64 64 64 52 52
            52 57 57 57 58 58 58 65 65 65 66 66 66 60 60 60 66 66 66 67 67 67 61 61 61 67 67 67 68
            68 68 62 62 62 11 11 11 75 75 75 70 70 70 70 70 70 75 75 75 76 76 76 71 71 71 70 70 70
            76 76 76 71 71 71 72 72 72 66 66 66 72 72 72 73 73 73 67 67 67 76 76 76 75 75 75 81 81
            81 82 82 82 81 81 81 87 87 87 88 88 88 87 87 87 93 93 93 94 94 94 93 93 93 28 28 28 94
            94 94 88 88 88 93 93 93 94 94 94 89 89 89 88 88 88 77 77 77 78 78 78 72 72 72 81 81 81
            82 82 82 76 76 76 76 76 76 82 82 82 77 77 77 78 78 78 79 79 79 73 73 73 75 75 75 80 80
            80 81 81 81 81 81 81 80 80 80 86 86 86 87 87 87 86 86 86 92 92 92 93 93 93 87 87 87 92
            92 92 83 83 83 84 84 84 78 78 78 87 87 87 88 88 88 82 82 82 82 82 82 88 88 88 83 83 83
            15 15 15 85 85 85 80 80 80 80 80 80 85 85 85 86 86 86 86 86 86 85 85 85 91 91 91 92 92
            92 91 91 91 24 24 24 92 92 92 86 86 86 91 91 91 86 86 86 87 87 87 81 81 81 90 90 90 91
            91 91 85 85 85 55 55 55 1 1 1 2 2 2</p>
        </triangles>
      </mesh>
    </geometry>
    <geometry id="ID525">
      <mesh>
        <source id="ID526">
          <float_array id="ID527" count="285">0.0595 0.1062679 0.0806641 0.0590185 0.1065248
            0.080643 0.0585247 0.1067351 0.0805609 0.0580267 0.106897 0.080412 0.057541 0.1070103
            0.0801966 0.0567836 0.1070103 0.0865125 0.0558283 0.1070103 0.0909162 0.0541823
            0.1070103 0.0962208 0.0512211 0.1070103 0.1029771 0.0499347 0.1070103 0.1053298 0.044306
            0.1070103 0.1133999 0.0441698 0.1070103 0.1135629 0.0370629 0.1070103 0.1206698
            0.0369259 0.1070103 0.1207844 0.0288298 0.1070103 0.1264347 0.0265285 0.1070103
            0.1276945 0.0197207 0.1070103 0.1306823 0.0144822 0.1070103 0.1323112 0.0100125
            0.1070103 0.1332836 0.0036966 0.1070103 0.134041 0.003913 0.1068969 0.1345282 0.0040616
            0.1067339 0.1350276 0.0041433 0.1065238 0.1355207 0.0041641 0.1062679 0.136 0.0041531
            0.1058466 0.1366213 0.0041402 0.1053535 0.1371827 0.0041254 0.1047893 0.1376832
            0.0041092 0.10417 0.1381073 0.0040917 0.1035037 0.1384503 0.0040732 0.1027945 0.1387094
            0.0040541 0.1020645 0.1388764 0.0040345 0.1013168 0.1389508 0.0108671 0.1013168
            0.1381302 0.0161972 0.1013168 0.1369486 0.021404 0.1013168 0.1353069 0.0264479 0.1013168
            0.1332177 0.0312905 0.1013168 0.1306967 0.035895 0.1013168 0.1277634 0.0402263 0.1013168
            0.1244398 0.0442514 0.1013168 0.1207514 0.0479398 0.1013168 0.1167263 0.0512634
            0.1013168 0.112395 0.0541967 0.1013168 0.1077905 0.0567176 0.1013168 0.1029479 0.0588069
            0.1013168 0.097904 0.0604486 0.1013168 0.0926971 0.0616303 0.1013168 0.0873671 0.0624508
            0.1013168 0.0805345 0.0623765 0.1020638 0.080554 0.0622101 0.1027922 0.0805731 0.0619517
            0.1035007 0.0805917 0.0616084 0.1041681 0.0806091 0.0611853 0.1047866 0.0806253
            0.0606845 0.1053517 0.0806401 0.0601219 0.1058462 0.0806531 0.0578203 0.1067175
            0.0866953 0.0590816 0.1060453 0.0869177 0.0601478 0.1050861 0.0871057 0.060957 0.1038957
            0.0872484 0.0614622 0.1025433 0.0873374 0.0551715 0.1067175 0.0965808 0.056375 0.1060453
            0.0970188 0.0573924 0.1050861 0.0973891 0.0581645 0.1038957 0.0976702 0.0586465
            0.1025433 0.0978456 0.0508463 0.1067175 0.1058561 0.0519555 0.1060453 0.1064965
            0.0528931 0.1050861 0.1070379 0.0536047 0.1038957 0.1074487 0.0540489 0.1025433
            0.1077051 0.0449762 0.1067175 0.1142395 0.0459573 0.1060453 0.1150628 0.0467867
            0.1050861 0.1157587 0.0474161 0.1038957 0.1162869 0.0478091 0.1025433 0.1166166
            0.0377395 0.1067175 0.1214762 0.0385628 0.1060453 0.1224573 0.0392587 0.1050861
            0.1232867 0.0397869 0.1038957 0.1239161 0.0401166 0.1025433 0.1243091 0.0293561
            0.1067175 0.1273463 0.0299965 0.1060453 0.1284555 0.0305379 0.1050861 0.1293931
            0.0309487 0.1038957 0.1301047 0.0312052 0.1025433 0.1305489 0.0200808 0.1067175
            0.1316715 0.0205188 0.1060453 0.132875 0.0208891 0.1050861 0.1338924 0.0211702 0.1038957
            0.1346645 0.0213456 0.1025433 0.1351465 0.0101953 0.1067175 0.1343203 0.0104177
            0.1060453 0.1355816 0.0106057 0.1050861 0.1366478 0.0107484 0.1038957 0.137457 0.0108374
            0.1025433 0.1379622</float_array>
          <technique_common>
            <accessor count="95" source="#ID527" stride="3">
              <param name="X" type="float" />
              <param name="Y" type="float" />
              <param name="Z" type="float" />
            </accessor>
          </technique_common>
        </source>
        <source id="ID528">
          <float_array id="ID529" count="285">0.5089025 0.860087 0.0356157 0.4286118 0.9029876
            0.0300873 0.345955 0.9379439 0.0240049 0.2616079 0.9650131 0.0176362 0.1787919 0.9838198
            0.011486 0.1764386 0.9838198 0.0311109 0.1734703 0.9838198 0.0447943 0.1683557 0.9838198
            0.0612765 0.1591545 0.9838198 0.0822698 0.1551575 0.9838198 0.0895802 0.1376681
            0.9838198 0.1146558 0.1372449 0.9838198 0.1151621 0.1151621 0.9838198 0.1372449
            0.1147365 0.9838198 0.1376008 0.0895802 0.9838198 0.1551575 0.0824294 0.9838198
            0.1590718 0.0612765 0.9838198 0.1683557 0.0449993 0.9838198 0.1734172 0.0311109
            0.9838198 0.1764386 0.011486 0.9838198 0.1787919 0.0176595 0.9649351 0.2618938 0.0240428
            0.9377565 0.3464601 0.0301121 0.9028282 0.4289458 0.0356157 0.860087 0.5089025 0.0423351
            0.788994 0.6129407 0.0481631 0.7065336 0.7060387 0.0531369 0.6132497 0.7880998 0.0572291
            0.5104354 0.8580096 0.0604377 0.3986759 0.9150982 0.0627034 0.2809168 0.9576816
            0.0640287 0.1591634 0.9851738 0.0644289 0.0348995 0.9973118 0.1735424 0.0348995
            0.9842078 0.2586614 0.0348995 0.9653374 0.3418118 0.0348995 0.9391202 0.4223608
            0.0348995 0.9057557 0.4996954 0.0348995 0.8654978 0.573227 0.0348995 0.818653 0.642396
            0.0348995 0.7655778 0.706676 0.0348995 0.706676 0.7655778 0.0348995 0.642396 0.818653
            0.0348995 0.573227 0.8654978 0.0348995 0.4996954 0.9057557 0.0348995 0.4223608 0.9391202
            0.0348995 0.3418118 0.9653374 0.0348995 0.2586614 0.9842078 0.0348995 0.1735424
            0.9973118 0.0348995 0.0644289 0.9851961 0.1590244 0.0640297 0.9577861 0.280559 0.0627087
            0.9153107 0.3981861 0.0604493 0.8582012 0.510112 0.0572401 0.7884381 0.6128129 0.0531571
            0.7063223 0.7062489 0.0481806 0.6130618 0.7888994 0.0423428 0.3492177 0.9350162
            0.0615765 0.5594346 0.8229839 0.0986434 0.7371392 0.6631227 0.1299775 0.872004 0.4647232
            0.1537578 0.956191 0.2393157 0.1686023 0.3332196 0.9350162 0.121282 0.5338063 0.8229839
            0.1942896 0.70337 0.6631227 0.2560058 0.8320565 0.4647232 0.3028438 0.9123868 0.2393157
            0.3320816 0.3070968 0.9350162 0.1773024 0.4919585 0.8229839 0.2840324 0.6482293
            0.6631227 0.3742554 0.7668274 0.4647232 0.442728 0.8408603 0.2393157 0.4854709 0.2716431
            0.9350162 0.2279356 0.4351628 0.8229839 0.365145 0.5733925 0.6631227 0.4811334 0.6782987
            0.4647232 0.5691602 0.7437846 0.2393157 0.6241094 0.2279356 0.9350162 0.2716431 0.365145
            0.8229839 0.4351628 0.4811334 0.6631227 0.5733925 0.5691602 0.4647232 0.6782987
            0.6241094 0.2393157 0.7437846 0.1773024 0.9350162 0.3070968 0.2840324 0.8229839
            0.4919585 0.3742554 0.6631227 0.6482293 0.442728 0.4647232 0.7668274 0.4854709 0.2393157
            0.8408603 0.121282 0.9350162 0.3332196 0.1942896 0.8229839 0.5338063 0.2560058 0.6631227
            0.70337 0.3028438 0.4647232 0.8320565 0.3320816 0.2393157 0.9123868 0.0615765 0.9350162
            0.3492177 0.0986434 0.8229839 0.5594346 0.1299775 0.6631227 0.7371392 0.1537578
            0.4647232 0.872004 0.1686023 0.2393157 0.956191</float_array>
          <technique_common>
            <accessor count="95" source="#ID529" stride="3">
              <param name="X" type="float" />
              <param name="Y" type="float" />
              <param name="Z" type="float" />
            </accessor>
          </technique_common>
        </source>
        <source id="ID530">
          <float_array id="ID531" count="190">0.7379891 0.0039636 0.8052819 0.0041097 0.8716509
            0.003551 0.937179 0.0021898 1 0 1 0.0765198 1 0.1307116 1 0.1975141 1 0.2862664 1
            0.3185084 1 0.4369493 1 0.4395028 1 0.5604972 1 0.562644 1 0.6814916 1 0.7130378 1
            0.8024859 1 0.8684688 1 0.9234802 1 1 0.9369597 0.9977998 0.8712526 0.9964433 0.8050082
            0.9958882 0.7379891 0.9960364 0.6448526 0.9966688 0.5529616 0.9972573 0.4611901
            0.9978037 0.3693764 0.9983035 0.2767208 0.9987555 0.1842828 0.9991496 0.0921527
            0.9994823 0 0.9997513 0 0.9234802 0 0.862983 0 0.8024859 0 0.7419887 0 0.6814916 0
            0.6209944 0 0.5604972 0 0.5 0 0.4395028 0 0.3790057 0 0.3185084 0 0.2580113 0 0.1975141
            0 0.1370169 0 0.0765198 0 0.0002488 0.0920488 0.0005174 0.1840078 0.0008493 0.2763269
            0.0012427 0.3690991 0.001695 0.4607824 0.002194 0.5526649 0.0027409 0.6447392 0.0033305
            0.8654933 0.0765198 0.6872452 0.0765198 0.5089972 0.0765198 0.3307491 0.0765198
            0.1525011 0.0765198 0.8654933 0.1975141 0.6872452 0.1975141 0.5089972 0.1975141
            0.3307491 0.1975141 0.1525011 0.1975141 0.8654933 0.3185084 0.6872452 0.3185084
            0.5089972 0.3185084 0.3307491 0.3185084 0.1525011 0.3185084 0.8654933 0.4395028
            0.6872452 0.4395028 0.5089972 0.4395028 0.3307491 0.4395028 0.1525011 0.4395028
            0.8654933 0.5604972 0.6872452 0.5604972 0.5089972 0.5604972 0.3307491 0.5604972
            0.1525011 0.5604972 0.8654933 0.6814916 0.6872452 0.6814916 0.5089972 0.6814916
            0.3307491 0.6814916 0.1525011 0.6814916 0.8654933 0.8024859 0.6872452 0.8024859
            0.5089972 0.8024859 0.3307491 0.8024859 0.1525011 0.8024859 0.8654933 0.9234802
            0.6872452 0.9234802 0.5089972 0.9234802 0.3307491 0.9234802 0.1525011 0.9234802</float_array>
          <technique_common>
            <accessor count="95" source="#ID531" stride="2">
              <param name="S" type="float" />
              <param name="T" type="float" />
            </accessor>
          </technique_common>
        </source>
        <vertices id="ID532">
          <input semantic="POSITION" source="#ID526" />
        </vertices>
        <triangles count="133" material="ID533">
          <input semantic="VERTEX" source="#ID532" offset="0" />
          <input semantic="NORMAL" source="#ID528" offset="1" />
          <input semantic="TEXCOORD" source="#ID530" offset="2" set="0" />
          <p>54 54 54 0 0 0 56 56 56 57 57 57 56 56 56 62 62 62 63 63 63 62 62 62 68 68 68 69 69 69
            68 68 68 74 74 74 41 41 41 74 74 74 40 40 40 41 41 41 69 69 69 74 74 74 41 41 41 42 42
            42 69 69 69 69 69 69 42 42 42 43 43 43 64 64 64 43 43 43 44 44 44 45 45 45 64 64 64 44
            44 44 45 45 45 59 59 59 64 64 64 45 45 45 46 46 46 59 59 59 59 59 59 46 46 46 48 48 48
            49 49 49 59 59 59 48 48 48 49 49 49 50 50 50 59 59 59 59 59 59 50 50 50 58 58 58 64 64
            64 58 58 58 63 63 63 69 69 69 63 63 63 68 68 68 69 69 69 64 64 64 63 63 63 69 69 69 43
            43 43 64 64 64 3 3 3 5 5 5 2 2 2 3 3 3 4 4 4 5 5 5 2 2 2 5 5 5 55 55 55 1 1 1 55 55 55
            56 56 56 0 0 0 1 1 1 56 56 56 7 7 7 60 60 60 6 6 6 7 7 7 8 8 8 60 60 60 60 60 60 8 8 8
            65 65 65 66 66 66 65 65 65 71 71 71 72 72 72 71 71 71 77 77 77 78 78 78 77 77 77 83 83
            83 84 84 84 83 83 83 89 89 89 35 35 35 89 89 89 34 34 34 35 35 35 84 84 84 89 89 89 35
            35 35 36 36 36 84 84 84 84 84 84 36 36 36 37 37 37 79 79 79 37 37 37 38 38 38 39 39 39
            79 79 79 38 38 38 39 39 39 74 74 74 79 79 79 39 39 39 40 40 40 74 74 74 8 8 8 9 9 9 65
            65 65 65 65 65 9 9 9 10 10 10 70 70 70 10 10 10 11 11 11 75 75 75 11 11 11 12 12 12 13
            13 13 75 75 75 12 12 12 13 13 13 80 80 80 75 75 75 13 13 13 14 14 14 80 80 80 80 80 80
            14 14 14 15 15 15 85 85 85 15 15 15 16 16 16 17 17 17 85 85 85 16 16 16 17 17 17 90 90
            90 85 85 85 17 17 17 18 18 18 90 90 90 90 90 90 18 18 18 21 21 21 22 22 22 90 90 90 21
            21 21 22 22 22 91 91 91 90 90 90 22 22 22 23 23 23 91 91 91 91 91 91 23 23 23 24 24 24
            92 92 92 24 24 24 25 25 25 26 26 26 92 92 92 25 25 25 26 26 26 93 93 93 92 92 92 26 26
            26 27 27 27 93 93 93 93 93 93 27 27 27 28 28 28 94 94 94 28 28 28 29 29 29 30 30 30 94
            94 94 29 29 29 30 30 30 32 32 32 94 94 94 30 30 30 31 31 31 32 32 32 19 19 19 20 20 20
            18 18 18 18 18 18 20 20 20 21 21 21 32 32 32 33 33 33 94 94 94 94 94 94 33 33 33 89 89
            89 88 88 88 89 89 89 83 83 83 82 82 82 83 83 83 77 77 77 76 76 76 77 77 77 71 71 71 70
            70 70 71 71 71 65 65 65 10 10 10 70 70 70 65 65 65 33 33 33 34 34 34 89 89 89 46 46 46
            47 47 47 48 48 48 50 50 50 51 51 51 58 58 58 58 58 58 51 51 51 52 52 52 57 57 57 52 52
            52 53 53 53 54 54 54 57 57 57 53 53 53 54 54 54 56 56 56 57 57 57 5 5 5 6 6 6 55 55 55
            55 55 55 6 6 6 60 60 60 61 61 61 60 60 60 66 66 66 67 67 67 66 66 66 72 72 72 73 73 73
            72 72 72 78 78 78 79 79 79 78 78 78 84 84 84 37 37 37 79 79 79 84 84 84 60 60 60 61 61
            61 55 55 55 55 55 55 61 61 61 56 56 56 56 56 56 61 61 61 62 62 62 62 62 62 61 61 61 67
            67 67 68 68 68 67 67 67 73 73 73 74 74 74 73 73 73 79 79 79 74 74 74 68 68 68 73 73 73
            63 63 63 58 58 58 57 57 57 62 62 62 63 63 63 57 57 57 59 59 59 58 58 58 64 64 64 52 52
            52 57 57 57 58 58 58 65 65 65 66 66 66 60 60 60 66 66 66 67 67 67 61 61 61 67 67 67 68
            68 68 62 62 62 11 11 11 75 75 75 70 70 70 70 70 70 75 75 75 76 76 76 71 71 71 70 70 70
            76 76 76 71 71 71 72 72 72 66 66 66 72 72 72 73 73 73 67 67 67 76 76 76 75 75 75 81 81
            81 82 82 82 81 81 81 87 87 87 88 88 88 87 87 87 93 93 93 94 94 94 93 93 93 28 28 28 94
            94 94 88 88 88 93 93 93 94 94 94 89 89 89 88 88 88 77 77 77 78 78 78 72 72 72 81 81 81
            82 82 82 76 76 76 76 76 76 82 82 82 77 77 77 78 78 78 79 79 79 73 73 73 75 75 75 80 80
            80 81 81 81 81 81 81 80 80 80 86 86 86 87 87 87 86 86 86 92 92 92 93 93 93 87 87 87 92
            92 92 83 83 83 84 84 84 78 78 78 87 87 87 88 88 88 82 82 82 82 82 82 88 88 88 83 83 83
            15 15 15 85 85 85 80 80 80 80 80 80 85 85 85 86 86 86 86 86 86 85 85 85 91 91 91 92 92
            92 91 91 91 24 24 24 92 92 92 86 86 86 91 91 91 86 86 86 87 87 87 81 81 81 90 90 90 91
            91 91 85 85 85 55 55 55 1 1 1 2 2 2</p>
        </triangles>
      </mesh>
    </geometry>
    <geometry id="ID534">
      <mesh>
        <source id="ID535">
          <float_array id="ID536" count="33">0.0624508 0.1013168 0.0805345 0.0624991 0.1 0.0805
            0.0595 0.1 0.0805 0.0595 0.1062679 0.0806641 0.0601219 0.1058462 0.0806531 0.0606845
            0.1053517 0.0806401 0.0611853 0.1047866 0.0806253 0.0616084 0.1041681 0.0806091
            0.0619517 0.1035007 0.0805917 0.0622101 0.1027922 0.0805731 0.0623765 0.1020638 0.080554</float_array>
          <technique_common>
            <accessor count="11" source="#ID536" stride="3">
              <param name="X" type="float" />
              <param name="Y" type="float" />
              <param name="Z" type="float" />
            </accessor>
          </technique_common>
        </source>
        <source id="ID537">
          <float_array id="ID538" count="33">0 0.0261769 -0.9996573 0 0.0261769 -0.9996573 0
            0.0261769 -0.9996573 0 0.0261769 -0.9996573 0 0.0261769 -0.9996573 0 0.0261769
            -0.9996573 0 0.0261769 -0.9996573 0 0.0261769 -0.9996573 0 0.0261769 -0.9996573 0
            0.0261769 -0.9996573 0 0.0261769 -0.9996573</float_array>
          <technique_common>
            <accessor count="11" source="#ID538" stride="3">
              <param name="X" type="float" />
              <param name="Y" type="float" />
              <param name="Z" type="float" />
            </accessor>
          </technique_common>
        </source>
        <source id="ID539">
          <float_array id="ID540" count="22">0.0161034 0.2100848 0 0 1 0 1 1 0.7926407 0.9327139
            0.6050423 0.8538311 0.4380533 0.7636586 0.2969858 0.6649846 0.1825328 0.5585161
            0.0963785 0.44547 0.0408776 0.3292704</float_array>
          <technique_common>
            <accessor count="11" source="#ID540" stride="2">
              <param name="S" type="float" />
              <param name="T" type="float" />
            </accessor>
          </technique_common>
        </source>
        <vertices id="ID541">
          <input semantic="POSITION" source="#ID535" />
        </vertices>
        <triangles count="9" material="ID542">
          <input semantic="VERTEX" source="#ID541" offset="0" />
          <input semantic="NORMAL" source="#ID537" offset="1" />
          <input semantic="TEXCOORD" source="#ID539" offset="2" set="0" />
          <p>1 1 1 2 2 2 0 0 0 0 0 0 2 2 2 10 10 10 10 10 10 2 2 2 9 9 9 9 9 9 2 2 2 8 8 8 8 8 8 2 2
            2 7 7 7 7 7 7 2 2 2 6 6 6 6 6 6 2 2 2 5 5 5 5 5 5 2 2 2 4 4 4 4 4 4 2 2 2 3 3 3</p>
        </triangles>
      </mesh>
    </geometry>
    <geometry id="ID543">
      <mesh>
        <source id="ID544">
          <float_array id="ID545" count="33">-0.0040345 0.1013168 0.1389508 -0.004 0.1 0.1389991
            -0.004 0.1 0.136 -0.0041641 0.1062679 0.136 -0.0041531 0.1058462 0.1366219 -0.0041401
            0.1053517 0.1371845 -0.0041253 0.1047866 0.1376853 -0.0041091 0.1041681 0.1381084
            -0.0040917 0.1035007 0.1384517 -0.0040731 0.1027922 0.1387101 -0.004054 0.1020638
            0.1388765</float_array>
          <technique_common>
            <accessor count="11" source="#ID545" stride="3">
              <param name="X" type="float" />
              <param name="Y" type="float" />
              <param name="Z" type="float" />
            </accessor>
          </technique_common>
        </source>
        <source id="ID546">
          <float_array id="ID547" count="33">0.9996573 0.0261769 0 0.9996573 0.0261769 0 0.9996573
            0.0261769 0 0.9996573 0.0261769 0 0.9996573 0.0261769 0 0.9996573 0.0261769 0 0.9996573
            0.0261769 0 0.9996573 0.0261769 0 0.9996573 0.0261769 0 0.9996573 0.0261769 0 0.9996573
            0.0261769 0</float_array>
          <technique_common>
            <accessor count="11" source="#ID547" stride="3">
              <param name="X" type="float" />
              <param name="Y" type="float" />
              <param name="Z" type="float" />
            </accessor>
          </technique_common>
        </source>
        <source id="ID548">
          <float_array id="ID549" count="22">0.2100848 0.9838966 0 1 0 0 1 0 0.9327139 0.2073593
            0.8538311 0.3949576 0.7636586 0.5619467 0.6649846 0.7030142 0.5585161 0.8174673 0.44547
            0.9036215 0.3292705 0.9591224</float_array>
          <technique_common>
            <accessor count="11" source="#ID549" stride="2">
              <param name="S" type="float" />
              <param name="T" type="float" />
            </accessor>
          </technique_common>
        </source>
        <vertices id="ID550">
          <input semantic="POSITION" source="#ID544" />
        </vertices>
        <triangles count="9" material="ID551">
          <input semantic="VERTEX" source="#ID550" offset="0" />
          <input semantic="NORMAL" source="#ID546" offset="1" />
          <input semantic="TEXCOORD" source="#ID548" offset="2" set="0" />
          <p>1 1 1 2 2 2 0 0 0 0 0 0 2 2 2 10 10 10 10 10 10 2 2 2 9 9 9 9 9 9 2 2 2 8 8 8 8 8 8 2 2
            2 7 7 7 7 7 7 2 2 2 6 6 6 6 6 6 2 2 2 5 5 5 5 5 5 2 2 2 4 4 4 4 4 4 2 2 2 3 3 3</p>
        </triangles>
      </mesh>
    </geometry>
    <geometry id="ID552">
      <mesh>
        <source id="ID553">
          <float_array id="ID554" count="138">0.0041641 0.1062679 0.136 0.0041433 0.1065238
            0.1355207 0.0040616 0.1067339 0.1350276 0.003913 0.1068969 0.1345282 0.0036966 0.1070103
            0.134041 0.0034019 0.1071005 0.1335606 0.0030458 0.1071821 0.1331254 0.0026301 0.1072546
            0.1327383 0.0021685 0.1073155 0.132413 0.0016636 0.1073643 0.1321516 0.0011271 0.1074
            0.1319605 0.0005713 0.1074216 0.1318448 0 0.107429 0.1318055 -0.0005669 0.1074218
            0.1318441 -0.001125 0.1074001 0.1319599 -0.0016608 0.1073646 0.1321499 -0.0021638
            0.107316 0.1324101 -0.0026289 0.1072548 0.1327374 -0.0030414 0.107183 0.1331207
            -0.0033995 0.107101 0.1335578 -0.0036966 0.1070103 0.134041 -0.003912 0.106897 0.1345267
            -0.0040609 0.1067351 0.1350247 -0.004143 0.1065248 0.1355185 -0.0041641 0.1062679 0.136
            -0.004 0.1 0.136 -0.0039392 0.1 0.1353054 -0.0037588 0.1 0.1346319 -0.0034641 0.1 0.134
            -0.0030642 0.1 0.1334289 -0.0025712 0.1 0.1329358 -0.002 0.1 0.1325359 -0.0013681 0.1
            0.1322412 -0.0006946 0.1 0.1320608 0 0.1 0.132 0.0006946 0.1 0.1320608 0.0013681 0.1
            0.1322412 0.002 0.1 0.1325359 0.0025712 0.1 0.1329358 0.0030642 0.1 0.1334289 0.0034641
            0.1 0.134 0.0037588 0.1 0.1346319 0.0039392 0.1 0.1353054 0.004 0.1 0.136 0 0.1 0.132 0
            0.107429 0.1318055</float_array>
          <technique_common>
            <accessor count="46" source="#ID554" stride="3">
              <param name="X" type="float" />
              <param name="Y" type="float" />
              <param name="Z" type="float" />
            </accessor>
          </technique_common>
        </source>
        <source id="ID555">
          <float_array id="ID556" count="138">-0.9996573 0.0261769 0 -0.993035 0.0261769 0.1148751
            -0.9721859 0.0261769 0.2327431 -0.9356622 0.0261769 0.3519246 -0.8832878 0.0261769
            0.4680999 -0.8123816 0.0261769 0.5825382 -0.7270033 0.0261769 0.6861348 -0.6274899
            0.0261769 0.7781845 -0.5171717 0.0261769 0.8554813 -0.3966582 0.0261769 0.9175931
            -0.2686605 0.0261769 0.9628792 -0.1361602 0.0261769 0.9903409 0 0.0261769 0.9996573
            0.1351037 0.0261769 0.9904856 0.2681523 0.0261769 0.9630208 0.3959433 0.0261769
            0.9179018 0.5160416 0.0261769 0.8561634 0.6272154 0.0261769 0.7784058 0.7259415
            0.0261769 0.6872581 0.8118749 0.0261769 0.5832444 0.8832878 0.0261769 0.4680999
            0.9355123 0.0261769 0.3523231 0.9720142 0.0261769 0.2334591 0.9929727 0.0261769
            0.1154118 0.9996573 0.0261769 0 0.9996573 0.0261769 0 0.9844703 0.0261769 0.1735887
            0.9393706 0.0261769 0.3419029 0.8657286 0.0261769 0.4998287 0.7657819 0.0261769
            0.6425673 0.6425673 0.0261769 0.7657819 0.4998287 0.0261769 0.8657286 0.3419029
            0.0261769 0.9393706 0.1735887 0.0261769 0.9844703 0 0.0261769 0.9996573 -0.1735887
            0.0261769 0.9844703 -0.3419029 0.0261769 0.9393706 -0.4998287 0.0261769 0.8657286
            -0.6425673 0.0261769 0.7657819 -0.7657819 0.0261769 0.6425673 -0.8657286 0.0261769
            0.4998287 -0.9393706 0.0261769 0.3419029 -0.9844703 0.0261769 0.1735887 -0.9996573
            0.0261769 0 0 0.0261769 0.9996573 0 0.0261769 0.9996573</float_array>
          <technique_common>
            <accessor count="46" source="#ID556" stride="3">
              <param name="X" type="float" />
              <param name="Y" type="float" />
              <param name="Z" type="float" />
            </accessor>
          </technique_common>
        </source>
        <source id="ID557">
          <float_array id="ID558" count="92">0.8437129 0.75 0.8781575 0.7683297 0.9064426 0.7873982
            0.9283773 0.8072569 0.9436456 0.8275595 0.955786 0.8490093 0.9667681 0.8703985 0.9765272
            0.8919972 0.9847207 0.9134595 0.9912964 0.9350614 0.9961028 0.9566942 0.9990128
            0.9782544 1 0 0.9990308 0.0215758 0.9961178 0.0432217 0.9913412 0.0648147 0.984793
            0.0863304 0.9765506 0.1079467 0.9668872 0.1293555 0.9558553 0.1508524 0.9436456
            0.1724405 0.928396 0.1926754 0.906594 0.2124847 0.8782941 0.2315843 0.8437129 0.25 0
            0.25 0 0.2222222 0 0.1944445 0 0.1666667 0 0.1388889 0 0.1111111 0 0.0833334 0 0.0555556
            0 0.0277778 0 1 0 0.9722221 0 0.9444444 0 0.9166666 0 0.8888888 0 0.861111 0 0.8333333 0
            0.8055555 0 0.7777777 0 0.75 0 0 1 1</float_array>
          <technique_common>
            <accessor count="46" source="#ID558" stride="2">
              <param name="S" type="float" />
              <param name="T" type="float" />
            </accessor>
          </technique_common>
        </source>
        <vertices id="ID559">
          <input semantic="POSITION" source="#ID553" />
        </vertices>
        <triangles count="42" material="ID560">
          <input semantic="VERTEX" source="#ID559" offset="0" />
          <input semantic="NORMAL" source="#ID555" offset="1" />
          <input semantic="TEXCOORD" source="#ID557" offset="2" set="0" />
          <p>0 0 0 1 1 1 43 43 43 43 43 43 1 1 1 42 42 42 42 42 42 1 1 1 2 2 2 41 41 41 2 2 2 3 3 3
            4 4 4 41 41 41 3 3 3 4 4 4 40 40 40 41 41 41 4 4 4 5 5 5 40 40 40 40 40 40 5 5 5 39 39
            39 39 39 39 5 5 5 6 6 6 38 38 38 6 6 6 7 7 7 37 37 37 7 7 7 8 8 8 9 9 9 37 37 37 8 8 8 9
            9 9 36 36 36 37 37 37 9 9 9 10 10 10 36 36 36 36 36 36 10 10 10 35 35 35 35 35 35 10 10
            10 11 11 11 34 34 34 11 11 11 45 45 45 13 13 13 44 44 44 12 12 12 13 13 13 33 33 33 44
            44 44 13 13 13 14 14 14 33 33 33 33 33 33 14 14 14 32 32 32 32 32 32 14 14 14 15 15 15
            31 31 31 15 15 15 16 16 16 30 30 30 16 16 16 17 17 17 18 18 18 30 30 30 17 17 17 18 18
            18 29 29 29 30 30 30 18 18 18 19 19 19 29 29 29 29 29 29 19 19 19 28 28 28 28 28 28 19
            19 19 20 20 20 21 21 21 28 28 28 20 20 20 21 21 21 27 27 27 28 28 28 21 21 21 22 22 22
            27 27 27 27 27 27 22 22 22 26 26 26 26 26 26 22 22 22 23 23 23 25 25 25 23 23 23 24 24
            24 25 25 25 26 26 26 23 23 23 30 30 30 31 31 31 16 16 16 31 31 31 32 32 32 15 15 15 34
            34 34 35 35 35 11 11 11 37 37 37 38 38 38 7 7 7 38 38 38 39 39 39 6 6 6 41 41 41 42 42
            42 2 2 2</p>
        </triangles>
      </mesh>
    </geometry>
    <geometry id="ID561">
      <mesh>
        <source id="ID562">
          <float_array id="ID563" count="33">0.004 0.1 0.1389991 0.0040345 0.1013168 0.1389508
            0.0040541 0.1020645 0.1388764 0.0040732 0.1027945 0.1387094 0.0040917 0.1035037
            0.1384503 0.0041092 0.10417 0.1381073 0.0041254 0.1047893 0.1376832 0.0041402 0.1053535
            0.1371827 0.0041531 0.1058466 0.1366213 0.0041641 0.1062679 0.136 0.004 0.1 0.136</float_array>
          <technique_common>
            <accessor count="11" source="#ID563" stride="3">
              <param name="X" type="float" />
              <param name="Y" type="float" />
              <param name="Z" type="float" />
            </accessor>
          </technique_common>
        </source>
        <source id="ID564">
          <float_array id="ID565" count="33">-0.9996573 0.0261769 0 -0.9996573 0.0261769 0
            -0.9996573 0.0261769 0 -0.9996573 0.0261769 0 -0.9996573 0.0261769 0 -0.9996573
            0.0261769 0 -0.9996573 0.0261769 0 -0.9996573 0.0261769 0 -0.9996573 0.0261769 0
            -0.9996573 0.0261769 0 -0.9996573 0.0261769 0</float_array>
          <technique_common>
            <accessor count="11" source="#ID565" stride="3">
              <param name="X" type="float" />
              <param name="Y" type="float" />
              <param name="Z" type="float" />
            </accessor>
          </technique_common>
        </source>
        <source id="ID566">
          <float_array id="ID567" count="22">0 1 0.0161034 0.7899151 0.0409136 0.6706234 0.096606
            0.5541612 0.182972 0.441004 0.2973716 0.3347059 0.4387578 0.2359094 0.6056463 0.1458814
            0.7928311 0.0672157 1 0 1 1</float_array>
          <technique_common>
            <accessor count="11" source="#ID567" stride="2">
              <param name="S" type="float" />
              <param name="T" type="float" />
            </accessor>
          </technique_common>
        </source>
        <vertices id="ID568">
          <input semantic="POSITION" source="#ID562" />
        </vertices>
        <triangles count="9" material="ID569">
          <input semantic="VERTEX" source="#ID568" offset="0" />
          <input semantic="NORMAL" source="#ID564" offset="1" />
          <input semantic="TEXCOORD" source="#ID566" offset="2" set="0" />
          <p>0 0 0 1 1 1 10 10 10 10 10 10 1 1 1 2 2 2 3 3 3 10 10 10 2 2 2 3 3 3 4 4 4 10 10 10 10
            10 10 4 4 4 5 5 5 6 6 6 10 10 10 5 5 5 6 6 6 7 7 7 10 10 10 10 10 10 7 7 7 8 8 8 9 9 9
            10 10 10 8 8 8</p>
        </triangles>
      </mesh>
    </geometry>
    <geometry id="ID570">
      <mesh>
        <source id="ID571">
          <float_array id="ID572" count="237">0 0.075 0.14 0 0.1 0.139127 -0.0013341 0.1 0.1391128
            -0.0026677 0.1 0.1390701 -0.004 0.1 0.1389991 -0.0040345 0.1013168 0.1389508 -0.0108671
            0.1013168 0.1381302 -0.0161972 0.1013168 0.1369486 -0.021404 0.1013168 0.1353069
            -0.0264479 0.1013168 0.1332177 -0.0312905 0.1013168 0.1306967 -0.035895 0.1013168
            0.1277634 -0.0402263 0.1013168 0.1244398 -0.0442514 0.1013168 0.1207514 -0.0479398
            0.1013168 0.1167263 -0.0512634 0.1013168 0.112395 -0.0541967 0.1013168 0.1077905
            -0.0567176 0.1013168 0.1029479 -0.0588069 0.1013168 0.097904 -0.0604486 0.1013168
            0.0926971 -0.0616303 0.1013168 0.0873671 -0.0624508 0.1013168 0.0805345 -0.0624991 0.1
            0.0805 -0.0626128 0.1 0.0778341 -0.0626128 0.1 0.0751659 -0.0624991 0.1 0.0725
            -0.0624508 0.1013168 0.0724655 -0.0616303 0.1013168 0.0656329 -0.0604486 0.1013168
            0.0603028 -0.0588069 0.1013168 0.055096 -0.0567176 0.1013168 0.0500521 -0.0541967
            0.1013168 0.0452095 -0.0512634 0.1013168 0.040605 -0.0479398 0.1013168 0.0362737
            -0.0442514 0.1013168 0.0322486 -0.0402263 0.1013168 0.0285602 -0.035895 0.1013168
            0.0252366 -0.0312905 0.1013168 0.0223033 -0.0264479 0.1013168 0.0197823 -0.021404
            0.1013168 0.0176931 -0.0161972 0.1013168 0.0160514 -0.0108671 0.1013168 0.0148698
            -0.0040345 0.1013168 0.0140492 -0.004 0.1 0.0140009 -0.0026677 0.1 0.0139299 -0.0013341
            0.1 0.0138872 0 0.1 0.013873 0 0.075 0.013 -0.0033233 0.075 0.013087 -0.0141028 0.075
            0.0145859 -0.0200481 0.075 0.016248 -0.0258041 0.075 0.0184793 -0.031316 0.075 0.0212593
            -0.0365322 0.075 0.0245611 -0.0414028 0.075 0.0283541 -0.0458824 0.075 0.0326018
            -0.0499281 0.075 0.0372647 -0.0535022 0.075 0.0422981 -0.0565702 0.075 0.047655
            -0.059104 0.075 0.0532844 -0.0610788 0.075 0.0591333 -0.0624767 0.075 0.0651463
            -0.0632838 0.075 0.0712666 -0.0634931 0.075 0.0774364 -0.0631019 0.075 0.0835973
            -0.0621147 0.075 0.0896912 -0.0605401 0.075 0.0956603 -0.0583937 0.075 0.1014485
            -0.055695 0.075 0.1070007 -0.0524702 0.075 0.1122647 -0.0487493 0.075 0.1171907
            -0.0445678 0.075 0.1217321 -0.039965 0.075 0.125846 -0.0349846 0.075 0.1294936
            -0.0296734 0.075 0.1326402 -0.0240818 0.075 0.1352563 -0.0182626 0.075 0.137317
            -0.0122708 0.075 0.138803 -0.0033233 0.075 0.139913</float_array>
          <technique_common>
            <accessor count="79" source="#ID572" stride="3">
              <param name="X" type="float" />
              <param name="Y" type="float" />
              <param name="Z" type="float" />
            </accessor>
          </technique_common>
        </source>
        <source id="ID573">
          <float_array id="ID574" count="237">0 0.0348995 0.9993908 0 0.0348995 0.9993908 -0.02129
            0.0348995 0.999164 -0.0425703 0.0348995 0.9984837 -0.0638313 0.0348995 0.9973503
            -0.0644289 0.0348995 0.9973118 -0.1735424 0.0348995 0.9842078 -0.2586614 0.0348995
            0.9653374 -0.3418118 0.0348995 0.9391202 -0.4223608 0.0348995 0.9057557 -0.4996954
            0.0348995 0.8654978 -0.573227 0.0348995 0.818653 -0.642396 0.0348995 0.7655778 -0.706676
            0.0348995 0.706676 -0.7655778 0.0348995 0.642396 -0.818653 0.0348995 0.573227 -0.8654978
            0.0348995 0.4996954 -0.9057557 0.0348995 0.4223608 -0.9391202 0.0348995 0.3418118
            -0.9653374 0.0348995 0.2586614 -0.9842078 0.0348995 0.1735424 -0.9973118 0.0348995
            0.0644289 -0.9973503 0.0348995 0.0638313 -0.999164 0.0348995 0.02129 -0.999164 0.0348995
            -0.02129 -0.9973503 0.0348995 -0.0638313 -0.9973118 0.0348995 -0.0644289 -0.9842078
            0.0348995 -0.1735424 -0.9653374 0.0348995 -0.2586614 -0.9391202 0.0348995 -0.3418118
            -0.9057557 0.0348995 -0.4223608 -0.8654978 0.0348995 -0.4996954 -0.818653 0.0348995
            -0.573227 -0.7655778 0.0348995 -0.642396 -0.706676 0.0348995 -0.706676 -0.642396
            0.0348995 -0.7655778 -0.573227 0.0348995 -0.818653 -0.4996954 0.0348995 -0.8654978
            -0.4223608 0.0348995 -0.9057557 -0.3418118 0.0348995 -0.9391202 -0.2586614 0.0348995
            -0.9653374 -0.1735424 0.0348995 -0.9842078 -0.0644289 0.0348995 -0.9973118 -0.0638313
            0.0348995 -0.9973503 -0.0425703 0.0348995 -0.9984837 -0.02129 0.0348995 -0.999164 0
            0.0348995 -0.9993908 0 0.0348995 -0.9993908 -0.0523041 0.0348995 -0.9980212 -0.2219557
            0.0348995 -0.974432 -0.3155269 0.0348995 -0.9482747 -0.406116 0.0348995 -0.9131548
            -0.4928667 0.0348995 -0.8694046 -0.5749593 0.0348995 -0.8174374 -0.6516177 0.0348995
            -0.7577443 -0.7221175 0.0348995 -0.6908895 -0.7857924 0.0348995 -0.617505 -0.8420404
            0.0348995 -0.5382842 -0.8903302 0.0348995 -0.453976 -0.9302052 0.0348995 -0.3653771
            -0.9612885 0.0348995 -0.2733249 -0.9832864 0.0348995 -0.1786895 -0.995991 0.0348995
            -0.0823651 -0.9992822 0.0348995 0.0147376 -0.9931288 0.0348995 0.1117011 -0.9775892
            0.0348995 0.2076088 -0.95281 0.0348995 0.3015545 -0.9190256 0.0348995 0.3926499
            -0.8765551 0.0348995 0.4800344 -0.8258002 0.0348995 0.5628818 -0.7672403 0.0348995
            0.6404095 -0.7014291 0.0348995 0.7118843 -0.6289884 0.0348995 0.776631 -0.550603
            0.0348995 0.8340374 -0.4670136 0.0348995 0.8835612 -0.3790105 0.0348995 0.9247341
            -0.287425 0.0348995 0.9571671 -0.1931233 0.0348995 0.9805536 -0.0523041 0.0348995
            0.9980212</float_array>
          <technique_common>
            <accessor count="79" source="#ID574" stride="3">
              <param name="X" type="float" />
              <param name="Y" type="float" />
              <param name="Z" type="float" />
            </accessor>
          </technique_common>
        </source>
        <source id="ID575">
          <float_array id="ID576" count="158">1 0 0.0500363 0 0.0500363 0.0067815 0.0500363
            0.0135629 0.0500363 0.0203444 0 0.0205351 0 0.0555556 0 0.0833334 0 0.1111112 0
            0.1388889 0 0.1666667 0 0.1944445 0 0.2222223 0 0.25 0 0.2777778 0 0.3055556 0 0.3333333
            0 0.3611111 0 0.3888889 0 0.4166667 0 0.4444444 0 0.4794649 0.0500363 0.4796556
            0.0500363 0.4932186 0.0500363 0.5067815 0.0500363 0.5203444 0 0.5205351 0 0.5555556 0
            0.5833334 0 0.6111111 0 0.6388889 0 0.6666667 0 0.6944444 0 0.7222222 0 0.75 0 0.7777777
            0 0.8055555 0 0.8333333 0 0.8611112 0 0.8888889 0 0.9166667 0 0.9444445 0 0.9794649
            0.0500363 0.9796556 0.0500363 0.9864371 0.0500363 0.9932185 0.0500363 1 1 1 0.9999999
            0.9833333 0.9999999 0.9287118 0.9999996 0.8977543 0.9999999 0.8667967 0.9999996
            0.8358391 0.9999999 0.8048815 0.9999996 0.7739239 0.9999999 0.7429664 0.9999996
            0.7120088 0.9999999 0.6810513 0.9999996 0.6500937 0.9999999 0.6191362 0.9999996
            0.5881785 0.9999999 0.557221 0.9999996 0.5262634 0.9999999 0.4953059 0.9999996 0.4643483
            0.9999999 0.4333907 0.9999996 0.4024331 0.9999999 0.3714756 0.9999997 0.340518 0.9999999
            0.3095605 0.9999997 0.2786029 0.9999999 0.2476453 0.9999997 0.2166877 0.9999998
            0.1857302 0.9999997 0.1547726 0.9999998 0.1238151 0.9999998 0.0928575 0.9999998 0.0619
            0.9999999 0.0166667</float_array>
          <technique_common>
            <accessor count="79" source="#ID576" stride="2">
              <param name="S" type="float" />
              <param name="T" type="float" />
            </accessor>
          </technique_common>
        </source>
        <vertices id="ID577">
          <input semantic="POSITION" source="#ID571" />
        </vertices>
        <triangles count="77" material="ID578">
          <input semantic="VERTEX" source="#ID577" offset="0" />
          <input semantic="NORMAL" source="#ID573" offset="1" />
          <input semantic="TEXCOORD" source="#ID575" offset="2" set="0" />
          <p>1 1 1 2 2 2 0 0 0 0 0 0 2 2 2 78 78 78 78 78 78 2 2 2 3 3 3 4 4 4 78 78 78 3 3 3 4 4 4
            77 77 77 78 78 78 4 4 4 6 6 6 77 77 77 4 4 4 5 5 5 6 6 6 6 6 6 7 7 7 77 77 77 77 77 77 7
            7 7 76 76 76 76 76 76 7 7 7 8 8 8 75 75 75 8 8 8 9 9 9 74 74 74 9 9 9 10 10 10 73 73 73
            10 10 10 11 11 11 72 72 72 11 11 11 12 12 12 71 71 71 12 12 12 13 13 13 14 14 14 71 71
            71 13 13 13 14 14 14 70 70 70 71 71 71 14 14 14 15 15 15 70 70 70 70 70 70 15 15 15 69
            69 69 69 69 69 15 15 15 16 16 16 68 68 68 16 16 16 17 17 17 67 67 67 17 17 17 18 18 18
            66 66 66 18 18 18 19 19 19 65 65 65 19 19 19 20 20 20 64 64 64 20 20 20 22 22 22 63 63
            63 22 22 22 23 23 23 24 24 24 63 63 63 23 23 23 24 24 24 62 62 62 63 63 63 24 24 24 25
            25 25 62 62 62 62 62 62 25 25 25 27 27 27 61 61 61 27 27 27 28 28 28 60 60 60 28 28 28
            29 29 29 59 59 59 29 29 29 30 30 30 58 58 58 30 30 30 31 31 31 57 57 57 31 31 31 32 32
            32 56 56 56 32 32 32 33 33 33 55 55 55 33 33 33 34 34 34 54 54 54 34 34 34 35 35 35 53
            53 53 35 35 35 36 36 36 37 37 37 53 53 53 36 36 36 37 37 37 52 52 52 53 53 53 37 37 37
            38 38 38 52 52 52 52 52 52 38 38 38 51 51 51 51 51 51 38 38 38 39 39 39 50 50 50 39 39
            39 40 40 40 49 49 49 40 40 40 41 41 41 48 48 48 41 41 41 43 43 43 44 44 44 48 48 48 43
            43 43 44 44 44 47 47 47 48 48 48 44 44 44 45 45 45 47 47 47 47 47 47 45 45 45 46 46 46
            20 20 20 21 21 21 22 22 22 25 25 25 26 26 26 27 27 27 41 41 41 42 42 42 43 43 43 48 48
            48 49 49 49 41 41 41 49 49 49 50 50 50 40 40 40 50 50 50 51 51 51 39 39 39 53 53 53 54
            54 54 35 35 35 54 54 54 55 55 55 34 34 34 55 55 55 56 56 56 33 33 33 56 56 56 57 57 57
            32 32 32 57 57 57 58 58 58 31 31 31 58 58 58 59 59 59 30 30 30 59 59 59 60 60 60 29 29
            29 60 60 60 61 61 61 28 28 28 61 61 61 62 62 62 27 27 27 63 63 63 64 64 64 22 22 22 64
            64 64 65 65 65 20 20 20 65 65 65 66 66 66 19 19 19 66 66 66 67 67 67 18 18 18 67 67 67
            68 68 68 17 17 17 68 68 68 69 69 69 16 16 16 71 71 71 72 72 72 12 12 12 72 72 72 73 73
            73 11 11 11 73 73 73 74 74 74 10 10 10 74 74 74 75 75 75 9 9 9 75 75 75 76 76 76 8 8 8</p>
        </triangles>
      </mesh>
    </geometry>
    <geometry id="ID579">
      <mesh>
        <source id="ID580">
          <float_array id="ID581" count="186">-0.004 0.1 0.1389991 -0.0026677 0.1 0.1390701
            -0.0013341 0.1 0.1391128 0 0.1 0.139127 0.0013341 0.1 0.1391128 0.0026677 0.1 0.1390701
            0.004 0.1 0.1389991 0.004 0.1 0.136 0.0039392 0.1 0.1353054 0.0037588 0.1 0.1346319
            0.0034641 0.1 0.134 0.0030642 0.1 0.1334289 0.0025712 0.1 0.1329358 0.002 0.1 0.1325359
            0.0013681 0.1 0.1322412 0.0006946 0.1 0.1320608 0 0.1 0.132 -0.0006946 0.1 0.1320608
            -0.0013681 0.1 0.1322412 -0.002 0.1 0.1325359 -0.0025712 0.1 0.1329358 -0.0030642 0.1
            0.1334289 -0.0034641 0.1 0.134 -0.0037588 0.1 0.1346319 -0.0039392 0.1 0.1353054 -0.004
            0.1 0.136 0 0.1 0.139 -0.0004775 0.1 0.1389582 -0.0009406 0.1 0.1388342 -0.001375 0.1
            0.1386316 -0.0017677 0.1 0.1383566 -0.0021066 0.1 0.1380177 -0.0023816 0.1 0.137625
            -0.0025842 0.1 0.1371906 -0.0027082 0.1 0.1367275 -0.00275 0.1 0.13625 -0.0027082 0.1
            0.1357725 -0.0025842 0.1 0.1353094 -0.0023816 0.1 0.134875 -0.0021066 0.1 0.1344823
            -0.0017677 0.1 0.1341434 -0.001375 0.1 0.1338684 -0.0009406 0.1 0.1336658 -0.0004775 0.1
            0.1335418 0 0.1 0.1335 0.0004775 0.1 0.1335418 0.0009406 0.1 0.1336658 0.001375 0.1
            0.1338684 0.0017677 0.1 0.1341434 0.0021066 0.1 0.1344823 0.0023816 0.1 0.134875
            0.0025842 0.1 0.1353094 0.0027082 0.1 0.1357725 0.00275 0.1 0.13625 0.0027082 0.1
            0.1367275 0.0025842 0.1 0.1371906 0.0023816 0.1 0.137625 0.0021066 0.1 0.1380177
            0.0017677 0.1 0.1383566 0.001375 0.1 0.1386316 0.0009406 0.1 0.1388342 0.0004775 0.1
            0.1389582</float_array>
          <technique_common>
            <accessor count="62" source="#ID581" stride="3">
              <param name="X" type="float" />
              <param name="Y" type="float" />
              <param name="Z" type="float" />
            </accessor>
          </technique_common>
        </source>
        <source id="ID582">
          <float_array id="ID583" count="186">0 1 0 0 1 0 0 1 0 0 1 0 0 1 0 0 1 0 0 1 0 0 1 0 0 1 0
            0 1 0 0 1 0 0 1 0 0 1 0 0 1 0 0 1 0 0 1 0 0 1 0 0 1 0 0 1 0 0 1 0 0 1 0 0 1 0 0 1 0 0 1
            0 0 1 0 0 1 0 0 1 0 0 1 0 0 1 0 0 1 0 0 1 0 0 1 0 0 1 0 0 1 0 0 1 0 0 1 0 0 1 0 0 1 0 0
            1 0 0 1 0 0 1 0 0 1 0 0 1 0 0 1 0 0 1 0 0 1 0 0 1 0 0 1 0 0 1 0 0 1 0 0 1 0 0 1 0 0 1 0
            0 1 0 0 1 0 0 1 0 0 1 0 0 1 0 0 1 0 0 1 0 0 1 0 0 1 0</float_array>
          <technique_common>
            <accessor count="62" source="#ID583" stride="3">
              <param name="X" type="float" />
              <param name="Y" type="float" />
              <param name="Z" type="float" />
            </accessor>
          </technique_common>
        </source>
        <source id="ID584">
          <float_array id="ID585" count="124">0.0179418 1 0.0079757 0.8334595 0.0019941 0.6667676 0
            0.5 0.0019941 0.3332324 0.0079757 0.1665405 0.0179418 0 0.4387525 0 0.5362121 0.0075961
            0.6307105 0.0301537 0.7193763 0.0669873 0.7995155 0.1169778 0.868693 0.1786062 0.9248071
            0.25 0.9661526 0.3289899 0.9914734 0.4131759 1 0.5 0.9914734 0.5868241 0.9661526
            0.6710101 0.9248071 0.75 0.868693 0.8213938 0.7995155 0.8830222 0.7193763 0.9330127
            0.6307105 0.9698463 0.5362121 0.9924039 0.4387525 1 0.0178169 0.5 0.0236789 0.5596915
            0.041087 0.6175694 0.069512 0.671875 0.1080905 0.7209582 0.15565 0.7633278 0.2107457
            0.7976962 0.2717035 0.8230193 0.3366711 0.8385277 0.4036745 0.84375 0.470678 0.8385277
            0.5356456 0.8230193 0.5966034 0.7976962 0.6516991 0.7633278 0.6992587 0.7209582
            0.7378371 0.671875 0.7662621 0.6175694 0.7836702 0.5596915 0.7895322 0.5 0.7836702
            0.4403085 0.7662621 0.3824306 0.7378371 0.328125 0.6992587 0.2790418 0.6516991 0.2366722
            0.5966034 0.2023038 0.5356456 0.1769807 0.470678 0.1614723 0.4036745 0.15625 0.3366711
            0.1614723 0.2717035 0.1769807 0.2107457 0.2023038 0.15565 0.2366722 0.1080905 0.2790418
            0.069512 0.328125 0.041087 0.3824306 0.0236789 0.4403085</float_array>
          <technique_common>
            <accessor count="62" source="#ID585" stride="2">
              <param name="S" type="float" />
              <param name="T" type="float" />
            </accessor>
          </technique_common>
        </source>
        <vertices id="ID586">
          <input semantic="POSITION" source="#ID580" />
        </vertices>
        <triangles count="62" material="ID587">
          <input semantic="VERTEX" source="#ID586" offset="0" />
          <input semantic="NORMAL" source="#ID582" offset="1" />
          <input semantic="TEXCOORD" source="#ID584" offset="2" set="0" />
          <p>30 30 30 31 31 31 1 1 1 2 2 2 30 30 30 1 1 1 2 2 2 29 29 29 30 30 30 2 2 2 28 28 28 29
            29 29 2 2 2 27 27 27 28 28 28 2 2 2 3 3 3 27 27 27 27 27 27 3 3 3 26 26 26 26 26 26 3 3
            3 61 61 61 61 61 61 3 3 3 4 4 4 60 60 60 4 4 4 59 59 59 60 60 60 61 61 61 4 4 4 59 59 59
            4 4 4 58 58 58 58 58 58 4 4 4 5 5 5 57 57 57 5 5 5 56 56 56 57 57 57 58 58 58 5 5 5 5 5
            5 6 6 6 56 56 56 56 56 56 6 6 6 55 55 55 55 55 55 6 6 6 7 7 7 54 54 54 7 7 7 53 53 53 54
            54 54 55 55 55 7 7 7 53 53 53 7 7 7 52 52 52 52 52 52 7 7 7 8 8 8 51 51 51 8 8 8 9 9 9
            50 50 50 9 9 9 10 10 10 49 49 49 10 10 10 11 11 11 48 48 48 11 11 11 12 12 12 47 47 47
            12 12 12 13 13 13 46 46 46 13 13 13 14 14 14 45 45 45 14 14 14 15 15 15 44 44 44 15 15
            15 16 16 16 17 17 17 44 44 44 16 16 16 17 17 17 43 43 43 44 44 44 17 17 17 18 18 18 43
            43 43 43 43 43 18 18 18 42 42 42 42 42 42 18 18 18 19 19 19 41 41 41 19 19 19 20 20 20
            40 40 40 20 20 20 21 21 21 39 39 39 21 21 21 22 22 22 38 38 38 22 22 22 23 23 23 37 37
            37 23 23 23 24 24 24 36 36 36 24 24 24 25 25 25 35 35 35 25 25 25 34 34 34 35 35 35 36
            36 36 25 25 25 34 34 34 25 25 25 33 33 33 33 33 33 25 25 25 0 0 0 32 32 32 0 0 0 1 1 1
            31 31 31 32 32 32 1 1 1 32 32 32 33 33 33 0 0 0 36 36 36 37 37 37 24 24 24 37 37 37 38
            38 38 23 23 23 38 38 38 39 39 39 22 22 22 39 39 39 40 40 40 21 21 21 40 40 40 41 41 41
            20 20 20 41 41 41 42 42 42 19 19 19 44 44 44 45 45 45 15 15 15 45 45 45 46 46 46 14 14
            14 46 46 46 47 47 47 13 13 13 47 47 47 48 48 48 12 12 12 48 48 48 49 49 49 11 11 11 49
            49 49 50 50 50 10 10 10 50 50 50 51 51 51 9 9 9 51 51 51 52 52 52 8 8 8</p>
        </triangles>
      </mesh>
    </geometry>
  </library_geometries>
  <library_visual_scenes>
    <visual_scene id="ID588">
      <node id="ID589" name="shoulder">
        <instance_geometry url="#ID3">
          <bind_material>
            <technique_common>
              <instance_material symbol="ID11" target="#ID2" />
            </technique_common>
          </bind_material>
        </instance_geometry>
        <instance_geometry url="#ID12">
          <bind_material>
            <technique_common>
              <instance_material symbol="ID20" target="#ID2" />
            </technique_common>
          </bind_material>
        </instance_geometry>
        <instance_geometry url="#ID21">
          <bind_material>
            <technique_common>
              <instance_material symbol="ID29" target="#ID2" />
            </technique_common>
          </bind_material>
        </instance_geometry>
        <instance_geometry url="#ID30">
          <bind_material>
            <technique_common>
              <instance_material symbol="ID38" target="#ID2" />
            </technique_common>
          </bind_material>
        </instance_geometry>
        <instance_geometry url="#ID39">
          <bind_material>
            <technique_common>
              <instance_material symbol="ID47" target="#ID2" />
            </technique_common>
          </bind_material>
        </instance_geometry>
        <instance_geometry url="#ID48">
          <bind_material>
            <technique_common>
              <instance_material symbol="ID56" target="#ID2" />
            </technique_common>
          </bind_material>
        </instance_geometry>
        <instance_geometry url="#ID57">
          <bind_material>
            <technique_common>
              <instance_material symbol="ID65" target="#ID2" />
            </technique_common>
          </bind_material>
        </instance_geometry>
        <instance_geometry url="#ID66">
          <bind_material>
            <technique_common>
              <instance_material symbol="ID74" target="#ID2" />
            </technique_common>
          </bind_material>
        </instance_geometry>
        <instance_geometry url="#ID75">
          <bind_material>
            <technique_common>
              <instance_material symbol="ID83" target="#ID2" />
            </technique_common>
          </bind_material>
        </instance_geometry>
        <instance_geometry url="#ID84">
          <bind_material>
            <technique_common>
              <instance_material symbol="ID92" target="#ID2" />
            </technique_common>
          </bind_material>
        </instance_geometry>
        <instance_geometry url="#ID93">
          <bind_material>
            <technique_common>
              <instance_material symbol="ID101" target="#ID2" />
            </technique_common>
          </bind_material>
        </instance_geometry>
        <instance_geometry url="#ID102">
          <bind_material>
            <technique_common>
              <instance_material symbol="ID110" target="#ID2" />
            </technique_common>
          </bind_material>
        </instance_geometry>
        <instance_geometry url="#ID111">
          <bind_material>
            <technique_common>
              <instance_material symbol="ID119" target="#ID2" />
            </technique_common>
          </bind_material>
        </instance_geometry>
        <instance_geometry url="#ID120">
          <bind_material>
            <technique_common>
              <instance_material symbol="ID128" target="#ID2" />
            </technique_common>
          </bind_material>
        </instance_geometry>
        <instance_geometry url="#ID129">
          <bind_material>
            <technique_common>
              <instance_material symbol="ID137" target="#ID2" />
            </technique_common>
          </bind_material>
        </instance_geometry>
        <instance_geometry url="#ID138">
          <bind_material>
            <technique_common>
              <instance_material symbol="ID146" target="#ID2" />
            </technique_common>
          </bind_material>
        </instance_geometry>
        <instance_geometry url="#ID147">
          <bind_material>
            <technique_common>
              <instance_material symbol="ID155" target="#ID2" />
            </technique_common>
          </bind_material>
        </instance_geometry>
        <instance_geometry url="#ID156">
          <bind_material>
            <technique_common>
              <instance_material symbol="ID164" target="#ID2" />
            </technique_common>
          </bind_material>
        </instance_geometry>
        <instance_geometry url="#ID165">
          <bind_material>
            <technique_common>
              <instance_material symbol="ID173" target="#ID2" />
            </technique_common>
          </bind_material>
        </instance_geometry>
        <instance_geometry url="#ID174">
          <bind_material>
            <technique_common>
              <instance_material symbol="ID182" target="#ID2" />
            </technique_common>
          </bind_material>
        </instance_geometry>
        <instance_geometry url="#ID183">
          <bind_material>
            <technique_common>
              <instance_material symbol="ID191" target="#ID2" />
            </technique_common>
          </bind_material>
        </instance_geometry>
        <instance_geometry url="#ID192">
          <bind_material>
            <technique_common>
              <instance_material symbol="ID200" target="#ID2" />
            </technique_common>
          </bind_material>
        </instance_geometry>
        <instance_geometry url="#ID201">
          <bind_material>
            <technique_common>
              <instance_material symbol="ID209" target="#ID2" />
            </technique_common>
          </bind_material>
        </instance_geometry>
        <instance_geometry url="#ID210">
          <bind_material>
            <technique_common>
              <instance_material symbol="ID218" target="#ID2" />
            </technique_common>
          </bind_material>
        </instance_geometry>
        <instance_geometry url="#ID219">
          <bind_material>
            <technique_common>
              <instance_material symbol="ID227" target="#ID2" />
            </technique_common>
          </bind_material>
        </instance_geometry>
        <instance_geometry url="#ID228">
          <bind_material>
            <technique_common>
              <instance_material symbol="ID236" target="#ID2" />
            </technique_common>
          </bind_material>
        </instance_geometry>
        <instance_geometry url="#ID237">
          <bind_material>
            <technique_common>
              <instance_material symbol="ID245" target="#ID2" />
            </technique_common>
          </bind_material>
        </instance_geometry>
        <instance_geometry url="#ID246">
          <bind_material>
            <technique_common>
              <instance_material symbol="ID254" target="#ID2" />
            </technique_common>
          </bind_material>
        </instance_geometry>
        <instance_geometry url="#ID255">
          <bind_material>
            <technique_common>
              <instance_material symbol="ID263" target="#ID2" />
            </technique_common>
          </bind_material>
        </instance_geometry>
        <instance_geometry url="#ID264">
          <bind_material>
            <technique_common>
              <instance_material symbol="ID272" target="#ID2" />
            </technique_common>
          </bind_material>
        </instance_geometry>
        <instance_geometry url="#ID273">
          <bind_material>
            <technique_common>
              <instance_material symbol="ID281" target="#ID2" />
            </technique_common>
          </bind_material>
        </instance_geometry>
        <instance_geometry url="#ID282">
          <bind_material>
            <technique_common>
              <instance_material symbol="ID290" target="#ID2" />
            </technique_common>
          </bind_material>
        </instance_geometry>
        <instance_geometry url="#ID291">
          <bind_material>
            <technique_common>
              <instance_material symbol="ID299" target="#ID2" />
            </technique_common>
          </bind_material>
        </instance_geometry>
        <instance_geometry url="#ID300">
          <bind_material>
            <technique_common>
              <instance_material symbol="ID308" target="#ID2" />
            </technique_common>
          </bind_material>
        </instance_geometry>
        <instance_geometry url="#ID309">
          <bind_material>
            <technique_common>
              <instance_material symbol="ID317" target="#ID2" />
            </technique_common>
          </bind_material>
        </instance_geometry>
        <instance_geometry url="#ID318">
          <bind_material>
            <technique_common>
              <instance_material symbol="ID326" target="#ID2" />
            </technique_common>
          </bind_material>
        </instance_geometry>
        <instance_geometry url="#ID327">
          <bind_material>
            <technique_common>
              <instance_material symbol="ID335" target="#ID2" />
            </technique_common>
          </bind_material>
        </instance_geometry>
        <instance_geometry url="#ID336">
          <bind_material>
            <technique_common>
              <instance_material symbol="ID344" target="#ID2" />
            </technique_common>
          </bind_material>
        </instance_geometry>
        <instance_geometry url="#ID345">
          <bind_material>
            <technique_common>
              <instance_material symbol="ID353" target="#ID2" />
            </technique_common>
          </bind_material>
        </instance_geometry>
        <instance_geometry url="#ID354">
          <bind_material>
            <technique_common>
              <instance_material symbol="ID362" target="#ID2" />
            </technique_common>
          </bind_material>
        </instance_geometry>
        <instance_geometry url="#ID363">
          <bind_material>
            <technique_common>
              <instance_material symbol="ID371" target="#ID2" />
            </technique_common>
          </bind_material>
        </instance_geometry>
        <instance_geometry url="#ID372">
          <bind_material>
            <technique_common>
              <instance_material symbol="ID380" target="#ID2" />
            </technique_common>
          </bind_material>
        </instance_geometry>
        <instance_geometry url="#ID381">
          <bind_material>
            <technique_common>
              <instance_material symbol="ID389" target="#ID2" />
            </technique_common>
          </bind_material>
        </instance_geometry>
        <instance_geometry url="#ID390">
          <bind_material>
            <technique_common>
              <instance_material symbol="ID398" target="#ID2" />
            </technique_common>
          </bind_material>
        </instance_geometry>
        <instance_geometry url="#ID399">
          <bind_material>
            <technique_common>
              <instance_material symbol="ID407" target="#ID2" />
            </technique_common>
          </bind_material>
        </instance_geometry>
        <instance_geometry url="#ID408">
          <bind_material>
            <technique_common>
              <instance_material symbol="ID416" target="#ID2" />
            </technique_common>
          </bind_material>
        </instance_geometry>
        <instance_geometry url="#ID417">
          <bind_material>
            <technique_common>
              <instance_material symbol="ID425" target="#ID2" />
            </technique_common>
          </bind_material>
        </instance_geometry>
        <instance_geometry url="#ID426">
          <bind_material>
            <technique_common>
              <instance_material symbol="ID434" target="#ID2" />
            </technique_common>
          </bind_material>
        </instance_geometry>
        <instance_geometry url="#ID435">
          <bind_material>
            <technique_common>
              <instance_material symbol="ID443" target="#ID2" />
            </technique_common>
          </bind_material>
        </instance_geometry>
        <instance_geometry url="#ID444">
          <bind_material>
            <technique_common>
              <instance_material symbol="ID452" target="#ID2" />
            </technique_common>
          </bind_material>
        </instance_geometry>
        <instance_geometry url="#ID453">
          <bind_material>
            <technique_common>
              <instance_material symbol="ID461" target="#ID2" />
            </technique_common>
          </bind_material>
        </instance_geometry>
        <instance_geometry url="#ID462">
          <bind_material>
            <technique_common>
              <instance_material symbol="ID470" target="#ID2" />
            </technique_common>
          </bind_material>
        </instance_geometry>
        <instance_geometry url="#ID471">
          <bind_material>
            <technique_common>
              <instance_material symbol="ID479" target="#ID2" />
            </technique_common>
          </bind_material>
        </instance_geometry>
        <instance_geometry url="#ID480">
          <bind_material>
            <technique_common>
              <instance_material symbol="ID488" target="#ID2" />
            </technique_common>
          </bind_material>
        </instance_geometry>
        <instance_geometry url="#ID489">
          <bind_material>
            <technique_common>
              <instance_material symbol="ID497" target="#ID2" />
            </technique_common>
          </bind_material>
        </instance_geometry>
        <instance_geometry url="#ID498">
          <bind_material>
            <technique_common>
              <instance_material symbol="ID506" target="#ID2" />
            </technique_common>
          </bind_material>
        </instance_geometry>
        <instance_geometry url="#ID507">
          <bind_material>
            <technique_common>
              <instance_material symbol="ID515" target="#ID2" />
            </technique_common>
          </bind_material>
        </instance_geometry>
        <instance_geometry url="#ID516">
          <bind_material>
            <technique_common>
              <instance_material symbol="ID524" target="#ID2" />
            </technique_common>
          </bind_material>
        </instance_geometry>
        <instance_geometry url="#ID525">
          <bind_material>
            <technique_common>
              <instance_material symbol="ID533" target="#ID2" />
            </technique_common>
          </bind_material>
        </instance_geometry>
        <instance_geometry url="#ID534">
          <bind_material>
            <technique_common>
              <instance_material symbol="ID542" target="#ID2" />
            </technique_common>
          </bind_material>
        </instance_geometry>
        <instance_geometry url="#ID543">
          <bind_material>
            <technique_common>
              <instance_material symbol="ID551" target="#ID2" />
            </technique_common>
          </bind_material>
        </instance_geometry>
        <instance_geometry url="#ID552">
          <bind_material>
            <technique_common>
              <instance_material symbol="ID560" target="#ID2" />
            </technique_common>
          </bind_material>
        </instance_geometry>
        <instance_geometry url="#ID561">
          <bind_material>
            <technique_common>
              <instance_material symbol="ID569" target="#ID2" />
            </technique_common>
          </bind_material>
        </instance_geometry>
        <instance_geometry url="#ID570">
          <bind_material>
            <technique_common>
              <instance_material symbol="ID578" target="#ID2" />
            </technique_common>
          </bind_material>
        </instance_geometry>
        <instance_geometry url="#ID579">
          <bind_material>
            <technique_common>
              <instance_material symbol="ID587" target="#ID2" />
            </technique_common>
          </bind_material>
        </instance_geometry>
      </node>
    </visual_scene>
  </library_visual_scenes>
  <scene>
    <instance_visual_scene url="#ID588" />
  </scene>
</COLLADA>