Time(s),position(rad)_axis_1,position(rad)_axis_2,position(rad)_axis_3,position(rad)_axis_4,position(rad)_axis_5,position(rad)_axis_6
0,,,,,,
0.03333,,,,,,
0.06666,,,,,,
0.09999,,,,,,
0.13332,,,,,,
0.16665,,,,,,
0.19998,,,,,,
0.23331,,,,,,
0.26664,,,,,,
0.29997,,,,,,
0.3333,,,,,,
0.36663,,,,,,
0.39996,,,,,,
0.43329,,,,,,
0.46662,,,,,,
0.49995,,,,,,
0.53328,,,,,,
0.56661,,,,,,
0.59994,,,,,,
0.63327,,,,,,
0.6666,,,,,,
0.69993,,,,,,
0.73326,,,,,,
0.76659,,,,,,
0.79992,,,,,,
0.83325,,,,,,
0.86658,,,,,,
0.89991,,,,,,
0.93324,,,,,,
0.96657,,,,,,
0.9999,,,,,,
1.03323,,,,,,
1.06656,,,,,,
1.09989,,,,,,
1.13322,,,,,,
1.16655,,,,,,
1.19988,,,,,,
1.23321,,,,,,
1.26654,,,,,,
1.29987,,,,,,
1.3332,,,,,,
1.36653,,,,,,
1.39986,,,,,,
1.43319,,,,,,
1.46652,,,,,,
1.49985,,,,,,
1.53318,,,,,,
1.56651,,,,,,
1.59984,,,,,,
1.63317,,,,,,
1.6665,,,,,,
1.69983,,,,,,
1.73316,,,,,,
1.76649,,,,,,
1.79982,,,,,,
1.83315,,,,,,
1.86648,,,,,,
1.89981,,,,,,
1.93314,,,,,,
1.96647,,,,,,
1.9998,,,,,,
2.03313,,,,,,
2.06646,,,,,,
2.09979,,,,,,
2.13312,,,,,,
2.16645,,,,,,
2.19978,,,,,,
2.23311,,,,,,
2.26644,,,,,,
2.29977,,,,,,
2.3331,,,,,,
2.36643,,,,,,
2.39976,,,,,,
2.43309,,,,,,
2.46642,,,,,,
2.49975,,,,,,
2.53308,,,,,,
2.56641,,,,,,
2.59974,,,,,,
2.63307,,,,,,
2.6664,,,,,,
2.69973,,,,,,
2.73306,,,,,,
2.76639,,,,,,
2.79972,,,,,,
2.83305,,,,,,
2.86638,,,,,,
2.89971,,,,,,
2.93304,,,,,,
2.96637,,,,,,
2.9997,,,,,,
3.03303,,,,,,
3.06636,,,,,,
3.09969,,,,,,
3.13302,,,,,,
3.16635,,,,,,
3.19968,,,,,,
3.23301,,,,,,
3.26634,,,,,,
3.29967,,,,,,
3.333,,,,,,
3.36633,,,,,,
3.39966,,,,,,
3.43299,,,,,,
3.46632,,,,,,
3.49965,,,,,,
3.53298,,,,,,
3.56631,,,,,,
3.59964,,,,,,
3.63297,,,,,,
3.6663,,,,,,
3.69963,,,,,,
3.73296,,,,,,
3.76629,,,,,,
3.79962,,,,,,
3.83295,,,,,,
3.86628,,,,,,
3.89961,,,,,,
3.93294,,,,,,
3.96627,,,,,,
3.9996,,,,,,
4.03293,,,,,,
4.06626,,,,,,
4.09959,,,,,,
4.13292,,,,,,
4.16625,,,,,,
4.19958,,,,,,
4.23291,,,,,,
4.26624,,,,,,
4.29957,,,,,,
4.3329,,,,,,
4.36623,,,,,,
4.39956,,,,,,
4.43289,,,,,,
4.46622,,,,,,
4.49955,,,,,,
4.53288,,,,,,
4.56621,,,,,,
4.59954,,,,,,
4.63287,,,,,,
4.6662,,,,,,
4.69953,,,,,,
4.73286,,,,,,
4.76619,,,,,,
4.79952,,,,,,
4.83285,,,,,,
4.86618,,,,,,
4.89951,,,,,,
4.93284,,,,,,
4.96617,,,,,,
4.9995,,,,,,
5.03283,,,,,,
5.06616,,,,,,
5.09949,,,,,,
5.13282,,,,,,
5.16615,,,,,,
5.19948,,,,,,
5.23281,,,,,,
5.26614,,,,,,
5.29947,,,,,,
5.3328,,,,,,
5.36613,,,,,,
5.39946,,,,,,
5.43279,,,,,,
5.46612,,,,,,
5.49945,,,,,,
5.53278,,,,,,
5.56611,,,,,,
5.59944,,,,,,
5.63277,,,,,,
5.6661,,,,,,
5.69943,,,,,,
5.73276,,,,,,
5.76609,,,,,,
5.79942,,,,,,
5.83275,,,,,,
5.86608,,,,,,
5.89941,,,,,,
5.93274,,,,,,
5.96607,,,,,,
5.9994,,,,,,
6.03273,,,,,,
6.06606,,,,,,
6.09939,,,,,,
6.13272,,,,,,
6.16605,,,,,,
6.19938,,,,,,
6.23271,,,,,,
6.26604,,,,,,
6.29937,,,,,,
6.3327,,,,,,
6.36603,,,,,,
6.39936,,,,,,
6.43269,,,,,,
6.46602,,,,,,
6.49935,,,,,,
6.53268,,,,,,
6.56601,,,,,,
6.59934,,,,,,
6.63267,,,,,,
6.666,,,,,,
6.69933,,,,,,
6.73266,,,,,,
6.76599,,,,,,
6.79932,,,,,,
6.83265,,,,,,
6.86598,,,,,,
6.89931,,,,,,
6.93264,,,,,,
6.96597,,,,,,
6.9993,,,,,,
7.03263,,,,,,
7.06596,,,,,,
7.09929,,,,,,
7.13262,,,,,,
7.16595,,,,,,
7.19928,,,,,,
7.23261,,,,,,
7.26594,,,,,,
7.29927,,,,,,
7.3326,,,,,,
7.36593,,,,,,
7.39926,,,,,,
7.43259,,,,,,
7.46592,,,,,,
7.49925,,,,,,
7.53258,,,,,,
7.56591,,,,,,
7.59924,,,,,,
7.63257,,,,,,
7.6659,,,,,,
7.69923,,,,,,
7.73256,,,,,,
7.76589,,,,,,
7.79922,,,,,,
7.83255,,,,,,
7.86588,,,,,,
7.89921,,,,,,
7.93254,,,,,,
7.96587,,,,,,
7.9992,,,,,,
8.03253,,,,,,
8.06586,,,,,,
8.09919,,,,,,
8.13252,,,,,,
8.16585,,,,,,
8.19918,,,,,,
8.23251,,,,,,
8.26584,,,,,,
8.29917,,,,,,
8.3325,,,,,,
8.36583,,,,,,
8.39916,,,,,,
8.43249,,,,,,
8.46582,,,,,,
8.49915,,,,,,
8.53248,,,,,,
8.56581,,,,,,
8.59914,,,,,,
8.63247,,,,,,
8.6658,,,,,,
8.69913,,,,,,
8.73246,,,,,,
8.76579,,,,,,
8.79912,,,,,,
8.83245,,,,,,
8.86578,,,,,,
8.89911,,,,,,
8.93244,,,,,,
8.96577,,,,,,
8.9991,,,,,,
9.03243,,,,,,
9.06576,,,,,,
9.09909,,,,,,
9.13242,,,,,,
9.16575,,,,,,
9.19908,,,,,,
9.23241,,,,,,
9.26574,,,,,,
9.29907,,,,,,
9.3324,,,,,,
9.36573,,,,,,
9.39906,,,,,,
9.43239,,,,,,
9.46572,,,,,,
9.49905,,,,,,
9.53238,,,,,,
9.56571,,,,,,
9.59904,,,,,,
9.63237,,,,,,
9.6657,,,,,,
9.69903,,,,,,
9.73236,,,,,,
9.76569,,,,,,
9.79902,,,,,,
9.83235,,,,,,
9.86568,,,,,,
9.89901,,,,,,
9.93234,,,,,,
9.96567,,,,,,
9.999,,,,,,
10.03233,,,,,,
10.06566,,,,,,
10.09899,,,,,,
10.13232,,,,,,
10.16565,,,,,,
10.19898,,,,,,
10.23231,,,,,,
10.26564,,,,,,
10.29897,,,,,,
10.3323,,,,,,
10.36563,,,,,,
10.39896,,,,,,
10.43229,,,,,,
10.46562,,,,,,
10.49895,,,,,,
10.53228,,,,,,
10.56561,,,,,,
10.59894,,,,,,
10.63227,,,,,,
10.6656,,,,,,
10.69893,,,,,,
10.73226,,,,,,
10.76559,,,,,,
10.79892,,,,,,
10.83225,,,,,,
10.86558,,,,,,
10.89891,,,,,,
10.93224,,,,,,
10.96557,,,,,,
10.9989,,,,,,
11.03223,,,,,,
11.06556,,,,,,
11.09889,,,,,,
11.13222,,,,,,
11.16555,,,,,,
11.19888,,,,,,
11.23221,,,,,,
11.26554,,,,,,
11.29887,,,,,,
11.3322,,,,,,
11.36553,,,,,,
11.39886,,,,,,
11.43219,,,,,,
11.46552,,,,,,
11.49885,,,,,,
11.53218,,,,,,
11.56551,,,,,,
11.59884,,,,,,
11.63217,,,,,,
11.6655,,,,,,
11.69883,,,,,,
11.73216,,,,,,
11.76549,,,,,,
11.79882,,,,,,
11.83215,,,,,,
11.86548,,,,,,
11.89881,,,,,,
11.93214,,,,,,
11.96547,,,,,,
11.9988,,,,,,
12.03213,,,,,,
12.06546,,,,,,
12.09879,,,,,,
12.13212,,,,,,
12.16545,,,,,,
12.19878,,,,,,
12.23211,,,,,,
12.26544,,,,,,
12.29877,,,,,,
12.3321,,,,,,
12.36543,,,,,,
12.39876,,,,,,
12.43209,,,,,,
12.46542,,,,,,
12.49875,,,,,,
12.53208,,,,,,
12.56541,,,,,,
12.59874,,,,,,
12.63207,,,,,,
12.6654,,,,,,
12.69873,,,,,,
12.73206,,,,,,
12.76539,,,,,,
12.79872,,,,,,
12.83205,,,,,,
12.86538,,,,,,
12.89871,,,,,,
12.93204,,,,,,
12.96537,,,,,,
12.9987,,,,,,
13.03203,,,,,,
13.06536,,,,,,
13.09869,,,,,,
13.13202,,,,,,
13.16535,,,,,,
13.19868,,,,,,
13.23201,,,,,,
13.26534,,,,,,
13.29867,,,,,,
13.332,,,,,,
13.36533,,,,,,
13.39866,,,,,,
13.43199,,,,,,
13.46532,,,,,,
13.49865,,,,,,
13.53198,,,,,,
13.56531,,,,,,
13.59864,,,,,,
13.63197,,,,,,
13.6653,,,,,,
13.69863,,,,,,
13.73196,,,,,,
13.76529,,,,,,
13.79862,,,,,,
13.83195,,,,,,
13.86528,,,,,,
13.89861,,,,,,
13.93194,,,,,,
13.96527,,,,,,
13.9986,,,,,,
14.03193,,,,,,
14.06526,,,,,,
14.09859,,,,,,
14.13192,,,,,,
14.16525,,,,,,
14.19858,,,,,,
14.23191,,,,,,
14.26524,,,,,,
14.29857,,,,,,
14.3319,,,,,,
14.36523,,,,,,
14.39856,,,,,,
14.43189,,,,,,
14.46522,,,,,,
14.49855,,,,,,
14.53188,,,,,,
14.56521,,,,,,
14.59854,,,,,,
14.63187,,,,,,
14.6652,,,,,,
14.69853,,,,,,
14.73186,,,,,,
14.76519,,,,,,
14.79852,,,,,,
14.83185,,,,,,
14.86518,,,,,,
14.89851,,,,,,
14.93184,,,,,,
14.96517,,,,,,
14.9985,,,,,,
15.03183,,,,,,
15.06516,,,,,,
15.09849,,,,,,
15.13182,,,,,,
15.16515,,,,,,
15.19848,,,,,,
15.23181,,,,,,
15.26514,,,,,,
15.29847,,,,,,
15.3318,,,,,,
15.36513,,,,,,
15.39846,,,,,,
15.43179,,,,,,
15.46512,,,,,,
15.49845,,,,,,
15.53178,,,,,,
15.56511,,,,,,
15.59844,,,,,,
15.63177,,,,,,
15.6651,,,,,,
15.69843,,,,,,
15.73176,,,,,,
15.76509,,,,,,
15.79842,,,,,,
15.83175,,,,,,
15.86508,,,,,,
15.89841,,,,,,
15.93174,,,,,,
15.96507,,,,,,
15.9984,,,,,,
16.03173,,,,,,
16.06506,,,,,,
16.09839,,,,,,
16.13172,,,,,,
16.16505,,,,,,
16.19838,,,,,,
16.23171,,,,,,
16.26504,,,,,,
16.29837,,,,,,
16.3317,,,,,,
16.36503,,,,,,
16.39836,,,,,,
16.43169,,,,,,
16.46502,,,,,,
16.49835,,,,,,
16.53168,,,,,,
16.56501,,,,,,
16.59834,,,,,,
16.63167,,,,,,
16.665,,,,,,
16.69833,,,,,,
16.73166,,,,,,
16.76499,,,,,,
16.79832,,,,,,
16.83165,,,,,,
16.86498,,,,,,
16.89831,,,,,,
16.93164,,,,,,
16.96497,,,,,,
16.9983,,,,,,
17.03163,,,,,,
17.06496,,,,,,
17.09829,,,,,,
17.13162,,,,,,
17.16495,,,,,,
17.19828,,,,,,
17.23161,,,,,,
17.26494,,,,,,
17.29827,,,,,,
17.3316,,,,,,
17.36493,,,,,,
17.39826,,,,,,
17.43159,,,,,,
17.46492,,,,,,
17.49825,,,,,,
17.53158,,,,,,
17.56491,,,,,,
17.59824,,,,,,
17.63157,,,,,,
17.6649,,,,,,
17.69823,,,,,,
17.73156,,,,,,
17.76489,,,,,,
17.79822,,,,,,
17.83155,,,,,,
17.86488,,,,,,
17.89821,,,,,,
17.93154,,,,,,
17.96487,,,,,,
17.9982,,,,,,
18.03153,,,,,,
18.06486,,,,,,
18.09819,,,,,,
18.13152,,,,,,
18.16485,,,,,,
18.19818,,,,,,
18.23151,,,,,,
18.26484,,,,,,
18.29817,,,,,,
18.3315,,,,,,
18.36483,,,,,,
18.39816,,,,,,
18.43149,,,,,,
18.46482,,,,,,
18.49815,,,,,,
18.53148,,,,,,
18.56481,,,,,,
18.59814,,,,,,
18.63147,,,,,,
18.6648,,,,,,
18.69813,,,,,,
18.73146,,,,,,
18.76479,,,,,,
18.79812,,,,,,
18.83145,,,,,,
18.86478,,,,,,
18.89811,,,,,,
18.93144,,,,,,
18.96477,,,,,,
18.9981,,,,,,
19.03143,,,,,,
19.06476,,,,,,
19.09809,,,,,,
19.13142,,,,,,
19.16475,,,,,,
19.19808,,,,,,
19.23141,,,,,,
19.26474,,,,,,
19.29807,,,,,,
19.3314,,,,,,
19.36473,,,,,,
19.39806,,,,,,
19.43139,,,,,,
19.46472,,,,,,
19.49805,,,,,,
19.53138,,,,,,
19.56471,,,,,,
19.59804,,,,,,
19.63137,,,,,,
19.6647,,,,,,
19.69803,,,,,,
19.73136,,,,,,
19.76469,,,,,,
19.79802,,,,,,
19.83135,,,,,,
19.86468,,,,,,
19.89801,,,,,,
19.93134,,,,,,
19.96467,,,,,,
19.998,,,,,,
20.03133,,,,,,
20.06466,,,,,,
20.09799,,,,,,
20.13132,,,,,,
20.16465,,,,,,
20.19798,,,,,,
20.23131,,,,,,
20.26464,,,,,,
20.29797,,,,,,
20.3313,,,,,,
20.36463,,,,,,
20.39796,,,,,,
20.43129,,,,,,
20.46462,,,,,,
20.49795,,,,,,
20.53128,,,,,,
20.56461,,,,,,
20.59794,,,,,,
20.63127,,,,,,
20.6646,,,,,,
20.69793,,,,,,
20.73126,,,,,,
20.76459,,,,,,
20.79792,,,,,,
20.83125,,,,,,
20.86458,,,,,,
20.89791,,,,,,
20.93124,,,,,,
20.96457,,,,,,
20.9979,,,,,,
21.03123,,,,,,
21.06456,,,,,,
21.09789,,,,,,
21.13122,,,,,,
21.16455,,,,,,
21.19788,,,,,,
21.23121,,,,,,
21.26454,,,,,,
21.29787,,,,,,
21.3312,,,,,,
21.36453,,,,,,
21.39786,,,,,,
21.43119,,,,,,
21.46452,,,,,,
21.49785,,,,,,
21.53118,,,,,,
21.56451,,,,,,
21.59784,,,,,,
21.63117,,,,,,
21.6645,,,,,,
21.69783,,,,,,
21.73116,,,,,,
21.76449,,,,,,
21.79782,,,,,,
21.83115,,,,,,
21.86448,,,,,,
21.89781,,,,,,
21.93114,,,,,,
21.96447,,,,,,
21.9978,,,,,,
22.03113,,,,,,
22.06446,,,,,,
22.09779,,,,,,
22.13112,,,,,,
22.16445,,,,,,
22.19778,,,,,,
22.23111,,,,,,
22.26444,,,,,,
22.29777,,,,,,
22.3311,,,,,,
22.36443,,,,,,
22.39776,,,,,,
22.43109,,,,,,
22.46442,,,,,,
22.49775,,,,,,
22.53108,,,,,,
22.56441,,,,,,
22.59774,,,,,,
22.63107,,,,,,
22.6644,,,,,,
22.69773,,,,,,
22.73106,,,,,,
22.76439,,,,,,
22.79772,,,,,,
22.83105,,,,,,
22.86438,,,,,,
22.89771,,,,,,
22.93104,,,,,,
22.96437,,,,,,
22.9977,,,,,,
23.03103,,,,,,
23.06436,,,,,,
23.09769,,,,,,
23.13102,,,,,,
23.16435,,,,,,
23.19768,,,,,,
23.23101,,,,,,
23.26434,,,,,,
23.29767,,,,,,
23.331,,,,,,
23.36433,,,,,,
23.39766,,,,,,
23.43099,,,,,,
23.46432,,,,,,
23.49765,,,,,,
23.53098,,,,,,
23.56431,,,,,,
23.59764,,,,,,
23.63097,,,,,,
23.6643,,,,,,
23.69763,,,,,,
23.73096,,,,,,
23.76429,,,,,,
23.79762,,,,,,
23.83095,,,,,,
23.86428,,,,,,
23.89761,,,,,,
23.93094,,,,,,
23.96427,,,,,,
23.9976,,,,,,
24.03093,,,,,,
24.06426,,,,,,
24.09759,,,,,,
24.13092,,,,,,
24.16425,,,,,,
24.19758,,,,,,
24.23091,,,,,,
24.26424,,,,,,
24.29757,,,,,,
24.3309,,,,,,
24.36423,,,,,,
24.39756,,,,,,
24.43089,,,,,,
24.46422,,,,,,
24.49755,,,,,,
24.53088,,,,,,
24.56421,,,,,,
24.59754,,,,,,
24.63087,,,,,,
24.6642,,,,,,
24.69753,,,,,,
24.73086,,,,,,
24.76419,,,,,,
24.79752,,,,,,
24.83085,,,,,,
24.86418,,,,,,
24.89751,,,,,,
24.93084,,,,,,
24.96417,,,,,,
24.9975,,,,,,
25.03083,,,,,,
25.06416,,,,,,
25.09749,,,,,,
25.13082,,,,,,
25.16415,,,,,,
25.19748,,,,,,
25.23081,,,,,,
25.26414,,,,,,
25.29747,,,,,,
25.3308,,,,,,
25.36413,,,,,,
25.39746,,,,,,
25.43079,,,,,,
25.46412,,,,,,
25.49745,,,,,,
25.53078,,,,,,
25.56411,,,,,,
25.59744,,,,,,
25.63077,,,,,,
25.6641,,,,,,
25.69743,,,,,,
25.73076,,,,,,
25.76409,,,,,,
25.79742,,,,,,
25.83075,,,,,,
25.86408,,,,,,
25.89741,,,,,,
25.93074,,,,,,
25.96407,,,,,,
25.9974,,,,,,
26.03073,,,,,,
26.06406,,,,,,
26.09739,,,,,,
26.13072,,,,,,
26.16405,,,,,,
26.19738,,,,,,
26.23071,,,,,,
26.26404,,,,,,
26.29737,,,,,,
26.3307,,,,,,
26.36403,,,,,,
26.39736,,,,,,
26.43069,,,,,,
26.46402,,,,,,
26.49735,,,,,,
26.53068,,,,,,
26.56401,,,,,,
26.59734,,,,,,
26.63067,,,,,,
26.664,,,,,,
26.69733,,,,,,
26.73066,,,,,,
26.76399,,,,,,
26.79732,,,,,,
26.83065,,,,,,
26.86398,,,,,,
26.89731,,,,,,
26.93064,,,,,,
26.96397,,,,,,
26.9973,,,,,,
27.03063,,,,,,
27.06396,,,,,,
27.09729,,,,,,
27.13062,,,,,,
27.16395,,,,,,
27.19728,,,,,,
27.23061,,,,,,
27.26394,,,,,,
27.29727,,,,,,
27.3306,,,,,,
27.36393,,,,,,
27.39726,,,,,,
27.43059,,,,,,
27.46392,,,,,,
27.49725,,,,,,
27.53058,,,,,,
27.56391,,,,,,
27.59724,,,,,,
27.63057,,,,,,
27.6639,,,,,,
27.69723,,,,,,
27.73056,,,,,,
27.76389,,,,,,
27.79722,,,,,,
27.83055,,,,,,
27.86388,,,,,,
27.89721,,,,,,
27.93054,,,,,,
27.96387,,,,,,
27.9972,,,,,,
28.03053,,,,,,
28.06386,,,,,,
28.09719,,,,,,
28.13052,,,,,,
28.16385,,,,,,
28.19718,,,,,,
28.23051,,,,,,
28.26384,,,,,,
28.29717,,,,,,
28.3305,,,,,,
28.36383,,,,,,
28.39716,,,,,,
28.43049,,,,,,
28.46382,,,,,,
28.49715,,,,,,
28.53048,,,,,,
28.56381,,,,,,
28.59714,,,,,,
28.63047,,,,,,
28.6638,,,,,,
28.69713,,,,,,
28.73046,,,,,,
28.76379,,,,,,
28.79712,,,,,,
28.83045,,,,,,
28.86378,,,,,,
28.89711,,,,,,
28.93044,,,,,,
28.96377,,,,,,
28.9971,,,,,,
29.03043,,,,,,
29.06376,,,,,,
29.09709,,,,,,
29.13042,,,,,,
29.16375,,,,,,
29.19708,,,,,,
29.23041,,,,,,
29.26374,,,,,,
29.29707,,,,,,
29.3304,,,,,,
29.36373,,,,,,
29.39706,,,,,,
29.43039,,,,,,
29.46372,,,,,,
29.49705,,,,,,
29.53038,,,,,,
29.56371,,,,,,
29.59704,,,,,,
29.63037,,,,,,
29.6637,,,,,,
29.69703,,,,,,
29.73036,,,,,,
29.76369,,,,,,
29.79702,,,,,,
29.83035,,,,,,
29.86368,,,,,,
29.89701,,,,,,
29.93034,,,,,,
29.96367,,,,,,
29.997,,,,,,
30.03033,,,,,,
30.06366,,,,,,
30.09699,,,,,,
30.13032,,,,,,
30.16365,,,,,,
30.19698,,,,,,
30.23031,,,,,,
30.26364,,,,,,
30.29697,,,,,,
30.3303,,,,,,
30.36363,,,,,,
30.39696,,,,,,
30.43029,,,,,,
30.46362,,,,,,
30.49695,,,,,,
30.53028,,,,,,
30.56361,,,,,,
30.59694,,,,,,
30.63027,,,,,,
30.6636,,,,,,
30.69693,,,,,,
30.73026,,,,,,
30.76359,,,,,,
30.79692,,,,,,
30.83025,,,,,,
30.86358,,,,,,
30.89691,,,,,,
30.93024,,,,,,
30.96357,,,,,,
30.9969,,,,,,
31.03023,,,,,,
31.06356,,,,,,
31.09689,,,,,,
31.13022,,,,,,
31.16355,,,,,,
31.19688,,,,,,
31.23021,,,,,,
31.26354,,,,,,
31.29687,,,,,,
31.3302,,,,,,
31.36353,,,,,,
31.39686,,,,,,
31.43019,,,,,,
31.46352,,,,,,
31.49685,,,,,,
31.53018,,,,,,
31.56351,,,,,,
31.59684,,,,,,
31.63017,,,,,,
31.6635,,,,,,
31.69683,,,,,,
31.73016,,,,,,
31.76349,,,,,,
31.79682,,,,,,
31.83015,,,,,,
31.86348,,,,,,
31.89681,,,,,,
31.93014,,,,,,
31.96347,,,,,,
31.9968,,,,,,
32.03013,,,,,,
32.06346,,,,,,
32.09679,,,,,,
32.13012,,,,,,
32.16345,,,,,,
32.19678,,,,,,
32.23011,,,,,,
32.26344,,,,,,
32.29677,,,,,,
32.3301,,,,,,
32.36343,,,,,,
32.39676,,,,,,
32.43009,,,,,,
32.46342,,,,,,
32.49675,,,,,,
32.53008,,,,,,
32.56341,,,,,,
32.59674,,,,,,
32.63007,,,,,,
32.6634,,,,,,
32.69673,,,,,,
32.73006,,,,,,
32.76339,,,,,,
32.79672,,,,,,
32.83005,,,,,,
32.86338,,,,,,
32.89671,,,,,,
32.93004,,,,,,
32.96337,,,,,,
32.9967,,,,,,
33.03003,,,,,,
33.06336,,,,,,
33.09669,,,,,,
33.13002,,,,,,
33.16335,,,,,,
33.19668,,,,,,
33.23001,,,,,,
33.26334,,,,,,
33.29667,,,,,,
33.33,,,,,,
33.36333,,,,,,
33.39666,,,,,,
33.42999,,,,,,
33.46332,,,,,,
33.49665,,,,,,
33.52998,,,,,,
33.56331,,,,,,
33.59664,,,,,,
33.62997,,,,,,
33.6633,,,,,,
33.69663,,,,,,
33.72996,,,,,,
33.76329,,,,,,
33.79662,,,,,,
33.82995,,,,,,
33.86328,,,,,,
33.89661,,,,,,
33.92994,,,,,,
33.96327,,,,,,
33.9966,,,,,,
34.02993,,,,,,
34.06326,,,,,,
34.09659,,,,,,
34.12992,,,,,,
34.16325,,,,,,
34.19658,,,,,,
34.22991,,,,,,
34.26324,,,,,,
34.29657,,,,,,
34.3299,,,,,,
34.36323,,,,,,
34.39656,,,,,,
34.42989,,,,,,
34.46322,,,,,,
34.49655,,,,,,
34.52988,,,,,,
34.56321,,,,,,
34.59654,,,,,,
34.62987,,,,,,
34.6632,,,,,,
34.69653,,,,,,
34.72986,,,,,,
34.76319,,,,,,
34.79652,,,,,,
34.82985,,,,,,
34.86318,,,,,,
34.89651,,,,,,
34.92984,,,,,,
34.96317,,,,,,
34.9965,,,,,,
35.02983,,,,,,
35.06316,,,,,,
35.09649,,,,,,
35.12982,,,,,,
35.16315,,,,,,
35.19648,,,,,,
35.22981,,,,,,
35.26314,,,,,,
35.29647,,,,,,
35.3298,,,,,,
35.36313,,,,,,
35.39646,,,,,,
35.42979,,,,,,
35.46312,,,,,,
35.49645,,,,,,
35.52978,,,,,,
35.56311,,,,,,
35.59644,,,,,,
35.62977,,,,,,
35.6631,,,,,,
35.69643,,,,,,
35.72976,,,,,,
35.76309,,,,,,
35.79642,,,,,,
35.82975,,,,,,
35.86308,,,,,,
35.89641,,,,,,
35.92974,,,,,,
35.96307,,,,,,
35.9964,,,,,,
36.02973,,,,,,
36.06306,,,,,,
36.09639,,,,,,
36.12972,,,,,,
36.16305,,,,,,
36.19638,,,,,,
36.22971,,,,,,
36.26304,,,,,,
36.29637,,,,,,
36.3297,,,,,,
36.36303,,,,,,
36.39636,,,,,,
36.42969,,,,,,
36.46302,,,,,,
36.49635,,,,,,
36.52968,,,,,,
36.56301,,,,,,
36.59634,,,,,,
36.62967,,,,,,
36.663,,,,,,
36.69633,,,,,,
36.72966,,,,,,
36.76299,,,,,,
36.79632,,,,,,
36.82965,,,,,,
36.86298,,,,,,
36.89631,,,,,,
36.92964,,,,,,
36.96297,,,,,,
36.9963,,,,,,
37.02963,,,,,,
37.06296,,,,,,
37.09629,,,,,,
37.12962,,,,,,
37.16295,,,,,,
37.19628,,,,,,
37.22961,,,,,,
37.26294,,,,,,
37.29627,,,,,,
37.3296,,,,,,
37.36293,,,,,,
37.39626,,,,,,
37.42959,,,,,,
37.46292,,,,,,
37.49625,,,,,,
37.52958,,,,,,
37.56291,,,,,,
37.59624,,,,,,
37.62957,,,,,,
37.6629,,,,,,
37.69623,,,,,,
37.72956,,,,,,
37.76289,,,,,,
37.79622,,,,,,
37.82955,,,,,,
37.86288,,,,,,
37.89621,,,,,,
37.92954,,,,,,
37.96287,,,,,,
37.9962,,,,,,
38.02953,,,,,,
38.06286,,,,,,
38.09619,,,,,,
38.12952,,,,,,
38.16285,,,,,,
38.19618,,,,,,
38.22951,,,,,,
38.26284,,,,,,
38.29617,,,,,,
38.3295,,,,,,
38.36283,,,,,,
38.39616,,,,,,
38.42949,,,,,,
38.46282,,,,,,
38.49615,,,,,,
38.52948,,,,,,
38.56281,,,,,,
38.59614,,,,,,
38.62947,,,,,,
38.6628,,,,,,
38.69613,,,,,,
38.72946,,,,,,
38.76279,,,,,,
38.79612,,,,,,
38.82945,,,,,,
38.86278,,,,,,
38.89611,,,,,,
38.92944,,,,,,
38.96277,,,,,,
38.9961,,,,,,
39.02943,,,,,,
39.06276,,,,,,
39.09609,,,,,,
39.12942,,,,,,
39.16275,,,,,,
39.19608,,,,,,
39.22941,,,,,,
39.26274,,,,,,
39.29607,,,,,,
39.3294,,,,,,
39.36273,,,,,,
39.39606,,,,,,
39.42939,,,,,,
39.46272,,,,,,
39.49605,,,,,,
39.52938,,,,,,
39.56271,,,,,,
39.59604,,,,,,
39.62937,,,,,,
39.6627,,,,,,
39.69603,,,,,,
39.72936,,,,,,
39.76269,,,,,,
39.79602,,,,,,
39.82935,,,,,,
39.86268,,,,,,
39.89601,,,,,,
39.92934,,,,,,
39.96267,,,,,,
39.996,,,,,,
40.02933,,,,,,
40.06266,,,,,,
40.09599,,,,,,
40.12932,,,,,,
40.16265,,,,,,
40.19598,,,,,,
40.22931,,,,,,
40.26264,,,,,,
40.29597,,,,,,
40.3293,,,,,,
40.36263,,,,,,
40.39596,,,,,,
40.42929,,,,,,
40.46262,,,,,,
40.49595,,,,,,
40.52928,,,,,,
40.56261,,,,,,
40.59594,,,,,,
40.62927,,,,,,
40.6626,,,,,,
40.69593,,,,,,
40.72926,,,,,,
40.76259,,,,,,
40.79592,,,,,,
40.82925,,,,,,
40.86258,,,,,,
40.89591,,,,,,
40.92924,,,,,,
40.96257,,,,,,
40.9959,,,,,,
41.02923,,,,,,
41.06256,,,,,,
41.09589,,,,,,
41.12922,,,,,,
41.16255,,,,,,
41.19588,,,,,,
41.22921,,,,,,
41.26254,,,,,,
41.29587,,,,,,
41.3292,,,,,,
41.36253,,,,,,
41.39586,,,,,,
41.42919,,,,,,
41.46252,,,,,,
41.49585,,,,,,
41.52918,,,,,,
41.56251,,,,,,
41.59584,,,,,,
41.62917,,,,,,
41.6625,,,,,,
41.69583,,,,,,
41.72916,,,,,,
41.76249,,,,,,
41.79582,,,,,,
41.82915,,,,,,
41.86248,,,,,,
41.89581,,,,,,
41.92914,,,,,,
41.96247,,,,,,
41.9958,,,,,,
42.02913,,,,,,
42.06246,,,,,,
42.09579,,,,,,
42.12912,,,,,,
42.16245,,,,,,
42.19578,,,,,,
42.22911,,,,,,
42.26244,,,,,,
42.29577,,,,,,
42.3291,,,,,,
42.36243,,,,,,
42.39576,,,,,,
42.42909,,,,,,
42.46242,,,,,,
42.49575,,,,,,
42.52908,,,,,,
42.56241,,,,,,
42.59574,,,,,,
42.62907,,,,,,
42.6624,,,,,,
42.69573,,,,,,
42.72906,,,,,,
42.76239,,,,,,
42.79572,,,,,,
42.82905,,,,,,
42.86238,,,,,,
42.89571,,,,,,
42.92904,,,,,,
42.96237,,,,,,
42.9957,,,,,,
43.02903,,,,,,
43.06236,,,,,,
43.09569,,,,,,
43.12902,,,,,,
43.16235,,,,,,
43.19568,,,,,,
43.22901,,,,,,
43.26234,,,,,,
43.29567,,,,,,
43.329,,,,,,
43.36233,,,,,,
43.39566,,,,,,
43.42899,,,,,,
43.46232,,,,,,
43.49565,,,,,,
43.52898,,,,,,
43.56231,,,,,,
43.59564,,,,,,
43.62897,,,,,,
43.6623,,,,,,
43.69563,,,,,,
43.72896,,,,,,
43.76229,,,,,,
43.79562,,,,,,
43.82895,,,,,,
43.86228,,,,,,
43.89561,,,,,,
43.92894,,,,,,
43.96227,,,,,,
43.9956,,,,,,
44.02893,,,,,,
44.06226,,,,,,
44.09559,,,,,,
44.12892,,,,,,
44.16225,,,,,,
44.19558,,,,,,
44.22891,,,,,,
44.26224,,,,,,
44.29557,,,,,,
44.3289,,,,,,
44.36223,,,,,,
44.39556,,,,,,
44.42889,,,,,,
44.46222,,,,,,
44.49555,,,,,,
44.52888,,,,,,
44.56221,,,,,,
44.59554,,,,,,
44.62887,,,,,,
44.6622,,,,,,
44.69553,,,,,,
44.72886,,,,,,
44.76219,,,,,,
44.79552,,,,,,
44.82885,,,,,,
44.86218,,,,,,
44.89551,,,,,,
44.92884,,,,,,
44.96217,,,,,,
44.9955,,,,,,
45.02883,,,,,,
45.06216,,,,,,
45.09549,,,,,,
45.12882,,,,,,
45.16215,,,,,,
45.19548,,,,,,
45.22881,,,,,,
45.26214,,,,,,
45.29547,,,,,,
45.3288,,,,,,
45.36213,,,,,,
45.39546,,,,,,
45.42879,,,,,,
45.46212,,,,,,
45.49545,,,,,,
45.52878,,,,,,
45.56211,,,,,,
45.59544,,,,,,
45.62877,,,,,,
45.6621,,,,,,
45.69543,,,,,,
45.72876,,,,,,
45.76209,,,,,,
45.79542,,,,,,
45.82875,,,,,,
45.86208,,,,,,
45.89541,,,,,,
45.92874,,,,,,
45.96207,,,,,,
45.9954,,,,,,
46.02873,,,,,,
46.06206,,,,,,
46.09539,,,,,,
46.12872,,,,,,
46.16205,,,,,,
46.19538,,,,,,
46.22871,,,,,,
46.26204,,,,,,
46.29537,,,,,,
46.3287,,,,,,
46.36203,,,,,,
46.39536,,,,,,
46.42869,,,,,,
46.46202,,,,,,
46.49535,,,,,,
46.52868,,,,,,
46.56201,,,,,,
46.59534,,,,,,
46.62867,,,,,,
46.662,,,,,,
46.69533,,,,,,
46.72866,,,,,,
46.76199,,,,,,
46.79532,,,,,,
46.82865,,,,,,
46.86198,,,,,,
46.89531,,,,,,
46.92864,,,,,,
46.96197,,,,,,
46.9953,,,,,,
47.02863,,,,,,
47.06196,,,,,,
47.09529,,,,,,
47.12862,,,,,,
47.16195,,,,,,
47.19528,,,,,,
47.22861,,,,,,
47.26194,,,,,,
47.29527,,,,,,
47.3286,,,,,,
47.36193,,,,,,
47.39526,,,,,,
47.42859,,,,,,
47.46192,,,,,,
47.49525,,,,,,
47.52858,,,,,,
47.56191,,,,,,
47.59524,,,,,,
47.62857,,,,,,
47.6619,,,,,,
47.69523,,,,,,
47.72856,,,,,,
47.76189,,,,,,
47.79522,,,,,,
47.82855,,,,,,
47.86188,,,,,,
47.89521,,,,,,
47.92854,,,,,,
47.96187,,,,,,
47.9952,,,,,,
48.02853,,,,,,
48.06186,,,,,,
48.09519,,,,,,
48.12852,,,,,,
48.16185,,,,,,
48.19518,,,,,,
48.22851,,,,,,
48.26184,,,,,,
48.29517,,,,,,
48.3285,,,,,,
48.36183,,,,,,
48.39516,,,,,,
48.42849,,,,,,
48.46182,,,,,,
48.49515,,,,,,
48.52848,,,,,,
48.56181,,,,,,
48.59514,,,,,,
48.62847,,,,,,
48.6618,,,,,,
48.69513,,,,,,
48.72846,,,,,,
48.76179,,,,,,
48.79512,,,,,,
48.82845,,,,,,
48.86178,,,,,,
48.89511,,,,,,
48.92844,,,,,,
48.96177,,,,,,
48.9951,,,,,,
49.02843,,,,,,
49.06176,,,,,,
49.09509,,,,,,
49.12842,,,,,,
49.16175,,,,,,
49.19508,,,,,,
49.22841,,,,,,
49.26174,,,,,,
49.29507,,,,,,
49.3284,,,,,,
49.36173,,,,,,
49.39506,,,,,,
49.42839,,,,,,
49.46172,,,,,,
49.49505,,,,,,
49.52838,,,,,,
49.56171,,,,,,
49.59504,,,,,,
49.62837,,,,,,
49.6617,,,,,,
49.69503,,,,,,
49.72836,,,,,,
49.76169,,,,,,
49.79502,,,,,,
49.82835,,,,,,
49.86168,,,,,,
49.89501,,,,,,
49.92834,,,,,,
49.96167,,,,,,
49.995,,,,,,
50.02833,,,,,,
50.06166,,,,,,
50.09499,,,,,,
50.12832,,,,,,
50.16165,,,,,,
50.19498,,,,,,
50.22831,,,,,,
50.26164,,,,,,
50.29497,,,,,,
50.3283,,,,,,
50.36163,,,,,,
50.39496,,,,,,
50.42829,,,,,,
50.46162,,,,,,
50.49495,,,,,,
50.52828,,,,,,
50.56161,,,,,,
50.59494,,,,,,
50.62827,,,,,,
50.6616,,,,,,
50.69493,,,,,,
50.72826,,,,,,
50.76159,,,,,,
50.79492,,,,,,
50.82825,,,,,,
50.86158,,,,,,
50.89491,,,,,,
50.92824,,,,,,
50.96157,,,,,,
50.9949,,,,,,
51.02823,,,,,,
51.06156,,,,,,
51.09489,,,,,,
51.12822,,,,,,
51.16155,,,,,,
51.19488,,,,,,
51.22821,,,,,,
51.26154,,,,,,
51.29487,,,,,,
51.3282,,,,,,
51.36153,,,,,,
51.39486,,,,,,
51.42819,,,,,,
51.46152,,,,,,
51.49485,,,,,,
51.52818,,,,,,
51.56151,,,,,,
51.59484,,,,,,
51.62817,,,,,,
51.6615,,,,,,
51.69483,,,,,,
51.72816,,,,,,
51.76149,,,,,,
51.79482,,,,,,
51.82815,,,,,,
51.86148,,,,,,
51.89481,,,,,,
51.92814,,,,,,
51.96147,,,,,,
51.9948,,,,,,
52.02813,,,,,,
52.06146,,,,,,
52.09479,,,,,,
52.12812,,,,,,
52.16145,,,,,,
52.19478,,,,,,
52.22811,,,,,,
52.26144,,,,,,
52.29477,,,,,,
52.3281,,,,,,
52.36143,,,,,,
52.39476,,,,,,
52.42809,,,,,,
52.46142,,,,,,
52.49475,,,,,,
52.52808,,,,,,
52.56141,,,,,,
52.59474,,,,,,
52.62807,,,,,,
52.6614,,,,,,
52.69473,,,,,,
52.72806,,,,,,
52.76139,,,,,,
52.79472,,,,,,
52.82805,,,,,,
52.86138,,,,,,
52.89471,,,,,,
52.92804,,,,,,
52.96137,,,,,,
52.9947,,,,,,
53.02803,,,,,,
53.06136,,,,,,
53.09469,,,,,,
53.12802,,,,,,
53.16135,,,,,,
53.19468,,,,,,
53.22801,,,,,,
53.26134,,,,,,
53.29467,,,,,,
53.328,,,,,,
53.36133,,,,,,
53.39466,,,,,,
53.42799,,,,,,
53.46132,,,,,,
53.49465,,,,,,
53.52798,,,,,,
53.56131,,,,,,
53.59464,,,,,,
53.62797,,,,,,
53.6613,,,,,,
53.69463,,,,,,
53.72796,,,,,,
53.76129,,,,,,
53.79462,,,,,,
53.82795,,,,,,
53.86128,,,,,,
53.89461,,,,,,
53.92794,,,,,,
53.96127,,,,,,
53.9946,,,,,,
54.02793,,,,,,
54.06126,,,,,,
54.09459,,,,,,
54.12792,,,,,,
54.16125,,,,,,
54.19458,,,,,,
54.22791,,,,,,
54.26124,,,,,,
54.29457,,,,,,
54.3279,,,,,,
54.36123,,,,,,
54.39456,,,,,,
54.42789,,,,,,
54.46122,,,,,,
54.49455,,,,,,
54.52788,,,,,,
54.56121,,,,,,
54.59454,,,,,,
54.62787,,,,,,
54.6612,,,,,,
54.69453,,,,,,
54.72786,,,,,,
54.76119,,,,,,
54.79452,,,,,,
54.82785,,,,,,
54.86118,,,,,,
54.89451,,,,,,
54.92784,,,,,,
54.96117,,,,,,
54.9945,,,,,,
55.02783,,,,,,
55.06116,,,,,,
55.09449,,,,,,
55.12782,,,,,,
55.16115,,,,,,
55.19448,,,,,,
55.22781,,,,,,
55.26114,,,,,,
55.29447,,,,,,
55.3278,,,,,,
55.36113,,,,,,
55.39446,,,,,,
55.42779,,,,,,
55.46112,,,,,,
55.49445,,,,,,
55.52778,,,,,,
55.56111,,,,,,
55.59444,,,,,,
55.62777,,,,,,
55.6611,,,,,,
55.69443,,,,,,
55.72776,,,,,,
55.76109,,,,,,
55.79442,,,,,,
55.82775,,,,,,
55.86108,,,,,,
55.89441,,,,,,
55.92774,,,,,,
55.96107,,,,,,
55.9944,,,,,,
56.02773,,,,,,
56.06106,,,,,,
56.09439,,,,,,
56.12772,,,,,,
56.16105,,,,,,
56.19438,,,,,,
56.22771,,,,,,
56.26104,,,,,,
56.29437,,,,,,
56.3277,,,,,,
56.36103,,,,,,
56.39436,,,,,,
56.42769,,,,,,
56.46102,,,,,,
56.49435,,,,,,
56.52768,,,,,,
56.56101,,,,,,
56.59434,,,,,,
56.62767,,,,,,
56.661,,,,,,
56.69433,,,,,,
56.72766,,,,,,
56.76099,,,,,,
56.79432,,,,,,
56.82765,,,,,,
56.86098,,,,,,
56.89431,,,,,,
56.92764,,,,,,
56.96097,,,,,,
56.9943,,,,,,
57.02763,,,,,,
57.06096,,,,,,
57.09429,,,,,,
57.12762,,,,,,
57.16095,,,,,,
57.19428,,,,,,
57.22761,,,,,,
57.26094,,,,,,
57.29427,,,,,,
57.3276,,,,,,
57.36093,,,,,,
57.39426,,,,,,
57.42759,,,,,,
57.46092,,,,,,
57.49425,,,,,,
57.52758,,,,,,
57.56091,,,,,,
57.59424,,,,,,
57.62757,,,,,,
57.6609,,,,,,
57.69423,,,,,,
57.72756,,,,,,
57.76089,,,,,,
57.79422,,,,,,
57.82755,,,,,,
57.86088,,,,,,
57.89421,,,,,,
57.92754,,,,,,
57.96087,,,,,,
57.9942,,,,,,
58.02753,,,,,,
58.06086,,,,,,
58.09419,,,,,,
58.12752,,,,,,
58.16085,,,,,,
58.19418,,,,,,
58.22751,,,,,,
58.26084,,,,,,
58.29417,,,,,,
58.3275,,,,,,
58.36083,,,,,,
58.39416,,,,,,
58.42749,,,,,,
58.46082,,,,,,
58.49415,,,,,,
58.52748,,,,,,
58.56081,,,,,,
58.59414,,,,,,
58.62747,,,,,,
58.6608,,,,,,
58.69413,,,,,,
58.72746,,,,,,
58.76079,,,,,,
58.79412,,,,,,
58.82745,,,,,,
58.86078,,,,,,
58.89411,,,,,,
58.92744,,,,,,
58.96077,,,,,,
58.9941,,,,,,
59.02743,,,,,,
59.06076,,,,,,
59.09409,,,,,,
59.12742,,,,,,
59.16075,,,,,,
59.19408,,,,,,
59.22741,,,,,,
59.26074,,,,,,
59.29407,,,,,,
59.3274,,,,,,
59.36073,,,,,,
59.39406,,,,,,
59.42739,,,,,,
59.46072,,,,,,
59.49405,,,,,,
59.52738,,,,,,
59.56071,,,,,,
59.59404,,,,,,
59.62737,,,,,,
59.6607,,,,,,
59.69403,,,,,,
59.72736,,,,,,
59.76069,,,,,,
59.79402,,,,,,
59.82735,,,,,,
59.86068,,,,,,
59.89401,,,,,,
59.92734,,,,,,
59.96067,,,,,,
59.994,,,,,,
60.02733,,,,,,
60.06066,,,,,,
60.09399,,,,,,
60.12732,,,,,,
60.16065,,,,,,
60.19398,,,,,,
60.22731,,,,,,
60.26064,,,,,,
60.29397,,,,,,
60.3273,,,,,,
60.36063,,,,,,
60.39396,,,,,,
60.42729,,,,,,
60.46062,,,,,,
60.49395,,,,,,
60.52728,,,,,,
60.56061,,,,,,
60.59394,,,,,,
60.62727,,,,,,
60.6606,,,,,,
60.69393,,,,,,
60.72726,,,,,,
60.76059,,,,,,
60.79392,,,,,,
60.82725,,,,,,
60.86058,,,,,,
60.89391,,,,,,
60.92724,,,,,,
60.96057,,,,,,
60.9939,,,,,,
61.02723,,,,,,
61.06056,,,,,,
61.09389,,,,,,
61.12722,,,,,,
61.16055,,,,,,
61.19388,,,,,,
61.22721,,,,,,
61.26054,,,,,,
61.29387,,,,,,
61.3272,,,,,,
61.36053,,,,,,
61.39386,,,,,,
61.42719,,,,,,
61.46052,,,,,,
61.49385,,,,,,
61.52718,,,,,,
61.56051,,,,,,
61.59384,,,,,,
61.62717,,,,,,
61.6605,,,,,,
61.69383,,,,,,
61.72716,,,,,,
61.76049,,,,,,
61.79382,,,,,,
61.82715,,,,,,
61.86048,,,,,,
61.89381,,,,,,
61.92714,,,,,,
61.96047,,,,,,
61.9938,,,,,,
62.02713,,,,,,
62.06046,,,,,,
62.09379,,,,,,
62.12712,,,,,,
62.16045,,,,,,
62.19378,,,,,,
62.22711,,,,,,
62.26044,,,,,,
62.29377,,,,,,
62.3271,,,,,,
62.36043,,,,,,
62.39376,,,,,,
62.42709,,,,,,
62.46042,,,,,,
62.49375,,,,,,
62.52708,,,,,,
62.56041,,,,,,
62.59374,,,,,,
62.62707,,,,,,
62.6604,,,,,,
62.69373,,,,,,
62.72706,,,,,,
62.76039,,,,,,
62.79372,,,,,,
62.82705,,,,,,
62.86038,,,,,,
62.89371,,,,,,
62.92704,,,,,,
62.96037,,,,,,
62.9937,,,,,,
63.02703,,,,,,
63.06036,,,,,,
63.09369,,,,,,
63.12702,,,,,,
63.16035,,,,,,
63.19368,,,,,,
63.22701,,,,,,
63.26034,,,,,,
63.29367,,,,,,
63.327,,,,,,
63.36033,,,,,,
63.39366,,,,,,
63.42699,,,,,,
63.46032,,,,,,
63.49365,,,,,,
63.52698,,,,,,
63.56031,,,,,,
63.59364,,,,,,
63.62697,,,,,,
63.6603,,,,,,
63.69363,,,,,,
63.72696,,,,,,
63.76029,,,,,,
63.79362,,,,,,
63.82695,,,,,,
63.86028,,,,,,
63.89361,,,,,,
63.92694,,,,,,
63.96027,,,,,,
63.9936,,,,,,
64.02693,,,,,,
64.06026,,,,,,
64.09359,,,,,,
64.12692,,,,,,
64.16025,,,,,,
64.19358,,,,,,
64.22691,,,,,,
64.26024,,,,,,
64.29357,,,,,,
64.3269,,,,,,
64.36023,,,,,,
64.39356,,,,,,
64.42689,,,,,,
64.46022,,,,,,
64.49355,,,,,,
64.52688,,,,,,
64.56021,,,,,,
64.59354,,,,,,
64.62687,,,,,,
64.6602,,,,,,
64.69353,,,,,,
64.72686,,,,,,
64.76019,,,,,,
64.79352,,,,,,
64.82685,,,,,,
64.86018,,,,,,
64.89351,,,,,,
64.92684,,,,,,
64.96017,,,,,,
64.9935,,,,,,
65.02683,,,,,,
65.06016,,,,,,
65.09349,,,,,,
65.12682,,,,,,
65.16015,,,,,,
65.19348,,,,,,
65.22681,,,,,,
65.26014,,,,,,
65.29347,,,,,,
65.3268,,,,,,
65.36013,,,,,,
65.39346,,,,,,
65.42679,,,,,,
65.46012,,,,,,
65.49345,,,,,,
65.52678,,,,,,
65.56011,,,,,,
65.59344,,,,,,
65.62677,,,,,,
65.6601,,,,,,
65.69343,,,,,,
65.72676,,,,,,
65.76009,,,,,,
65.79342,,,,,,
65.82675,,,,,,
65.86008,,,,,,
65.89341,,,,,,
65.92674,,,,,,
65.96007,,,,,,
65.9934,,,,,,
66.02673,,,,,,
66.06006,,,,,,
66.09339,,,,,,
66.12672,,,,,,
66.16005,,,,,,
66.19338,,,,,,
66.22671,,,,,,
66.26004,,,,,,
66.29337,,,,,,
66.3267,,,,,,
66.36003,,,,,,
66.39336,,,,,,
66.42669,,,,,,
66.46002,,,,,,
66.49335,,,,,,
66.52668,,,,,,
66.56001,,,,,,
66.59334,,,,,,
66.62667,,,,,,
66.66,,,,,,
66.69333,,,,,,
66.72666,,,,,,
66.75999,,,,,,
66.79332,,,,,,
66.82665,,,,,,
66.85998,,,,,,
66.89331,,,,,,
66.92664,,,,,,
66.95997,,,,,,
66.9933,,,,,,
67.02663,,,,,,
67.05996,,,,,,
67.09329,,,,,,
67.12662,,,,,,
67.15995,,,,,,
67.19328,,,,,,
67.22661,,,,,,
67.25994,,,,,,
67.29327,,,,,,
67.3266,,,,,,
67.35993,,,,,,
67.39326,,,,,,
67.42659,,,,,,
67.45992,,,,,,
67.49325,,,,,,
67.52658,,,,,,
67.55991,,,,,,
67.59324,,,,,,
67.62657,,,,,,
67.6599,,,,,,
67.69323,,,,,,
67.72656,,,,,,
67.75989,,,,,,
67.79322,,,,,,
67.82655,,,,,,
67.85988,,,,,,
67.89321,,,,,,
67.92654,,,,,,
67.95987,,,,,,
67.9932,,,,,,
68.02653,,,,,,
68.05986,,,,,,
68.09319,,,,,,
68.12652,,,,,,
68.15985,,,,,,
68.19318,,,,,,
68.22651,,,,,,
68.25984,,,,,,
68.29317,,,,,,
68.3265,,,,,,
68.35983,,,,,,
68.39316,,,,,,
68.42649,,,,,,
68.45982,,,,,,
68.49315,,,,,,
68.52648,,,,,,
68.55981,,,,,,
68.59314,,,,,,
68.62647,,,,,,
68.6598,,,,,,
68.69313,,,,,,
68.72646,,,,,,
68.75979,,,,,,
68.79312,,,,,,
68.82645,,,,,,
68.85978,,,,,,
68.89311,,,,,,
68.92644,,,,,,
68.95977,,,,,,
68.9931,,,,,,
69.02643,,,,,,
69.05976,,,,,,
69.09309,,,,,,
69.12642,,,,,,
69.15975,,,,,,
69.19308,,,,,,
69.22641,,,,,,
69.25974,,,,,,
69.29307,,,,,,
69.3264,,,,,,
69.35973,,,,,,
69.39306,,,,,,
69.42639,,,,,,
69.45972,,,,,,
69.49305,,,,,,
69.52638,,,,,,
69.55971,,,,,,
69.59304,,,,,,
69.62637,,,,,,
69.6597,,,,,,
69.69303,,,,,,
69.72636,,,,,,
69.75969,,,,,,
69.79302,,,,,,
69.82635,,,,,,
69.85968,,,,,,
69.89301,,,,,,
69.92634,,,,,,
69.95967,,,,,,
69.993,,,,,,
70.02633,,,,,,
70.05966,,,,,,
70.09299,,,,,,
70.12632,,,,,,
70.15965,,,,,,
70.19298,,,,,,
70.22631,,,,,,
70.25964,,,,,,
70.29297,,,,,,
70.3263,,,,,,
70.35963,,,,,,
70.39296,,,,,,
70.42629,,,,,,
70.45962,,,,,,
70.49295,,,,,,
70.52628,,,,,,
70.55961,,,,,,
70.59294,,,,,,
70.62627,,,,,,
70.6596,,,,,,
70.69293,,,,,,
70.72626,,,,,,
70.75959,,,,,,
70.79292,,,,,,
70.82625,,,,,,
70.85958,,,,,,
70.89291,,,,,,
70.92624,,,,,,
70.95957,,,,,,
70.9929,,,,,,
71.02623,,,,,,
71.05956,,,,,,
71.09289,,,,,,
71.12622,,,,,,
71.15955,,,,,,
71.19288,,,,,,
71.22621,,,,,,
71.25954,,,,,,
71.29287,,,,,,
71.3262,,,,,,
71.35953,,,,,,
71.39286,,,,,,
71.42619,,,,,,
71.45952,,,,,,
71.49285,,,,,,
71.52618,,,,,,
71.55951,,,,,,
71.59284,,,,,,
71.62617,,,,,,
71.6595,,,,,,
71.69283,,,,,,
71.72616,,,,,,
71.75949,,,,,,
71.79282,,,,,,
71.82615,,,,,,
71.85948,,,,,,
71.89281,,,,,,
71.92614,,,,,,
71.95947,,,,,,
71.9928,,,,,,
72.02613,,,,,,
72.05946,,,,,,
72.09279,,,,,,
72.12612,,,,,,
72.15945,,,,,,
72.19278,,,,,,
72.22611,,,,,,
72.25944,,,,,,
72.29277,,,,,,
72.3261,,,,,,
72.35943,,,,,,
72.39276,,,,,,
72.42609,,,,,,
72.45942,,,,,,
72.49275,,,,,,
72.52608,,,,,,
72.55941,,,,,,
72.59274,,,,,,
72.62607,,,,,,
72.6594,,,,,,
72.69273,,,,,,
72.72606,,,,,,
72.75939,,,,,,
72.79272,,,,,,
72.82605,,,,,,
72.85938,,,,,,
72.89271,,,,,,
72.92604,,,,,,
72.95937,,,,,,
72.9927,,,,,,
73.02603,,,,,,
73.05936,,,,,,
73.09269,,,,,,
73.12602,,,,,,
73.15935,,,,,,
73.19268,,,,,,
73.22601,,,,,,
73.25934,,,,,,
73.29267,,,,,,
73.326,,,,,,
73.35933,,,,,,
73.39266,,,,,,
73.42599,,,,,,
73.45932,,,,,,
73.49265,,,,,,
73.52598,,,,,,
73.55931,,,,,,
73.59264,,,,,,
73.62597,,,,,,
73.6593,,,,,,
73.69263,,,,,,
73.72596,,,,,,
73.75929,,,,,,
73.79262,,,,,,
73.82595,,,,,,
73.85928,,,,,,
73.89261,,,,,,
73.92594,,,,,,
73.95927,,,,,,
73.9926,,,,,,
74.02593,,,,,,
74.05926,,,,,,
74.09259,,,,,,
74.12592,,,,,,
74.15925,,,,,,
74.19258,,,,,,
74.22591,,,,,,
74.25924,,,,,,
74.29257,,,,,,
74.3259,,,,,,
74.35923,,,,,,
74.39256,,,,,,
74.42589,,,,,,
74.45922,,,,,,
74.49255,,,,,,
74.52588,,,,,,
74.55921,,,,,,
74.59254,,,,,,
74.62587,,,,,,
74.6592,,,,,,
74.69253,,,,,,
74.72586,,,,,,
74.75919,,,,,,
74.79252,,,,,,
74.82585,,,,,,
74.85918,,,,,,
74.89251,,,,,,
74.92584,,,,,,
74.95917,,,,,,
74.9925,,,,,,
75.02583,,,,,,
75.05916,,,,,,
75.09249,,,,,,
75.12582,,,,,,
75.15915,,,,,,
75.19248,,,,,,
75.22581,,,,,,
75.25914,,,,,,
75.29247,,,,,,
75.3258,,,,,,
75.35913,,,,,,
75.39246,,,,,,
75.42579,,,,,,
75.45912,,,,,,
75.49245,,,,,,
75.52578,,,,,,
75.55911,,,,,,
75.59244,,,,,,
75.62577,,,,,,
75.6591,,,,,,
75.69243,,,,,,
75.72576,,,,,,
75.75909,,,,,,
75.79242,,,,,,
75.82575,,,,,,
75.85908,,,,,,
75.89241,,,,,,
75.92574,,,,,,
75.95907,,,,,,
75.9924,,,,,,
76.02573,,,,,,
76.05906,,,,,,
76.09239,,,,,,
76.12572,,,,,,
76.15905,,,,,,
76.19238,,,,,,
76.22571,,,,,,
76.25904,,,,,,
76.29237,,,,,,
76.3257,,,,,,
76.35903,,,,,,
76.39236,,,,,,
76.42569,,,,,,
76.45902,,,,,,
76.49235,,,,,,
76.52568,,,,,,
76.55901,,,,,,
76.59234,,,,,,
76.62567,,,,,,
76.659,,,,,,
76.69233,,,,,,
76.72566,,,,,,
76.75899,,,,,,
76.79232,,,,,,
76.82565,,,,,,
76.85898,,,,,,
76.89231,,,,,,
76.92564,,,,,,
76.95897,,,,,,
76.9923,,,,,,
77.02563,,,,,,
77.05896,,,,,,
77.09229,,,,,,
77.12562,,,,,,
77.15895,,,,,,
77.19228,,,,,,
77.22561,,,,,,
77.25894,,,,,,
77.29227,,,,,,
77.3256,,,,,,
77.35893,,,,,,
77.39226,,,,,,
77.42559,,,,,,
77.45892,,,,,,
77.49225,,,,,,
77.52558,,,,,,
77.55891,,,,,,
77.59224,,,,,,
77.62557,,,,,,
77.6589,,,,,,
77.69223,,,,,,
77.72556,,,,,,
77.75889,,,,,,
77.79222,,,,,,
77.82555,,,,,,
77.85888,,,,,,
77.89221,,,,,,
77.92554,,,,,,
77.95887,,,,,,
77.9922,,,,,,
78.02553,,,,,,
78.05886,,,,,,
78.09219,,,,,,
78.12552,,,,,,
78.15885,,,,,,
78.19218,,,,,,
78.22551,,,,,,
78.25884,,,,,,
78.29217,,,,,,
78.3255,,,,,,
78.35883,,,,,,
78.39216,,,,,,
78.42549,,,,,,
78.45882,,,,,,
78.49215,,,,,,
78.52548,,,,,,
78.55881,,,,,,
78.59214,,,,,,
78.62547,,,,,,
78.6588,,,,,,
78.69213,,,,,,
78.72546,,,,,,
78.75879,,,,,,
78.79212,,,,,,
78.82545,,,,,,
78.85878,,,,,,
78.89211,,,,,,
78.92544,,,,,,
78.95877,,,,,,
78.9921,,,,,,
79.02543,,,,,,
79.05876,,,,,,
79.09209,,,,,,
79.12542,,,,,,
79.15875,,,,,,
79.19208,,,,,,
79.22541,,,,,,
79.25874,,,,,,
79.29207,,,,,,
79.3254,,,,,,
79.35873,,,,,,
79.39206,,,,,,
79.42539,,,,,,
79.45872,,,,,,
79.49205,,,,,,
79.52538,,,,,,
79.55871,,,,,,
79.59204,,,,,,
79.62537,,,,,,
79.6587,,,,,,
79.69203,,,,,,
79.72536,,,,,,
79.75869,,,,,,
79.79202,,,,,,
79.82535,,,,,,
79.85868,,,,,,
79.89201,,,,,,
79.92534,,,,,,
79.95867,,,,,,
79.992,,,,,,
80.02533,,,,,,
80.05866,,,,,,
80.09199,,,,,,
80.12532,,,,,,
80.15865,,,,,,
80.19198,,,,,,
80.22531,,,,,,
80.25864,,,,,,
80.29197,,,,,,
80.3253,,,,,,
80.35863,,,,,,
80.39196,,,,,,
80.42529,,,,,,
80.45862,,,,,,
80.49195,,,,,,
80.52528,,,,,,
80.55861,,,,,,
80.59194,,,,,,
80.62527,,,,,,
80.6586,,,,,,
80.69193,,,,,,
80.72526,,,,,,
80.75859,,,,,,
80.79192,,,,,,
80.82525,,,,,,
80.85858,,,,,,
80.89191,,,,,,
80.92524,,,,,,
80.95857,,,,,,
80.9919,,,,,,
81.02523,,,,,,
81.05856,,,,,,
81.09189,,,,,,
81.12522,,,,,,
81.15855,,,,,,
81.19188,,,,,,
81.22521,,,,,,
81.25854,,,,,,
81.29187,,,,,,
81.3252,,,,,,
81.35853,,,,,,
81.39186,,,,,,
81.42519,,,,,,
81.45852,,,,,,
81.49185,,,,,,
81.52518,,,,,,
81.55851,,,,,,
81.59184,,,,,,
81.62517,,,,,,
81.6585,,,,,,
81.69183,,,,,,
81.72516,,,,,,
81.75849,,,,,,
81.79182,,,,,,
81.82515,,,,,,
81.85848,,,,,,
81.89181,,,,,,
81.92514,,,,,,
81.95847,,,,,,
81.9918,,,,,,
82.02513,,,,,,
82.05846,,,,,,
82.09179,,,,,,
82.12512,,,,,,
82.15845,,,,,,
82.19178,,,,,,
82.22511,,,,,,
82.25844,,,,,,
82.29177,,,,,,
82.3251,,,,,,
82.35843,,,,,,
82.39176,,,,,,
82.42509,,,,,,
82.45842,,,,,,
82.49175,,,,,,
82.52508,,,,,,
82.55841,,,,,,
82.59174,,,,,,
82.62507,,,,,,
82.6584,,,,,,
82.69173,,,,,,
82.72506,,,,,,
82.75839,,,,,,
82.79172,,,,,,
82.82505,,,,,,
82.85838,,,,,,
82.89171,,,,,,
82.92504,,,,,,
82.95837,,,,,,
82.9917,,,,,,
83.02503,,,,,,
83.05836,,,,,,
83.09169,,,,,,
83.12502,,,,,,
83.15835,,,,,,
83.19168,,,,,,
83.22501,,,,,,
83.25834,,,,,,
83.29167,,,,,,
83.325,,,,,,
83.35833,,,,,,
83.39166,,,,,,
83.42499,,,,,,
83.45832,,,,,,
83.49165,,,,,,
83.52498,,,,,,
83.55831,,,,,,
83.59164,,,,,,
83.62497,,,,,,
83.6583,,,,,,
83.69163,,,,,,
83.72496,,,,,,
83.75829,,,,,,
83.79162,,,,,,
83.82495,,,,,,
83.85828,,,,,,
83.89161,,,,,,
83.92494,,,,,,
83.95827,,,,,,
83.9916,,,,,,
84.02493,,,,,,
84.05826,,,,,,
84.09159,,,,,,
84.12492,,,,,,
84.15825,,,,,,
84.19158,,,,,,
84.22491,,,,,,
84.25824,,,,,,
84.29157,,,,,,
84.3249,,,,,,
84.35823,,,,,,
84.39156,,,,,,
84.42489,,,,,,
84.45822,,,,,,
84.49155,,,,,,
84.52488,,,,,,
84.55821,,,,,,
84.59154,,,,,,
84.62487,,,,,,
84.6582,,,,,,
84.69153,,,,,,
84.72486,,,,,,
84.75819,,,,,,
84.79152,,,,,,
84.82485,,,,,,
84.85818,,,,,,
84.89151,,,,,,
84.92484,,,,,,
84.95817,,,,,,
84.9915,,,,,,
85.02483,,,,,,
85.05816,,,,,,
85.09149,,,,,,
85.12482,,,,,,
85.15815,,,,,,
85.19148,,,,,,
85.22481,,,,,,
85.25814,,,,,,
85.29147,,,,,,
85.3248,,,,,,
85.35813,,,,,,
85.39146,,,,,,
85.42479,,,,,,
85.45812,,,,,,
85.49145,,,,,,
85.52478,,,,,,
85.55811,,,,,,
85.59144,,,,,,
85.62477,,,,,,
85.6581,,,,,,
85.69143,,,,,,
85.72476,,,,,,
85.75809,,,,,,
85.79142,,,,,,
85.82475,,,,,,
85.85808,,,,,,
85.89141,,,,,,
85.92474,,,,,,
85.95807,,,,,,
85.9914,,,,,,
86.02473,,,,,,
86.05806,,,,,,
86.09139,,,,,,
86.12472,,,,,,
86.15805,,,,,,
86.19138,,,,,,
86.22471,,,,,,
86.25804,,,,,,
86.29137,,,,,,
86.3247,,,,,,
86.35803,,,,,,
86.39136,,,,,,
86.42469,,,,,,
86.45802,,,,,,
86.49135,,,,,,
86.52468,,,,,,
86.55801,,,,,,
86.59134,,,,,,
86.62467,,,,,,
86.658,,,,,,
86.69133,,,,,,
86.72466,,,,,,
86.75799,,,,,,
86.79132,,,,,,
86.82465,,,,,,
86.85798,,,,,,
86.89131,,,,,,
86.92464,,,,,,
86.95797,,,,,,
86.9913,,,,,,
87.02463,,,,,,
87.05796,,,,,,
87.09129,,,,,,
87.12462,,,,,,
87.15795,,,,,,
87.19128,,,,,,
87.22461,,,,,,
87.25794,,,,,,
87.29127,,,,,,
87.3246,,,,,,
87.35793,,,,,,
87.39126,,,,,,
87.42459,,,,,,
87.45792,,,,,,
87.49125,,,,,,
87.52458,,,,,,
87.55791,,,,,,
87.59124,,,,,,
87.62457,,,,,,
87.6579,,,,,,
87.69123,,,,,,
87.72456,,,,,,
87.75789,,,,,,
87.79122,,,,,,
87.82455,,,,,,
87.85788,,,,,,
87.89121,,,,,,
87.92454,,,,,,
87.95787,,,,,,
87.9912,,,,,,
88.02453,,,,,,
88.05786,,,,,,
88.09119,,,,,,
88.12452,,,,,,
88.15785,,,,,,
88.19118,,,,,,
88.22451,,,,,,
88.25784,,,,,,
88.29117,,,,,,
88.3245,,,,,,
88.35783,,,,,,
88.39116,,,,,,
88.42449,,,,,,
88.45782,,,,,,
88.49115,,,,,,
88.52448,,,,,,
88.55781,,,,,,
88.59114,,,,,,
88.62447,,,,,,
88.6578,,,,,,
88.69113,,,,,,
88.72446,,,,,,
88.75779,,,,,,
88.79112,,,,,,
88.82445,,,,,,
88.85778,,,,,,
88.89111,,,,,,
88.92444,,,,,,
88.95777,,,,,,
88.9911,,,,,,
89.02443,,,,,,
89.05776,,,,,,
89.09109,,,,,,
89.12442,,,,,,
89.15775,,,,,,
89.19108,,,,,,
89.22441,,,,,,
89.25774,,,,,,
89.29107,,,,,,
89.3244,,,,,,
89.35773,,,,,,
89.39106,,,,,,
89.42439,,,,,,
89.45772,,,,,,
89.49105,,,,,,
89.52438,,,,,,
89.55771,,,,,,
89.59104,,,,,,
89.62437,,,,,,
89.6577,,,,,,
89.69103,,,,,,
89.72436,,,,,,
89.75769,,,,,,
89.79102,,,,,,
89.82435,,,,,,
89.85768,,,,,,
89.89101,,,,,,
89.92434,,,,,,
89.95767,,,,,,
89.991,,,,,,
90.02433,,,,,,
90.05766,,,,,,
90.09099,,,,,,
90.12432,,,,,,
90.15765,,,,,,
90.19098,,,,,,
90.22431,,,,,,
90.25764,,,,,,
90.29097,,,,,,
90.3243,,,,,,
90.35763,,,,,,
90.39096,,,,,,
90.42429,,,,,,
90.45762,,,,,,
90.49095,,,,,,
90.52428,,,,,,
90.55761,,,,,,
90.59094,,,,,,
90.62427,,,,,,
90.6576,,,,,,
90.69093,,,,,,
90.72426,,,,,,
90.75759,,,,,,
90.79092,,,,,,
90.82425,,,,,,
90.85758,,,,,,
90.89091,,,,,,
90.92424,,,,,,
90.95757,,,,,,
90.9909,,,,,,
91.02423,,,,,,
91.05756,,,,,,
91.09089,,,,,,
91.12422,,,,,,
91.15755,,,,,,
91.19088,,,,,,
91.22421,,,,,,
91.25754,,,,,,
91.29087,,,,,,
91.3242,,,,,,
91.35753,,,,,,
91.39086,,,,,,
91.42419,,,,,,
91.45752,,,,,,
91.49085,,,,,,
91.52418,,,,,,
91.55751,,,,,,
91.59084,,,,,,
91.62417,,,,,,
91.6575,,,,,,
91.69083,,,,,,
91.72416,,,,,,
91.75749,,,,,,
91.79082,,,,,,
91.82415,,,,,,
91.85748,,,,,,
91.89081,,,,,,
91.92414,,,,,,
91.95747,,,,,,
91.9908,,,,,,
92.02413,,,,,,
92.05746,,,,,,
92.09079,,,,,,
92.12412,,,,,,
92.15745,,,,,,
92.19078,,,,,,
92.22411,,,,,,
92.25744,,,,,,
92.29077,,,,,,
92.3241,,,,,,
92.35743,,,,,,
92.39076,,,,,,
92.42409,,,,,,
92.45742,,,,,,
92.49075,,,,,,
92.52408,,,,,,
92.55741,,,,,,
92.59074,,,,,,
92.62407,,,,,,
92.6574,,,,,,
92.69073,,,,,,
92.72406,,,,,,
92.75739,,,,,,
92.79072,,,,,,
92.82405,,,,,,
92.85738,,,,,,
92.89071,,,,,,
92.92404,,,,,,
92.95737,,,,,,
92.9907,,,,,,
93.02403,,,,,,
93.05736,,,,,,
93.09069,,,,,,
93.12402,,,,,,
93.15735,,,,,,
93.19068,,,,,,
93.22401,,,,,,
93.25734,,,,,,
93.29067,,,,,,
93.324,,,,,,
93.35733,,,,,,
93.39066,,,,,,
93.42399,,,,,,
93.45732,,,,,,
93.49065,,,,,,
93.52398,,,,,,
93.55731,,,,,,
93.59064,,,,,,
93.62397,,,,,,
93.6573,,,,,,
93.69063,,,,,,
93.72396,,,,,,
93.75729,,,,,,
93.79062,,,,,,
93.82395,,,,,,
93.85728,,,,,,
93.89061,,,,,,
93.92394,,,,,,
93.95727,,,,,,
93.9906,,,,,,
94.02393,,,,,,
94.05726,,,,,,
94.09059,,,,,,
94.12392,,,,,,
94.15725,,,,,,
94.19058,,,,,,
94.22391,,,,,,
94.25724,,,,,,
94.29057,,,,,,
94.3239,,,,,,
94.35723,,,,,,
94.39056,,,,,,
94.42389,,,,,,
94.45722,,,,,,
94.49055,,,,,,
94.52388,,,,,,
94.55721,,,,,,
94.59054,,,,,,
94.62387,,,,,,
94.6572,,,,,,
94.69053,,,,,,
94.72386,,,,,,
94.75719,,,,,,
94.79052,,,,,,
94.82385,,,,,,
94.85718,,,,,,
94.89051,,,,,,
94.92384,,,,,,
94.95717,,,,,,
94.9905,,,,,,
95.02383,,,,,,
95.05716,,,,,,
95.09049,,,,,,
95.12382,,,,,,
95.15715,,,,,,
95.19048,,,,,,
95.22381,,,,,,
95.25714,,,,,,
95.29047,,,,,,
95.3238,,,,,,
95.35713,,,,,,
95.39046,,,,,,
95.42379,,,,,,
95.45712,,,,,,
95.49045,,,,,,
95.52378,,,,,,
95.55711,,,,,,
95.59044,,,,,,
95.62377,,,,,,
95.6571,,,,,,
95.69043,,,,,,
95.72376,,,,,,
95.75709,,,,,,
95.79042,,,,,,
95.82375,,,,,,
95.85708,,,,,,
95.89041,,,,,,
95.92374,,,,,,
95.95707,,,,,,
95.9904,,,,,,
96.02373,,,,,,
96.05706,,,,,,
96.09039,,,,,,
96.12372,,,,,,
96.15705,,,,,,
96.19038,,,,,,
96.22371,,,,,,
96.25704,,,,,,
96.29037,,,,,,
96.3237,,,,,,
96.35703,,,,,,
96.39036,,,,,,
96.42369,,,,,,
96.45702,,,,,,
96.49035,,,,,,
96.52368,,,,,,
96.55701,,,,,,
96.59034,,,,,,
96.62367,,,,,,
96.657,,,,,,
96.69033,,,,,,
96.72366,,,,,,
96.75699,,,,,,
96.79032,,,,,,
96.82365,,,,,,
96.85698,,,,,,
96.89031,,,,,,
96.92364,,,,,,
96.95697,,,,,,
96.9903,,,,,,
97.02363,,,,,,
97.05696,,,,,,
97.09029,,,,,,
97.12362,,,,,,
97.15695,,,,,,
97.19028,,,,,,
97.22361,,,,,,
97.25694,,,,,,
97.29027,,,,,,
97.3236,,,,,,
97.35693,,,,,,
97.39026,,,,,,
97.42359,,,,,,
97.45692,,,,,,
97.49025,,,,,,
97.52358,,,,,,
97.55691,,,,,,
97.59024,,,,,,
97.62357,,,,,,
97.6569,,,,,,
97.69023,,,,,,
97.72356,,,,,,
97.75689,,,,,,
97.79022,,,,,,
97.82355,,,,,,
97.85688,,,,,,
97.89021,,,,,,
97.92354,,,,,,
97.95687,,,,,,
97.9902,,,,,,
98.02353,,,,,,
98.05686,,,,,,
98.09019,,,,,,
98.12352,,,,,,
98.15685,,,,,,
98.19018,,,,,,
98.22351,,,,,,
98.25684,,,,,,
98.29017,,,,,,
98.3235,,,,,,
98.35683,,,,,,
98.39016,,,,,,
98.42349,,,,,,
98.45682,,,,,,
98.49015,,,,,,
98.52348,,,,,,
98.55681,,,,,,
98.59014,,,,,,
98.62347,,,,,,
98.6568,,,,,,
98.69013,,,,,,
98.72346,,,,,,
98.75679,,,,,,
98.79012,,,,,,
98.82345,,,,,,
98.85678,,,,,,
98.89011,,,,,,
98.92344,,,,,,
98.95677,,,,,,
98.9901,,,,,,
99.02343,,,,,,
99.05676,,,,,,
99.09009,,,,,,
99.12342,,,,,,
99.15675,,,,,,
99.19008,,,,,,
99.22341,,,,,,
99.25674,,,,,,
99.29007,,,,,,
99.3234,,,,,,
99.35673,,,,,,
99.39006,,,,,,
99.42339,,,,,,
99.45672,,,,,,
99.49005,,,,,,
99.52338,,,,,,
99.55671,,,,,,
99.59004,,,,,,
99.62337,,,,,,
99.6567,,,,,,
99.69003,,,,,,
99.72336,,,,,,
99.75669,,,,,,
99.79002,,,,,,
99.82335,,,,,,
99.85668,,,,,,
99.89001,,,,,,
99.92334,,,,,,
99.95667,,,,,,
99.99,,,,,,
100.02333,,,,,,
100.05666,,,,,,
100.08999,,,,,,
100.12332,,,,,,
100.15665,,,,,,
100.18998,,,,,,
100.22331,,,,,,
100.25664,,,,,,
100.28997,,,,,,
100.3233,,,,,,
100.35663,,,,,,
100.38996,,,,,,
100.42329,,,,,,
100.45662,,,,,,
100.48995,,,,,,
100.52328,,,,,,
100.55661,,,,,,
100.58994,,,,,,
100.62327,,,,,,
100.6566,,,,,,
100.68993,,,,,,
100.72326,,,,,,
100.75659,,,,,,
100.78992,,,,,,
100.82325,,,,,,
100.85658,,,,,,
100.88991,,,,,,
100.92324,,,,,,
100.95657,,,,,,
100.9899,,,,,,
101.02323,,,,,,
101.05656,,,,,,
101.08989,,,,,,
101.12322,,,,,,
101.15655,,,,,,
101.18988,,,,,,
101.22321,,,,,,
101.25654,,,,,,
101.28987,,,,,,
101.3232,,,,,,
101.35653,,,,,,
101.38986,,,,,,
101.42319,,,,,,
101.45652,,,,,,
101.48985,,,,,,
101.52318,,,,,,
101.55651,,,,,,
101.58984,,,,,,
101.62317,,,,,,
101.6565,,,,,,
101.68983,,,,,,
101.72316,,,,,,
101.75649,,,,,,
101.78982,,,,,,
101.82315,,,,,,
101.85648,,,,,,
101.88981,,,,,,
101.92314,,,,,,
101.95647,,,,,,
101.9898,,,,,,
102.02313,,,,,,
102.05646,,,,,,
102.08979,,,,,,
102.12312,,,,,,
102.15645,,,,,,
102.18978,,,,,,
102.22311,,,,,,
102.25644,,,,,,
102.28977,,,,,,
102.3231,,,,,,
102.35643,,,,,,
102.38976,,,,,,
102.42309,,,,,,
102.45642,,,,,,
102.48975,,,,,,
102.52308,,,,,,
102.55641,,,,,,
102.58974,,,,,,
102.62307,,,,,,
102.6564,,,,,,
102.68973,,,,,,
102.72306,,,,,,
102.75639,,,,,,
102.78972,,,,,,
102.82305,,,,,,
102.85638,,,,,,
102.88971,,,,,,
102.92304,,,,,,
102.95637,,,,,,
102.9897,,,,,,
103.02303,,,,,,
103.05636,,,,,,
103.08969,,,,,,
103.12302,,,,,,
103.15635,,,,,,
103.18968,,,,,,
103.22301,,,,,,
103.25634,,,,,,
103.28967,,,,,,
103.323,,,,,,
103.35633,,,,,,
103.38966,,,,,,
103.42299,,,,,,
103.45632,,,,,,
103.48965,,,,,,
103.52298,,,,,,
103.55631,,,,,,
103.58964,,,,,,
103.62297,,,,,,
103.6563,,,,,,
103.68963,,,,,,
103.72296,,,,,,
103.75629,,,,,,
103.78962,,,,,,
103.82295,,,,,,
103.85628,,,,,,
103.88961,,,,,,
103.92294,,,,,,
103.95627,,,,,,
103.9896,,,,,,
104.02293,,,,,,
104.05626,,,,,,
104.08959,,,,,,
104.12292,,,,,,
104.15625,,,,,,
104.18958,,,,,,
104.22291,,,,,,
104.25624,,,,,,
104.28957,,,,,,
104.3229,,,,,,
104.35623,,,,,,
104.38956,,,,,,
104.42289,,,,,,
104.45622,,,,,,
104.48955,,,,,,
104.52288,,,,,,
104.55621,,,,,,
104.58954,,,,,,
104.62287,,,,,,
104.6562,,,,,,
104.68953,,,,,,
104.72286,,,,,,
104.75619,,,,,,
104.78952,,,,,,
104.82285,,,,,,
104.85618,,,,,,
104.88951,,,,,,
104.92284,,,,,,
104.95617,,,,,,
104.9895,,,,,,
105.02283,,,,,,
105.05616,,,,,,
105.08949,,,,,,
105.12282,,,,,,
105.15615,,,,,,
105.18948,,,,,,
105.22281,,,,,,
105.25614,,,,,,
105.28947,,,,,,
105.3228,,,,,,
105.35613,,,,,,
105.38946,,,,,,
105.42279,,,,,,
105.45612,,,,,,
105.48945,,,,,,
105.52278,,,,,,
105.55611,,,,,,
105.58944,,,,,,
105.62277,,,,,,
105.6561,,,,,,
105.68943,,,,,,
105.72276,,,,,,
105.75609,,,,,,
105.78942,,,,,,
105.82275,,,,,,
105.85608,,,,,,
105.88941,,,,,,
105.92274,,,,,,
105.95607,,,,,,
105.9894,,,,,,
106.02273,,,,,,
106.05606,,,,,,
106.08939,,,,,,
106.12272,,,,,,
106.15605,,,,,,
106.18938,,,,,,
106.22271,,,,,,
106.25604,,,,,,
106.28937,,,,,,
106.3227,,,,,,
106.35603,,,,,,
106.38936,,,,,,
106.42269,,,,,,
106.45602,,,,,,
106.48935,,,,,,
106.52268,,,,,,
106.55601,,,,,,
106.58934,,,,,,
106.62267,,,,,,
106.656,,,,,,
106.68933,,,,,,
106.72266,,,,,,
106.75599,,,,,,
106.78932,,,,,,
106.82265,,,,,,
106.85598,,,,,,
106.88931,,,,,,
106.92264,,,,,,
106.95597,,,,,,
106.9893,,,,,,
107.02263,,,,,,
107.05596,,,,,,
107.08929,,,,,,
107.12262,,,,,,
107.15595,,,,,,
107.18928,,,,,,
107.22261,,,,,,
107.25594,,,,,,
107.28927,,,,,,
107.3226,,,,,,
107.35593,,,,,,
107.38926,,,,,,
107.42259,,,,,,
107.45592,,,,,,
107.48925,,,,,,
107.52258,,,,,,
107.55591,,,,,,
107.58924,,,,,,
107.62257,,,,,,
107.6559,,,,,,
107.68923,,,,,,
107.72256,,,,,,
107.75589,,,,,,
107.78922,,,,,,
107.82255,,,,,,
107.85588,,,,,,
107.88921,,,,,,
107.92254,,,,,,
107.95587,,,,,,
107.9892,,,,,,
108.02253,,,,,,
108.05586,,,,,,
108.08919,,,,,,
108.12252,,,,,,
108.15585,,,,,,
108.18918,,,,,,
108.22251,,,,,,
108.25584,,,,,,
108.28917,,,,,,
108.3225,,,,,,
108.35583,,,,,,
108.38916,,,,,,
108.42249,,,,,,
108.45582,,,,,,
108.48915,,,,,,
108.52248,,,,,,
108.55581,,,,,,
108.58914,,,,,,
108.62247,,,,,,
108.6558,,,,,,
108.68913,,,,,,
108.72246,,,,,,
108.75579,,,,,,
108.78912,,,,,,
108.82245,,,,,,
108.85578,,,,,,
108.88911,,,,,,
108.92244,,,,,,
108.95577,,,,,,
108.9891,,,,,,
109.02243,,,,,,
109.05576,,,,,,
109.08909,,,,,,
109.12242,,,,,,
109.15575,,,,,,
109.18908,,,,,,
109.22241,,,,,,
109.25574,,,,,,
109.28907,,,,,,
109.3224,,,,,,
109.35573,,,,,,
109.38906,,,,,,
109.42239,,,,,,
109.45572,,,,,,
109.48905,,,,,,
109.52238,,,,,,
109.55571,,,,,,
109.58904,,,,,,
109.62237,,,,,,
109.6557,,,,,,
109.68903,,,,,,
109.72236,,,,,,
109.75569,,,,,,
109.78902,,,,,,
109.82235,,,,,,
109.85568,,,,,,
109.88901,,,,,,
109.92234,,,,,,
109.95567,,,,,,
109.989,,,,,,
110.02233,,,,,,
110.05566,,,,,,
110.08899,,,,,,
110.12232,,,,,,
110.15565,,,,,,
110.18898,,,,,,
110.22231,,,,,,
110.25564,,,,,,
110.28897,,,,,,
110.3223,,,,,,
110.35563,,,,,,
110.38896,,,,,,
110.42229,,,,,,
110.45562,,,,,,
110.48895,,,,,,
110.52228,,,,,,
110.55561,,,,,,
110.58894,,,,,,
110.62227,,,,,,
110.6556,,,,,,
110.68893,,,,,,
110.72226,,,,,,
110.75559,,,,,,
110.78892,,,,,,
110.82225,,,,,,
110.85558,,,,,,
110.88891,,,,,,
110.92224,,,,,,
110.95557,,,,,,
110.9889,,,,,,
111.02223,,,,,,
111.05556,,,,,,
111.08889,,,,,,
111.12222,,,,,,
111.15555,,,,,,
111.18888,,,,,,
111.22221,,,,,,
111.25554,,,,,,
111.28887,,,,,,
111.3222,,,,,,
111.35553,,,,,,
111.38886,,,,,,
111.42219,,,,,,
111.45552,,,,,,
111.48885,,,,,,
111.52218,,,,,,
111.55551,,,,,,
111.58884,,,,,,
111.62217,,,,,,
111.6555,,,,,,
111.68883,,,,,,
111.72216,,,,,,
111.75549,,,,,,
111.78882,,,,,,
111.82215,,,,,,
111.85548,,,,,,
111.88881,,,,,,
111.92214,,,,,,
111.95547,,,,,,
111.9888,,,,,,
112.02213,,,,,,
112.05546,,,,,,
112.08879,,,,,,
112.12212,,,,,,
112.15545,,,,,,
112.18878,,,,,,
112.22211,,,,,,
112.25544,,,,,,
112.28877,,,,,,
112.3221,,,,,,
112.35543,,,,,,
112.38876,,,,,,
112.42209,,,,,,
112.45542,,,,,,
112.48875,,,,,,
112.52208,,,,,,
112.55541,,,,,,
112.58874,,,,,,
112.62207,,,,,,
112.6554,,,,,,
112.68873,,,,,,
112.72206,,,,,,
112.75539,,,,,,
112.78872,,,,,,
112.82205,,,,,,
112.85538,,,,,,
112.88871,,,,,,
112.92204,,,,,,
112.95537,,,,,,
112.9887,,,,,,
113.02203,,,,,,
113.05536,,,,,,
113.08869,,,,,,
113.12202,,,,,,
113.15535,,,,,,
113.18868,,,,,,
113.22201,,,,,,
113.25534,,,,,,
113.28867,,,,,,
113.322,,,,,,
113.35533,,,,,,
113.38866,,,,,,
113.42199,,,,,,
113.45532,,,,,,
113.48865,,,,,,
113.52198,,,,,,
113.55531,,,,,,
113.58864,,,,,,
113.62197,,,,,,
113.6553,,,,,,
113.68863,,,,,,
113.72196,,,,,,
113.75529,,,,,,
113.78862,,,,,,
113.82195,,,,,,
113.85528,,,,,,
113.88861,,,,,,
113.92194,,,,,,
113.95527,,,,,,
113.9886,,,,,,
114.02193,,,,,,
114.05526,,,,,,
114.08859,,,,,,
114.12192,,,,,,
114.15525,,,,,,
114.18858,,,,,,
114.22191,,,,,,
114.25524,,,,,,
114.28857,,,,,,
114.3219,,,,,,
114.35523,,,,,,
114.38856,,,,,,
114.42189,,,,,,
114.45522,,,,,,
114.48855,,,,,,
114.52188,,,,,,
114.55521,,,,,,
114.58854,,,,,,
114.62187,,,,,,
114.6552,,,,,,
114.68853,,,,,,
114.72186,,,,,,
114.75519,,,,,,
114.78852,,,,,,
114.82185,,,,,,
114.85518,,,,,,
114.88851,,,,,,
114.92184,,,,,,
114.95517,,,,,,
114.9885,,,,,,
115.02183,,,,,,
115.05516,,,,,,
115.08849,,,,,,
115.12182,,,,,,
115.15515,,,,,,
115.18848,,,,,,
115.22181,,,,,,
115.25514,,,,,,
115.28847,,,,,,
115.3218,,,,,,
115.35513,,,,,,
115.38846,,,,,,
115.42179,,,,,,
115.45512,,,,,,
115.48845,,,,,,
115.52178,,,,,,
115.55511,,,,,,
115.58844,,,,,,
115.62177,,,,,,
115.6551,,,,,,
115.68843,,,,,,
115.72176,,,,,,
115.75509,,,,,,
115.78842,,,,,,
115.82175,,,,,,
115.85508,,,,,,
115.88841,,,,,,
115.92174,,,,,,
115.95507,,,,,,
115.9884,,,,,,
116.02173,,,,,,
116.05506,,,,,,
116.08839,,,,,,
116.12172,,,,,,
116.15505,,,,,,
116.18838,,,,,,
116.22171,,,,,,
116.25504,,,,,,
116.28837,,,,,,
116.3217,,,,,,
116.35503,,,,,,
116.38836,,,,,,
116.42169,,,,,,
116.45502,,,,,,
116.48835,,,,,,
116.52168,,,,,,
116.55501,,,,,,
116.58834,,,,,,
116.62167,,,,,,
116.655,,,,,,
116.68833,,,,,,
116.72166,,,,,,
116.75499,,,,,,
116.78832,,,,,,
116.82165,,,,,,
116.85498,,,,,,
116.88831,,,,,,
116.92164,,,,,,
116.95497,,,,,,
116.9883,,,,,,
117.02163,,,,,,
117.05496,,,,,,
117.08829,,,,,,
117.12162,,,,,,
117.15495,,,,,,
117.18828,,,,,,
117.22161,,,,,,
117.25494,,,,,,
117.28827,,,,,,
117.3216,,,,,,
117.35493,,,,,,
117.38826,,,,,,
117.42159,,,,,,
117.45492,,,,,,
117.48825,,,,,,
117.52158,,,,,,
117.55491,,,,,,
117.58824,,,,,,
117.62157,,,,,,
117.6549,,,,,,
117.68823,,,,,,
117.72156,,,,,,
117.75489,,,,,,
117.78822,,,,,,
117.82155,,,,,,
117.85488,,,,,,
117.88821,,,,,,
117.92154,,,,,,
117.95487,,,,,,
117.9882,,,,,,
118.02153,,,,,,
118.05486,,,,,,
118.08819,,,,,,
118.12152,,,,,,
118.15485,,,,,,
118.18818,,,,,,
118.22151,,,,,,
118.25484,,,,,,
118.28817,,,,,,
118.3215,,,,,,
118.35483,,,,,,
118.38816,,,,,,
118.42149,,,,,,
118.45482,,,,,,
118.48815,,,,,,
118.52148,,,,,,
118.55481,,,,,,
118.58814,,,,,,
118.62147,,,,,,
118.6548,,,,,,
118.68813,,,,,,
118.72146,,,,,,
118.75479,,,,,,
118.78812,,,,,,
118.82145,,,,,,
118.85478,,,,,,
118.88811,,,,,,
118.92144,,,,,,
118.95477,,,,,,
118.9881,,,,,,
119.02143,,,,,,
119.05476,,,,,,
119.08809,,,,,,
119.12142,,,,,,
119.15475,,,,,,
119.18808,,,,,,
119.22141,,,,,,
119.25474,,,,,,
119.28807,,,,,,
119.3214,,,,,,
119.35473,,,,,,
119.38806,,,,,,
119.42139,,,,,,
119.45472,,,,,,
119.48805,,,,,,
119.52138,,,,,,
119.55471,,,,,,
119.58804,,,,,,
119.62137,,,,,,
119.6547,,,,,,
119.68803,,,,,,
119.72136,,,,,,
119.75469,,,,,,
119.78802,,,,,,
119.82135,,,,,,
119.85468,,,,,,
119.88801,,,,,,
119.92134,,,,,,
119.95467,,,,,,
119.988,,,,,,
120.02133,,,,,,
120.05466,,,,,,
120.08799,,,,,,
120.12132,,,,,,
120.15465,,,,,,
120.18798,,,,,,
120.22131,,,,,,
120.25464,,,,,,
120.28797,,,,,,
120.3213,,,,,,
120.35463,,,,,,
120.38796,,,,,,
120.42129,,,,,,
120.45462,,,,,,
120.48795,,,,,,
120.52128,,,,,,
120.55461,,,,,,
120.58794,,,,,,
120.62127,,,,,,
120.6546,,,,,,
120.68793,,,,,,
120.72126,,,,,,
120.75459,,,,,,
120.78792,,,,,,
120.82125,,,,,,
120.85458,,,,,,
120.88791,,,,,,
120.92124,,,,,,
120.95457,,,,,,
120.9879,,,,,,
121.02123,,,,,,
121.05456,,,,,,
121.08789,,,,,,
121.12122,,,,,,
121.15455,,,,,,
121.18788,,,,,,
121.22121,,,,,,
121.25454,,,,,,
121.28787,,,,,,
121.3212,,,,,,
121.35453,,,,,,
121.38786,,,,,,
121.42119,,,,,,
121.45452,,,,,,
121.48785,,,,,,
121.52118,,,,,,
121.55451,,,,,,
121.58784,,,,,,
121.62117,,,,,,
121.6545,,,,,,
121.68783,,,,,,
121.72116,,,,,,
121.75449,,,,,,
121.78782,,,,,,
121.82115,,,,,,
121.85448,,,,,,
121.88781,,,,,,
121.92114,,,,,,
121.95447,,,,,,
121.9878,,,,,,
122.02113,,,,,,
122.05446,,,,,,
122.08779,,,,,,
122.12112,,,,,,
122.15445,,,,,,
122.18778,,,,,,
122.22111,,,,,,
122.25444,,,,,,
122.28777,,,,,,
122.3211,,,,,,
122.35443,,,,,,
122.38776,,,,,,
122.42109,,,,,,
122.45442,,,,,,
122.48775,,,,,,
122.52108,,,,,,
122.55441,,,,,,
122.58774,,,,,,
122.62107,,,,,,
122.6544,,,,,,
122.68773,,,,,,
122.72106,,,,,,
122.75439,,,,,,
122.78772,,,,,,
122.82105,,,,,,
122.85438,,,,,,
122.88771,,,,,,
122.92104,,,,,,
122.95437,,,,,,
122.9877,,,,,,
123.02103,,,,,,
123.05436,,,,,,
123.08769,,,,,,
123.12102,,,,,,
123.15435,,,,,,
123.18768,,,,,,
123.22101,,,,,,
123.25434,,,,,,
123.28767,,,,,,
123.321,,,,,,
123.35433,,,,,,
123.38766,,,,,,
123.42099,,,,,,
123.45432,,,,,,
123.48765,,,,,,
123.52098,,,,,,
123.55431,,,,,,
123.58764,,,,,,
123.62097,,,,,,
123.6543,,,,,,
123.68763,,,,,,
123.72096,,,,,,
123.75429,,,,,,
123.78762,,,,,,
123.82095,,,,,,
123.85428,,,,,,
123.88761,,,,,,
123.92094,,,,,,
123.95427,,,,,,
123.9876,,,,,,
124.02093,,,,,,
124.05426,,,,,,
124.08759,,,,,,
124.12092,,,,,,
124.15425,,,,,,
124.18758,,,,,,
124.22091,,,,,,
124.25424,,,,,,
124.28757,,,,,,
124.3209,,,,,,
124.35423,,,,,,
124.38756,,,,,,
124.42089,,,,,,
124.45422,,,,,,
124.48755,,,,,,
124.52088,,,,,,
124.55421,,,,,,
124.58754,,,,,,
124.62087,,,,,,
124.6542,,,,,,
124.68753,,,,,,
124.72086,,,,,,
124.75419,,,,,,
124.78752,,,,,,
124.82085,,,,,,
124.85418,,,,,,
124.88751,,,,,,
124.92084,,,,,,
124.95417,,,,,,
124.9875,,,,,,
125.02083,,,,,,
125.05416,,,,,,
125.08749,,,,,,
125.12082,,,,,,
125.15415,,,,,,
125.18748,,,,,,
125.22081,,,,,,
125.25414,,,,,,
125.28747,,,,,,
125.3208,,,,,,
125.35413,,,,,,
125.38746,,,,,,
125.42079,,,,,,
125.45412,,,,,,
125.48745,,,,,,
125.52078,,,,,,
125.55411,,,,,,
125.58744,,,,,,
125.62077,,,,,,
125.6541,,,,,,
125.68743,,,,,,
125.72076,,,,,,
125.75409,,,,,,
125.78742,,,,,,
125.82075,,,,,,
125.85408,,,,,,
125.88741,,,,,,
125.92074,,,,,,
125.95407,,,,,,
125.9874,,,,,,
126.02073,,,,,,
126.05406,,,,,,
126.08739,,,,,,
126.12072,,,,,,
126.15405,,,,,,
126.18738,,,,,,
126.22071,,,,,,
126.25404,,,,,,
126.28737,,,,,,
126.3207,,,,,,
126.35403,,,,,,
126.38736,,,,,,
126.42069,,,,,,
126.45402,,,,,,
126.48735,,,,,,
126.52068,,,,,,
126.55401,,,,,,
126.58734,,,,,,
126.62067,,,,,,
126.654,,,,,,
126.68733,,,,,,
126.72066,,,,,,
126.75399,,,,,,
126.78732,,,,,,
126.82065,,,,,,
126.85398,,,,,,
126.88731,,,,,,
126.92064,,,,,,
126.95397,,,,,,
126.9873,,,,,,
127.02063,,,,,,
127.05396,,,,,,
127.08729,,,,,,
127.12062,,,,,,
127.15395,,,,,,
127.18728,,,,,,
127.22061,,,,,,
127.25394,,,,,,
127.28727,,,,,,
127.3206,,,,,,
127.35393,,,,,,
127.38726,,,,,,
127.42059,,,,,,
127.45392,,,,,,
127.48725,,,,,,
127.52058,,,,,,
127.55391,,,,,,
127.58724,,,,,,
127.62057,,,,,,
127.6539,,,,,,
127.68723,,,,,,
127.72056,,,,,,
127.75389,,,,,,
127.78722,,,,,,
127.82055,,,,,,
127.85388,,,,,,
127.88721,,,,,,
127.92054,,,,,,
127.95387,,,,,,
127.9872,,,,,,
128.02053,,,,,,
128.05386,,,,,,
128.08719,,,,,,
128.12052,,,,,,
128.15385,,,,,,
128.18718,,,,,,
128.22051,,,,,,
128.25384,,,,,,
128.28717,,,,,,
128.3205,,,,,,
128.35383,,,,,,
128.38716,,,,,,
128.42049,,,,,,
128.45382,,,,,,
128.48715,,,,,,
128.52048,,,,,,
128.55381,,,,,,
128.58714,,,,,,
128.62047,,,,,,
128.6538,,,,,,
128.68713,,,,,,
128.72046,,,,,,
128.75379,,,,,,
128.78712,,,,,,
128.82045,,,,,,
128.85378,,,,,,
128.88711,,,,,,
128.92044,,,,,,
128.95377,,,,,,
128.9871,,,,,,
129.02043,,,,,,
129.05376,,,,,,
129.08709,,,,,,
129.12042,,,,,,
129.15375,,,,,,
129.18708,,,,,,
129.22041,,,,,,
129.25374,,,,,,
129.28707,,,,,,
129.3204,,,,,,
129.35373,,,,,,
129.38706,,,,,,
129.42039,,,,,,
129.45372,,,,,,
129.48705,,,,,,
129.52038,,,,,,
129.55371,,,,,,
129.58704,,,,,,
129.62037,,,,,,
129.6537,,,,,,
129.68703,,,,,,
129.72036,,,,,,
129.75369,,,,,,
129.78702,,,,,,
129.82035,,,,,,
129.85368,,,,,,
129.88701,,,,,,
129.92034,,,,,,
129.95367,,,,,,
129.987,,,,,,
130.02033,,,,,,
130.05366,,,,,,
130.08699,,,,,,
130.12032,,,,,,
130.15365,,,,,,
130.18698,,,,,,
130.22031,,,,,,
130.25364,,,,,,
130.28697,,,,,,
130.3203,,,,,,
130.35363,,,,,,
130.38696,,,,,,
130.42029,,,,,,
130.45362,,,,,,
130.48695,,,,,,
130.52028,,,,,,
130.55361,,,,,,
130.58694,,,,,,
130.62027,,,,,,
130.6536,,,,,,
130.68693,,,,,,
130.72026,,,,,,
130.75359,,,,,,
130.78692,,,,,,
130.82025,,,,,,
130.85358,,,,,,
130.88691,,,,,,
130.92024,,,,,,
130.95357,,,,,,
130.9869,,,,,,
131.02023,,,,,,
131.05356,,,,,,
131.08689,,,,,,
131.12022,,,,,,
131.15355,,,,,,
131.18688,,,,,,
131.22021,,,,,,
131.25354,,,,,,
131.28687,,,,,,
131.3202,,,,,,
131.35353,,,,,,
131.38686,,,,,,
131.42019,,,,,,
131.45352,,,,,,
131.48685,,,,,,
131.52018,,,,,,
131.55351,,,,,,
131.58684,,,,,,
131.62017,,,,,,
131.6535,,,,,,
131.68683,,,,,,
131.72016,,,,,,
131.75349,,,,,,
131.78682,,,,,,
131.82015,,,,,,
131.85348,,,,,,
131.88681,,,,,,
131.92014,,,,,,
131.95347,,,,,,
131.9868,,,,,,
132.02013,,,,,,
132.05346,,,,,,
132.08679,,,,,,
132.12012,,,,,,
132.15345,,,,,,
132.18678,,,,,,
132.22011,,,,,,
132.25344,,,,,,
132.28677,,,,,,
132.3201,,,,,,
132.35343,,,,,,
132.38676,,,,,,
132.42009,,,,,,
132.45342,,,,,,
132.48675,,,,,,
132.52008,,,,,,
132.55341,,,,,,
132.58674,,,,,,
132.62007,,,,,,
132.6534,,,,,,
132.68673,,,,,,
132.72006,,,,,,
132.75339,,,,,,
132.78672,,,,,,
132.82005,,,,,,
132.85338,,,,,,
132.88671,,,,,,
132.92004,,,,,,
132.95337,,,,,,
132.9867,,,,,,
133.02003,,,,,,
133.05336,,,,,,
133.08669,,,,,,
133.12002,,,,,,
133.15335,,,,,,
133.18668,,,,,,
133.22001,,,,,,
133.25334,,,,,,
133.28667,,,,,,
133.32,,,,,,
133.35333,,,,,,
133.38666,,,,,,
133.41999,,,,,,
133.45332,,,,,,
133.48665,,,,,,
133.51998,,,,,,
133.55331,,,,,,
133.58664,,,,,,
133.61997,,,,,,
133.6533,,,,,,
133.68663,,,,,,
133.71996,,,,,,
133.75329,,,,,,
133.78662,,,,,,
133.81995,,,,,,
133.85328,,,,,,
133.88661,,,,,,
133.91994,,,,,,
133.95327,,,,,,
133.9866,,,,,,
134.01993,,,,,,
134.05326,,,,,,
134.08659,,,,,,
134.11992,,,,,,
134.15325,,,,,,
134.18658,,,,,,
134.21991,,,,,,
134.25324,,,,,,
134.28657,,,,,,
134.3199,,,,,,
134.35323,,,,,,
134.38656,,,,,,
134.41989,,,,,,
134.45322,,,,,,
134.48655,,,,,,
134.51988,,,,,,
134.55321,,,,,,
134.58654,,,,,,
134.61987,,,,,,
134.6532,,,,,,
134.68653,,,,,,
134.71986,,,,,,
134.75319,,,,,,
134.78652,,,,,,
134.81985,,,,,,
134.85318,,,,,,
134.88651,,,,,,
134.91984,,,,,,
134.95317,,,,,,
134.9865,,,,,,
135.01983,,,,,,
135.05316,,,,,,
135.08649,,,,,,
135.11982,,,,,,
135.15315,,,,,,
135.18648,,,,,,
135.21981,,,,,,
135.25314,,,,,,
135.28647,,,,,,
135.3198,,,,,,
135.35313,,,,,,
135.38646,,,,,,
135.41979,,,,,,
135.45312,,,,,,
135.48645,,,,,,
135.51978,,,,,,
135.55311,,,,,,
135.58644,,,,,,
135.61977,,,,,,
135.6531,,,,,,
135.68643,,,,,,
135.71976,,,,,,
135.75309,,,,,,
135.78642,,,,,,
135.81975,,,,,,
135.85308,,,,,,
135.88641,,,,,,
135.91974,,,,,,
135.95307,,,,,,
135.9864,,,,,,
136.01973,,,,,,
136.05306,,,,,,
136.08639,,,,,,
136.11972,,,,,,
136.15305,,,,,,
136.18638,,,,,,
136.21971,,,,,,
136.25304,,,,,,
136.28637,,,,,,
136.3197,,,,,,
136.35303,,,,,,
136.38636,,,,,,
136.41969,,,,,,
136.45302,,,,,,
136.48635,,,,,,
136.51968,,,,,,
136.55301,,,,,,
136.58634,,,,,,
136.61967,,,,,,
136.653,,,,,,
136.68633,,,,,,
136.71966,,,,,,
136.75299,,,,,,
136.78632,,,,,,
136.81965,,,,,,
136.85298,,,,,,
136.88631,,,,,,
136.91964,,,,,,
136.95297,,,,,,
136.9863,,,,,,
137.01963,,,,,,
137.05296,,,,,,
137.08629,,,,,,
137.11962,,,,,,
137.15295,,,,,,
137.18628,,,,,,
137.21961,,,,,,
137.25294,,,,,,
137.28627,,,,,,
137.3196,,,,,,
137.35293,,,,,,
137.38626,,,,,,
137.41959,,,,,,
137.45292,,,,,,
137.48625,,,,,,
137.51958,,,,,,
137.55291,,,,,,
137.58624,,,,,,
137.61957,,,,,,
137.6529,,,,,,
137.68623,,,,,,
137.71956,,,,,,
137.75289,,,,,,
137.78622,,,,,,
137.81955,,,,,,
137.85288,,,,,,
137.88621,,,,,,
137.91954,,,,,,
137.95287,,,,,,
137.9862,,,,,,
138.01953,,,,,,
138.05286,,,,,,
138.08619,,,,,,
138.11952,,,,,,
138.15285,,,,,,
138.18618,,,,,,
138.21951,,,,,,
138.25284,,,,,,
138.28617,,,,,,
138.3195,,,,,,
138.35283,,,,,,
138.38616,,,,,,
138.41949,,,,,,
138.45282,,,,,,
138.48615,,,,,,
138.51948,,,,,,
138.55281,,,,,,
138.58614,,,,,,
138.61947,,,,,,
138.6528,,,,,,
138.68613,,,,,,
138.71946,,,,,,
138.75279,,,,,,
138.78612,,,,,,
138.81945,,,,,,
138.85278,,,,,,
138.88611,,,,,,
138.91944,,,,,,
138.95277,,,,,,
138.9861,,,,,,
139.01943,,,,,,
139.05276,,,,,,
139.08609,,,,,,
139.11942,,,,,,
139.15275,,,,,,
139.18608,,,,,,
139.21941,,,,,,
139.25274,,,,,,
139.28607,,,,,,
139.3194,,,,,,
139.35273,,,,,,
139.38606,,,,,,
139.41939,,,,,,
139.45272,,,,,,
139.48605,,,,,,
139.51938,,,,,,
139.55271,,,,,,
139.58604,,,,,,
139.61937,,,,,,
139.6527,,,,,,
139.68603,,,,,,
139.71936,,,,,,
139.75269,,,,,,
139.78602,,,,,,
139.81935,,,,,,
139.85268,,,,,,
139.88601,,,,,,
139.91934,,,,,,
139.95267,,,,,,
139.986,,,,,,
140.01933,,,,,,
140.05266,,,,,,
140.08599,,,,,,
140.11932,,,,,,
140.15265,,,,,,
140.18598,,,,,,
140.21931,,,,,,
140.25264,,,,,,
140.28597,,,,,,
140.3193,,,,,,
140.35263,,,,,,
140.38596,,,,,,
140.41929,,,,,,
140.45262,,,,,,
140.48595,,,,,,
140.51928,,,,,,
140.55261,,,,,,
140.58594,,,,,,
140.61927,,,,,,
140.6526,,,,,,
140.68593,,,,,,
140.71926,,,,,,
140.75259,,,,,,
140.78592,,,,,,
140.81925,,,,,,
140.85258,,,,,,
140.88591,,,,,,
140.91924,,,,,,
140.95257,,,,,,
140.9859,,,,,,
141.01923,,,,,,
141.05256,,,,,,
141.08589,,,,,,
141.11922,,,,,,
141.15255,,,,,,
141.18588,,,,,,
141.21921,,,,,,
141.25254,,,,,,
141.28587,,,,,,
141.3192,,,,,,
141.35253,,,,,,
141.38586,,,,,,
141.41919,,,,,,
141.45252,,,,,,
141.48585,,,,,,
141.51918,,,,,,
141.55251,,,,,,
141.58584,,,,,,
141.61917,,,,,,
141.6525,,,,,,
141.68583,,,,,,
141.71916,,,,,,
141.75249,,,,,,
141.78582,,,,,,
141.81915,,,,,,
141.85248,,,,,,
141.88581,,,,,,
141.91914,,,,,,
141.95247,,,,,,
141.9858,,,,,,
142.01913,,,,,,
142.05246,,,,,,
142.08579,,,,,,
142.11912,,,,,,
142.15245,,,,,,
142.18578,,,,,,
142.21911,,,,,,
142.25244,,,,,,
142.28577,,,,,,
142.3191,,,,,,
142.35243,,,,,,
142.38576,,,,,,
142.41909,,,,,,
142.45242,,,,,,
142.48575,,,,,,
142.51908,,,,,,
142.55241,,,,,,
142.58574,,,,,,
142.61907,,,,,,
142.6524,,,,,,
142.68573,,,,,,
142.71906,,,,,,
142.75239,,,,,,
142.78572,,,,,,
142.81905,,,,,,
142.85238,,,,,,
142.88571,,,,,,
142.91904,,,,,,
142.95237,,,,,,
142.9857,,,,,,
143.01903,,,,,,
143.05236,,,,,,
143.08569,,,,,,
143.11902,,,,,,
143.15235,,,,,,
143.18568,,,,,,
143.21901,,,,,,
143.25234,,,,,,
143.28567,,,,,,
143.319,,,,,,
143.35233,,,,,,
143.38566,,,,,,
143.41899,,,,,,
143.45232,,,,,,
143.48565,,,,,,
143.51898,,,,,,
143.55231,,,,,,
143.58564,,,,,,
143.61897,,,,,,
143.6523,,,,,,
143.68563,,,,,,
143.71896,,,,,,
143.75229,,,,,,
143.78562,,,,,,
143.81895,,,,,,
143.85228,,,,,,
143.88561,,,,,,
143.91894,,,,,,
143.95227,,,,,,
143.9856,,,,,,
144.01893,,,,,,
144.05226,,,,,,
144.08559,,,,,,
144.11892,,,,,,
144.15225,,,,,,
144.18558,,,,,,
144.21891,,,,,,
144.25224,,,,,,
144.28557,,,,,,
144.3189,,,,,,
144.35223,,,,,,
144.38556,,,,,,
144.41889,,,,,,
144.45222,,,,,,
144.48555,,,,,,
144.51888,,,,,,
144.55221,,,,,,
144.58554,,,,,,
144.61887,,,,,,
144.6522,,,,,,
144.68553,,,,,,
144.71886,,,,,,
144.75219,,,,,,
144.78552,,,,,,
144.81885,,,,,,
144.85218,,,,,,
144.88551,,,,,,
144.91884,,,,,,
144.95217,,,,,,
144.9855,,,,,,
145.01883,,,,,,
145.05216,,,,,,
145.08549,,,,,,
145.11882,,,,,,
145.15215,,,,,,
145.18548,,,,,,
145.21881,,,,,,
145.25214,,,,,,
145.28547,,,,,,
145.3188,,,,,,
145.35213,,,,,,
145.38546,,,,,,
145.41879,,,,,,
145.45212,,,,,,
145.48545,,,,,,
145.51878,,,,,,
145.55211,,,,,,
145.58544,,,,,,
145.61877,,,,,,
145.6521,,,,,,
145.68543,,,,,,
145.71876,,,,,,
145.75209,,,,,,
145.78542,,,,,,
145.81875,,,,,,
145.85208,,,,,,
145.88541,,,,,,
145.91874,,,,,,
145.95207,,,,,,
145.9854,,,,,,
146.01873,,,,,,
146.05206,,,,,,
146.08539,,,,,,
146.11872,,,,,,
146.15205,,,,,,
146.18538,,,,,,
146.21871,,,,,,
146.25204,,,,,,
146.28537,,,,,,
146.3187,,,,,,
146.35203,,,,,,
146.38536,,,,,,
146.41869,,,,,,
146.45202,,,,,,
146.48535,,,,,,
146.51868,,,,,,
146.55201,,,,,,
146.58534,,,,,,
146.61867,,,,,,
146.652,,,,,,
146.68533,,,,,,
146.71866,,,,,,
146.75199,,,,,,
146.78532,,,,,,
146.81865,,,,,,
146.85198,,,,,,
146.88531,,,,,,
146.91864,,,,,,
146.95197,,,,,,
146.9853,,,,,,
147.01863,,,,,,
147.05196,,,,,,
147.08529,,,,,,
147.11862,,,,,,
147.15195,,,,,,
147.18528,,,,,,
147.21861,,,,,,
147.25194,,,,,,
147.28527,,,,,,
147.3186,,,,,,
147.35193,,,,,,
147.38526,,,,,,
147.41859,,,,,,
147.45192,,,,,,
147.48525,,,,,,
147.51858,,,,,,
147.55191,,,,,,
147.58524,,,,,,
147.61857,,,,,,
147.6519,,,,,,
147.68523,,,,,,
147.71856,,,,,,
147.75189,,,,,,
147.78522,,,,,,
147.81855,,,,,,
147.85188,,,,,,
147.88521,,,,,,
147.91854,,,,,,
147.95187,,,,,,
147.9852,,,,,,
148.01853,,,,,,
148.05186,,,,,,
148.08519,,,,,,
148.11852,,,,,,
148.15185,,,,,,
148.18518,,,,,,
148.21851,,,,,,
148.25184,,,,,,
148.28517,,,,,,
148.3185,,,,,,
148.35183,,,,,,
148.38516,,,,,,
148.41849,,,,,,
148.45182,,,,,,
148.48515,,,,,,
148.51848,,,,,,
148.55181,,,,,,
148.58514,,,,,,
148.61847,,,,,,
148.6518,,,,,,
148.68513,,,,,,
148.71846,,,,,,
148.75179,,,,,,
148.78512,,,,,,
148.81845,,,,,,
148.85178,,,,,,
148.88511,,,,,,
148.91844,,,,,,
148.95177,,,,,,
148.9851,,,,,,
149.01843,,,,,,
149.05176,,,,,,
149.08509,,,,,,
149.11842,,,,,,
149.15175,,,,,,
149.18508,,,,,,
149.21841,,,,,,
149.25174,,,,,,
149.28507,,,,,,
149.3184,,,,,,
149.35173,,,,,,
149.38506,,,,,,
149.41839,,,,,,
149.45172,,,,,,
149.48505,,,,,,
149.51838,,,,,,
149.55171,,,,,,
149.58504,,,,,,
149.61837,,,,,,
149.6517,,,,,,
149.68503,,,,,,
149.71836,,,,,,
149.75169,,,,,,
149.78502,,,,,,
149.81835,,,,,,
149.85168,,,,,,
149.88501,,,,,,
149.91834,,,,,,
149.95167,,,,,,
149.985,,,,,,
150.01833,,,,,,
150.05166,,,,,,
150.08499,,,,,,
150.11832,,,,,,
150.15165,,,,,,
150.18498,,,,,,
150.21831,,,,,,
150.25164,,,,,,
150.28497,,,,,,
150.3183,,,,,,
150.35163,,,,,,
150.38496,,,,,,
150.41829,,,,,,
150.45162,,,,,,
150.48495,,,,,,
150.51828,,,,,,
150.55161,,,,,,
150.58494,,,,,,
150.61827,,,,,,
150.6516,,,,,,
150.68493,,,,,,
150.71826,,,,,,
150.75159,,,,,,
150.78492,,,,,,
150.81825,,,,,,
150.85158,,,,,,
150.88491,,,,,,
150.91824,,,,,,
150.95157,,,,,,
150.9849,,,,,,
151.01823,,,,,,
151.05156,,,,,,
151.08489,,,,,,
151.11822,,,,,,
151.15155,,,,,,
151.18488,,,,,,
151.21821,,,,,,
151.25154,,,,,,
151.28487,,,,,,
151.3182,,,,,,
151.35153,,,,,,
151.38486,,,,,,
151.41819,,,,,,
151.45152,,,,,,
151.48485,,,,,,
151.51818,,,,,,
151.55151,,,,,,
151.58484,,,,,,
151.61817,,,,,,
151.6515,,,,,,
151.68483,,,,,,
151.71816,,,,,,
151.75149,,,,,,
151.78482,,,,,,
151.81815,,,,,,
151.85148,,,,,,
151.88481,,,,,,
151.91814,,,,,,
151.95147,,,,,,
151.9848,,,,,,
152.01813,,,,,,
152.05146,,,,,,
152.08479,,,,,,
152.11812,,,,,,
152.15145,,,,,,
152.18478,,,,,,
152.21811,,,,,,
152.25144,,,,,,
152.28477,,,,,,
152.3181,,,,,,
152.35143,,,,,,
152.38476,,,,,,
152.41809,,,,,,
152.45142,,,,,,
152.48475,,,,,,
152.51808,,,,,,
152.55141,,,,,,
152.58474,,,,,,
152.61807,,,,,,
152.6514,,,,,,
152.68473,,,,,,
152.71806,,,,,,
152.75139,,,,,,
152.78472,,,,,,
152.81805,,,,,,
152.85138,,,,,,
152.88471,,,,,,
152.91804,,,,,,
152.95137,,,,,,
152.9847,,,,,,
153.01803,,,,,,
153.05136,,,,,,
153.08469,,,,,,
153.11802,,,,,,
153.15135,,,,,,
153.18468,,,,,,
153.21801,,,,,,
153.25134,,,,,,
153.28467,,,,,,
153.318,,,,,,
153.35133,,,,,,
153.38466,,,,,,
153.41799,,,,,,
153.45132,,,,,,
153.48465,,,,,,
153.51798,,,,,,
153.55131,,,,,,
153.58464,,,,,,
153.61797,,,,,,
153.6513,,,,,,
153.68463,,,,,,
153.71796,,,,,,
153.75129,,,,,,
153.78462,,,,,,
153.81795,,,,,,
153.85128,,,,,,
153.88461,,,,,,
153.91794,,,,,,
153.95127,,,,,,
153.9846,,,,,,
154.01793,,,,,,
154.05126,,,,,,
154.08459,,,,,,
154.11792,,,,,,
154.15125,,,,,,
154.18458,,,,,,
154.21791,,,,,,
154.25124,,,,,,
154.28457,,,,,,
154.3179,,,,,,
154.35123,,,,,,
154.38456,,,,,,
154.41789,,,,,,
154.45122,,,,,,
154.48455,,,,,,
154.51788,,,,,,
154.55121,,,,,,
154.58454,,,,,,
154.61787,,,,,,
154.6512,,,,,,
154.68453,,,,,,
154.71786,,,,,,
154.75119,,,,,,
154.78452,,,,,,
154.81785,,,,,,
154.85118,,,,,,
154.88451,,,,,,
154.91784,,,,,,
154.95117,,,,,,
154.9845,,,,,,
155.01783,,,,,,
155.05116,,,,,,
155.08449,,,,,,
155.11782,,,,,,
155.15115,,,,,,
155.18448,,,,,,
155.21781,,,,,,
155.25114,,,,,,
155.28447,,,,,,
155.3178,,,,,,
155.35113,,,,,,
155.38446,,,,,,
155.41779,,,,,,
155.45112,,,,,,
155.48445,,,,,,
155.51778,,,,,,
155.55111,,,,,,
155.58444,,,,,,
155.61777,,,,,,
155.6511,,,,,,
155.68443,,,,,,
155.71776,,,,,,
155.75109,,,,,,
155.78442,,,,,,
155.81775,,,,,,
155.85108,,,,,,
155.88441,,,,,,
155.91774,,,,,,
155.95107,,,,,,
155.9844,,,,,,
156.01773,,,,,,
156.05106,,,,,,
156.08439,,,,,,
156.11772,,,,,,
156.15105,,,,,,
156.18438,,,,,,
156.21771,,,,,,
156.25104,,,,,,
156.28437,,,,,,
156.3177,,,,,,
156.35103,,,,,,
156.38436,,,,,,
156.41769,,,,,,
156.45102,,,,,,
156.48435,,,,,,
156.51768,,,,,,
156.55101,,,,,,
156.58434,,,,,,
156.61767,,,,,,
156.651,,,,,,
156.68433,,,,,,
156.71766,,,,,,
156.75099,,,,,,
156.78432,,,,,,
156.81765,,,,,,
156.85098,,,,,,
156.88431,,,,,,
156.91764,,,,,,
156.95097,,,,,,
156.9843,,,,,,
157.01763,,,,,,
157.05096,,,,,,
157.08429,,,,,,
157.11762,,,,,,
157.15095,,,,,,
157.18428,,,,,,
157.21761,,,,,,
157.25094,,,,,,
157.28427,,,,,,
157.3176,,,,,,
157.35093,,,,,,
157.38426,,,,,,
157.41759,,,,,,
157.45092,,,,,,
157.48425,,,,,,
157.51758,,,,,,
157.55091,,,,,,
157.58424,,,,,,
157.61757,,,,,,
157.6509,,,,,,
157.68423,,,,,,
157.71756,,,,,,
157.75089,,,,,,
157.78422,,,,,,
157.81755,,,,,,
157.85088,,,,,,
157.88421,,,,,,
157.91754,,,,,,
157.95087,,,,,,
157.9842,,,,,,
158.01753,,,,,,
158.05086,,,,,,
158.08419,,,,,,
158.11752,,,,,,
158.15085,,,,,,
158.18418,,,,,,
158.21751,,,,,,
158.25084,,,,,,
158.28417,,,,,,
158.3175,,,,,,
158.35083,,,,,,
158.38416,,,,,,
158.41749,,,,,,
158.45082,,,,,,
158.48415,,,,,,
158.51748,,,,,,
158.55081,,,,,,
158.58414,,,,,,
158.61747,,,,,,
158.6508,,,,,,
158.68413,,,,,,
158.71746,,,,,,
158.75079,,,,,,
158.78412,,,,,,
158.81745,,,,,,
158.85078,,,,,,
158.88411,,,,,,
158.91744,,,,,,
158.95077,,,,,,
158.9841,,,,,,
159.01743,,,,,,
159.05076,,,,,,
159.08409,,,,,,
159.11742,,,,,,
159.15075,,,,,,
159.18408,,,,,,
159.21741,,,,,,
159.25074,,,,,,
159.28407,,,,,,
159.3174,,,,,,
159.35073,,,,,,
159.38406,,,,,,
159.41739,,,,,,
159.45072,,,,,,
159.48405,,,,,,
159.51738,,,,,,
159.55071,,,,,,
159.58404,,,,,,
159.61737,,,,,,
159.6507,,,,,,
159.68403,,,,,,
159.71736,,,,,,
159.75069,,,,,,
159.78402,,,,,,
159.81735,,,,,,
159.85068,,,,,,
159.88401,,,,,,
159.91734,,,,,,
159.95067,,,,,,
159.984,,,,,,
160.01733,,,,,,
160.05066,,,,,,
160.08399,,,,,,
160.11732,,,,,,
160.15065,,,,,,
160.18398,,,,,,
160.21731,,,,,,
160.25064,,,,,,
160.28397,,,,,,
160.3173,,,,,,
160.35063,,,,,,
160.38396,,,,,,
160.41729,,,,,,
160.45062,,,,,,
160.48395,,,,,,
160.51728,,,,,,
160.55061,,,,,,
160.58394,,,,,,
160.61727,,,,,,
160.6506,,,,,,
160.68393,,,,,,
160.71726,,,,,,
160.75059,,,,,,
160.78392,,,,,,
160.81725,,,,,,
160.85058,,,,,,
160.88391,,,,,,
160.91724,,,,,,
160.95057,,,,,,
160.9839,,,,,,
161.01723,,,,,,
161.05056,,,,,,
161.08389,,,,,,
161.11722,,,,,,
161.15055,,,,,,
161.18388,,,,,,
161.21721,,,,,,
161.25054,,,,,,
161.28387,,,,,,
161.3172,,,,,,
161.35053,,,,,,
161.38386,,,,,,
161.41719,,,,,,
161.45052,,,,,,
161.48385,,,,,,
161.51718,,,,,,
161.55051,,,,,,
161.58384,,,,,,
161.61717,,,,,,
161.6505,,,,,,
161.68383,,,,,,
161.71716,,,,,,
161.75049,,,,,,
161.78382,,,,,,
161.81715,,,,,,
161.85048,,,,,,
161.88381,,,,,,
161.91714,,,,,,
161.95047,,,,,,
161.9838,,,,,,
162.01713,,,,,,
162.05046,,,,,,
162.08379,,,,,,
162.11712,,,,,,
162.15045,,,,,,
162.18378,,,,,,
162.21711,,,,,,
162.25044,,,,,,
162.28377,,,,,,
162.3171,,,,,,
162.35043,,,,,,
162.38376,,,,,,
162.41709,,,,,,
162.45042,,,,,,
162.48375,,,,,,
162.51708,,,,,,
162.55041,,,,,,
162.58374,,,,,,
162.61707,,,,,,
162.6504,,,,,,
162.68373,,,,,,
162.71706,,,,,,
162.75039,,,,,,
162.78372,,,,,,
162.81705,,,,,,
162.85038,,,,,,
162.88371,,,,,,
162.91704,,,,,,
162.95037,,,,,,
162.9837,,,,,,
163.01703,,,,,,
163.05036,,,,,,
163.08369,,,,,,
163.11702,,,,,,
163.15035,,,,,,
163.18368,,,,,,
163.21701,,,,,,
163.25034,,,,,,
163.28367,,,,,,
163.317,,,,,,
163.35033,,,,,,
163.38366,,,,,,
163.41699,,,,,,
163.45032,,,,,,
163.48365,,,,,,
163.51698,,,,,,
163.55031,,,,,,
163.58364,,,,,,
163.61697,,,,,,
163.6503,,,,,,
163.68363,,,,,,
163.71696,,,,,,
163.75029,,,,,,
163.78362,,,,,,
163.81695,,,,,,
163.85028,,,,,,
163.88361,,,,,,
163.91694,,,,,,
163.95027,,,,,,
163.9836,,,,,,
164.01693,,,,,,
164.05026,,,,,,
164.08359,,,,,,
164.11692,,,,,,
164.15025,,,,,,
164.18358,,,,,,
164.21691,,,,,,
164.25024,,,,,,
164.28357,,,,,,
164.3169,,,,,,
164.35023,,,,,,
164.38356,,,,,,
164.41689,,,,,,
164.45022,,,,,,
164.48355,,,,,,
164.51688,,,,,,
164.55021,,,,,,
164.58354,,,,,,
164.61687,,,,,,
164.6502,,,,,,
164.68353,,,,,,
164.71686,,,,,,
164.75019,,,,,,
164.78352,,,,,,
164.81685,,,,,,
164.85018,,,,,,
164.88351,,,,,,
164.91684,,,,,,
164.95017,,,,,,
164.9835,,,,,,
165.01683,,,,,,
165.05016,,,,,,
165.08349,,,,,,
165.11682,,,,,,
165.15015,,,,,,
165.18348,,,,,,
165.21681,,,,,,
165.25014,,,,,,
165.28347,,,,,,
165.3168,,,,,,
165.35013,,,,,,
165.38346,,,,,,
165.41679,,,,,,
165.45012,,,,,,
165.48345,,,,,,
165.51678,,,,,,
165.55011,,,,,,
165.58344,,,,,,
165.61677,,,,,,
165.6501,,,,,,
165.68343,,,,,,
165.71676,,,,,,
165.75009,,,,,,
165.78342,,,,,,
165.81675,,,,,,
165.85008,,,,,,
165.88341,,,,,,
165.91674,,,,,,
165.95007,,,,,,
165.9834,,,,,,
166.01673,,,,,,
166.05006,,,,,,
166.08339,,,,,,
166.11672,,,,,,
166.15005,,,,,,
166.18338,,,,,,
166.21671,,,,,,
166.25004,,,,,,
166.28337,,,,,,
166.3167,,,,,,
166.35003,,,,,,
166.38336,,,,,,
166.41669,,,,,,
166.45002,,,,,,
166.48335,,,,,,
166.51668,,,,,,
166.55001,,,,,,
166.58334,,,,,,
166.61667,,,,,,
166.65,,,,,,
166.68333,,,,,,
166.71666,,,,,,
166.74999,,,,,,
166.78332,,,,,,
166.81665,,,,,,
166.84998,,,,,,
166.88331,,,,,,
166.91664,,,,,,
166.94997,,,,,,
166.9833,,,,,,
167.01663,,,,,,
167.04996,,,,,,
167.08329,,,,,,
167.11662,,,,,,
167.14995,,,,,,
167.18328,,,,,,
167.21661,,,,,,
167.24994,,,,,,
167.28327,,,,,,
167.3166,,,,,,
167.34993,,,,,,
167.38326,,,,,,
167.41659,,,,,,
167.44992,,,,,,
167.48325,,,,,,
167.51658,,,,,,
167.54991,,,,,,
167.58324,,,,,,
167.61657,,,,,,
167.6499,,,,,,
167.68323,,,,,,
167.71656,,,,,,
167.74989,,,,,,
167.78322,,,,,,
167.81655,,,,,,
167.84988,,,,,,
167.88321,,,,,,
167.91654,,,,,,
167.94987,,,,,,
167.9832,,,,,,
168.01653,,,,,,
168.04986,,,,,,
168.08319,,,,,,
168.11652,,,,,,
168.14985,,,,,,
168.18318,,,,,,
168.21651,,,,,,
168.24984,,,,,,
168.28317,,,,,,
168.3165,,,,,,
168.34983,,,,,,
168.38316,,,,,,
168.41649,,,,,,
168.44982,,,,,,
168.48315,,,,,,
168.51648,,,,,,
168.54981,,,,,,
168.58314,,,,,,
168.61647,,,,,,
168.6498,,,,,,
168.68313,,,,,,
168.71646,,,,,,
168.74979,,,,,,
168.78312,,,,,,
168.81645,,,,,,
168.84978,,,,,,
168.88311,,,,,,
168.91644,,,,,,
168.94977,,,,,,
168.9831,,,,,,
169.01643,,,,,,
169.04976,,,,,,
169.08309,,,,,,
169.11642,,,,,,
169.14975,,,,,,
169.18308,,,,,,
169.21641,,,,,,
169.24974,,,,,,
169.28307,,,,,,
169.3164,,,,,,
169.34973,,,,,,
169.38306,,,,,,
169.41639,,,,,,
169.44972,,,,,,
169.48305,,,,,,
169.51638,,,,,,
169.54971,,,,,,
169.58304,,,,,,
169.61637,,,,,,
169.6497,,,,,,
169.68303,,,,,,
169.71636,,,,,,
169.74969,,,,,,
169.78302,,,,,,
169.81635,,,,,,
169.84968,,,,,,
169.88301,,,,,,
169.91634,,,,,,
169.94967,,,,,,
169.983,,,,,,
170.01633,,,,,,
170.04966,,,,,,
170.08299,,,,,,
170.11632,,,,,,
170.14965,,,,,,
170.18298,,,,,,
170.21631,,,,,,
170.24964,,,,,,
170.28297,,,,,,
170.3163,,,,,,
170.34963,,,,,,
170.38296,,,,,,
170.41629,,,,,,
170.44962,,,,,,
170.48295,,,,,,
170.51628,,,,,,
170.54961,,,,,,
170.58294,,,,,,
170.61627,,,,,,
170.6496,,,,,,
170.68293,,,,,,
170.71626,,,,,,
170.74959,,,,,,
170.78292,,,,,,
170.81625,,,,,,
170.84958,,,,,,
170.88291,,,,,,
170.91624,,,,,,
170.94957,,,,,,
170.9829,,,,,,
171.01623,,,,,,
171.04956,,,,,,
171.08289,,,,,,
171.11622,,,,,,
171.14955,,,,,,
171.18288,,,,,,
171.21621,,,,,,
171.24954,,,,,,
171.28287,,,,,,
171.3162,,,,,,
171.34953,,,,,,
171.38286,,,,,,
171.41619,,,,,,
171.44952,,,,,,
171.48285,,,,,,
171.51618,,,,,,
171.54951,,,,,,
171.58284,,,,,,
171.61617,,,,,,
171.6495,,,,,,
171.68283,,,,,,
171.71616,,,,,,
171.74949,,,,,,
171.78282,,,,,,
171.81615,,,,,,
171.84948,,,,,,
171.88281,,,,,,
171.91614,,,,,,
171.94947,,,,,,
171.9828,,,,,,
172.01613,,,,,,
172.04946,,,,,,
172.08279,,,,,,
172.11612,,,,,,
172.14945,,,,,,
172.18278,,,,,,
172.21611,,,,,,
172.24944,,,,,,
172.28277,,,,,,
172.3161,,,,,,
172.34943,,,,,,
172.38276,,,,,,
172.41609,,,,,,
172.44942,,,,,,
172.48275,,,,,,
172.51608,,,,,,
172.54941,,,,,,
172.58274,,,,,,
172.61607,,,,,,
172.6494,,,,,,
172.68273,,,,,,
172.71606,,,,,,
172.74939,,,,,,
172.78272,,,,,,
172.81605,,,,,,
172.84938,,,,,,
172.88271,,,,,,
172.91604,,,,,,
172.94937,,,,,,
172.9827,,,,,,
173.01603,,,,,,
173.04936,,,,,,
173.08269,,,,,,
173.11602,,,,,,
173.14935,,,,,,
173.18268,,,,,,
173.21601,,,,,,
173.24934,,,,,,
173.28267,,,,,,
173.316,,,,,,
173.34933,,,,,,
173.38266,,,,,,
173.41599,,,,,,
173.44932,,,,,,
173.48265,,,,,,
173.51598,,,,,,
173.54931,,,,,,
173.58264,,,,,,
173.61597,,,,,,
173.6493,,,,,,
173.68263,,,,,,
173.71596,,,,,,
173.74929,,,,,,
173.78262,,,,,,
173.81595,,,,,,
173.84928,,,,,,
173.88261,,,,,,
173.91594,,,,,,
173.94927,,,,,,
173.9826,,,,,,
174.01593,,,,,,
174.04926,,,,,,
174.08259,,,,,,
174.11592,,,,,,
174.14925,,,,,,
174.18258,,,,,,
174.21591,,,,,,
174.24924,,,,,,
174.28257,,,,,,
174.3159,,,,,,
174.34923,,,,,,
174.38256,,,,,,
174.41589,,,,,,
174.44922,,,,,,
174.48255,,,,,,
174.51588,,,,,,
174.54921,,,,,,
174.58254,,,,,,
174.61587,,,,,,
174.6492,,,,,,
174.68253,,,,,,
174.71586,,,,,,
174.74919,,,,,,
174.78252,,,,,,
174.81585,,,,,,
174.84918,,,,,,
174.88251,,,,,,
174.91584,,,,,,
174.94917,,,,,,
174.9825,,,,,,
175.01583,,,,,,
175.04916,,,,,,
175.08249,,,,,,
175.11582,,,,,,
175.14915,,,,,,
175.18248,,,,,,
175.21581,,,,,,
175.24914,,,,,,
175.28247,,,,,,
175.3158,,,,,,
175.34913,,,,,,
175.38246,,,,,,
175.41579,,,,,,
175.44912,,,,,,
175.48245,,,,,,
175.51578,,,,,,
175.54911,,,,,,
175.58244,,,,,,
175.61577,,,,,,
175.6491,,,,,,
175.68243,,,,,,
175.71576,,,,,,
175.74909,,,,,,
175.78242,,,,,,
175.81575,,,,,,
175.84908,,,,,,
175.88241,,,,,,
175.91574,,,,,,
175.94907,,,,,,
175.9824,,,,,,
176.01573,,,,,,
176.04906,,,,,,
176.08239,,,,,,
176.11572,,,,,,
176.14905,,,,,,
176.18238,,,,,,
176.21571,,,,,,
176.24904,,,,,,
176.28237,,,,,,
176.3157,,,,,,
176.34903,,,,,,
176.38236,,,,,,
176.41569,,,,,,
176.44902,,,,,,
176.48235,,,,,,
176.51568,,,,,,
176.54901,,,,,,
176.58234,,,,,,
176.61567,,,,,,
176.649,,,,,,
176.68233,,,,,,
176.71566,,,,,,
176.74899,,,,,,
176.78232,,,,,,
176.81565,,,,,,
176.84898,,,,,,
176.88231,,,,,,
176.91564,,,,,,
176.94897,,,,,,
176.9823,,,,,,
177.01563,,,,,,
177.04896,,,,,,
177.08229,,,,,,
177.11562,,,,,,
177.14895,,,,,,
177.18228,,,,,,
177.21561,,,,,,
177.24894,,,,,,
177.28227,,,,,,
177.3156,,,,,,
177.34893,,,,,,
177.38226,,,,,,
177.41559,,,,,,
177.44892,,,,,,
177.48225,,,,,,
177.51558,,,,,,
177.54891,,,,,,
177.58224,,,,,,
177.61557,,,,,,
177.6489,,,,,,
177.68223,,,,,,
177.71556,,,,,,
177.74889,,,,,,
177.78222,,,,,,
177.81555,,,,,,
177.84888,,,,,,
177.88221,,,,,,
177.91554,,,,,,
177.94887,,,,,,
177.9822,,,,,,
178.01553,,,,,,
178.04886,,,,,,
178.08219,,,,,,
178.11552,,,,,,
178.14885,,,,,,
178.18218,,,,,,
178.21551,,,,,,
178.24884,,,,,,
178.28217,,,,,,
178.3155,,,,,,
178.34883,,,,,,
178.38216,,,,,,
178.41549,,,,,,
178.44882,,,,,,
178.48215,,,,,,
178.51548,,,,,,
178.54881,,,,,,
178.58214,,,,,,
178.61547,,,,,,
178.6488,,,,,,
178.68213,,,,,,
178.71546,,,,,,
178.74879,,,,,,
178.78212,,,,,,
178.81545,,,,,,
178.84878,,,,,,
178.88211,,,,,,
178.91544,,,,,,
178.94877,,,,,,
178.9821,,,,,,
179.01543,,,,,,
179.04876,,,,,,
179.08209,,,,,,
179.11542,,,,,,
179.14875,,,,,,
179.18208,,,,,,
179.21541,,,,,,
179.24874,,,,,,
179.28207,,,,,,
179.3154,,,,,,
179.34873,,,,,,
179.38206,,,,,,
179.41539,,,,,,
179.44872,,,,,,
179.48205,,,,,,
179.51538,,,,,,
179.54871,,,,,,
179.58204,,,,,,
179.61537,,,,,,
179.6487,,,,,,
179.68203,,,,,,
179.71536,,,,,,
179.74869,,,,,,
179.78202,,,,,,
179.81535,,,,,,
179.84868,,,,,,
179.88201,,,,,,
179.91534,,,,,,
179.94867,,,,,,
179.982,,,,,,
180.01533,,,,,,
180.04866,,,,,,
180.08199,,,,,,
180.11532,,,,,,
180.14865,,,,,,
180.18198,,,,,,
180.21531,,,,,,
180.24864,,,,,,
180.28197,,,,,,
180.3153,,,,,,
180.34863,,,,,,
180.38196,,,,,,
180.41529,,,,,,
180.44862,,,,,,
180.48195,,,,,,
180.51528,,,,,,
180.54861,,,,,,
180.58194,,,,,,
180.61527,,,,,,
180.6486,,,,,,
180.68193,,,,,,
180.71526,,,,,,
180.74859,,,,,,
180.78192,,,,,,
180.81525,,,,,,
180.84858,,,,,,
180.88191,,,,,,
180.91524,,,,,,
180.94857,,,,,,
180.9819,,,,,,
181.01523,,,,,,
181.04856,,,,,,
181.08189,,,,,,
181.11522,,,,,,
181.14855,,,,,,
181.18188,,,,,,
181.21521,,,,,,
181.24854,,,,,,
181.28187,,,,,,
181.3152,,,,,,
181.34853,,,,,,
181.38186,,,,,,
181.41519,,,,,,
181.44852,,,,,,
181.48185,,,,,,
181.51518,,,,,,
181.54851,,,,,,
181.58184,,,,,,
181.61517,,,,,,
181.6485,,,,,,
181.68183,,,,,,
181.71516,,,,,,
181.74849,,,,,,
181.78182,,,,,,
181.81515,,,,,,
181.84848,,,,,,
181.88181,,,,,,
181.91514,,,,,,
181.94847,,,,,,
181.9818,,,,,,
182.01513,,,,,,
182.04846,,,,,,
182.08179,,,,,,
182.11512,,,,,,
182.14845,,,,,,
182.18178,,,,,,
182.21511,,,,,,
182.24844,,,,,,
182.28177,,,,,,
182.3151,,,,,,
182.34843,,,,,,
182.38176,,,,,,
182.41509,,,,,,
182.44842,,,,,,
182.48175,,,,,,
182.51508,,,,,,
182.54841,,,,,,
182.58174,,,,,,
182.61507,,,,,,
182.6484,,,,,,
182.68173,,,,,,
182.71506,,,,,,
182.74839,,,,,,
182.78172,,,,,,
182.81505,,,,,,
182.84838,,,,,,
182.88171,,,,,,
182.91504,,,,,,
182.94837,,,,,,
182.9817,,,,,,
183.01503,,,,,,
183.04836,,,,,,
183.08169,,,,,,
183.11502,,,,,,
183.14835,,,,,,
183.18168,,,,,,
183.21501,,,,,,
183.24834,,,,,,
183.28167,,,,,,
183.315,,,,,,
183.34833,,,,,,
183.38166,,,,,,
183.41499,,,,,,
183.44832,,,,,,
183.48165,,,,,,
183.51498,,,,,,
183.54831,,,,,,
183.58164,,,,,,
183.61497,,,,,,
183.6483,,,,,,
183.68163,,,,,,
183.71496,,,,,,
183.74829,,,,,,
183.78162,,,,,,
183.81495,,,,,,
183.84828,,,,,,
183.88161,,,,,,
183.91494,,,,,,
183.94827,,,,,,
183.9816,,,,,,
184.01493,,,,,,
184.04826,,,,,,
184.08159,,,,,,
184.11492,,,,,,
184.14825,,,,,,
184.18158,,,,,,
184.21491,,,,,,
184.24824,,,,,,
184.28157,,,,,,
184.3149,,,,,,
184.34823,,,,,,
184.38156,,,,,,
184.41489,,,,,,
184.44822,,,,,,
184.48155,,,,,,
184.51488,,,,,,
184.54821,,,,,,
184.58154,,,,,,
184.61487,,,,,,
184.6482,,,,,,
184.68153,,,,,,
184.71486,,,,,,
184.74819,,,,,,
184.78152,,,,,,
184.81485,,,,,,
184.84818,,,,,,
184.88151,,,,,,
184.91484,,,,,,
184.94817,,,,,,
184.9815,,,,,,
185.01483,,,,,,
185.04816,,,,,,
185.08149,,,,,,
185.11482,,,,,,
185.14815,,,,,,
185.18148,,,,,,
185.21481,,,,,,
185.24814,,,,,,
185.28147,,,,,,
185.3148,,,,,,
185.34813,,,,,,
185.38146,,,,,,
185.41479,,,,,,
185.44812,,,,,,
185.48145,,,,,,
185.51478,,,,,,
185.54811,,,,,,
185.58144,,,,,,
185.61477,,,,,,
185.6481,,,,,,
185.68143,,,,,,
185.71476,,,,,,
185.74809,,,,,,
185.78142,,,,,,
185.81475,,,,,,
185.84808,,,,,,
185.88141,,,,,,
185.91474,,,,,,
185.94807,,,,,,
185.9814,,,,,,
186.01473,,,,,,
186.04806,,,,,,
186.08139,,,,,,
186.11472,,,,,,
186.14805,,,,,,
186.18138,,,,,,
186.21471,,,,,,
186.24804,,,,,,
186.28137,,,,,,
186.3147,,,,,,
186.34803,,,,,,
186.38136,,,,,,
186.41469,,,,,,
186.44802,,,,,,
186.48135,,,,,,
186.51468,,,,,,
186.54801,,,,,,
186.58134,,,,,,
186.61467,,,,,,
186.648,,,,,,
186.68133,,,,,,
186.71466,,,,,,
186.74799,,,,,,
186.78132,,,,,,
186.81465,,,,,,
186.84798,,,,,,
186.88131,,,,,,
186.91464,,,,,,
186.94797,,,,,,
186.9813,,,,,,
187.01463,,,,,,
187.04796,,,,,,
187.08129,,,,,,
187.11462,,,,,,
187.14795,,,,,,
187.18128,,,,,,
187.21461,,,,,,
187.24794,,,,,,
187.28127,,,,,,
187.3146,,,,,,
187.34793,,,,,,
187.38126,,,,,,
187.41459,,,,,,
187.44792,,,,,,
187.48125,,,,,,
187.51458,,,,,,
187.54791,,,,,,
187.58124,,,,,,
187.61457,,,,,,
187.6479,,,,,,
187.68123,,,,,,
187.71456,,,,,,
187.74789,,,,,,
187.78122,,,,,,
187.81455,,,,,,
187.84788,,,,,,
187.88121,,,,,,
187.91454,,,,,,
187.94787,,,,,,
187.9812,,,,,,
188.01453,,,,,,
188.04786,,,,,,
188.08119,,,,,,
188.11452,,,,,,
188.14785,,,,,,
188.18118,,,,,,
188.21451,,,,,,
188.24784,,,,,,
188.28117,,,,,,
188.3145,,,,,,
188.34783,,,,,,
188.38116,,,,,,
188.41449,,,,,,
188.44782,,,,,,
188.48115,,,,,,
188.51448,,,,,,
188.54781,,,,,,
188.58114,,,,,,
188.61447,,,,,,
188.6478,,,,,,
188.68113,,,,,,
188.71446,,,,,,
188.74779,,,,,,
188.78112,,,,,,
188.81445,,,,,,
188.84778,,,,,,
188.88111,,,,,,
188.91444,,,,,,
188.94777,,,,,,
188.9811,,,,,,
189.01443,,,,,,
189.04776,,,,,,
189.08109,,,,,,
189.11442,,,,,,
189.14775,,,,,,
189.18108,,,,,,
189.21441,,,,,,
189.24774,,,,,,
189.28107,,,,,,
189.3144,,,,,,
189.34773,,,,,,
189.38106,,,,,,
189.41439,,,,,,
189.44772,,,,,,
189.48105,,,,,,
189.51438,,,,,,
189.54771,,,,,,
189.58104,,,,,,
189.61437,,,,,,
189.6477,,,,,,
189.68103,,,,,,
189.71436,,,,,,
189.74769,,,,,,
189.78102,,,,,,
189.81435,,,,,,
189.84768,,,,,,
189.88101,,,,,,
189.91434,,,,,,
189.94767,,,,,,
189.981,,,,,,
190.01433,,,,,,
190.04766,,,,,,
190.08099,,,,,,
190.11432,,,,,,
190.14765,,,,,,
190.18098,,,,,,
190.21431,,,,,,
190.24764,,,,,,
190.28097,,,,,,
190.3143,,,,,,
190.34763,,,,,,
190.38096,,,,,,
190.41429,,,,,,
190.44762,,,,,,
190.48095,,,,,,
190.51428,,,,,,
190.54761,,,,,,
190.58094,,,,,,
190.61427,,,,,,
190.6476,,,,,,
190.68093,,,,,,
190.71426,,,,,,
190.74759,,,,,,
190.78092,,,,,,
190.81425,,,,,,
190.84758,,,,,,
190.88091,,,,,,
190.91424,,,,,,
190.94757,,,,,,
190.9809,,,,,,
191.01423,,,,,,
191.04756,,,,,,
191.08089,,,,,,
191.11422,,,,,,
191.14755,,,,,,
191.18088,,,,,,
191.21421,,,,,,
191.24754,,,,,,
191.28087,,,,,,
191.3142,,,,,,
191.34753,,,,,,
191.38086,,,,,,
191.41419,,,,,,
191.44752,,,,,,
191.48085,,,,,,
191.51418,,,,,,
191.54751,,,,,,
191.58084,,,,,,
191.61417,,,,,,
191.6475,,,,,,
191.68083,,,,,,
191.71416,,,,,,
191.74749,,,,,,
191.78082,,,,,,
191.81415,,,,,,
191.84748,,,,,,
191.88081,,,,,,
191.91414,,,,,,
191.94747,,,,,,
191.9808,,,,,,
192.01413,,,,,,
192.04746,,,,,,
192.08079,,,,,,
192.11412,,,,,,
192.14745,,,,,,
192.18078,,,,,,
192.21411,,,,,,
192.24744,,,,,,
192.28077,,,,,,
192.3141,,,,,,
192.34743,,,,,,
192.38076,,,,,,
192.41409,,,,,,
192.44742,,,,,,
192.48075,,,,,,
192.51408,,,,,,
192.54741,,,,,,
192.58074,,,,,,
192.61407,,,,,,
192.6474,,,,,,
192.68073,,,,,,
192.71406,,,,,,
192.74739,,,,,,
192.78072,,,,,,
192.81405,,,,,,
192.84738,,,,,,
192.88071,,,,,,
192.91404,,,,,,
192.94737,,,,,,
192.9807,,,,,,
193.01403,,,,,,
193.04736,,,,,,
193.08069,,,,,,
193.11402,,,,,,
193.14735,,,,,,
193.18068,,,,,,
193.21401,,,,,,
193.24734,,,,,,
193.28067,,,,,,
193.314,,,,,,
193.34733,,,,,,
193.38066,,,,,,
193.41399,,,,,,
193.44732,,,,,,
193.48065,,,,,,
193.51398,,,,,,
193.54731,,,,,,
193.58064,,,,,,
193.61397,,,,,,
193.6473,,,,,,
193.68063,,,,,,
193.71396,,,,,,
193.74729,,,,,,
193.78062,,,,,,
193.81395,,,,,,
193.84728,,,,,,
193.88061,,,,,,
193.91394,,,,,,
193.94727,,,,,,
193.9806,,,,,,
194.01393,,,,,,
194.04726,,,,,,
194.08059,,,,,,
194.11392,,,,,,
194.14725,,,,,,
194.18058,,,,,,
194.21391,,,,,,
194.24724,,,,,,
194.28057,,,,,,
194.3139,,,,,,
194.34723,,,,,,
194.38056,,,,,,
194.41389,,,,,,
194.44722,,,,,,
194.48055,,,,,,
194.51388,,,,,,
194.54721,,,,,,
194.58054,,,,,,
194.61387,,,,,,
194.6472,,,,,,
194.68053,,,,,,
194.71386,,,,,,
194.74719,,,,,,
194.78052,,,,,,
194.81385,,,,,,
194.84718,,,,,,
194.88051,,,,,,
194.91384,,,,,,
194.94717,,,,,,
194.9805,,,,,,
195.01383,,,,,,
195.04716,,,,,,
195.08049,,,,,,
195.11382,,,,,,
195.14715,,,,,,
195.18048,,,,,,
195.21381,,,,,,
195.24714,,,,,,
195.28047,,,,,,
195.3138,,,,,,
195.34713,,,,,,
195.38046,,,,,,
195.41379,,,,,,
195.44712,,,,,,
195.48045,,,,,,
195.51378,,,,,,
195.54711,,,,,,
195.58044,,,,,,
195.61377,,,,,,
195.6471,,,,,,
195.68043,,,,,,
195.71376,,,,,,
195.74709,,,,,,
195.78042,,,,,,
195.81375,,,,,,
195.84708,,,,,,
195.88041,,,,,,
195.91374,,,,,,
195.94707,,,,,,
195.9804,,,,,,
196.01373,,,,,,
196.04706,,,,,,
196.08039,,,,,,
196.11372,,,,,,
196.14705,,,,,,
196.18038,,,,,,
196.21371,,,,,,
196.24704,,,,,,
196.28037,,,,,,
196.3137,,,,,,
196.34703,,,,,,
196.38036,,,,,,
196.41369,,,,,,
196.44702,,,,,,
196.48035,,,,,,
196.51368,,,,,,
196.54701,,,,,,
196.58034,,,,,,
196.61367,,,,,,
196.647,,,,,,
196.68033,,,,,,
196.71366,,,,,,
196.74699,,,,,,
196.78032,,,,,,
196.81365,,,,,,
196.84698,,,,,,
196.88031,,,,,,
196.91364,,,,,,
196.94697,,,,,,
196.9803,,,,,,
197.01363,,,,,,
197.04696,,,,,,
197.08029,,,,,,
197.11362,,,,,,
197.14695,,,,,,
197.18028,,,,,,
197.21361,,,,,,
197.24694,,,,,,
197.28027,,,,,,
197.3136,,,,,,
197.34693,,,,,,
197.38026,,,,,,
197.41359,,,,,,
197.44692,,,,,,
197.48025,,,,,,
197.51358,,,,,,
197.54691,,,,,,
197.58024,,,,,,
197.61357,,,,,,
197.6469,,,,,,
197.68023,,,,,,
197.71356,,,,,,
197.74689,,,,,,
197.78022,,,,,,
197.81355,,,,,,
197.84688,,,,,,
197.88021,,,,,,
197.91354,,,,,,
197.94687,,,,,,
197.9802,,,,,,
198.01353,,,,,,
198.04686,,,,,,
198.08019,,,,,,
198.11352,,,,,,
198.14685,,,,,,
198.18018,,,,,,
198.21351,,,,,,
198.24684,,,,,,
198.28017,,,,,,
198.3135,,,,,,
198.34683,,,,,,
198.38016,,,,,,
198.41349,,,,,,
198.44682,,,,,,
198.48015,,,,,,
198.51348,,,,,,
198.54681,,,,,,
198.58014,,,,,,
198.61347,,,,,,
198.6468,,,,,,
198.68013,,,,,,
198.71346,,,,,,
198.74679,,,,,,
198.78012,,,,,,
198.81345,,,,,,
198.84678,,,,,,
198.88011,,,,,,
198.91344,,,,,,
198.94677,,,,,,
198.9801,,,,,,
199.01343,,,,,,
199.04676,,,,,,
199.08009,,,,,,
199.11342,,,,,,
199.14675,,,,,,
199.18008,,,,,,
199.21341,,,,,,
199.24674,,,,,,
199.28007,,,,,,
199.3134,,,,,,
199.34673,,,,,,
199.38006,,,,,,
199.41339,,,,,,
199.44672,,,,,,
199.48005,,,,,,
199.51338,,,,,,
199.54671,,,,,,
199.58004,,,,,,
199.61337,,,,,,
199.6467,,,,,,
199.68003,,,,,,
199.71336,,,,,,
199.74669,,,,,,
199.78002,,,,,,
199.81335,,,,,,
199.84668,,,,,,
199.88001,,,,,,
199.91334,,,,,,
199.94667,,,,,,
199.98,,,,,,
200.01333,,,,,,
200.04666,,,,,,
200.07999,,,,,,
200.11332,,,,,,
200.14665,,,,,,
200.17998,,,,,,
200.21331,,,,,,
200.24664,,,,,,
200.27997,,,,,,
200.3133,,,,,,
200.34663,,,,,,
200.37996,,,,,,
200.41329,,,,,,
200.44662,,,,,,
200.47995,,,,,,
200.51328,,,,,,
200.54661,,,,,,
200.57994,,,,,,
200.61327,,,,,,
200.6466,,,,,,
200.67993,,,,,,
200.71326,,,,,,
200.74659,,,,,,
200.77992,,,,,,
200.81325,,,,,,
200.84658,,,,,,
200.87991,,,,,,
200.91324,,,,,,
200.94657,,,,,,
200.9799,,,,,,
201.01323,,,,,,
201.04656,,,,,,
201.07989,,,,,,
201.11322,,,,,,
201.14655,,,,,,
201.17988,,,,,,
201.21321,,,,,,
201.24654,,,,,,
201.27987,,,,,,
201.3132,,,,,,
201.34653,,,,,,
201.37986,,,,,,
201.41319,,,,,,
201.44652,,,,,,
201.47985,,,,,,
201.51318,,,,,,
201.54651,,,,,,
201.57984,,,,,,
201.61317,,,,,,
201.6465,,,,,,
201.67983,,,,,,
201.71316,,,,,,
201.74649,,,,,,
201.77982,,,,,,
201.81315,,,,,,
201.84648,,,,,,
201.87981,,,,,,
201.91314,,,,,,
201.94647,,,,,,
201.9798,,,,,,
202.01313,,,,,,
202.04646,,,,,,
202.07979,,,,,,
202.11312,,,,,,
202.14645,,,,,,
202.17978,,,,,,
202.21311,,,,,,
202.24644,,,,,,
202.27977,,,,,,
202.3131,,,,,,
202.34643,,,,,,
202.37976,,,,,,
202.41309,,,,,,
202.44642,,,,,,
202.47975,,,,,,
202.51308,,,,,,
202.54641,,,,,,
202.57974,,,,,,
202.61307,,,,,,
202.6464,,,,,,
202.67973,,,,,,
202.71306,,,,,,
202.74639,,,,,,
202.77972,,,,,,
202.81305,,,,,,
202.84638,,,,,,
202.87971,,,,,,
202.91304,,,,,,
202.94637,,,,,,
202.9797,,,,,,
203.01303,,,,,,
203.04636,,,,,,
203.07969,,,,,,
203.11302,,,,,,
203.14635,,,,,,
203.17968,,,,,,
203.21301,,,,,,
203.24634,,,,,,
203.27967,,,,,,
203.313,,,,,,
203.34633,,,,,,
203.37966,,,,,,
203.41299,,,,,,
203.44632,,,,,,
203.47965,,,,,,
203.51298,,,,,,
203.54631,,,,,,
203.57964,,,,,,
203.61297,,,,,,
203.6463,,,,,,
203.67963,,,,,,
203.71296,,,,,,
203.74629,,,,,,
203.77962,,,,,,
203.81295,,,,,,
203.84628,,,,,,
203.87961,,,,,,
203.91294,,,,,,
203.94627,,,,,,
203.9796,,,,,,
204.01293,,,,,,
204.04626,,,,,,
204.07959,,,,,,
204.11292,,,,,,
204.14625,,,,,,
204.17958,,,,,,
204.21291,,,,,,
204.24624,,,,,,
204.27957,,,,,,
204.3129,,,,,,
204.34623,,,,,,
204.37956,,,,,,
204.41289,,,,,,
204.44622,,,,,,
204.47955,,,,,,
204.51288,,,,,,
204.54621,,,,,,
204.57954,,,,,,
204.61287,,,,,,
204.6462,,,,,,
204.67953,,,,,,
204.71286,,,,,,
204.74619,,,,,,
204.77952,,,,,,
204.81285,,,,,,
204.84618,,,,,,
204.87951,,,,,,
204.91284,,,,,,
204.94617,,,,,,
204.9795,,,,,,
205.01283,,,,,,
205.04616,,,,,,
205.07949,,,,,,
205.11282,,,,,,
205.14615,,,,,,
205.17948,,,,,,
205.21281,,,,,,
205.24614,,,,,,
205.27947,,,,,,
205.3128,,,,,,
205.34613,,,,,,
205.37946,,,,,,
205.41279,,,,,,
205.44612,,,,,,
205.47945,,,,,,
205.51278,,,,,,
205.54611,,,,,,
205.57944,,,,,,
205.61277,,,,,,
205.6461,,,,,,
205.67943,,,,,,
205.71276,,,,,,
205.74609,,,,,,
205.77942,,,,,,
205.81275,,,,,,
205.84608,,,,,,
205.87941,,,,,,
205.91274,,,,,,
205.94607,,,,,,
205.9794,,,,,,
206.01273,,,,,,
206.04606,,,,,,
206.07939,,,,,,
206.11272,,,,,,
206.14605,,,,,,
206.17938,,,,,,
206.21271,,,,,,
206.24604,,,,,,
206.27937,,,,,,
206.3127,,,,,,
206.34603,,,,,,
206.37936,,,,,,
206.41269,,,,,,
206.44602,,,,,,
206.47935,,,,,,
206.51268,,,,,,
206.54601,,,,,,
206.57934,,,,,,
206.61267,,,,,,
206.646,,,,,,
206.67933,,,,,,
206.71266,,,,,,
206.74599,,,,,,
206.77932,,,,,,
206.81265,,,,,,
206.84598,,,,,,
206.87931,,,,,,
206.91264,,,,,,
206.94597,,,,,,
206.9793,,,,,,
207.01263,,,,,,
207.04596,,,,,,
207.07929,,,,,,
207.11262,,,,,,
207.14595,,,,,,
207.17928,,,,,,
207.21261,,,,,,
207.24594,,,,,,
207.27927,,,,,,
207.3126,,,,,,
207.34593,,,,,,
207.37926,,,,,,
207.41259,,,,,,
207.44592,,,,,,
207.47925,,,,,,
207.51258,,,,,,
207.54591,,,,,,
207.57924,,,,,,
207.61257,,,,,,
207.6459,,,,,,
207.67923,,,,,,
207.71256,,,,,,
207.74589,,,,,,
207.77922,,,,,,
207.81255,,,,,,
207.84588,,,,,,
207.87921,,,,,,
207.91254,,,,,,
207.94587,,,,,,
207.9792,,,,,,
208.01253,,,,,,
208.04586,,,,,,
208.07919,,,,,,
208.11252,,,,,,
208.14585,,,,,,
208.17918,,,,,,
208.21251,,,,,,
208.24584,,,,,,
208.27917,,,,,,
208.3125,,,,,,
208.34583,,,,,,
208.37916,,,,,,
208.41249,,,,,,
208.44582,,,,,,
208.47915,,,,,,
208.51248,,,,,,
208.54581,,,,,,
208.57914,,,,,,
208.61247,,,,,,
208.6458,,,,,,
208.67913,,,,,,
208.71246,,,,,,
208.74579,,,,,,
208.77912,,,,,,
208.81245,,,,,,
208.84578,,,,,,
208.87911,,,,,,
208.91244,,,,,,
208.94577,,,,,,
208.9791,,,,,,
209.01243,,,,,,
209.04576,,,,,,
209.07909,,,,,,
209.11242,,,,,,
209.14575,,,,,,
209.17908,,,,,,
209.21241,,,,,,
209.24574,,,,,,
209.27907,,,,,,
209.3124,,,,,,
209.34573,,,,,,
209.37906,,,,,,
209.41239,,,,,,
209.44572,,,,,,
209.47905,,,,,,
209.51238,,,,,,
209.54571,,,,,,
209.57904,,,,,,
209.61237,,,,,,
209.6457,,,,,,
209.67903,,,,,,
209.71236,,,,,,
209.74569,,,,,,
209.77902,,,,,,
209.81235,,,,,,
209.84568,,,,,,
209.87901,,,,,,
209.91234,,,,,,
209.94567,,,,,,
209.979,,,,,,
210.01233,,,,,,
210.04566,,,,,,
210.07899,,,,,,
210.11232,,,,,,
210.14565,,,,,,
210.17898,,,,,,
210.21231,,,,,,
210.24564,,,,,,
210.27897,,,,,,
210.3123,,,,,,
210.34563,,,,,,
210.37896,,,,,,
210.41229,,,,,,
210.44562,,,,,,
210.47895,,,,,,
210.51228,,,,,,
210.54561,,,,,,
210.57894,,,,,,
210.61227,,,,,,
210.6456,,,,,,
210.67893,,,,,,
210.71226,,,,,,
210.74559,,,,,,
210.77892,,,,,,
210.81225,,,,,,
210.84558,,,,,,
210.87891,,,,,,
210.91224,,,,,,
210.94557,,,,,,
210.9789,,,,,,
211.01223,,,,,,
211.04556,,,,,,
211.07889,,,,,,
211.11222,,,,,,
211.14555,,,,,,
211.17888,,,,,,
211.21221,,,,,,
211.24554,,,,,,
211.27887,,,,,,
211.3122,,,,,,
211.34553,,,,,,
211.37886,,,,,,
211.41219,,,,,,
211.44552,,,,,,
211.47885,,,,,,
211.51218,,,,,,
211.54551,,,,,,
211.57884,,,,,,
211.61217,,,,,,
211.6455,,,,,,
211.67883,,,,,,
211.71216,,,,,,
211.74549,,,,,,
211.77882,,,,,,
211.81215,,,,,,
211.84548,,,,,,
211.87881,,,,,,
211.91214,,,,,,
211.94547,,,,,,
211.9788,,,,,,
212.01213,,,,,,
212.04546,,,,,,
212.07879,,,,,,
212.11212,,,,,,
212.14545,,,,,,
212.17878,,,,,,
212.21211,,,,,,
212.24544,,,,,,
212.27877,,,,,,
212.3121,,,,,,
212.34543,,,,,,
212.37876,,,,,,
212.41209,,,,,,
212.44542,,,,,,
212.47875,,,,,,
212.51208,,,,,,
212.54541,,,,,,
212.57874,,,,,,
212.61207,,,,,,
212.6454,,,,,,
212.67873,,,,,,
212.71206,,,,,,
212.74539,,,,,,
212.77872,,,,,,
212.81205,,,,,,
212.84538,,,,,,
212.87871,,,,,,
212.91204,,,,,,
212.94537,,,,,,
212.9787,,,,,,
213.01203,,,,,,
213.04536,,,,,,
213.07869,,,,,,
213.11202,,,,,,
213.14535,,,,,,
213.17868,,,,,,
213.21201,,,,,,
213.24534,,,,,,
213.27867,,,,,,
213.312,,,,,,
213.34533,,,,,,
213.37866,,,,,,
213.41199,,,,,,
213.44532,,,,,,
213.47865,,,,,,
213.51198,,,,,,
213.54531,,,,,,
213.57864,,,,,,
213.61197,,,,,,
213.6453,,,,,,
213.67863,,,,,,
213.71196,,,,,,
213.74529,,,,,,
213.77862,,,,,,
213.81195,,,,,,
213.84528,,,,,,
213.87861,,,,,,
213.91194,,,,,,
213.94527,,,,,,
213.9786,,,,,,
214.01193,,,,,,
214.04526,,,,,,
214.07859,,,,,,
214.11192,,,,,,
214.14525,,,,,,
214.17858,,,,,,
214.21191,,,,,,
214.24524,,,,,,
214.27857,,,,,,
214.3119,,,,,,
214.34523,,,,,,
214.37856,,,,,,
214.41189,,,,,,
214.44522,,,,,,
214.47855,,,,,,
214.51188,,,,,,
214.54521,,,,,,
214.57854,,,,,,
214.61187,,,,,,
214.6452,,,,,,
214.67853,,,,,,
214.71186,,,,,,
214.74519,,,,,,
214.77852,,,,,,
214.81185,,,,,,
214.84518,,,,,,
214.87851,,,,,,
214.91184,,,,,,
214.94517,,,,,,
214.9785,,,,,,
215.01183,,,,,,
215.04516,,,,,,
215.07849,,,,,,
215.11182,,,,,,
215.14515,,,,,,
215.17848,,,,,,
215.21181,,,,,,
215.24514,,,,,,
215.27847,,,,,,
215.3118,,,,,,
215.34513,,,,,,
215.37846,,,,,,
215.41179,,,,,,
215.44512,,,,,,
215.47845,,,,,,
215.51178,,,,,,
215.54511,,,,,,
215.57844,,,,,,
215.61177,,,,,,
215.6451,,,,,,
215.67843,,,,,,
215.71176,,,,,,
215.74509,,,,,,
215.77842,,,,,,
215.81175,,,,,,
215.84508,,,,,,
215.87841,,,,,,
215.91174,,,,,,
215.94507,,,,,,
215.9784,,,,,,
216.01173,,,,,,
216.04506,,,,,,
216.07839,,,,,,
216.11172,,,,,,
216.14505,,,,,,
216.17838,,,,,,
216.21171,,,,,,
216.24504,,,,,,
216.27837,,,,,,
216.3117,,,,,,
216.34503,,,,,,
216.37836,,,,,,
216.41169,,,,,,
216.44502,,,,,,
216.47835,,,,,,
216.51168,,,,,,
216.54501,,,,,,
216.57834,,,,,,
216.61167,,,,,,
216.645,,,,,,
216.67833,,,,,,
216.71166,,,,,,
216.74499,,,,,,
216.77832,,,,,,
216.81165,,,,,,
216.84498,,,,,,
216.87831,,,,,,
216.91164,,,,,,
216.94497,,,,,,
216.9783,,,,,,
217.01163,,,,,,
217.04496,,,,,,
217.07829,,,,,,
217.11162,,,,,,
217.14495,,,,,,
217.17828,,,,,,
217.21161,,,,,,
217.24494,,,,,,
217.27827,,,,,,
217.3116,,,,,,
217.34493,,,,,,
217.37826,,,,,,
217.41159,,,,,,
217.44492,,,,,,
217.47825,,,,,,
217.51158,,,,,,
217.54491,,,,,,
217.57824,,,,,,
217.61157,,,,,,
217.6449,,,,,,
217.67823,,,,,,
217.71156,,,,,,
217.74489,,,,,,
217.77822,,,,,,
217.81155,,,,,,
217.84488,,,,,,
217.87821,,,,,,
217.91154,,,,,,
217.94487,,,,,,
217.9782,,,,,,
218.01153,,,,,,
218.04486,,,,,,
218.07819,,,,,,
218.11152,,,,,,
218.14485,,,,,,
218.17818,,,,,,
218.21151,,,,,,
218.24484,,,,,,
218.27817,,,,,,
218.3115,,,,,,
218.34483,,,,,,
218.37816,,,,,,
218.41149,,,,,,
218.44482,,,,,,
218.47815,,,,,,
218.51148,,,,,,
218.54481,,,,,,
218.57814,,,,,,
218.61147,,,,,,
218.6448,,,,,,
218.67813,,,,,,
218.71146,,,,,,
218.74479,,,,,,
218.77812,,,,,,
218.81145,,,,,,
218.84478,,,,,,
218.87811,,,,,,
218.91144,,,,,,
218.94477,,,,,,
218.9781,,,,,,
219.01143,,,,,,
219.04476,,,,,,
219.07809,,,,,,
219.11142,,,,,,
219.14475,,,,,,
219.17808,,,,,,
219.21141,,,,,,
219.24474,,,,,,
219.27807,,,,,,
219.3114,,,,,,
219.34473,,,,,,
219.37806,,,,,,
219.41139,,,,,,
219.44472,,,,,,
219.47805,,,,,,
219.51138,,,,,,
219.54471,,,,,,
219.57804,,,,,,
219.61137,,,,,,
219.6447,,,,,,
219.67803,,,,,,
219.71136,,,,,,
219.74469,,,,,,
219.77802,,,,,,
219.81135,,,,,,
219.84468,,,,,,
219.87801,,,,,,
219.91134,,,,,,
219.94467,,,,,,
219.978,,,,,,
220.01133,,,,,,
220.04466,,,,,,
220.07799,,,,,,
220.11132,,,,,,
220.14465,,,,,,
220.17798,,,,,,
220.21131,,,,,,
220.24464,,,,,,
220.27797,,,,,,
220.3113,,,,,,
220.34463,,,,,,
220.37796,,,,,,
220.41129,,,,,,
220.44462,,,,,,
220.47795,,,,,,
220.51128,,,,,,
220.54461,,,,,,
220.57794,,,,,,
220.61127,,,,,,
220.6446,,,,,,
220.67793,,,,,,
220.71126,,,,,,
220.74459,,,,,,
220.77792,,,,,,
220.81125,,,,,,
220.84458,,,,,,
220.87791,,,,,,
220.91124,,,,,,
220.94457,,,,,,
220.9779,,,,,,
221.01123,,,,,,
221.04456,,,,,,
221.07789,,,,,,
221.11122,,,,,,
221.14455,,,,,,
221.17788,,,,,,
221.21121,,,,,,
221.24454,,,,,,
221.27787,,,,,,
221.3112,,,,,,
221.34453,,,,,,
221.37786,,,,,,
221.41119,,,,,,
221.44452,,,,,,
221.47785,,,,,,
221.51118,,,,,,
221.54451,,,,,,
221.57784,,,,,,
221.61117,,,,,,
221.6445,,,,,,
221.67783,,,,,,
221.71116,,,,,,
221.74449,,,,,,
221.77782,,,,,,
221.81115,,,,,,
221.84448,,,,,,
221.87781,,,,,,
221.91114,,,,,,
221.94447,,,,,,
221.9778,,,,,,
222.01113,,,,,,
222.04446,,,,,,
222.07779,,,,,,
222.11112,,,,,,
222.14445,,,,,,
222.17778,,,,,,
222.21111,,,,,,
222.24444,,,,,,
222.27777,,,,,,
222.3111,,,,,,
222.34443,,,,,,
222.37776,,,,,,
222.41109,,,,,,
222.44442,,,,,,
222.47775,,,,,,
222.51108,,,,,,
222.54441,,,,,,
222.57774,,,,,,
222.61107,,,,,,
222.6444,,,,,,
222.67773,,,,,,
222.71106,,,,,,
222.74439,,,,,,
222.77772,,,,,,
222.81105,,,,,,
222.84438,,,,,,
222.87771,,,,,,
222.91104,,,,,,
222.94437,,,,,,
222.9777,,,,,,
223.01103,,,,,,
223.04436,,,,,,
223.07769,,,,,,
223.11102,,,,,,
223.14435,,,,,,
223.17768,,,,,,
223.21101,,,,,,
223.24434,,,,,,
223.27767,,,,,,
223.311,,,,,,
223.34433,,,,,,
223.37766,,,,,,
223.41099,,,,,,
223.44432,,,,,,
223.47765,,,,,,
223.51098,,,,,,
223.54431,,,,,,
223.57764,,,,,,
223.61097,,,,,,
223.6443,,,,,,
223.67763,,,,,,
223.71096,,,,,,
223.74429,,,,,,
223.77762,,,,,,
223.81095,,,,,,
223.84428,,,,,,
223.87761,,,,,,
223.91094,,,,,,
223.94427,,,,,,
223.9776,,,,,,
224.01093,,,,,,
224.04426,,,,,,
224.07759,,,,,,
224.11092,,,,,,
224.14425,,,,,,
224.17758,,,,,,
224.21091,,,,,,
224.24424,,,,,,
224.27757,,,,,,
224.3109,,,,,,
224.34423,,,,,,
224.37756,,,,,,
224.41089,,,,,,
224.44422,,,,,,
224.47755,,,,,,
224.51088,,,,,,
224.54421,,,,,,
224.57754,,,,,,
224.61087,,,,,,
224.6442,,,,,,
224.67753,,,,,,
224.71086,,,,,,
224.74419,,,,,,
224.77752,,,,,,
224.81085,,,,,,
224.84418,,,,,,
224.87751,,,,,,
224.91084,,,,,,
224.94417,,,,,,
224.9775,,,,,,
225.01083,,,,,,
225.04416,,,,,,
225.07749,,,,,,
225.11082,,,,,,
225.14415,,,,,,
225.17748,,,,,,
225.21081,,,,,,
225.24414,,,,,,
225.27747,,,,,,
225.3108,,,,,,
225.34413,,,,,,
225.37746,,,,,,
225.41079,,,,,,
225.44412,,,,,,
225.47745,,,,,,
225.51078,,,,,,
225.54411,,,,,,
225.57744,,,,,,
225.61077,,,,,,
225.6441,,,,,,
225.67743,,,,,,
225.71076,,,,,,
225.74409,,,,,,
225.77742,,,,,,
225.81075,,,,,,
225.84408,,,,,,
225.87741,,,,,,
225.91074,,,,,,
225.94407,,,,,,
225.9774,,,,,,
226.01073,,,,,,
226.04406,,,,,,
226.07739,,,,,,
226.11072,,,,,,
226.14405,,,,,,
226.17738,,,,,,
226.21071,,,,,,
226.24404,,,,,,
226.27737,,,,,,
226.3107,,,,,,
226.34403,,,,,,
226.37736,,,,,,
226.41069,,,,,,
226.44402,,,,,,
226.47735,,,,,,
226.51068,,,,,,
226.54401,,,,,,
226.57734,,,,,,
226.61067,,,,,,
226.644,,,,,,
226.67733,,,,,,
226.71066,,,,,,
226.74399,,,,,,
226.77732,,,,,,
226.81065,,,,,,
226.84398,,,,,,
226.87731,,,,,,
226.91064,,,,,,
226.94397,,,,,,
226.9773,,,,,,
227.01063,,,,,,
227.04396,,,,,,
227.07729,,,,,,
227.11062,,,,,,
227.14395,,,,,,
227.17728,,,,,,
227.21061,,,,,,
227.24394,,,,,,
227.27727,,,,,,
227.3106,,,,,,
227.34393,,,,,,
227.37726,,,,,,
227.41059,,,,,,
227.44392,,,,,,
227.47725,,,,,,
227.51058,,,,,,
227.54391,,,,,,
227.57724,,,,,,
227.61057,,,,,,
227.6439,,,,,,
227.67723,,,,,,
227.71056,,,,,,
227.74389,,,,,,
227.77722,,,,,,
227.81055,,,,,,
227.84388,,,,,,
227.87721,,,,,,
227.91054,,,,,,
227.94387,,,,,,
227.9772,,,,,,
228.01053,,,,,,
228.04386,,,,,,
228.07719,,,,,,
228.11052,,,,,,
228.14385,,,,,,
228.17718,,,,,,
228.21051,,,,,,
228.24384,,,,,,
228.27717,,,,,,
228.3105,,,,,,
228.34383,,,,,,
228.37716,,,,,,
228.41049,,,,,,
228.44382,,,,,,
228.47715,,,,,,
228.51048,,,,,,
228.54381,,,,,,
228.57714,,,,,,
228.61047,,,,,,
228.6438,,,,,,
228.67713,,,,,,
228.71046,,,,,,
228.74379,,,,,,
228.77712,,,,,,
228.81045,,,,,,
228.84378,,,,,,
228.87711,,,,,,
228.91044,,,,,,
228.94377,,,,,,
228.9771,,,,,,
229.01043,,,,,,
229.04376,,,,,,
229.07709,,,,,,
229.11042,,,,,,
229.14375,,,,,,
229.17708,,,,,,
229.21041,,,,,,
229.24374,,,,,,
229.27707,,,,,,
229.3104,,,,,,
229.34373,,,,,,
229.37706,,,,,,
229.41039,,,,,,
229.44372,,,,,,
229.47705,,,,,,
229.51038,,,,,,
229.54371,,,,,,
229.57704,,,,,,
229.61037,,,,,,
229.6437,,,,,,
229.67703,,,,,,
229.71036,,,,,,
229.74369,,,,,,
229.77702,,,,,,
229.81035,,,,,,
229.84368,,,,,,
229.87701,,,,,,
229.91034,,,,,,
229.94367,,,,,,
229.977,,,,,,
230.01033,,,,,,
230.04366,,,,,,
230.07699,,,,,,
230.11032,,,,,,
230.14365,,,,,,
230.17698,,,,,,
230.21031,,,,,,
230.24364,,,,,,
230.27697,,,,,,
230.3103,,,,,,
230.34363,,,,,,
230.37696,,,,,,
230.41029,,,,,,
230.44362,,,,,,
230.47695,,,,,,
230.51028,,,,,,
230.54361,,,,,,
230.57694,,,,,,
230.61027,,,,,,
230.6436,,,,,,
230.67693,,,,,,
230.71026,,,,,,
230.74359,,,,,,
230.77692,,,,,,
230.81025,,,,,,
230.84358,,,,,,
230.87691,,,,,,
230.91024,,,,,,
230.94357,,,,,,
230.9769,,,,,,
231.01023,,,,,,
231.04356,,,,,,
231.07689,,,,,,
231.11022,,,,,,
231.14355,,,,,,
231.17688,,,,,,
231.21021,,,,,,
231.24354,,,,,,
231.27687,,,,,,
231.3102,,,,,,
231.34353,,,,,,
231.37686,,,,,,
231.41019,,,,,,
231.44352,,,,,,
231.47685,,,,,,
231.51018,,,,,,
231.54351,,,,,,
231.57684,,,,,,
231.61017,,,,,,
231.6435,,,,,,
231.67683,,,,,,
231.71016,,,,,,
231.74349,,,,,,
231.77682,,,,,,
231.81015,,,,,,
231.84348,,,,,,
231.87681,,,,,,
231.91014,,,,,,
231.94347,,,,,,
231.9768,,,,,,
232.01013,,,,,,
232.04346,,,,,,
232.07679,,,,,,
232.11012,,,,,,
232.14345,,,,,,
232.17678,,,,,,
232.21011,,,,,,
232.24344,,,,,,
232.27677,,,,,,
232.3101,,,,,,
232.34343,,,,,,
232.37676,,,,,,
232.41009,,,,,,
232.44342,,,,,,
232.47675,,,,,,
232.51008,,,,,,
232.54341,,,,,,
232.57674,,,,,,
232.61007,,,,,,
232.6434,,,,,,
232.67673,,,,,,
232.71006,,,,,,
232.74339,,,,,,
232.77672,,,,,,
232.81005,,,,,,
232.84338,,,,,,
232.87671,,,,,,
232.91004,,,,,,
232.94337,,,,,,
232.9767,,,,,,
233.01003,,,,,,
233.04336,,,,,,
233.07669,,,,,,
233.11002,,,,,,
233.14335,,,,,,
233.17668,,,,,,
233.21001,,,,,,
233.24334,,,,,,
233.27667,,,,,,
233.31,,,,,,
233.34333,,,,,,
233.37666,,,,,,
233.40999,,,,,,
233.44332,,,,,,
233.47665,,,,,,
233.50998,,,,,,
233.54331,,,,,,
233.57664,,,,,,
233.60997,,,,,,
233.6433,,,,,,
233.67663,,,,,,
233.70996,,,,,,
233.74329,,,,,,
233.77662,,,,,,
233.80995,,,,,,
233.84328,,,,,,
233.87661,,,,,,
233.90994,,,,,,
233.94327,,,,,,
233.9766,,,,,,
234.00993,,,,,,
234.04326,,,,,,
234.07659,,,,,,
234.10992,,,,,,
234.14325,,,,,,
234.17658,,,,,,
234.20991,,,,,,
234.24324,,,,,,
234.27657,,,,,,
234.3099,,,,,,
234.34323,,,,,,
234.37656,,,,,,
234.40989,,,,,,
234.44322,,,,,,
234.47655,,,,,,
234.50988,,,,,,
234.54321,,,,,,
234.57654,,,,,,
234.60987,,,,,,
234.6432,,,,,,
234.67653,,,,,,
234.70986,,,,,,
234.74319,,,,,,
234.77652,,,,,,
234.80985,,,,,,
234.84318,,,,,,
234.87651,,,,,,
234.90984,,,,,,
234.94317,,,,,,
234.9765,,,,,,
235.00983,,,,,,
235.04316,,,,,,
235.07649,,,,,,
235.10982,,,,,,
235.14315,,,,,,
235.17648,,,,,,
235.20981,,,,,,
235.24314,,,,,,
235.27647,,,,,,
235.3098,,,,,,
235.34313,,,,,,
235.37646,,,,,,
235.40979,,,,,,
235.44312,,,,,,
235.47645,,,,,,
235.50978,,,,,,
235.54311,,,,,,
235.57644,,,,,,
235.60977,,,,,,
235.6431,,,,,,
235.67643,,,,,,
235.70976,,,,,,
235.74309,,,,,,
235.77642,,,,,,
235.80975,,,,,,
235.84308,,,,,,
235.87641,,,,,,
235.90974,,,,,,
235.94307,,,,,,
235.9764,,,,,,
236.00973,,,,,,
236.04306,,,,,,
236.07639,,,,,,
236.10972,,,,,,
236.14305,,,,,,
236.17638,,,,,,
236.20971,,,,,,
236.24304,,,,,,
236.27637,,,,,,
236.3097,,,,,,
236.34303,,,,,,
236.37636,,,,,,
236.40969,,,,,,
236.44302,,,,,,
236.47635,,,,,,
236.50968,,,,,,
236.54301,,,,,,
236.57634,,,,,,
236.60967,,,,,,
236.643,,,,,,
236.67633,,,,,,
236.70966,,,,,,
236.74299,,,,,,
236.77632,,,,,,
236.80965,,,,,,
236.84298,,,,,,
236.87631,,,,,,
236.90964,,,,,,
236.94297,,,,,,
236.9763,,,,,,
237.00963,,,,,,
237.04296,,,,,,
237.07629,,,,,,
237.10962,,,,,,
237.14295,,,,,,
237.17628,,,,,,
237.20961,,,,,,
237.24294,,,,,,
237.27627,,,,,,
237.3096,,,,,,
237.34293,,,,,,
237.37626,,,,,,
237.40959,,,,,,
237.44292,,,,,,
237.47625,,,,,,
237.50958,,,,,,
237.54291,,,,,,
237.57624,,,,,,
237.60957,,,,,,
237.6429,,,,,,
237.67623,,,,,,
237.70956,,,,,,
237.74289,,,,,,
237.77622,,,,,,
237.80955,,,,,,
237.84288,,,,,,
237.87621,,,,,,
237.90954,,,,,,
237.94287,,,,,,
237.9762,,,,,,
238.00953,,,,,,
238.04286,,,,,,
238.07619,,,,,,
238.10952,,,,,,
238.14285,,,,,,
238.17618,,,,,,
238.20951,,,,,,
238.24284,,,,,,
238.27617,,,,,,
238.3095,,,,,,
238.34283,,,,,,
238.37616,,,,,,
238.40949,,,,,,
238.44282,,,,,,
238.47615,,,,,,
238.50948,,,,,,
238.54281,,,,,,
238.57614,,,,,,
238.60947,,,,,,
238.6428,,,,,,
238.67613,,,,,,
238.70946,,,,,,
238.74279,,,,,,
238.77612,,,,,,
238.80945,,,,,,
238.84278,,,,,,
238.87611,,,,,,
238.90944,,,,,,
238.94277,,,,,,
238.9761,,,,,,
239.00943,,,,,,
239.04276,,,,,,
239.07609,,,,,,
239.10942,,,,,,
239.14275,,,,,,
239.17608,,,,,,
239.20941,,,,,,
239.24274,,,,,,
239.27607,,,,,,
239.3094,,,,,,
239.34273,,,,,,
239.37606,,,,,,
239.40939,,,,,,
239.44272,,,,,,
239.47605,,,,,,
239.50938,,,,,,
239.54271,,,,,,
239.57604,,,,,,
239.60937,,,,,,
239.6427,,,,,,
239.67603,,,,,,
239.70936,,,,,,
239.74269,,,,,,
239.77602,,,,,,
239.80935,,,,,,
239.84268,,,,,,
239.87601,,,,,,
239.90934,,,,,,
239.94267,,,,,,
239.976,,,,,,
240.00933,,,,,,
240.04266,,,,,,
240.07599,,,,,,
240.10932,,,,,,
240.14265,,,,,,
240.17598,,,,,,
240.20931,,,,,,
240.24264,,,,,,
240.27597,,,,,,
240.3093,,,,,,
240.34263,,,,,,
240.37596,,,,,,
240.40929,,,,,,
240.44262,,,,,,
240.47595,,,,,,
240.50928,,,,,,
240.54261,,,,,,
240.57594,,,,,,
240.60927,,,,,,
240.6426,,,,,,
240.67593,,,,,,
240.70926,,,,,,
240.74259,,,,,,
240.77592,,,,,,
240.80925,,,,,,
240.84258,,,,,,
240.87591,,,,,,
240.90924,,,,,,
240.94257,,,,,,
240.9759,,,,,,
241.00923,,,,,,
241.04256,,,,,,
241.07589,,,,,,
241.10922,,,,,,
241.14255,,,,,,
241.17588,,,,,,
241.20921,,,,,,
241.24254,,,,,,
241.27587,,,,,,
241.3092,,,,,,
241.34253,,,,,,
241.37586,,,,,,
241.40919,,,,,,
241.44252,,,,,,
241.47585,,,,,,
241.50918,,,,,,
241.54251,,,,,,
241.57584,,,,,,
241.60917,,,,,,
241.6425,,,,,,
241.67583,,,,,,
241.70916,,,,,,
241.74249,,,,,,
241.77582,,,,,,
241.80915,,,,,,
241.84248,,,,,,
241.87581,,,,,,
241.90914,,,,,,
241.94247,,,,,,
241.9758,,,,,,
242.00913,,,,,,
242.04246,,,,,,
242.07579,,,,,,
242.10912,,,,,,
242.14245,,,,,,
242.17578,,,,,,
242.20911,,,,,,
242.24244,,,,,,
242.27577,,,,,,
242.3091,,,,,,
242.34243,,,,,,
242.37576,,,,,,
242.40909,,,,,,
242.44242,,,,,,
242.47575,,,,,,
242.50908,,,,,,
242.54241,,,,,,
242.57574,,,,,,
242.60907,,,,,,
242.6424,,,,,,
242.67573,,,,,,
242.70906,,,,,,
242.74239,,,,,,
242.77572,,,,,,
242.80905,,,,,,
242.84238,,,,,,
242.87571,,,,,,
242.90904,,,,,,
242.94237,,,,,,
242.9757,,,,,,
243.00903,,,,,,
243.04236,,,,,,
243.07569,,,,,,
243.10902,,,,,,
243.14235,,,,,,
243.17568,,,,,,
243.20901,,,,,,
243.24234,,,,,,
243.27567,,,,,,
243.309,,,,,,
243.34233,,,,,,
243.37566,,,,,,
243.40899,,,,,,
243.44232,,,,,,
243.47565,,,,,,
243.50898,,,,,,
243.54231,,,,,,
243.57564,,,,,,
243.60897,,,,,,
243.6423,,,,,,
243.67563,,,,,,
243.70896,,,,,,
243.74229,,,,,,
243.77562,,,,,,
243.80895,,,,,,
243.84228,,,,,,
243.87561,,,,,,
243.90894,,,,,,
243.94227,,,,,,
243.9756,,,,,,
244.00893,,,,,,
244.04226,,,,,,
244.07559,,,,,,
244.10892,,,,,,
244.14225,,,,,,
244.17558,,,,,,
244.20891,,,,,,
244.24224,,,,,,
244.27557,,,,,,
244.3089,,,,,,
244.34223,,,,,,
244.37556,,,,,,
244.40889,,,,,,
244.44222,,,,,,
244.47555,,,,,,
244.50888,,,,,,
244.54221,,,,,,
244.57554,,,,,,
244.60887,,,,,,
244.6422,,,,,,
244.67553,,,,,,
244.70886,,,,,,
244.74219,,,,,,
244.77552,,,,,,
244.80885,,,,,,
244.84218,,,,,,
244.87551,,,,,,
244.90884,,,,,,
244.94217,,,,,,
244.9755,,,,,,
245.00883,,,,,,
245.04216,,,,,,
245.07549,,,,,,
245.10882,,,,,,
245.14215,,,,,,
245.17548,,,,,,
245.20881,,,,,,
245.24214,,,,,,
245.27547,,,,,,
245.3088,,,,,,
245.34213,,,,,,
245.37546,,,,,,
245.40879,,,,,,
245.44212,,,,,,
245.47545,,,,,,
245.50878,,,,,,
245.54211,,,,,,
245.57544,,,,,,
245.60877,,,,,,
245.6421,,,,,,
245.67543,,,,,,
245.70876,,,,,,
245.74209,,,,,,
245.77542,,,,,,
245.80875,,,,,,
245.84208,,,,,,
245.87541,,,,,,
245.90874,,,,,,
245.94207,,,,,,
245.9754,,,,,,
246.00873,,,,,,
246.04206,,,,,,
246.07539,,,,,,
246.10872,,,,,,
246.14205,,,,,,
246.17538,,,,,,
246.20871,,,,,,
246.24204,,,,,,
246.27537,,,,,,
246.3087,,,,,,
246.34203,,,,,,
246.37536,,,,,,
246.40869,,,,,,
246.44202,,,,,,
246.47535,,,,,,
246.50868,,,,,,
246.54201,,,,,,
246.57534,,,,,,
246.60867,,,,,,
246.642,,,,,,
246.67533,,,,,,
246.70866,,,,,,
246.74199,,,,,,
246.77532,,,,,,
246.80865,,,,,,
246.84198,,,,,,
246.87531,,,,,,
246.90864,,,,,,
246.94197,,,,,,
246.9753,,,,,,
247.00863,,,,,,
247.04196,,,,,,
247.07529,,,,,,
247.10862,,,,,,
247.14195,,,,,,
247.17528,,,,,,
247.20861,,,,,,
247.24194,,,,,,
247.27527,,,,,,
247.3086,,,,,,
247.34193,,,,,,
247.37526,,,,,,
247.40859,,,,,,
247.44192,,,,,,
247.47525,,,,,,
247.50858,,,,,,
247.54191,,,,,,
247.57524,,,,,,
247.60857,,,,,,
247.6419,,,,,,
247.67523,,,,,,
247.70856,,,,,,
247.74189,,,,,,
247.77522,,,,,,
247.80855,,,,,,
247.84188,,,,,,
247.87521,,,,,,
247.90854,,,,,,
247.94187,,,,,,
247.9752,,,,,,
248.00853,,,,,,
248.04186,,,,,,
248.07519,,,,,,
248.10852,,,,,,
248.14185,,,,,,
248.17518,,,,,,
248.20851,,,,,,
248.24184,,,,,,
248.27517,,,,,,
248.3085,,,,,,
248.34183,,,,,,
248.37516,,,,,,
248.40849,,,,,,
248.44182,,,,,,
248.47515,,,,,,
248.50848,,,,,,
248.54181,,,,,,
248.57514,,,,,,
248.60847,,,,,,
248.6418,,,,,,
248.67513,,,,,,
248.70846,,,,,,
248.74179,,,,,,
248.77512,,,,,,
248.80845,,,,,,
248.84178,,,,,,
248.87511,,,,,,
248.90844,,,,,,
248.94177,,,,,,
248.9751,,,,,,
249.00843,,,,,,
249.04176,,,,,,
249.07509,,,,,,
249.10842,,,,,,
249.14175,,,,,,
249.17508,,,,,,
249.20841,,,,,,
249.24174,,,,,,
249.27507,,,,,,
249.3084,,,,,,
249.34173,,,,,,
249.37506,,,,,,
249.40839,,,,,,
249.44172,,,,,,
249.47505,,,,,,
249.50838,,,,,,
249.54171,,,,,,
249.57504,,,,,,
249.60837,,,,,,
249.6417,,,,,,
249.67503,,,,,,
249.70836,,,,,,
249.74169,,,,,,
249.77502,,,,,,
249.80835,,,,,,
249.84168,,,,,,
249.87501,,,,,,
249.90834,,,,,,
249.94167,,,,,,
249.975,,,,,,
250.00833,,,,,,
250.04166,,,,,,
250.07499,,,,,,
250.10832,,,,,,
250.14165,,,,,,
250.17498,,,,,,
250.20831,,,,,,
250.24164,,,,,,
250.27497,,,,,,
250.3083,,,,,,
250.34163,,,,,,
250.37496,,,,,,
250.40829,,,,,,
250.44162,,,,,,
250.47495,,,,,,
250.50828,,,,,,
250.54161,,,,,,
250.57494,,,,,,
250.60827,,,,,,
250.6416,,,,,,
250.67493,,,,,,
250.70826,,,,,,
250.74159,,,,,,
250.77492,,,,,,
250.80825,,,,,,
250.84158,,,,,,
250.87491,,,,,,
250.90824,,,,,,
250.94157,,,,,,
250.9749,,,,,,
251.00823,,,,,,
251.04156,,,,,,
251.07489,,,,,,
251.10822,,,,,,
251.14155,,,,,,
251.17488,,,,,,
251.20821,,,,,,
251.24154,,,,,,
251.27487,,,,,,
251.3082,,,,,,
251.34153,,,,,,
251.37486,,,,,,
251.40819,,,,,,
251.44152,,,,,,
251.47485,,,,,,
251.50818,,,,,,
251.54151,,,,,,
251.57484,,,,,,
251.60817,,,,,,
251.6415,,,,,,
251.67483,,,,,,
251.70816,,,,,,
251.74149,,,,,,
251.77482,,,,,,
251.80815,,,,,,
251.84148,,,,,,
251.87481,,,,,,
251.90814,,,,,,
251.94147,,,,,,
251.9748,,,,,,
252.00813,,,,,,
252.04146,,,,,,
252.07479,,,,,,
252.10812,,,,,,
252.14145,,,,,,
252.17478,,,,,,
252.20811,,,,,,
252.24144,,,,,,
252.27477,,,,,,
252.3081,,,,,,
252.34143,,,,,,
252.37476,,,,,,
252.40809,,,,,,
252.44142,,,,,,
252.47475,,,,,,
252.50808,,,,,,
252.54141,,,,,,
252.57474,,,,,,
252.60807,,,,,,
252.6414,,,,,,
252.67473,,,,,,
252.70806,,,,,,
252.74139,,,,,,
252.77472,,,,,,
252.80805,,,,,,
252.84138,,,,,,
252.87471,,,,,,
252.90804,,,,,,
252.94137,,,,,,
252.9747,,,,,,
253.00803,,,,,,
253.04136,,,,,,
253.07469,,,,,,
253.10802,,,,,,
253.14135,,,,,,
253.17468,,,,,,
253.20801,,,,,,
253.24134,,,,,,
253.27467,,,,,,
253.308,,,,,,
253.34133,,,,,,
253.37466,,,,,,
253.40799,,,,,,
253.44132,,,,,,
253.47465,,,,,,
253.50798,,,,,,
253.54131,,,,,,
253.57464,,,,,,
253.60797,,,,,,
253.6413,,,,,,
253.67463,,,,,,
253.70796,,,,,,
253.74129,,,,,,
253.77462,,,,,,
253.80795,,,,,,
253.84128,,,,,,
253.87461,,,,,,
253.90794,,,,,,
253.94127,,,,,,
253.9746,,,,,,
254.00793,,,,,,
254.04126,,,,,,
254.07459,,,,,,
254.10792,,,,,,
254.14125,,,,,,
254.17458,,,,,,
254.20791,,,,,,
254.24124,,,,,,
254.27457,,,,,,
254.3079,,,,,,
254.34123,,,,,,
254.37456,,,,,,
254.40789,,,,,,
254.44122,,,,,,
254.47455,,,,,,
254.50788,,,,,,
254.54121,,,,,,
254.57454,,,,,,
254.60787,,,,,,
254.6412,,,,,,
254.67453,,,,,,
254.70786,,,,,,
254.74119,,,,,,
254.77452,,,,,,
254.80785,,,,,,
254.84118,,,,,,
254.87451,,,,,,
254.90784,,,,,,
254.94117,,,,,,
254.9745,,,,,,
255.00783,,,,,,
255.04116,,,,,,
255.07449,,,,,,
255.10782,,,,,,
255.14115,,,,,,
255.17448,,,,,,
255.20781,,,,,,
255.24114,,,,,,
255.27447,,,,,,
255.3078,,,,,,
255.34113,,,,,,
255.37446,,,,,,
255.40779,,,,,,
255.44112,,,,,,
255.47445,,,,,,
255.50778,,,,,,
255.54111,,,,,,
255.57444,,,,,,
255.60777,,,,,,
255.6411,,,,,,
255.67443,,,,,,
255.70776,,,,,,
255.74109,,,,,,
255.77442,,,,,,
255.80775,,,,,,
255.84108,,,,,,
255.87441,,,,,,
255.90774,,,,,,
255.94107,,,,,,
255.9744,,,,,,
256.00773,,,,,,
256.04106,,,,,,
256.07439,,,,,,
256.10772,,,,,,
256.14105,,,,,,
256.17438,,,,,,
256.20771,,,,,,
256.24104,,,,,,
256.27437,,,,,,
256.3077,,,,,,
256.34103,,,,,,
256.37436,,,,,,
256.40769,,,,,,
256.44102,,,,,,
256.47435,,,,,,
256.50768,,,,,,
256.54101,,,,,,
256.57434,,,,,,
256.60767,,,,,,
256.641,,,,,,
256.67433,,,,,,
256.70766,,,,,,
256.74099,,,,,,
256.77432,,,,,,
256.80765,,,,,,
256.84098,,,,,,
256.87431,,,,,,
256.90764,,,,,,
256.94097,,,,,,
256.9743,,,,,,
257.00763,,,,,,
257.04096,,,,,,
257.07429,,,,,,
257.10762,,,,,,
257.14095,,,,,,
257.17428,,,,,,
257.20761,,,,,,
257.24094,,,,,,
257.27427,,,,,,
257.3076,,,,,,
257.34093,,,,,,
257.37426,,,,,,
257.40759,,,,,,
257.44092,,,,,,
257.47425,,,,,,
257.50758,,,,,,
257.54091,,,,,,
257.57424,,,,,,
257.60757,,,,,,
257.6409,,,,,,
257.67423,,,,,,
257.70756,,,,,,
257.74089,,,,,,
257.77422,,,,,,
257.80755,,,,,,
257.84088,,,,,,
257.87421,,,,,,
257.90754,,,,,,
257.94087,,,,,,
257.9742,,,,,,
258.00753,,,,,,
258.04086,,,,,,
258.07419,,,,,,
258.10752,,,,,,
258.14085,,,,,,
258.17418,,,,,,
258.20751,,,,,,
258.24084,,,,,,
258.27417,,,,,,
258.3075,,,,,,
258.34083,,,,,,
258.37416,,,,,,
258.40749,,,,,,
258.44082,,,,,,
258.47415,,,,,,
258.50748,,,,,,
258.54081,,,,,,
258.57414,,,,,,
258.60747,,,,,,
258.6408,,,,,,
258.67413,,,,,,
258.70746,,,,,,
258.74079,,,,,,
258.77412,,,,,,
258.80745,,,,,,
258.84078,,,,,,
258.87411,,,,,,
258.90744,,,,,,
258.94077,,,,,,
258.9741,,,,,,
259.00743,,,,,,
259.04076,,,,,,
259.07409,,,,,,
259.10742,,,,,,
259.14075,,,,,,
259.17408,,,,,,
259.20741,,,,,,
259.24074,,,,,,
259.27407,,,,,,
259.3074,,,,,,
259.34073,,,,,,
259.37406,,,,,,
259.40739,,,,,,
259.44072,,,,,,
259.47405,,,,,,
259.50738,,,,,,
259.54071,,,,,,
259.57404,,,,,,
259.60737,,,,,,
259.6407,,,,,,
259.67403,,,,,,
259.70736,,,,,,
259.74069,,,,,,
259.77402,,,,,,
259.80735,,,,,,
259.84068,,,,,,
259.87401,,,,,,
259.90734,,,,,,
259.94067,,,,,,
259.974,,,,,,
260.00733,,,,,,
260.04066,,,,,,
260.07399,,,,,,
260.10732,,,,,,
260.14065,,,,,,
260.17398,,,,,,
260.20731,,,,,,
260.24064,,,,,,
260.27397,,,,,,
260.3073,,,,,,
260.34063,,,,,,
260.37396,,,,,,
260.40729,,,,,,
260.44062,,,,,,
260.47395,,,,,,
260.50728,,,,,,
260.54061,,,,,,
260.57394,,,,,,
260.60727,,,,,,
260.6406,,,,,,
260.67393,,,,,,
260.70726,,,,,,
260.74059,,,,,,
260.77392,,,,,,
260.80725,,,,,,
260.84058,,,,,,
260.87391,,,,,,
260.90724,,,,,,
260.94057,,,,,,
260.9739,,,,,,
261.00723,,,,,,
261.04056,,,,,,
261.07389,,,,,,
261.10722,,,,,,
261.14055,,,,,,
261.17388,,,,,,
261.20721,,,,,,
261.24054,,,,,,
261.27387,,,,,,
261.3072,,,,,,
261.34053,,,,,,
261.37386,,,,,,
261.40719,,,,,,
261.44052,,,,,,
261.47385,,,,,,
261.50718,,,,,,
261.54051,,,,,,
261.57384,,,,,,
261.60717,,,,,,
261.6405,,,,,,
261.67383,,,,,,
261.70716,,,,,,
261.74049,,,,,,
261.77382,,,,,,
261.80715,,,,,,
261.84048,,,,,,
261.87381,,,,,,
261.90714,,,,,,
261.94047,,,,,,
261.9738,,,,,,
262.00713,,,,,,
262.04046,,,,,,
262.07379,,,,,,
262.10712,,,,,,
262.14045,,,,,,
262.17378,,,,,,
262.20711,,,,,,
262.24044,,,,,,
262.27377,,,,,,
262.3071,,,,,,
262.34043,,,,,,
262.37376,,,,,,
262.40709,,,,,,
262.44042,,,,,,
262.47375,,,,,,
262.50708,,,,,,
262.54041,,,,,,
262.57374,,,,,,
262.60707,,,,,,
262.6404,,,,,,
262.67373,,,,,,
262.70706,,,,,,
262.74039,,,,,,
262.77372,,,,,,
262.80705,,,,,,
262.84038,,,,,,
262.87371,,,,,,
262.90704,,,,,,
262.94037,,,,,,
262.9737,,,,,,
263.00703,,,,,,
263.04036,,,,,,
263.07369,,,,,,
263.10702,,,,,,
263.14035,,,,,,
263.17368,,,,,,
263.20701,,,,,,
263.24034,,,,,,
263.27367,,,,,,
263.307,,,,,,
263.34033,,,,,,
263.37366,,,,,,
263.40699,,,,,,
263.44032,,,,,,
263.47365,,,,,,
263.50698,,,,,,
263.54031,,,,,,
263.57364,,,,,,
263.60697,,,,,,
263.6403,,,,,,
263.67363,,,,,,
263.70696,,,,,,
263.74029,,,,,,
263.77362,,,,,,
263.80695,,,,,,
263.84028,,,,,,
263.87361,,,,,,
263.90694,,,,,,
263.94027,,,,,,
263.9736,,,,,,
264.00693,,,,,,
264.04026,,,,,,
264.07359,,,,,,
264.10692,,,,,,
264.14025,,,,,,
264.17358,,,,,,
264.20691,,,,,,
264.24024,,,,,,
264.27357,,,,,,
264.3069,,,,,,
264.34023,,,,,,
264.37356,,,,,,
264.40689,,,,,,
264.44022,,,,,,
264.47355,,,,,,
264.50688,,,,,,
264.54021,,,,,,
264.57354,,,,,,
264.60687,,,,,,
264.6402,,,,,,
264.67353,,,,,,
264.70686,,,,,,
264.74019,,,,,,
264.77352,,,,,,
264.80685,,,,,,
264.84018,,,,,,
264.87351,,,,,,
264.90684,,,,,,
264.94017,,,,,,
264.9735,,,,,,
265.00683,,,,,,
265.04016,,,,,,
265.07349,,,,,,
265.10682,,,,,,
265.14015,,,,,,
265.17348,,,,,,
265.20681,,,,,,
265.24014,,,,,,
265.27347,,,,,,
265.3068,,,,,,
265.34013,,,,,,
265.37346,,,,,,
265.40679,,,,,,
265.44012,,,,,,
265.47345,,,,,,
265.50678,,,,,,
265.54011,,,,,,
265.57344,,,,,,
265.60677,,,,,,
265.6401,,,,,,
265.67343,,,,,,
265.70676,,,,,,
265.74009,,,,,,
265.77342,,,,,,
265.80675,,,,,,
265.84008,,,,,,
265.87341,,,,,,
265.90674,,,,,,
265.94007,,,,,,
265.9734,,,,,,
266.00673,,,,,,
266.04006,,,,,,
266.07339,,,,,,
266.10672,,,,,,
266.14005,,,,,,
266.17338,,,,,,
266.20671,,,,,,
266.24004,,,,,,
266.27337,,,,,,
266.3067,,,,,,
266.34003,,,,,,
266.37336,,,,,,
266.40669,,,,,,
266.44002,,,,,,
266.47335,,,,,,
266.50668,,,,,,
266.54001,,,,,,
266.57334,,,,,,
266.60667,,,,,,
266.64,,,,,,
266.67333,,,,,,
266.70666,,,,,,
266.73999,,,,,,
266.77332,,,,,,
266.80665,,,,,,
266.83998,,,,,,
266.87331,,,,,,
266.90664,,,,,,
266.93997,,,,,,
266.9733,,,,,,
267.00663,,,,,,
267.03996,,,,,,
267.07329,,,,,,
267.10662,,,,,,
267.13995,,,,,,
267.17328,,,,,,
267.20661,,,,,,
267.23994,,,,,,
267.27327,,,,,,
267.3066,,,,,,
267.33993,,,,,,
267.37326,,,,,,
267.40659,,,,,,
267.43992,,,,,,
267.47325,,,,,,
267.50658,,,,,,
267.53991,,,,,,
267.57324,,,,,,
267.60657,,,,,,
267.6399,,,,,,
267.67323,,,,,,
267.70656,,,,,,
267.73989,,,,,,
267.77322,,,,,,
267.80655,,,,,,
267.83988,,,,,,
267.87321,,,,,,
267.90654,,,,,,
267.93987,,,,,,
267.9732,,,,,,
268.00653,,,,,,
268.03986,,,,,,
268.07319,,,,,,
268.10652,,,,,,
268.13985,,,,,,
268.17318,,,,,,
268.20651,,,,,,
268.23984,,,,,,
268.27317,,,,,,
268.3065,,,,,,
268.33983,,,,,,
268.37316,,,,,,
268.40649,,,,,,
268.43982,,,,,,
268.47315,,,,,,
268.50648,,,,,,
268.53981,,,,,,
268.57314,,,,,,
268.60647,,,,,,
268.6398,,,,,,
268.67313,,,,,,
268.70646,,,,,,
268.73979,,,,,,
268.77312,,,,,,
268.80645,,,,,,
268.83978,,,,,,
268.87311,,,,,,
268.90644,,,,,,
268.93977,,,,,,
268.9731,,,,,,
269.00643,,,,,,
269.03976,,,,,,
269.07309,,,,,,
269.10642,,,,,,
269.13975,,,,,,
269.17308,,,,,,
269.20641,,,,,,
269.23974,,,,,,
269.27307,,,,,,
269.3064,,,,,,
269.33973,,,,,,
269.37306,,,,,,
269.40639,,,,,,
269.43972,,,,,,
269.47305,,,,,,
269.50638,,,,,,
269.53971,,,,,,
269.57304,,,,,,
269.60637,,,,,,
269.6397,,,,,,
269.67303,,,,,,
269.70636,,,,,,
269.73969,,,,,,
269.77302,,,,,,
269.80635,,,,,,
269.83968,,,,,,
269.87301,,,,,,
269.90634,,,,,,
269.93967,,,,,,
269.973,,,,,,
270.00633,,,,,,
270.03966,,,,,,
270.07299,,,,,,
270.10632,,,,,,
270.13965,,,,,,
270.17298,,,,,,
270.20631,,,,,,
270.23964,,,,,,
270.27297,,,,,,
270.3063,,,,,,
270.33963,,,,,,
270.37296,,,,,,
270.40629,,,,,,
270.43962,,,,,,
270.47295,,,,,,
270.50628,,,,,,
270.53961,,,,,,
270.57294,,,,,,
270.60627,,,,,,
270.6396,,,,,,
270.67293,,,,,,
270.70626,,,,,,
270.73959,,,,,,
270.77292,,,,,,
270.80625,,,,,,
270.83958,,,,,,
270.87291,,,,,,
270.90624,,,,,,
270.93957,,,,,,
270.9729,,,,,,
271.00623,,,,,,
271.03956,,,,,,
271.07289,,,,,,
271.10622,,,,,,
271.13955,,,,,,
271.17288,,,,,,
271.20621,,,,,,
271.23954,,,,,,
271.27287,,,,,,
271.3062,,,,,,
271.33953,,,,,,
271.37286,,,,,,
271.40619,,,,,,
271.43952,,,,,,
271.47285,,,,,,
271.50618,,,,,,
271.53951,,,,,,
271.57284,,,,,,
271.60617,,,,,,
271.6395,,,,,,
271.67283,,,,,,
271.70616,,,,,,
271.73949,,,,,,
271.77282,,,,,,
271.80615,,,,,,
271.83948,,,,,,
271.87281,,,,,,
271.90614,,,,,,
271.93947,,,,,,
271.9728,,,,,,
272.00613,,,,,,
272.03946,,,,,,
272.07279,,,,,,
272.10612,,,,,,
272.13945,,,,,,
272.17278,,,,,,
272.20611,,,,,,
272.23944,,,,,,
272.27277,,,,,,
272.3061,,,,,,
272.33943,,,,,,
272.37276,,,,,,
272.40609,,,,,,
272.43942,,,,,,
272.47275,,,,,,
272.50608,,,,,,
272.53941,,,,,,
272.57274,,,,,,
272.60607,,,,,,
272.6394,,,,,,
272.67273,,,,,,
272.70606,,,,,,
272.73939,,,,,,
272.77272,,,,,,
272.80605,,,,,,
272.83938,,,,,,
272.87271,,,,,,
272.90604,,,,,,
272.93937,,,,,,
272.9727,,,,,,
273.00603,,,,,,
273.03936,,,,,,
273.07269,,,,,,
273.10602,,,,,,
273.13935,,,,,,
273.17268,,,,,,
273.20601,,,,,,
273.23934,,,,,,
273.27267,,,,,,
273.306,,,,,,
273.33933,,,,,,
273.37266,,,,,,
273.40599,,,,,,
273.43932,,,,,,
273.47265,,,,,,
273.50598,,,,,,
273.53931,,,,,,
273.57264,,,,,,
273.60597,,,,,,
273.6393,,,,,,
273.67263,,,,,,
273.70596,,,,,,
273.73929,,,,,,
273.77262,,,,,,
273.80595,,,,,,
273.83928,,,,,,
273.87261,,,,,,
273.90594,,,,,,
273.93927,,,,,,
273.9726,,,,,,
274.00593,,,,,,
274.03926,,,,,,
274.07259,,,,,,
274.10592,,,,,,
274.13925,,,,,,
274.17258,,,,,,
274.20591,,,,,,
274.23924,,,,,,
274.27257,,,,,,
274.3059,,,,,,
274.33923,,,,,,
274.37256,,,,,,
274.40589,,,,,,
274.43922,,,,,,
274.47255,,,,,,
274.50588,,,,,,
274.53921,,,,,,
274.57254,,,,,,
274.60587,,,,,,
274.6392,,,,,,
274.67253,,,,,,
274.70586,,,,,,
274.73919,,,,,,
274.77252,,,,,,
274.80585,,,,,,
274.83918,,,,,,
274.87251,,,,,,
274.90584,,,,,,
274.93917,,,,,,
274.9725,,,,,,
275.00583,,,,,,
275.03916,,,,,,
275.07249,,,,,,
275.10582,,,,,,
275.13915,,,,,,
275.17248,,,,,,
275.20581,,,,,,
275.23914,,,,,,
275.27247,,,,,,
275.3058,,,,,,
275.33913,,,,,,
275.37246,,,,,,
275.40579,,,,,,
275.43912,,,,,,
275.47245,,,,,,
275.50578,,,,,,
275.53911,,,,,,
275.57244,,,,,,
275.60577,,,,,,
275.6391,,,,,,
275.67243,,,,,,
275.70576,,,,,,
275.73909,,,,,,
275.77242,,,,,,
275.80575,,,,,,
275.83908,,,,,,
275.87241,,,,,,
275.90574,,,,,,
275.93907,,,,,,
275.9724,,,,,,
276.00573,,,,,,
276.03906,,,,,,
276.07239,,,,,,
276.10572,,,,,,
276.13905,,,,,,
276.17238,,,,,,
276.20571,,,,,,
276.23904,,,,,,
276.27237,,,,,,
276.3057,,,,,,
276.33903,,,,,,
276.37236,,,,,,
276.40569,,,,,,
276.43902,,,,,,
276.47235,,,,,,
276.50568,,,,,,
276.53901,,,,,,
276.57234,,,,,,
276.60567,,,,,,
276.639,,,,,,
276.67233,,,,,,
276.70566,,,,,,
276.73899,,,,,,
276.77232,,,,,,
276.80565,,,,,,
276.83898,,,,,,
276.87231,,,,,,
276.90564,,,,,,
276.93897,,,,,,
276.9723,,,,,,
277.00563,,,,,,
277.03896,,,,,,
277.07229,,,,,,
277.10562,,,,,,
277.13895,,,,,,
277.17228,,,,,,
277.20561,,,,,,
277.23894,,,,,,
277.27227,,,,,,
277.3056,,,,,,
277.33893,,,,,,
277.37226,,,,,,
277.40559,,,,,,
277.43892,,,,,,
277.47225,,,,,,
277.50558,,,,,,
277.53891,,,,,,
277.57224,,,,,,
277.60557,,,,,,
277.6389,,,,,,
277.67223,,,,,,
277.70556,,,,,,
277.73889,,,,,,
277.77222,,,,,,
277.80555,,,,,,
277.83888,,,,,,
277.87221,,,,,,
277.90554,,,,,,
277.93887,,,,,,
277.9722,,,,,,
278.00553,,,,,,
278.03886,,,,,,
278.07219,,,,,,
278.10552,,,,,,
278.13885,,,,,,
278.17218,,,,,,
278.20551,,,,,,
278.23884,,,,,,
278.27217,,,,,,
278.3055,,,,,,
278.33883,,,,,,
278.37216,,,,,,
278.40549,,,,,,
278.43882,,,,,,
278.47215,,,,,,
278.50548,,,,,,
278.53881,,,,,,
278.57214,,,,,,
278.60547,,,,,,
278.6388,,,,,,
278.67213,,,,,,
278.70546,,,,,,
278.73879,,,,,,
278.77212,,,,,,
278.80545,,,,,,
278.83878,,,,,,
278.87211,,,,,,
278.90544,,,,,,
278.93877,,,,,,
278.9721,,,,,,
279.00543,,,,,,
279.03876,,,,,,
279.07209,,,,,,
279.10542,,,,,,
279.13875,,,,,,
279.17208,,,,,,
279.20541,,,,,,
279.23874,,,,,,
279.27207,,,,,,
279.3054,,,,,,
279.33873,,,,,,
279.37206,,,,,,
279.40539,,,,,,
279.43872,,,,,,
279.47205,,,,,,
279.50538,,,,,,
279.53871,,,,,,
279.57204,,,,,,
279.60537,,,,,,
279.6387,,,,,,
279.67203,,,,,,
279.70536,,,,,,
279.73869,,,,,,
279.77202,,,,,,
279.80535,,,,,,
279.83868,,,,,,
279.87201,,,,,,
279.90534,,,,,,
279.93867,,,,,,
279.972,,,,,,
280.00533,,,,,,
280.03866,,,,,,
280.07199,,,,,,
280.10532,,,,,,
280.13865,,,,,,
280.17198,,,,,,
280.20531,,,,,,
280.23864,,,,,,
280.27197,,,,,,
280.3053,,,,,,
280.33863,,,,,,
280.37196,,,,,,
280.40529,,,,,,
280.43862,,,,,,
280.47195,,,,,,
280.50528,,,,,,
280.53861,,,,,,
280.57194,,,,,,
280.60527,,,,,,
280.6386,,,,,,
280.67193,,,,,,
280.70526,,,,,,
280.73859,,,,,,
280.77192,,,,,,
280.80525,,,,,,
280.83858,,,,,,
280.87191,,,,,,
280.90524,,,,,,
280.93857,,,,,,
280.9719,,,,,,
281.00523,,,,,,
281.03856,,,,,,
281.07189,,,,,,
281.10522,,,,,,
281.13855,,,,,,
281.17188,,,,,,
281.20521,,,,,,
281.23854,,,,,,
281.27187,,,,,,
281.3052,,,,,,
281.33853,,,,,,
281.37186,,,,,,
281.40519,,,,,,
281.43852,,,,,,
281.47185,,,,,,
281.50518,,,,,,
281.53851,,,,,,
281.57184,,,,,,
281.60517,,,,,,
281.6385,,,,,,
281.67183,,,,,,
281.70516,,,,,,
281.73849,,,,,,
281.77182,,,,,,
281.80515,,,,,,
281.83848,,,,,,
281.87181,,,,,,
281.90514,,,,,,
281.93847,,,,,,
281.9718,,,,,,
282.00513,,,,,,
282.03846,,,,,,
282.07179,,,,,,
282.10512,,,,,,
282.13845,,,,,,
282.17178,,,,,,
282.20511,,,,,,
282.23844,,,,,,
282.27177,,,,,,
282.3051,,,,,,
282.33843,,,,,,
282.37176,,,,,,
282.40509,,,,,,
282.43842,,,,,,
282.47175,,,,,,
282.50508,,,,,,
282.53841,,,,,,
282.57174,,,,,,
282.60507,,,,,,
282.6384,,,,,,
282.67173,,,,,,
282.70506,,,,,,
282.73839,,,,,,
282.77172,,,,,,
282.80505,,,,,,
282.83838,,,,,,
282.87171,,,,,,
282.90504,,,,,,
282.93837,,,,,,
282.9717,,,,,,
283.00503,,,,,,
283.03836,,,,,,
283.07169,,,,,,
283.10502,,,,,,
283.13835,,,,,,
283.17168,,,,,,
283.20501,,,,,,
283.23834,,,,,,
283.27167,,,,,,
283.305,,,,,,
283.33833,,,,,,
283.37166,,,,,,
283.40499,,,,,,
283.43832,,,,,,
283.47165,,,,,,
283.50498,,,,,,
283.53831,,,,,,
283.57164,,,,,,
283.60497,,,,,,
283.6383,,,,,,
283.67163,,,,,,
283.70496,,,,,,
283.73829,,,,,,
283.77162,,,,,,
283.80495,,,,,,
283.83828,,,,,,
283.87161,,,,,,
283.90494,,,,,,
283.93827,,,,,,
283.9716,,,,,,
284.00493,,,,,,
284.03826,,,,,,
284.07159,,,,,,
284.10492,,,,,,
284.13825,,,,,,
284.17158,,,,,,
284.20491,,,,,,
284.23824,,,,,,
284.27157,,,,,,
284.3049,,,,,,
284.33823,,,,,,
284.37156,,,,,,
284.40489,,,,,,
284.43822,,,,,,
284.47155,,,,,,
284.50488,,,,,,
284.53821,,,,,,
284.57154,,,,,,
284.60487,,,,,,
284.6382,,,,,,
284.67153,,,,,,
284.70486,,,,,,
284.73819,,,,,,
284.77152,,,,,,
284.80485,,,,,,
284.83818,,,,,,
284.87151,,,,,,
284.90484,,,,,,
284.93817,,,,,,
284.9715,,,,,,
285.00483,,,,,,
285.03816,,,,,,
285.07149,,,,,,
285.10482,,,,,,
285.13815,,,,,,
285.17148,,,,,,
285.20481,,,,,,
285.23814,,,,,,
285.27147,,,,,,
285.3048,,,,,,
285.33813,,,,,,
285.37146,,,,,,
285.40479,,,,,,
285.43812,,,,,,
285.47145,,,,,,
285.50478,,,,,,
285.53811,,,,,,
285.57144,,,,,,
285.60477,,,,,,
285.6381,,,,,,
285.67143,,,,,,
285.70476,,,,,,
285.73809,,,,,,
285.77142,,,,,,
285.80475,,,,,,
285.83808,,,,,,
285.87141,,,,,,
285.90474,,,,,,
285.93807,,,,,,
285.9714,,,,,,
286.00473,,,,,,
286.03806,,,,,,
286.07139,,,,,,
286.10472,,,,,,
286.13805,,,,,,
286.17138,,,,,,
286.20471,,,,,,
286.23804,,,,,,
286.27137,,,,,,
286.3047,,,,,,
286.33803,,,,,,
286.37136,,,,,,
286.40469,,,,,,
286.43802,,,,,,
286.47135,,,,,,
286.50468,,,,,,
286.53801,,,,,,
286.57134,,,,,,
286.60467,,,,,,
286.638,,,,,,
286.67133,,,,,,
286.70466,,,,,,
286.73799,,,,,,
286.77132,,,,,,
286.80465,,,,,,
286.83798,,,,,,
286.87131,,,,,,
286.90464,,,,,,
286.93797,,,,,,
286.9713,,,,,,
287.00463,,,,,,
287.03796,,,,,,
287.07129,,,,,,
287.10462,,,,,,
287.13795,,,,,,
287.17128,,,,,,
287.20461,,,,,,
287.23794,,,,,,
287.27127,,,,,,
287.3046,,,,,,
287.33793,,,,,,
287.37126,,,,,,
287.40459,,,,,,
287.43792,,,,,,
287.47125,,,,,,
287.50458,,,,,,
287.53791,,,,,,
287.57124,,,,,,
287.60457,,,,,,
287.6379,,,,,,
287.67123,,,,,,
287.70456,,,,,,
287.73789,,,,,,
287.77122,,,,,,
287.80455,,,,,,
287.83788,,,,,,
287.87121,,,,,,
287.90454,,,,,,
287.93787,,,,,,
287.9712,,,,,,
288.00453,,,,,,
288.03786,,,,,,
288.07119,,,,,,
288.10452,,,,,,
288.13785,,,,,,
288.17118,,,,,,
288.20451,,,,,,
288.23784,,,,,,
288.27117,,,,,,
288.3045,,,,,,
288.33783,,,,,,
288.37116,,,,,,
288.40449,,,,,,
288.43782,,,,,,
288.47115,,,,,,
288.50448,,,,,,
288.53781,,,,,,
288.57114,,,,,,
288.60447,,,,,,
288.6378,,,,,,
288.67113,,,,,,
288.70446,,,,,,
288.73779,,,,,,
288.77112,,,,,,
288.80445,,,,,,
288.83778,,,,,,
288.87111,,,,,,
288.90444,,,,,,
288.93777,,,,,,
288.9711,,,,,,
289.00443,,,,,,
289.03776,,,,,,
289.07109,,,,,,
289.10442,,,,,,
289.13775,,,,,,
289.17108,,,,,,
289.20441,,,,,,
289.23774,,,,,,
289.27107,,,,,,
289.3044,,,,,,
289.33773,,,,,,
289.37106,,,,,,
289.40439,,,,,,
289.43772,,,,,,
289.47105,,,,,,
289.50438,,,,,,
289.53771,,,,,,
289.57104,,,,,,
289.60437,,,,,,
289.6377,,,,,,
289.67103,,,,,,
289.70436,,,,,,
289.73769,,,,,,
289.77102,,,,,,
289.80435,,,,,,
289.83768,,,,,,
289.87101,,,,,,
289.90434,,,,,,
289.93767,,,,,,
289.971,,,,,,
290.00433,,,,,,
290.03766,,,,,,
290.07099,,,,,,
290.10432,,,,,,
290.13765,,,,,,
290.17098,,,,,,
290.20431,,,,,,
290.23764,,,,,,
290.27097,,,,,,
290.3043,,,,,,
290.33763,,,,,,
290.37096,,,,,,
290.40429,,,,,,
290.43762,,,,,,
290.47095,,,,,,
290.50428,,,,,,
290.53761,,,,,,
290.57094,,,,,,
290.60427,,,,,,
290.6376,,,,,,
290.67093,,,,,,
290.70426,,,,,,
290.73759,,,,,,
290.77092,,,,,,
290.80425,,,,,,
290.83758,,,,,,
290.87091,,,,,,
290.90424,,,,,,
290.93757,,,,,,
290.9709,,,,,,
291.00423,,,,,,
291.03756,,,,,,
291.07089,,,,,,
291.10422,,,,,,
291.13755,,,,,,
291.17088,,,,,,
291.20421,,,,,,
291.23754,,,,,,
291.27087,,,,,,
291.3042,,,,,,
291.33753,,,,,,
291.37086,,,,,,
291.40419,,,,,,
291.43752,,,,,,
291.47085,,,,,,
291.50418,,,,,,
291.53751,,,,,,
291.57084,,,,,,
291.60417,,,,,,
291.6375,,,,,,
291.67083,,,,,,
291.70416,,,,,,
291.73749,,,,,,
291.77082,,,,,,
291.80415,,,,,,
291.83748,,,,,,
291.87081,,,,,,
291.90414,,,,,,
291.93747,,,,,,
291.9708,,,,,,
292.00413,,,,,,
292.03746,,,,,,
292.07079,,,,,,
292.10412,,,,,,
292.13745,,,,,,
292.17078,,,,,,
292.20411,,,,,,
292.23744,,,,,,
292.27077,,,,,,
292.3041,,,,,,
292.33743,,,,,,
292.37076,,,,,,
292.40409,,,,,,
292.43742,,,,,,
292.47075,,,,,,
292.50408,,,,,,
292.53741,,,,,,
292.57074,,,,,,
292.60407,,,,,,
292.6374,,,,,,
292.67073,,,,,,
292.70406,,,,,,
292.73739,,,,,,
292.77072,,,,,,
292.80405,,,,,,
292.83738,,,,,,
292.87071,,,,,,
292.90404,,,,,,
292.93737,,,,,,
292.9707,,,,,,
293.00403,,,,,,
293.03736,,,,,,
293.07069,,,,,,
293.10402,,,,,,
293.13735,,,,,,
293.17068,,,,,,
293.20401,,,,,,
293.23734,,,,,,
293.27067,,,,,,
293.304,,,,,,
293.33733,,,,,,
293.37066,,,,,,
293.40399,,,,,,
293.43732,,,,,,
293.47065,,,,,,
293.50398,,,,,,
293.53731,,,,,,
293.57064,,,,,,
293.60397,,,,,,
293.6373,,,,,,
293.67063,,,,,,
293.70396,,,,,,
293.73729,,,,,,
293.77062,,,,,,
293.80395,,,,,,
293.83728,,,,,,
293.87061,,,,,,
293.90394,,,,,,
293.93727,,,,,,
293.9706,,,,,,
294.00393,,,,,,
294.03726,,,,,,
294.07059,,,,,,
294.10392,,,,,,
294.13725,,,,,,
294.17058,,,,,,
294.20391,,,,,,
294.23724,,,,,,
294.27057,,,,,,
294.3039,,,,,,
294.33723,,,,,,
294.37056,,,,,,
294.40389,,,,,,
294.43722,,,,,,
294.47055,,,,,,
294.50388,,,,,,
294.53721,,,,,,
294.57054,,,,,,
294.60387,,,,,,
294.6372,,,,,,
294.67053,,,,,,
294.70386,,,,,,
294.73719,,,,,,
294.77052,,,,,,
294.80385,,,,,,
294.83718,,,,,,
294.87051,,,,,,
294.90384,,,,,,
294.93717,,,,,,
294.9705,,,,,,
295.00383,,,,,,
295.03716,,,,,,
295.07049,,,,,,
295.10382,,,,,,
295.13715,,,,,,
295.17048,,,,,,
295.20381,,,,,,
295.23714,,,,,,
295.27047,,,,,,
295.3038,,,,,,
295.33713,,,,,,
295.37046,,,,,,
295.40379,,,,,,
295.43712,,,,,,
295.47045,,,,,,
295.50378,,,,,,
295.53711,,,,,,
295.57044,,,,,,
295.60377,,,,,,
295.6371,,,,,,
295.67043,,,,,,
295.70376,,,,,,
295.73709,,,,,,
295.77042,,,,,,
295.80375,,,,,,
295.83708,,,,,,
295.87041,,,,,,
295.90374,,,,,,
295.93707,,,,,,
295.9704,,,,,,
296.00373,,,,,,
296.03706,,,,,,
296.07039,,,,,,
296.10372,,,,,,
296.13705,,,,,,
296.17038,,,,,,
296.20371,,,,,,
296.23704,,,,,,
296.27037,,,,,,
296.3037,,,,,,
296.33703,,,,,,
296.37036,,,,,,
296.40369,,,,,,
296.43702,,,,,,
296.47035,,,,,,
296.50368,,,,,,
296.53701,,,,,,
296.57034,,,,,,
296.60367,,,,,,
296.637,,,,,,
296.67033,,,,,,
296.70366,,,,,,
296.73699,,,,,,
296.77032,,,,,,
296.80365,,,,,,
296.83698,,,,,,
296.87031,,,,,,
296.90364,,,,,,
296.93697,,,,,,
296.9703,,,,,,
297.00363,,,,,,
297.03696,,,,,,
297.07029,,,,,,
297.10362,,,,,,
297.13695,,,,,,
297.17028,,,,,,
297.20361,,,,,,
297.23694,,,,,,
297.27027,,,,,,
297.3036,,,,,,
297.33693,,,,,,
297.37026,,,,,,
297.40359,,,,,,
297.43692,,,,,,
297.47025,,,,,,
297.50358,,,,,,
297.53691,,,,,,
297.57024,,,,,,
297.60357,,,,,,
297.6369,,,,,,
297.67023,,,,,,
297.70356,,,,,,
297.73689,,,,,,
297.77022,,,,,,
297.80355,,,,,,
297.83688,,,,,,
297.87021,,,,,,
297.90354,,,,,,
297.93687,,,,,,
297.9702,,,,,,
298.00353,,,,,,
298.03686,,,,,,
298.07019,,,,,,
298.10352,,,,,,
298.13685,,,,,,
298.17018,,,,,,
298.20351,,,,,,
298.23684,,,,,,
298.27017,,,,,,
298.3035,,,,,,
298.33683,,,,,,
298.37016,,,,,,
298.40349,,,,,,
298.43682,,,,,,
298.47015,,,,,,
298.50348,,,,,,
298.53681,,,,,,
298.57014,,,,,,
298.60347,,,,,,
298.6368,,,,,,
298.67013,,,,,,
298.70346,,,,,,
298.73679,,,,,,
298.77012,,,,,,
298.80345,,,,,,
298.83678,,,,,,
298.87011,,,,,,
298.90344,,,,,,
298.93677,,,,,,
298.9701,,,,,,
299.00343,,,,,,
299.03676,,,,,,
299.07009,,,,,,
299.10342,,,,,,
299.13675,,,,,,
299.17008,,,,,,
299.20341,,,,,,
299.23674,,,,,,
299.27007,,,,,,
299.3034,,,,,,
299.33673,,,,,,
299.37006,,,,,,
299.40339,,,,,,
299.43672,,,,,,
299.47005,,,,,,
299.50338,,,,,,
299.53671,,,,,,
299.57004,,,,,,
299.60337,,,,,,
299.6367,,,,,,
299.67003,,,,,,
299.70336,,,,,,
299.73669,,,,,,
299.77002,,,,,,
299.80335,,,,,,
299.83668,,,,,,
299.87001,,,,,,
299.90334,,,,,,
299.93667,,,,,,
299.97,,,,,,
300.00333,,,,,,
300.03666,,,,,,
300.06999,,,,,,
300.10332,,,,,,
300.13665,,,,,,
300.16998,,,,,,
300.20331,,,,,,
300.23664,,,,,,
300.26997,,,,,,
300.3033,,,,,,
300.33663,,,,,,
300.36996,,,,,,
300.40329,,,,,,
300.43662,,,,,,
300.46995,,,,,,
300.50328,,,,,,
300.53661,,,,,,
300.56994,,,,,,
300.60327,,,,,,
300.6366,,,,,,
300.66993,,,,,,
300.70326,,,,,,
300.73659,,,,,,
300.76992,,,,,,
300.80325,,,,,,
300.83658,,,,,,
300.86991,,,,,,
300.90324,,,,,,
300.93657,,,,,,
300.9699,,,,,,
301.00323,,,,,,
301.03656,,,,,,
301.06989,,,,,,
301.10322,,,,,,
301.13655,,,,,,
301.16988,,,,,,
301.20321,,,,,,
301.23654,,,,,,
301.26987,,,,,,
301.3032,,,,,,
301.33653,,,,,,
301.36986,,,,,,
301.40319,,,,,,
301.43652,,,,,,
301.46985,,,,,,
301.50318,,,,,,
301.53651,,,,,,
301.56984,,,,,,
301.60317,,,,,,
301.6365,,,,,,
301.66983,,,,,,
301.70316,,,,,,
301.73649,,,,,,
301.76982,,,,,,
301.80315,,,,,,
301.83648,,,,,,
301.86981,,,,,,
301.90314,,,,,,
301.93647,,,,,,
301.9698,,,,,,
302.00313,,,,,,
302.03646,,,,,,
302.06979,,,,,,
302.10312,,,,,,
302.13645,,,,,,
302.16978,,,,,,
302.20311,,,,,,
302.23644,,,,,,
302.26977,,,,,,
302.3031,,,,,,
302.33643,,,,,,
302.36976,,,,,,
302.40309,,,,,,
302.43642,,,,,,
302.46975,,,,,,
302.50308,,,,,,
302.53641,,,,,,
302.56974,,,,,,
302.60307,,,,,,
302.6364,,,,,,
302.66973,,,,,,
302.70306,,,,,,
302.73639,,,,,,
302.76972,,,,,,
302.80305,,,,,,
302.83638,,,,,,
302.86971,,,,,,
302.90304,,,,,,
302.93637,,,,,,
302.9697,,,,,,
303.00303,,,,,,
303.03636,,,,,,
303.06969,,,,,,
303.10302,,,,,,
303.13635,,,,,,
303.16968,,,,,,
303.20301,,,,,,
303.23634,,,,,,
303.26967,,,,,,
303.303,,,,,,
303.33633,,,,,,
303.36966,,,,,,
303.40299,,,,,,
303.43632,,,,,,
303.46965,,,,,,
303.50298,,,,,,
303.53631,,,,,,
303.56964,,,,,,
303.60297,,,,,,
303.6363,,,,,,
303.66963,,,,,,
303.70296,,,,,,
303.73629,,,,,,
303.76962,,,,,,
303.80295,,,,,,
303.83628,,,,,,
303.86961,,,,,,
303.90294,,,,,,
303.93627,,,,,,
303.9696,,,,,,
304.00293,,,,,,
304.03626,,,,,,
304.06959,,,,,,
304.10292,,,,,,
304.13625,,,,,,
304.16958,,,,,,
304.20291,,,,,,
304.23624,,,,,,
304.26957,,,,,,
304.3029,,,,,,
304.33623,,,,,,
304.36956,,,,,,
304.40289,,,,,,
304.43622,,,,,,
304.46955,,,,,,
304.50288,,,,,,
304.53621,,,,,,
304.56954,,,,,,
304.60287,,,,,,
304.6362,,,,,,
304.66953,,,,,,
304.70286,,,,,,
304.73619,,,,,,
304.76952,,,,,,
304.80285,,,,,,
304.83618,,,,,,
304.86951,,,,,,
304.90284,,,,,,
304.93617,,,,,,
304.9695,,,,,,
305.00283,,,,,,
305.03616,,,,,,
305.06949,,,,,,
305.10282,,,,,,
305.13615,,,,,,
305.16948,,,,,,
305.20281,,,,,,
305.23614,,,,,,
305.26947,,,,,,
305.3028,,,,,,
305.33613,,,,,,
305.36946,,,,,,
305.40279,,,,,,
305.43612,,,,,,
305.46945,,,,,,
305.50278,,,,,,
305.53611,,,,,,
305.56944,,,,,,
305.60277,,,,,,
305.6361,,,,,,
305.66943,,,,,,
305.70276,,,,,,
305.73609,,,,,,
305.76942,,,,,,
305.80275,,,,,,
305.83608,,,,,,
305.86941,,,,,,
305.90274,,,,,,
305.93607,,,,,,
305.9694,,,,,,
306.00273,,,,,,
306.03606,,,,,,
306.06939,,,,,,
306.10272,,,,,,
306.13605,,,,,,
306.16938,,,,,,
306.20271,,,,,,
306.23604,,,,,,
306.26937,,,,,,
306.3027,,,,,,
306.33603,,,,,,
306.36936,,,,,,
306.40269,,,,,,
306.43602,,,,,,
306.46935,,,,,,
306.50268,,,,,,
306.53601,,,,,,
306.56934,,,,,,
306.60267,,,,,,
306.636,,,,,,
306.66933,,,,,,
306.70266,,,,,,
306.73599,,,,,,
306.76932,,,,,,
306.80265,,,,,,
306.83598,,,,,,
306.86931,,,,,,
306.90264,,,,,,
306.93597,,,,,,
306.9693,,,,,,
307.00263,,,,,,
307.03596,,,,,,
307.06929,,,,,,
307.10262,,,,,,
307.13595,,,,,,
307.16928,,,,,,
307.20261,,,,,,
307.23594,,,,,,
307.26927,,,,,,
307.3026,,,,,,
307.33593,,,,,,
307.36926,,,,,,
307.40259,,,,,,
307.43592,,,,,,
307.46925,,,,,,
307.50258,,,,,,
307.53591,,,,,,
307.56924,,,,,,
307.60257,,,,,,
307.6359,,,,,,
307.66923,,,,,,
307.70256,,,,,,
307.73589,,,,,,
307.76922,,,,,,
307.80255,,,,,,
307.83588,,,,,,
307.86921,,,,,,
307.90254,,,,,,
307.93587,,,,,,
307.9692,,,,,,
308.00253,,,,,,
308.03586,,,,,,
308.06919,,,,,,
308.10252,,,,,,
308.13585,,,,,,
308.16918,,,,,,
308.20251,,,,,,
308.23584,,,,,,
308.26917,,,,,,
308.3025,,,,,,
308.33583,,,,,,
308.36916,,,,,,
308.40249,,,,,,
308.43582,,,,,,
308.46915,,,,,,
308.50248,,,,,,
308.53581,,,,,,
308.56914,,,,,,
308.60247,,,,,,
308.6358,,,,,,
308.66913,,,,,,
308.70246,,,,,,
308.73579,,,,,,
308.76912,,,,,,
308.80245,,,,,,
308.83578,,,,,,
308.86911,,,,,,
308.90244,,,,,,
308.93577,,,,,,
308.9691,,,,,,
309.00243,,,,,,
309.03576,,,,,,
309.06909,,,,,,
309.10242,,,,,,
309.13575,,,,,,
309.16908,,,,,,
309.20241,,,,,,
309.23574,,,,,,
309.26907,,,,,,
309.3024,,,,,,
309.33573,,,,,,
309.36906,,,,,,
309.40239,,,,,,
309.43572,,,,,,
309.46905,,,,,,
309.50238,,,,,,
309.53571,,,,,,
309.56904,,,,,,
309.60237,,,,,,
309.6357,,,,,,
309.66903,,,,,,
309.70236,,,,,,
309.73569,,,,,,
309.76902,,,,,,
309.80235,,,,,,
309.83568,,,,,,
309.86901,,,,,,
309.90234,,,,,,
309.93567,,,,,,
309.969,,,,,,
310.00233,,,,,,
310.03566,,,,,,
310.06899,,,,,,
310.10232,,,,,,
310.13565,,,,,,
310.16898,,,,,,
310.20231,,,,,,
310.23564,,,,,,
310.26897,,,,,,
310.3023,,,,,,
310.33563,,,,,,
310.36896,,,,,,
310.40229,,,,,,
310.43562,,,,,,
310.46895,,,,,,
310.50228,,,,,,
310.53561,,,,,,
310.56894,,,,,,
310.60227,,,,,,
310.6356,,,,,,
310.66893,,,,,,
310.70226,,,,,,
310.73559,,,,,,
310.76892,,,,,,
310.80225,,,,,,
310.83558,,,,,,
310.86891,,,,,,
310.90224,,,,,,
310.93557,,,,,,
310.9689,,,,,,
311.00223,,,,,,
311.03556,,,,,,
311.06889,,,,,,
311.10222,,,,,,
311.13555,,,,,,
311.16888,,,,,,
311.20221,,,,,,
311.23554,,,,,,
311.26887,,,,,,
311.3022,,,,,,
311.33553,,,,,,
311.36886,,,,,,
311.40219,,,,,,
311.43552,,,,,,
311.46885,,,,,,
311.50218,,,,,,
311.53551,,,,,,
311.56884,,,,,,
311.60217,,,,,,
311.6355,,,,,,
311.66883,,,,,,
311.70216,,,,,,
311.73549,,,,,,
311.76882,,,,,,
311.80215,,,,,,
311.83548,,,,,,
311.86881,,,,,,
311.90214,,,,,,
311.93547,,,,,,
311.9688,,,,,,
312.00213,,,,,,
312.03546,,,,,,
312.06879,,,,,,
312.10212,,,,,,
312.13545,,,,,,
312.16878,,,,,,
312.20211,,,,,,
312.23544,,,,,,
312.26877,,,,,,
312.3021,,,,,,
312.33543,,,,,,
312.36876,,,,,,
312.40209,,,,,,
312.43542,,,,,,
312.46875,,,,,,
312.50208,,,,,,
312.53541,,,,,,
312.56874,,,,,,
312.60207,,,,,,
312.6354,,,,,,
312.66873,,,,,,
312.70206,,,,,,
312.73539,,,,,,
312.76872,,,,,,
312.80205,,,,,,
312.83538,,,,,,
312.86871,,,,,,
312.90204,,,,,,
312.93537,,,,,,
312.9687,,,,,,
313.00203,,,,,,
313.03536,,,,,,
313.06869,,,,,,
313.10202,,,,,,
313.13535,,,,,,
313.16868,,,,,,
313.20201,,,,,,
313.23534,,,,,,
313.26867,,,,,,
313.302,,,,,,
313.33533,,,,,,
313.36866,,,,,,
313.40199,,,,,,
313.43532,,,,,,
313.46865,,,,,,
313.50198,,,,,,
313.53531,,,,,,
313.56864,,,,,,
313.60197,,,,,,
313.6353,,,,,,
313.66863,,,,,,
313.70196,,,,,,
313.73529,,,,,,
313.76862,,,,,,
313.80195,,,,,,
313.83528,,,,,,
313.86861,,,,,,
313.90194,,,,,,
313.93527,,,,,,
313.9686,,,,,,
314.00193,,,,,,
314.03526,,,,,,
314.06859,,,,,,
314.10192,,,,,,
314.13525,,,,,,
314.16858,,,,,,
314.20191,,,,,,
314.23524,,,,,,
314.26857,,,,,,
314.3019,,,,,,
314.33523,,,,,,
314.36856,,,,,,
314.40189,,,,,,
314.43522,,,,,,
314.46855,,,,,,
314.50188,,,,,,
314.53521,,,,,,
314.56854,,,,,,
314.60187,,,,,,
314.6352,,,,,,
314.66853,,,,,,
314.70186,,,,,,
314.73519,,,,,,
314.76852,,,,,,
314.80185,,,,,,
314.83518,,,,,,
314.86851,,,,,,
314.90184,,,,,,
314.93517,,,,,,
314.9685,,,,,,
315.00183,,,,,,
315.03516,,,,,,
315.06849,,,,,,
315.10182,,,,,,
315.13515,,,,,,
315.16848,,,,,,
315.20181,,,,,,
315.23514,,,,,,
315.26847,,,,,,
315.3018,,,,,,
315.33513,,,,,,
315.36846,,,,,,
315.40179,,,,,,
315.43512,,,,,,
315.46845,,,,,,
315.50178,,,,,,
315.53511,,,,,,
315.56844,,,,,,
315.60177,,,,,,
315.6351,,,,,,
315.66843,,,,,,
315.70176,,,,,,
315.73509,,,,,,
315.76842,,,,,,
315.80175,,,,,,
315.83508,,,,,,
315.86841,,,,,,
315.90174,,,,,,
315.93507,,,,,,
315.9684,,,,,,
316.00173,,,,,,
316.03506,,,,,,
316.06839,,,,,,
316.10172,,,,,,
316.13505,,,,,,
316.16838,,,,,,
316.20171,,,,,,
316.23504,,,,,,
316.26837,,,,,,
316.3017,,,,,,
316.33503,,,,,,
316.36836,,,,,,
316.40169,,,,,,
316.43502,,,,,,
316.46835,,,,,,
316.50168,,,,,,
316.53501,,,,,,
316.56834,,,,,,
316.60167,,,,,,
316.635,,,,,,
316.66833,,,,,,
316.70166,,,,,,
316.73499,,,,,,
316.76832,,,,,,
316.80165,,,,,,
316.83498,,,,,,
316.86831,,,,,,
316.90164,,,,,,
316.93497,,,,,,
316.9683,,,,,,
317.00163,,,,,,
317.03496,,,,,,
317.06829,,,,,,
317.10162,,,,,,
317.13495,,,,,,
317.16828,,,,,,
317.20161,,,,,,
317.23494,,,,,,
317.26827,,,,,,
317.3016,,,,,,
317.33493,,,,,,
317.36826,,,,,,
317.40159,,,,,,
317.43492,,,,,,
317.46825,,,,,,
317.50158,,,,,,
317.53491,,,,,,
317.56824,,,,,,
317.60157,,,,,,
317.6349,,,,,,
317.66823,,,,,,
317.70156,,,,,,
317.73489,,,,,,
317.76822,,,,,,
317.80155,,,,,,
317.83488,,,,,,
317.86821,,,,,,
317.90154,,,,,,
317.93487,,,,,,
317.9682,,,,,,
318.00153,,,,,,
318.03486,,,,,,
318.06819,,,,,,
318.10152,,,,,,
318.13485,,,,,,
318.16818,,,,,,
318.20151,,,,,,
318.23484,,,,,,
318.26817,,,,,,
318.3015,,,,,,
318.33483,,,,,,
318.36816,,,,,,
318.40149,,,,,,
318.43482,,,,,,
318.46815,,,,,,
318.50148,,,,,,
318.53481,,,,,,
318.56814,,,,,,
318.60147,,,,,,
318.6348,,,,,,
318.66813,,,,,,
318.70146,,,,,,
318.73479,,,,,,
318.76812,,,,,,
318.80145,,,,,,
318.83478,,,,,,
318.86811,,,,,,
318.90144,,,,,,
318.93477,,,,,,
318.9681,,,,,,
319.00143,,,,,,
319.03476,,,,,,
319.06809,,,,,,
319.10142,,,,,,
319.13475,,,,,,
319.16808,,,,,,
319.20141,,,,,,
319.23474,,,,,,
319.26807,,,,,,
319.3014,,,,,,
319.33473,,,,,,
319.36806,,,,,,
319.40139,,,,,,
319.43472,,,,,,
319.46805,,,,,,
319.50138,,,,,,
319.53471,,,,,,
319.56804,,,,,,
319.60137,,,,,,
319.6347,,,,,,
319.66803,,,,,,
319.70136,,,,,,
319.73469,,,,,,
319.76802,,,,,,
319.80135,,,,,,
319.83468,,,,,,
319.86801,,,,,,
319.90134,,,,,,
319.93467,,,,,,
319.968,,,,,,
320.00133,,,,,,
320.03466,,,,,,
320.06799,,,,,,
320.10132,,,,,,
320.13465,,,,,,
320.16798,,,,,,
320.20131,,,,,,
320.23464,,,,,,
320.26797,,,,,,
320.3013,,,,,,
320.33463,,,,,,
320.36796,,,,,,
320.40129,,,,,,
320.43462,,,,,,
320.46795,,,,,,
320.50128,,,,,,
320.53461,,,,,,
320.56794,,,,,,
320.60127,,,,,,
320.6346,,,,,,
320.66793,,,,,,
320.70126,,,,,,
320.73459,,,,,,
320.76792,,,,,,
320.80125,,,,,,
320.83458,,,,,,
320.86791,,,,,,
320.90124,,,,,,
320.93457,,,,,,
320.9679,,,,,,
321.00123,,,,,,
321.03456,,,,,,
321.06789,,,,,,
321.10122,,,,,,
321.13455,,,,,,
321.16788,,,,,,
321.20121,,,,,,
321.23454,,,,,,
321.26787,,,,,,
321.3012,,,,,,
321.33453,,,,,,
321.36786,,,,,,
321.40119,,,,,,
321.43452,,,,,,
321.46785,,,,,,
321.50118,,,,,,
321.53451,,,,,,
321.56784,,,,,,
321.60117,,,,,,
321.6345,,,,,,
321.66783,,,,,,
321.70116,,,,,,
321.73449,,,,,,
321.76782,,,,,,
321.80115,,,,,,
321.83448,,,,,,
321.86781,,,,,,
321.90114,,,,,,
321.93447,,,,,,
321.9678,,,,,,
322.00113,,,,,,
322.03446,,,,,,
322.06779,,,,,,
322.10112,,,,,,
322.13445,,,,,,
322.16778,,,,,,
322.20111,,,,,,
322.23444,,,,,,
322.26777,,,,,,
322.3011,,,,,,
322.33443,,,,,,
322.36776,,,,,,
322.40109,,,,,,
322.43442,,,,,,
322.46775,,,,,,
322.50108,,,,,,
322.53441,,,,,,
322.56774,,,,,,
322.60107,,,,,,
322.6344,,,,,,
322.66773,,,,,,
322.70106,,,,,,
322.73439,,,,,,
322.76772,,,,,,
322.80105,,,,,,
322.83438,,,,,,
322.86771,,,,,,
322.90104,,,,,,
322.93437,,,,,,
322.9677,,,,,,
323.00103,,,,,,
323.03436,,,,,,
323.06769,,,,,,
323.10102,,,,,,
323.13435,,,,,,
323.16768,,,,,,
323.20101,,,,,,
323.23434,,,,,,
323.26767,,,,,,
323.301,,,,,,
323.33433,,,,,,
323.36766,,,,,,
323.40099,,,,,,
323.43432,,,,,,
323.46765,,,,,,
323.50098,,,,,,
323.53431,,,,,,
323.56764,,,,,,
323.60097,,,,,,
323.6343,,,,,,
323.66763,,,,,,
323.70096,,,,,,
323.73429,,,,,,
323.76762,,,,,,
323.80095,,,,,,
323.83428,,,,,,
323.86761,,,,,,
323.90094,,,,,,
323.93427,,,,,,
323.9676,,,,,,
324.00093,,,,,,
324.03426,,,,,,
324.06759,,,,,,
324.10092,,,,,,
324.13425,,,,,,
324.16758,,,,,,
324.20091,,,,,,
324.23424,,,,,,
324.26757,,,,,,
324.3009,,,,,,
324.33423,,,,,,
324.36756,,,,,,
324.40089,,,,,,
324.43422,,,,,,
324.46755,,,,,,
324.50088,,,,,,
324.53421,,,,,,
324.56754,,,,,,
324.60087,,,,,,
324.6342,,,,,,
324.66753,,,,,,
324.70086,,,,,,
324.73419,,,,,,
324.76752,,,,,,
324.80085,,,,,,
324.83418,,,,,,
324.86751,,,,,,
324.90084,,,,,,
324.93417,,,,,,
324.9675,,,,,,
325.00083,,,,,,
325.03416,,,,,,
325.06749,,,,,,
325.10082,,,,,,
325.13415,,,,,,
325.16748,,,,,,
325.20081,,,,,,
325.23414,,,,,,
325.26747,,,,,,
325.3008,,,,,,
325.33413,,,,,,
325.36746,,,,,,
325.40079,,,,,,
325.43412,,,,,,
325.46745,,,,,,
325.50078,,,,,,
325.53411,,,,,,
325.56744,,,,,,
325.60077,,,,,,
325.6341,,,,,,
325.66743,,,,,,
325.70076,,,,,,
325.73409,,,,,,
325.76742,,,,,,
325.80075,,,,,,
325.83408,,,,,,
325.86741,,,,,,
325.90074,,,,,,
325.93407,,,,,,
325.9674,,,,,,
326.00073,,,,,,
326.03406,,,,,,
326.06739,,,,,,
326.10072,,,,,,
326.13405,,,,,,
326.16738,,,,,,
326.20071,,,,,,
326.23404,,,,,,
326.26737,,,,,,
326.3007,,,,,,
326.33403,,,,,,
326.36736,,,,,,
326.40069,,,,,,
326.43402,,,,,,
326.46735,,,,,,
326.50068,,,,,,
326.53401,,,,,,
326.56734,,,,,,
326.60067,,,,,,
326.634,,,,,,
326.66733,,,,,,
326.70066,,,,,,
326.73399,,,,,,
326.76732,,,,,,
326.80065,,,,,,
326.83398,,,,,,
326.86731,,,,,,
326.90064,,,,,,
326.93397,,,,,,
326.9673,,,,,,
327.00063,,,,,,
327.03396,,,,,,
327.06729,,,,,,
327.10062,,,,,,
327.13395,,,,,,
327.16728,,,,,,
327.20061,,,,,,
327.23394,,,,,,
327.26727,,,,,,
327.3006,,,,,,
327.33393,,,,,,
327.36726,,,,,,
327.40059,,,,,,
327.43392,,,,,,
327.46725,,,,,,
327.50058,,,,,,
327.53391,,,,,,
327.56724,,,,,,
327.60057,,,,,,
327.6339,,,,,,
327.66723,,,,,,
327.70056,,,,,,
327.73389,,,,,,
327.76722,,,,,,
327.80055,,,,,,
327.83388,,,,,,
327.86721,,,,,,
327.90054,,,,,,
327.93387,,,,,,
327.9672,,,,,,
328.00053,,,,,,
328.03386,,,,,,
328.06719,,,,,,
328.10052,,,,,,
328.13385,,,,,,
328.16718,,,,,,
328.20051,,,,,,
328.23384,,,,,,
328.26717,,,,,,
328.3005,,,,,,
328.33383,,,,,,
328.36716,,,,,,
328.40049,,,,,,
328.43382,,,,,,
328.46715,,,,,,
328.50048,,,,,,
328.53381,,,,,,
328.56714,,,,,,
328.60047,,,,,,
328.6338,,,,,,
328.66713,,,,,,
328.70046,,,,,,
328.73379,,,,,,
328.76712,,,,,,
328.80045,,,,,,
328.83378,,,,,,
328.86711,,,,,,
328.90044,,,,,,
328.93377,,,,,,
328.9671,,,,,,
329.00043,,,,,,
329.03376,,,,,,
329.06709,,,,,,
329.10042,,,,,,
329.13375,,,,,,
329.16708,,,,,,
329.20041,,,,,,
329.23374,,,,,,
329.26707,,,,,,
329.3004,,,,,,
329.33373,,,,,,
329.36706,,,,,,
329.40039,,,,,,
329.43372,,,,,,
329.46705,,,,,,
329.50038,,,,,,
329.53371,,,,,,
329.56704,,,,,,
329.60037,,,,,,
329.6337,,,,,,
329.66703,,,,,,
329.70036,,,,,,
329.73369,,,,,,
329.76702,,,,,,
329.80035,,,,,,
329.83368,,,,,,
329.86701,,,,,,
329.90034,,,,,,
329.93367,,,,,,
329.967,,,,,,
330.00033,,,,,,
330.03366,,,,,,
330.06699,,,,,,
330.10032,,,,,,
330.13365,,,,,,
330.16698,,,,,,
330.20031,,,,,,
330.23364,,,,,,
330.26697,,,,,,
330.3003,,,,,,
330.33363,,,,,,
330.36696,,,,,,
330.40029,,,,,,
330.43362,,,,,,
330.46695,,,,,,
330.50028,,,,,,
330.53361,,,,,,
330.56694,,,,,,
330.60027,,,,,,
330.6336,,,,,,
330.66693,,,,,,
330.70026,,,,,,
330.73359,,,,,,
330.76692,,,,,,
330.80025,,,,,,
330.83358,,,,,,
330.86691,,,,,,
330.90024,,,,,,
330.93357,,,,,,
330.9669,,,,,,
331.00023,,,,,,
331.03356,,,,,,
331.06689,,,,,,
331.10022,,,,,,
331.13355,,,,,,
331.16688,,,,,,
331.20021,,,,,,
331.23354,,,,,,
331.26687,,,,,,
331.3002,,,,,,
331.33353,,,,,,
331.36686,,,,,,
331.40019,,,,,,
331.43352,,,,,,
331.46685,,,,,,
331.50018,,,,,,
331.53351,,,,,,
331.56684,,,,,,
331.60017,,,,,,
331.6335,,,,,,
331.66683,,,,,,
331.70016,,,,,,
331.73349,,,,,,
331.76682,,,,,,
331.80015,,,,,,
331.83348,,,,,,
331.86681,,,,,,
331.90014,,,,,,
331.93347,,,,,,
331.9668,,,,,,
332.00013,,,,,,
332.03346,,,,,,
332.06679,,,,,,
332.10012,,,,,,
332.13345,,,,,,
332.16678,,,,,,
332.20011,,,,,,
332.23344,,,,,,
332.26677,,,,,,
332.3001,,,,,,
332.33343,,,,,,
332.36676,,,,,,
332.40009,,,,,,
332.43342,,,,,,
332.46675,,,,,,
332.50008,,,,,,
332.53341,,,,,,
332.56674,,,,,,
332.60007,,,,,,
332.6334,,,,,,
332.66673,,,,,,
332.70006,,,,,,
332.73339,,,,,,
332.76672,,,,,,
332.80005,,,,,,
332.83338,,,,,,
332.86671,,,,,,
332.90004,,,,,,
332.93337,,,,,,
332.9667,,,,,,
333.00003,,,,,,
333.03336,,,,,,
333.06669,,,,,,
333.10002,,,,,,
333.13335,,,,,,
333.16668,,,,,,
333.20001,,,,,,
333.23334,,,,,,
333.26667,,,,,,
333.3,,,,,,
333.33333,,,,,,
333.36666,,,,,,
333.39999,,,,,,
333.43332,,,,,,
333.46665,,,,,,
333.49998,,,,,,
333.53331,,,,,,
333.56664,,,,,,
333.59997,,,,,,
333.6333,,,,,,
333.66663,,,,,,
333.69996,,,,,,
333.73329,,,,,,
333.76662,,,,,,
333.79995,,,,,,
333.83328,,,,,,
333.86661,,,,,,
333.89994,,,,,,
333.93327,,,,,,
333.9666,,,,,,
333.99993,,,,,,
334.03326,,,,,,
334.06659,,,,,,
334.09992,,,,,,
334.13325,,,,,,
334.16658,,,,,,
334.19991,,,,,,
334.23324,,,,,,
334.26657,,,,,,
334.2999,,,,,,
334.33323,,,,,,
334.36656,,,,,,
334.39989,,,,,,
334.43322,,,,,,
334.46655,,,,,,
334.49988,,,,,,
334.53321,,,,,,
334.56654,,,,,,
334.59987,,,,,,
334.6332,,,,,,
334.66653,,,,,,
334.69986,,,,,,
334.73319,,,,,,
334.76652,,,,,,
334.79985,,,,,,
334.83318,,,,,,
334.86651,,,,,,
334.89984,,,,,,
334.93317,,,,,,
334.9665,,,,,,
334.99983,,,,,,
335.03316,,,,,,
335.06649,,,,,,
335.09982,,,,,,
335.13315,,,,,,
335.16648,,,,,,
335.19981,,,,,,
335.23314,,,,,,
335.26647,,,,,,
335.2998,,,,,,
335.33313,,,,,,
335.36646,,,,,,
335.39979,,,,,,
335.43312,,,,,,
335.46645,,,,,,
335.49978,,,,,,
335.53311,,,,,,
335.56644,,,,,,
335.59977,,,,,,
335.6331,,,,,,
335.66643,,,,,,
335.69976,,,,,,
335.73309,,,,,,
335.76642,,,,,,
335.79975,,,,,,
335.83308,,,,,,
335.86641,,,,,,
335.89974,,,,,,
335.93307,,,,,,
335.9664,,,,,,
335.99973,,,,,,
336.03306,,,,,,
336.06639,,,,,,
336.09972,,,,,,
336.13305,,,,,,
336.16638,,,,,,
336.19971,,,,,,
336.23304,,,,,,
336.26637,,,,,,
336.2997,,,,,,
336.33303,,,,,,
336.36636,,,,,,
336.39969,,,,,,
336.43302,,,,,,
336.46635,,,,,,
336.49968,,,,,,
336.53301,,,,,,
336.56634,,,,,,
336.59967,,,,,,
336.633,,,,,,
336.66633,,,,,,
336.69966,,,,,,
336.73299,,,,,,
336.76632,,,,,,
336.79965,,,,,,
336.83298,,,,,,
336.86631,,,,,,
336.89964,,,,,,
336.93297,,,,,,
336.9663,,,,,,
336.99963,,,,,,
337.03296,,,,,,
337.06629,,,,,,
337.09962,,,,,,
337.13295,,,,,,
337.16628,,,,,,
337.19961,,,,,,
337.23294,,,,,,
337.26627,,,,,,
337.2996,,,,,,
337.33293,,,,,,
337.36626,,,,,,
337.39959,,,,,,
337.43292,,,,,,
337.46625,,,,,,
337.49958,,,,,,
337.53291,,,,,,
337.56624,,,,,,
337.59957,,,,,,
337.6329,,,,,,
337.66623,,,,,,
337.69956,,,,,,
337.73289,,,,,,
337.76622,,,,,,
337.79955,,,,,,
337.83288,,,,,,
337.86621,,,,,,
337.89954,,,,,,
337.93287,,,,,,
337.9662,,,,,,
337.99953,,,,,,
338.03286,,,,,,
338.06619,,,,,,
338.09952,,,,,,
338.13285,,,,,,
338.16618,,,,,,
338.19951,,,,,,
338.23284,,,,,,
338.26617,,,,,,
338.2995,,,,,,
338.33283,,,,,,
338.36616,,,,,,
338.39949,,,,,,
338.43282,,,,,,
338.46615,,,,,,
338.49948,,,,,,
338.53281,,,,,,
338.56614,,,,,,
338.59947,,,,,,
338.6328,,,,,,
338.66613,,,,,,
338.69946,,,,,,
338.73279,,,,,,
338.76612,,,,,,
338.79945,,,,,,
338.83278,,,,,,
338.86611,,,,,,
338.89944,,,,,,
338.93277,,,,,,
338.9661,,,,,,
338.99943,,,,,,
339.03276,,,,,,
339.06609,,,,,,
339.09942,,,,,,
339.13275,,,,,,
339.16608,,,,,,
339.19941,,,,,,
339.23274,,,,,,
339.26607,,,,,,
339.2994,,,,,,
339.33273,,,,,,
339.36606,,,,,,
339.39939,,,,,,
339.43272,,,,,,
339.46605,,,,,,
339.49938,,,,,,
339.53271,,,,,,
339.56604,,,,,,
339.59937,,,,,,
339.6327,,,,,,
339.66603,,,,,,
339.69936,,,,,,
339.73269,,,,,,
339.76602,,,,,,
339.79935,,,,,,
339.83268,,,,,,
339.86601,,,,,,
339.89934,,,,,,
339.93267,,,,,,
339.966,,,,,,
339.99933,,,,,,
340.03266,,,,,,
340.06599,,,,,,
340.09932,,,,,,
340.13265,,,,,,
340.16598,,,,,,
340.19931,,,,,,
340.23264,,,,,,
340.26597,,,,,,
340.2993,,,,,,
340.33263,,,,,,
340.36596,,,,,,
340.39929,,,,,,
340.43262,,,,,,
340.46595,,,,,,
340.49928,,,,,,
340.53261,,,,,,
340.56594,,,,,,
340.59927,,,,,,
340.6326,,,,,,
340.66593,,,,,,
340.69926,,,,,,
340.73259,,,,,,
340.76592,,,,,,
340.79925,,,,,,
340.83258,,,,,,
340.86591,,,,,,
340.89924,,,,,,
340.93257,,,,,,
340.9659,,,,,,
340.99923,,,,,,
341.03256,,,,,,
341.06589,,,,,,
341.09922,,,,,,
341.13255,,,,,,
341.16588,,,,,,
341.19921,,,,,,
341.23254,,,,,,
341.26587,,,,,,
341.2992,,,,,,
341.33253,,,,,,
341.36586,,,,,,
341.39919,,,,,,
341.43252,,,,,,
341.46585,,,,,,
341.49918,,,,,,
341.53251,,,,,,
341.56584,,,,,,
341.59917,,,,,,
341.6325,,,,,,
341.66583,,,,,,
341.69916,,,,,,
341.73249,,,,,,
341.76582,,,,,,
341.79915,,,,,,
341.83248,,,,,,
341.86581,,,,,,
341.89914,,,,,,
341.93247,,,,,,
341.9658,,,,,,
341.99913,,,,,,
342.03246,,,,,,
342.06579,,,,,,
342.09912,,,,,,
342.13245,,,,,,
342.16578,,,,,,
342.19911,,,,,,
342.23244,,,,,,
342.26577,,,,,,
342.2991,,,,,,
342.33243,,,,,,
342.36576,,,,,,
342.39909,,,,,,
342.43242,,,,,,
342.46575,,,,,,
342.49908,,,,,,
342.53241,,,,,,
342.56574,,,,,,
342.59907,,,,,,
342.6324,,,,,,
342.66573,,,,,,
342.69906,,,,,,
342.73239,,,,,,
342.76572,,,,,,
342.79905,,,,,,
342.83238,,,,,,
342.86571,,,,,,
342.89904,,,,,,
342.93237,,,,,,
342.9657,,,,,,
342.99903,,,,,,
343.03236,,,,,,
343.06569,,,,,,
343.09902,,,,,,
343.13235,,,,,,
343.16568,,,,,,
343.19901,,,,,,
343.23234,,,,,,
343.26567,,,,,,
343.299,,,,,,
343.33233,,,,,,
343.36566,,,,,,
343.39899,,,,,,
343.43232,,,,,,
343.46565,,,,,,
343.49898,,,,,,
343.53231,,,,,,
343.56564,,,,,,
343.59897,,,,,,
343.6323,,,,,,
343.66563,,,,,,
343.69896,,,,,,
343.73229,,,,,,
343.76562,,,,,,
343.79895,,,,,,
343.83228,,,,,,
343.86561,,,,,,
343.89894,,,,,,
343.93227,,,,,,
343.9656,,,,,,
343.99893,,,,,,
344.03226,,,,,,
344.06559,,,,,,
344.09892,,,,,,
344.13225,,,,,,
344.16558,,,,,,
344.19891,,,,,,
344.23224,,,,,,
344.26557,,,,,,
344.2989,,,,,,
344.33223,,,,,,
344.36556,,,,,,
344.39889,,,,,,
344.43222,,,,,,
344.46555,,,,,,
344.49888,,,,,,
344.53221,,,,,,
344.56554,,,,,,
344.59887,,,,,,
344.6322,,,,,,
344.66553,,,,,,
344.69886,,,,,,
344.73219,,,,,,
344.76552,,,,,,
344.79885,,,,,,
344.83218,,,,,,
344.86551,,,,,,
344.89884,,,,,,
344.93217,,,,,,
344.9655,,,,,,
344.99883,,,,,,
345.03216,,,,,,
345.06549,,,,,,
345.09882,,,,,,
345.13215,,,,,,
345.16548,,,,,,
345.19881,,,,,,
345.23214,,,,,,
345.26547,,,,,,
345.2988,,,,,,
345.33213,,,,,,
345.36546,,,,,,
345.39879,,,,,,
345.43212,,,,,,
345.46545,,,,,,
345.49878,,,,,,
345.53211,,,,,,
345.56544,,,,,,
345.59877,,,,,,
345.6321,,,,,,
345.66543,,,,,,
345.69876,,,,,,
345.73209,,,,,,
345.76542,,,,,,
345.79875,,,,,,
345.83208,,,,,,
345.86541,,,,,,
345.89874,,,,,,
345.93207,,,,,,
345.9654,,,,,,
345.99873,,,,,,
346.03206,,,,,,
346.06539,,,,,,
346.09872,,,,,,
346.13205,,,,,,
346.16538,,,,,,
346.19871,,,,,,
346.23204,,,,,,
346.26537,,,,,,
346.2987,,,,,,
346.33203,,,,,,
346.36536,,,,,,
346.39869,,,,,,
346.43202,,,,,,
346.46535,,,,,,
346.49868,,,,,,
346.53201,,,,,,
346.56534,,,,,,
346.59867,,,,,,
346.632,,,,,,
346.66533,,,,,,
346.69866,,,,,,
346.73199,,,,,,
346.76532,,,,,,
346.79865,,,,,,
346.83198,,,,,,
346.86531,,,,,,
346.89864,,,,,,
346.93197,,,,,,
346.9653,,,,,,
346.99863,,,,,,
347.03196,,,,,,
347.06529,,,,,,
347.09862,,,,,,
347.13195,,,,,,
347.16528,,,,,,
347.19861,,,,,,
347.23194,,,,,,
347.26527,,,,,,
347.2986,,,,,,
347.33193,,,,,,
347.36526,,,,,,
347.39859,,,,,,
347.43192,,,,,,
347.46525,,,,,,
347.49858,,,,,,
347.53191,,,,,,
347.56524,,,,,,
347.59857,,,,,,
347.6319,,,,,,
347.66523,,,,,,
347.69856,,,,,,
347.73189,,,,,,
347.76522,,,,,,
347.79855,,,,,,
347.83188,,,,,,
347.86521,,,,,,
347.89854,,,,,,
347.93187,,,,,,
347.9652,,,,,,
347.99853,,,,,,
348.03186,,,,,,
348.06519,,,,,,
348.09852,,,,,,
348.13185,,,,,,
348.16518,,,,,,
348.19851,,,,,,
348.23184,,,,,,
348.26517,,,,,,
348.2985,,,,,,
348.33183,,,,,,
348.36516,,,,,,
348.39849,,,,,,
348.43182,,,,,,
348.46515,,,,,,
348.49848,,,,,,
348.53181,,,,,,
348.56514,,,,,,
348.59847,,,,,,
348.6318,,,,,,
348.66513,,,,,,
348.69846,,,,,,
348.73179,,,,,,
348.76512,,,,,,
348.79845,,,,,,
348.83178,,,,,,
348.86511,,,,,,
348.89844,,,,,,
348.93177,,,,,,
348.9651,,,,,,
348.99843,,,,,,
349.03176,,,,,,
349.06509,,,,,,
349.09842,,,,,,
349.13175,,,,,,
349.16508,,,,,,
349.19841,,,,,,
349.23174,,,,,,
349.26507,,,,,,
349.2984,,,,,,
349.33173,,,,,,
349.36506,,,,,,
349.39839,,,,,,
349.43172,,,,,,
349.46505,,,,,,
349.49838,,,,,,
349.53171,,,,,,
349.56504,,,,,,
349.59837,,,,,,
349.6317,,,,,,
349.66503,,,,,,
349.69836,,,,,,
349.73169,,,,,,
349.76502,,,,,,
349.79835,,,,,,
349.83168,,,,,,
349.86501,,,,,,
349.89834,,,,,,
349.93167,,,,,,
349.965,,,,,,
349.99833,,,,,,
350.03166,,,,,,
350.06499,,,,,,
350.09832,,,,,,
350.13165,,,,,,
350.16498,,,,,,
350.19831,,,,,,
350.23164,,,,,,
350.26497,,,,,,
350.2983,,,,,,
350.33163,,,,,,
350.36496,,,,,,
350.39829,,,,,,
350.43162,,,,,,
350.46495,,,,,,
350.49828,,,,,,
350.53161,,,,,,
350.56494,,,,,,
350.59827,,,,,,
350.6316,,,,,,
350.66493,,,,,,
350.69826,,,,,,
350.73159,,,,,,
350.76492,,,,,,
350.79825,,,,,,
350.83158,,,,,,
350.86491,,,,,,
350.89824,,,,,,
350.93157,,,,,,
350.9649,,,,,,
350.99823,,,,,,
351.03156,,,,,,
351.06489,,,,,,
351.09822,,,,,,
351.13155,,,,,,
351.16488,,,,,,
351.19821,,,,,,
351.23154,,,,,,
351.26487,,,,,,
351.2982,,,,,,
351.33153,,,,,,
351.36486,,,,,,
351.39819,,,,,,
351.43152,,,,,,
351.46485,,,,,,
351.49818,,,,,,
351.53151,,,,,,
351.56484,,,,,,
351.59817,,,,,,
351.6315,,,,,,
351.66483,,,,,,
351.69816,,,,,,
351.73149,,,,,,
351.76482,,,,,,
351.79815,,,,,,
351.83148,,,,,,
351.86481,,,,,,
351.89814,,,,,,
351.93147,,,,,,
351.9648,,,,,,
351.99813,,,,,,
352.03146,,,,,,
352.06479,,,,,,
352.09812,,,,,,
352.13145,,,,,,
352.16478,,,,,,
352.19811,,,,,,
352.23144,,,,,,
352.26477,,,,,,
352.2981,,,,,,
352.33143,,,,,,
352.36476,,,,,,
352.39809,,,,,,
352.43142,,,,,,
352.46475,,,,,,
352.49808,,,,,,
352.53141,,,,,,
352.56474,,,,,,
352.59807,,,,,,
352.6314,,,,,,
352.66473,,,,,,
352.69806,,,,,,
352.73139,,,,,,
352.76472,,,,,,
352.79805,,,,,,
352.83138,,,,,,
352.86471,,,,,,
352.89804,,,,,,
352.93137,,,,,,
352.9647,,,,,,
352.99803,,,,,,
353.03136,,,,,,
353.06469,,,,,,
353.09802,,,,,,
353.13135,,,,,,
353.16468,,,,,,
353.19801,,,,,,
353.23134,,,,,,
353.26467,,,,,,
353.298,,,,,,
353.33133,,,,,,
353.36466,,,,,,
353.39799,,,,,,
353.43132,,,,,,
353.46465,,,,,,
353.49798,,,,,,
353.53131,,,,,,
353.56464,,,,,,
353.59797,,,,,,
353.6313,,,,,,
353.66463,,,,,,
353.69796,,,,,,
353.73129,,,,,,
353.76462,,,,,,
353.79795,,,,,,
353.83128,,,,,,
353.86461,,,,,,
353.89794,,,,,,
353.93127,,,,,,
353.9646,,,,,,
353.99793,,,,,,
354.03126,,,,,,
354.06459,,,,,,
354.09792,,,,,,
354.13125,,,,,,
354.16458,,,,,,
354.19791,,,,,,
354.23124,,,,,,
354.26457,,,,,,
354.2979,,,,,,
354.33123,,,,,,
354.36456,,,,,,
354.39789,,,,,,
354.43122,,,,,,
354.46455,,,,,,
354.49788,,,,,,
354.53121,,,,,,
354.56454,,,,,,
354.59787,,,,,,
354.6312,,,,,,
354.66453,,,,,,
354.69786,,,,,,
354.73119,,,,,,
354.76452,,,,,,
354.79785,,,,,,
354.83118,,,,,,
354.86451,,,,,,
354.89784,,,,,,
354.93117,,,,,,
354.9645,,,,,,
354.99783,,,,,,
355.03116,,,,,,
355.06449,,,,,,
355.09782,,,,,,
355.13115,,,,,,
355.16448,,,,,,
355.19781,,,,,,
355.23114,,,,,,
355.26447,,,,,,
355.2978,,,,,,
355.33113,,,,,,
355.36446,,,,,,
355.39779,,,,,,
355.43112,,,,,,
355.46445,,,,,,
355.49778,,,,,,
355.53111,,,,,,
355.56444,,,,,,
355.59777,,,,,,
355.6311,,,,,,
355.66443,,,,,,
355.69776,,,,,,
355.73109,,,,,,
355.76442,,,,,,
355.79775,,,,,,
355.83108,,,,,,
355.86441,,,,,,
355.89774,,,,,,
355.93107,,,,,,
355.9644,,,,,,
355.99773,,,,,,
356.03106,,,,,,
356.06439,,,,,,
356.09772,,,,,,
356.13105,,,,,,
356.16438,,,,,,
356.19771,,,,,,
356.23104,,,,,,
356.26437,,,,,,
356.2977,,,,,,
356.33103,,,,,,
356.36436,,,,,,
356.39769,,,,,,
356.43102,,,,,,
356.46435,,,,,,
356.49768,,,,,,
356.53101,,,,,,
356.56434,,,,,,
356.59767,,,,,,
356.631,,,,,,
356.66433,,,,,,
356.69766,,,,,,
356.73099,,,,,,
356.76432,,,,,,
356.79765,,,,,,
356.83098,,,,,,
356.86431,,,,,,
356.89764,,,,,,
356.93097,,,,,,
356.9643,,,,,,
356.99763,,,,,,
357.03096,,,,,,
357.06429,,,,,,
357.09762,,,,,,
357.13095,,,,,,
357.16428,,,,,,
357.19761,,,,,,
357.23094,,,,,,
357.26427,,,,,,
357.2976,,,,,,
357.33093,,,,,,
357.36426,,,,,,
357.39759,,,,,,
357.43092,,,,,,
357.46425,,,,,,
357.49758,,,,,,
357.53091,,,,,,
357.56424,,,,,,
357.59757,,,,,,
357.6309,,,,,,
357.66423,,,,,,
357.69756,,,,,,
357.73089,,,,,,
357.76422,,,,,,
357.79755,,,,,,
357.83088,,,,,,
357.86421,,,,,,
357.89754,,,,,,
357.93087,,,,,,
357.9642,,,,,,
357.99753,,,,,,
358.03086,,,,,,
358.06419,,,,,,
358.09752,,,,,,
358.13085,,,,,,
358.16418,,,,,,
358.19751,,,,,,
358.23084,,,,,,
358.26417,,,,,,
358.2975,,,,,,
358.33083,,,,,,
358.36416,,,,,,
358.39749,,,,,,
358.43082,,,,,,
358.46415,,,,,,
358.49748,,,,,,
358.53081,,,,,,
358.56414,,,,,,
358.59747,,,,,,
358.6308,,,,,,
358.66413,,,,,,
358.69746,,,,,,
358.73079,,,,,,
358.76412,,,,,,
358.79745,,,,,,
358.83078,,,,,,
358.86411,,,,,,
358.89744,,,,,,
358.93077,,,,,,
358.9641,,,,,,
358.99743,,,,,,
359.03076,,,,,,
359.06409,,,,,,
359.09742,,,,,,
359.13075,,,,,,
359.16408,,,,,,
359.19741,,,,,,
359.23074,,,,,,
359.26407,,,,,,
359.2974,,,,,,
359.33073,,,,,,
359.36406,,,,,,
359.39739,,,,,,
359.43072,,,,,,
359.46405,,,,,,
359.49738,,,,,,
359.53071,,,,,,
359.56404,,,,,,
359.59737,,,,,,
359.6307,,,,,,
359.66403,,,,,,
359.69736,,,,,,
359.73069,,,,,,
359.76402,,,,,,
359.79735,,,,,,
359.83068,,,,,,
359.86401,,,,,,
359.89734,,,,,,
359.93067,,,,,,
359.964,,,,,,
359.99733,,,,,,
360.03066,,,,,,
360.06399,,,,,,
360.09732,,,,,,
360.13065,,,,,,
360.16398,,,,,,
360.19731,,,,,,
360.23064,,,,,,
360.26397,,,,,,
360.2973,,,,,,
360.33063,,,,,,
360.36396,,,,,,
360.39729,,,,,,
360.43062,,,,,,
360.46395,,,,,,
360.49728,,,,,,
360.53061,,,,,,
360.56394,,,,,,
360.59727,,,,,,
360.6306,,,,,,
360.66393,,,,,,
360.69726,,,,,,
360.73059,,,,,,
360.76392,,,,,,
360.79725,,,,,,
360.83058,,,,,,
360.86391,,,,,,
360.89724,,,,,,
360.93057,,,,,,
360.9639,,,,,,
360.99723,,,,,,
361.03056,,,,,,
361.06389,,,,,,
361.09722,,,,,,
361.13055,,,,,,
361.16388,,,,,,
361.19721,,,,,,
361.23054,,,,,,
361.26387,,,,,,
361.2972,,,,,,
361.33053,,,,,,
361.36386,,,,,,
361.39719,,,,,,
361.43052,,,,,,
361.46385,,,,,,
361.49718,,,,,,
361.53051,,,,,,
361.56384,,,,,,
361.59717,,,,,,
361.6305,,,,,,
361.66383,,,,,,
361.69716,,,,,,
361.73049,,,,,,
361.76382,,,,,,
361.79715,,,,,,
361.83048,,,,,,
361.86381,,,,,,
361.89714,,,,,,
361.93047,,,,,,
361.9638,,,,,,
361.99713,,,,,,
362.03046,,,,,,
362.06379,,,,,,
362.09712,,,,,,
362.13045,,,,,,
362.16378,,,,,,
362.19711,,,,,,
362.23044,,,,,,
362.26377,,,,,,
362.2971,,,,,,
362.33043,,,,,,
362.36376,,,,,,
362.39709,,,,,,
362.43042,,,,,,
362.46375,,,,,,
362.49708,,,,,,
362.53041,,,,,,
362.56374,,,,,,
362.59707,,,,,,
362.6304,,,,,,
362.66373,,,,,,
362.69706,,,,,,
362.73039,,,,,,
362.76372,,,,,,
362.79705,,,,,,
362.83038,,,,,,
362.86371,,,,,,
362.89704,,,,,,
362.93037,,,,,,
362.9637,,,,,,
362.99703,,,,,,
363.03036,,,,,,
363.06369,,,,,,
363.09702,,,,,,
363.13035,,,,,,
363.16368,,,,,,
363.19701,,,,,,
363.23034,,,,,,
363.26367,,,,,,
363.297,,,,,,
363.33033,,,,,,
363.36366,,,,,,
363.39699,,,,,,
363.43032,,,,,,
363.46365,,,,,,
363.49698,,,,,,
363.53031,,,,,,
363.56364,,,,,,
363.59697,,,,,,
363.6303,,,,,,
363.66363,,,,,,
363.69696,,,,,,
363.73029,,,,,,
363.76362,,,,,,
363.79695,,,,,,
363.83028,,,,,,
363.86361,,,,,,
363.89694,,,,,,
363.93027,,,,,,
363.9636,,,,,,
363.99693,,,,,,
364.03026,,,,,,
364.06359,,,,,,
364.09692,,,,,,
364.13025,,,,,,
364.16358,,,,,,
364.19691,,,,,,
364.23024,,,,,,
364.26357,,,,,,
364.2969,,,,,,
364.33023,,,,,,
364.36356,,,,,,
364.39689,,,,,,
364.43022,,,,,,
364.46355,,,,,,
364.49688,,,,,,
364.53021,,,,,,
364.56354,,,,,,
364.59687,,,,,,
364.6302,,,,,,
364.66353,,,,,,
364.69686,,,,,,
364.73019,,,,,,
364.76352,,,,,,
364.79685,,,,,,
364.83018,,,,,,
364.86351,,,,,,
364.89684,,,,,,
364.93017,,,,,,
364.9635,,,,,,
364.99683,,,,,,
365.03016,,,,,,
365.06349,,,,,,
365.09682,,,,,,
365.13015,,,,,,
365.16348,,,,,,
365.19681,,,,,,
365.23014,,,,,,
365.26347,,,,,,
365.2968,,,,,,
365.33013,,,,,,
365.36346,,,,,,
365.39679,,,,,,
365.43012,,,,,,
365.46345,,,,,,
365.49678,,,,,,
365.53011,,,,,,
365.56344,,,,,,
365.59677,,,,,,
365.6301,,,,,,
365.66343,,,,,,
365.69676,,,,,,
365.73009,,,,,,
365.76342,,,,,,
365.79675,,,,,,
365.83008,,,,,,
365.86341,,,,,,
365.89674,,,,,,
365.93007,,,,,,
365.9634,,,,,,
365.99673,,,,,,
366.03006,,,,,,
366.06339,,,,,,
366.09672,,,,,,
366.13005,,,,,,
366.16338,,,,,,
366.19671,,,,,,
366.23004,,,,,,
366.26337,,,,,,
366.2967,,,,,,
366.33003,,,,,,
366.36336,,,,,,
366.39669,,,,,,
366.43002,,,,,,
366.46335,,,,,,
366.49668,,,,,,
366.53001,,,,,,
366.56334,,,,,,
366.59667,,,,,,
366.63,,,,,,
366.66333,,,,,,
366.69666,,,,,,
366.72999,,,,,,
366.76332,,,,,,
366.79665,,,,,,
366.82998,,,,,,
366.86331,,,,,,
366.89664,,,,,,
366.92997,,,,,,
366.9633,,,,,,
366.99663,,,,,,
367.02996,,,,,,
367.06329,,,,,,
367.09662,,,,,,
367.12995,,,,,,
367.16328,,,,,,
367.19661,,,,,,
367.22994,,,,,,
367.26327,,,,,,
367.2966,,,,,,
367.32993,,,,,,
367.36326,,,,,,
367.39659,,,,,,
367.42992,,,,,,
367.46325,,,,,,
367.49658,,,,,,
367.52991,,,,,,
367.56324,,,,,,
367.59657,,,,,,
367.6299,,,,,,
367.66323,,,,,,
367.69656,,,,,,
367.72989,,,,,,
367.76322,,,,,,
367.79655,,,,,,
367.82988,,,,,,
367.86321,,,,,,
367.89654,,,,,,
367.92987,,,,,,
367.9632,,,,,,
367.99653,,,,,,
368.02986,,,,,,
368.06319,,,,,,
368.09652,,,,,,
368.12985,,,,,,
368.16318,,,,,,
368.19651,,,,,,
368.22984,,,,,,
368.26317,,,,,,
368.2965,,,,,,
368.32983,,,,,,
368.36316,,,,,,
368.39649,,,,,,
368.42982,,,,,,
368.46315,,,,,,
368.49648,,,,,,
368.52981,,,,,,
368.56314,,,,,,
368.59647,,,,,,
368.6298,,,,,,
368.66313,,,,,,
368.69646,,,,,,
368.72979,,,,,,
368.76312,,,,,,
368.79645,,,,,,
368.82978,,,,,,
368.86311,,,,,,
368.89644,,,,,,
368.92977,,,,,,
368.9631,,,,,,
368.99643,,,,,,
369.02976,,,,,,
369.06309,,,,,,
369.09642,,,,,,
369.12975,,,,,,
369.16308,,,,,,
369.19641,,,,,,
369.22974,,,,,,
369.26307,,,,,,
369.2964,,,,,,
369.32973,,,,,,
369.36306,,,,,,
369.39639,,,,,,
369.42972,,,,,,
369.46305,,,,,,
369.49638,,,,,,
369.52971,,,,,,
369.56304,,,,,,
369.59637,,,,,,
369.6297,,,,,,
369.66303,,,,,,
369.69636,,,,,,
369.72969,,,,,,
369.76302,,,,,,
369.79635,,,,,,
369.82968,,,,,,
369.86301,,,,,,
369.89634,,,,,,
369.92967,,,,,,
369.963,,,,,,
369.99633,,,,,,
370.02966,,,,,,
370.06299,,,,,,
370.09632,,,,,,
370.12965,,,,,,
370.16298,,,,,,
370.19631,,,,,,
370.22964,,,,,,
370.26297,,,,,,
370.2963,,,,,,
370.32963,,,,,,
370.36296,,,,,,
370.39629,,,,,,
370.42962,,,,,,
370.46295,,,,,,
370.49628,,,,,,
370.52961,,,,,,
370.56294,,,,,,
370.59627,,,,,,
370.6296,,,,,,
370.66293,,,,,,
370.69626,,,,,,
370.72959,,,,,,
370.76292,,,,,,
370.79625,,,,,,
370.82958,,,,,,
370.86291,,,,,,
370.89624,,,,,,
370.92957,,,,,,
370.9629,,,,,,
370.99623,,,,,,
371.02956,,,,,,
371.06289,,,,,,
371.09622,,,,,,
371.12955,,,,,,
371.16288,,,,,,
371.19621,,,,,,
371.22954,,,,,,
371.26287,,,,,,
371.2962,,,,,,
371.32953,,,,,,
371.36286,,,,,,
371.39619,,,,,,
371.42952,,,,,,
371.46285,,,,,,
371.49618,,,,,,
371.52951,,,,,,
371.56284,,,,,,
371.59617,,,,,,
371.6295,,,,,,
371.66283,,,,,,
371.69616,,,,,,
371.72949,,,,,,
371.76282,,,,,,
371.79615,,,,,,
371.82948,,,,,,
371.86281,,,,,,
371.89614,,,,,,
371.92947,,,,,,
371.9628,,,,,,
371.99613,,,,,,
372.02946,,,,,,
372.06279,,,,,,
372.09612,,,,,,
372.12945,,,,,,
372.16278,,,,,,
372.19611,,,,,,
372.22944,,,,,,
372.26277,,,,,,
372.2961,,,,,,
372.32943,,,,,,
372.36276,,,,,,
372.39609,,,,,,
372.42942,,,,,,
372.46275,,,,,,
372.49608,,,,,,
372.52941,,,,,,
372.56274,,,,,,
372.59607,,,,,,
372.6294,,,,,,
372.66273,,,,,,
372.69606,,,,,,
372.72939,,,,,,
372.76272,,,,,,
372.79605,,,,,,
372.82938,,,,,,
372.86271,,,,,,
372.89604,,,,,,
372.92937,,,,,,
372.9627,,,,,,
372.99603,,,,,,
373.02936,,,,,,
373.06269,,,,,,
373.09602,,,,,,
373.12935,,,,,,
373.16268,,,,,,
373.19601,,,,,,
373.22934,,,,,,
373.26267,,,,,,
373.296,,,,,,
373.32933,,,,,,
373.36266,,,,,,
373.39599,,,,,,
373.42932,,,,,,
373.46265,,,,,,
373.49598,,,,,,
373.52931,,,,,,
373.56264,,,,,,
373.59597,,,,,,
373.6293,,,,,,
373.66263,,,,,,
373.69596,,,,,,
373.72929,,,,,,
373.76262,,,,,,
373.79595,,,,,,
373.82928,,,,,,
373.86261,,,,,,
373.89594,,,,,,
373.92927,,,,,,
373.9626,,,,,,
373.99593,,,,,,
374.02926,,,,,,
374.06259,,,,,,
374.09592,,,,,,
374.12925,,,,,,
374.16258,,,,,,
374.19591,,,,,,
374.22924,,,,,,
374.26257,,,,,,
374.2959,,,,,,
374.32923,,,,,,
374.36256,,,,,,
374.39589,,,,,,
374.42922,,,,,,
374.46255,,,,,,
374.49588,,,,,,
374.52921,,,,,,
374.56254,,,,,,
374.59587,,,,,,
374.6292,,,,,,
374.66253,,,,,,
374.69586,,,,,,
374.72919,,,,,,
374.76252,,,,,,
374.79585,,,,,,
374.82918,,,,,,
374.86251,,,,,,
374.89584,,,,,,
374.92917,,,,,,
374.9625,,,,,,
374.99583,,,,,,
375.02916,,,,,,
375.06249,,,,,,
375.09582,,,,,,
375.12915,,,,,,
375.16248,,,,,,
375.19581,,,,,,
375.22914,,,,,,
375.26247,,,,,,
375.2958,,,,,,
375.32913,,,,,,
375.36246,,,,,,
375.39579,,,,,,
375.42912,,,,,,
375.46245,,,,,,
375.49578,,,,,,
375.52911,,,,,,
375.56244,,,,,,
375.59577,,,,,,
375.6291,,,,,,
375.66243,,,,,,
375.69576,,,,,,
375.72909,,,,,,
375.76242,,,,,,
375.79575,,,,,,
375.82908,,,,,,
375.86241,,,,,,
375.89574,,,,,,
375.92907,,,,,,
375.9624,,,,,,
375.99573,,,,,,
376.02906,,,,,,
376.06239,,,,,,
376.09572,,,,,,
376.12905,,,,,,
376.16238,,,,,,
376.19571,,,,,,
376.22904,,,,,,
376.26237,,,,,,
376.2957,,,,,,
376.32903,,,,,,
376.36236,,,,,,
376.39569,,,,,,
376.42902,,,,,,
376.46235,,,,,,
376.49568,,,,,,
376.52901,,,,,,
376.56234,,,,,,
376.59567,,,,,,
376.629,,,,,,
376.66233,,,,,,
376.69566,,,,,,
376.72899,,,,,,
376.76232,,,,,,
376.79565,,,,,,
376.82898,,,,,,
376.86231,,,,,,
376.89564,,,,,,
376.92897,,,,,,
376.9623,,,,,,
376.99563,,,,,,
377.02896,,,,,,
377.06229,,,,,,
377.09562,,,,,,
377.12895,,,,,,
377.16228,,,,,,
377.19561,,,,,,
377.22894,,,,,,
377.26227,,,,,,
377.2956,,,,,,
377.32893,,,,,,
377.36226,,,,,,
377.39559,,,,,,
377.42892,,,,,,
377.46225,,,,,,
377.49558,,,,,,
377.52891,,,,,,
377.56224,,,,,,
377.59557,,,,,,
377.6289,,,,,,
377.66223,,,,,,
377.69556,,,,,,
377.72889,,,,,,
377.76222,,,,,,
377.79555,,,,,,
377.82888,,,,,,
377.86221,,,,,,
377.89554,,,,,,
377.92887,,,,,,
377.9622,,,,,,
377.99553,,,,,,
378.02886,,,,,,
378.06219,,,,,,
378.09552,,,,,,
378.12885,,,,,,
378.16218,,,,,,
378.19551,,,,,,
378.22884,,,,,,
378.26217,,,,,,
378.2955,,,,,,
378.32883,,,,,,
378.36216,,,,,,
378.39549,,,,,,
378.42882,,,,,,
378.46215,,,,,,
378.49548,,,,,,
378.52881,,,,,,
378.56214,,,,,,
378.59547,,,,,,
378.6288,,,,,,
378.66213,,,,,,
378.69546,,,,,,
378.72879,,,,,,
378.76212,,,,,,
378.79545,,,,,,
378.82878,,,,,,
378.86211,,,,,,
378.89544,,,,,,
378.92877,,,,,,
378.9621,,,,,,
378.99543,,,,,,
379.02876,,,,,,
379.06209,,,,,,
379.09542,,,,,,
379.12875,,,,,,
379.16208,,,,,,
379.19541,,,,,,
379.22874,,,,,,
379.26207,,,,,,
379.2954,,,,,,
379.32873,,,,,,
379.36206,,,,,,
379.39539,,,,,,
379.42872,,,,,,
379.46205,,,,,,
379.49538,,,,,,
379.52871,,,,,,
379.56204,,,,,,
379.59537,,,,,,
379.6287,,,,,,
379.66203,,,,,,
379.69536,,,,,,
379.72869,,,,,,
379.76202,,,,,,
379.79535,,,,,,
379.82868,,,,,,
379.86201,,,,,,
379.89534,,,,,,
379.92867,,,,,,
379.962,,,,,,
379.99533,,,,,,
380.02866,,,,,,
380.06199,,,,,,
380.09532,,,,,,
380.12865,,,,,,
380.16198,,,,,,
380.19531,,,,,,
380.22864,,,,,,
380.26197,,,,,,
380.2953,,,,,,
380.32863,,,,,,
380.36196,,,,,,
380.39529,,,,,,
380.42862,,,,,,
380.46195,,,,,,
380.49528,,,,,,
380.52861,,,,,,
380.56194,,,,,,
380.59527,,,,,,
380.6286,,,,,,
380.66193,,,,,,
380.69526,,,,,,
380.72859,,,,,,
380.76192,,,,,,
380.79525,,,,,,
380.82858,,,,,,
380.86191,,,,,,
380.89524,,,,,,
380.92857,,,,,,
380.9619,,,,,,
380.99523,,,,,,
381.02856,,,,,,
381.06189,,,,,,
381.09522,,,,,,
381.12855,,,,,,
381.16188,,,,,,
381.19521,,,,,,
381.22854,,,,,,
381.26187,,,,,,
381.2952,,,,,,
381.32853,,,,,,
381.36186,,,,,,
381.39519,,,,,,
381.42852,,,,,,
381.46185,,,,,,
381.49518,,,,,,
381.52851,,,,,,
381.56184,,,,,,
381.59517,,,,,,
381.6285,,,,,,
381.66183,,,,,,
381.69516,,,,,,
381.72849,,,,,,
381.76182,,,,,,
381.79515,,,,,,
381.82848,,,,,,
381.86181,,,,,,
381.89514,,,,,,
381.92847,,,,,,
381.9618,,,,,,
381.99513,,,,,,
382.02846,,,,,,
382.06179,,,,,,
382.09512,,,,,,
382.12845,,,,,,
382.16178,,,,,,
382.19511,,,,,,
382.22844,,,,,,
382.26177,,,,,,
382.2951,,,,,,
382.32843,,,,,,
382.36176,,,,,,
382.39509,,,,,,
382.42842,,,,,,
382.46175,,,,,,
382.49508,,,,,,
382.52841,,,,,,
382.56174,,,,,,
382.59507,,,,,,
382.6284,,,,,,
382.66173,,,,,,
382.69506,,,,,,
382.72839,,,,,,
382.76172,,,,,,
382.79505,,,,,,
382.82838,,,,,,
382.86171,,,,,,
382.89504,,,,,,
382.92837,,,,,,
382.9617,,,,,,
382.99503,,,,,,
383.02836,,,,,,
383.06169,,,,,,
383.09502,,,,,,
383.12835,,,,,,
383.16168,,,,,,
383.19501,,,,,,
383.22834,,,,,,
383.26167,,,,,,
383.295,,,,,,
383.32833,,,,,,
383.36166,,,,,,
383.39499,,,,,,
383.42832,,,,,,
383.46165,,,,,,
383.49498,,,,,,
383.52831,,,,,,
383.56164,,,,,,
383.59497,,,,,,
383.6283,,,,,,
383.66163,,,,,,
383.69496,,,,,,
383.72829,,,,,,
383.76162,,,,,,
383.79495,,,,,,
383.82828,,,,,,
383.86161,,,,,,
383.89494,,,,,,
383.92827,,,,,,
383.9616,,,,,,
383.99493,,,,,,
384.02826,,,,,,
384.06159,,,,,,
384.09492,,,,,,
384.12825,,,,,,
384.16158,,,,,,
384.19491,,,,,,
384.22824,,,,,,
384.26157,,,,,,
384.2949,,,,,,
384.32823,,,,,,
384.36156,,,,,,
384.39489,,,,,,
384.42822,,,,,,
384.46155,,,,,,
384.49488,,,,,,
384.52821,,,,,,
384.56154,,,,,,
384.59487,,,,,,
384.6282,,,,,,
384.66153,,,,,,
384.69486,,,,,,
384.72819,,,,,,
384.76152,,,,,,
384.79485,,,,,,
384.82818,,,,,,
384.86151,,,,,,
384.89484,,,,,,
384.92817,,,,,,
384.9615,,,,,,
384.99483,,,,,,
385.02816,,,,,,
385.06149,,,,,,
385.09482,,,,,,
385.12815,,,,,,
385.16148,,,,,,
385.19481,,,,,,
385.22814,,,,,,
385.26147,,,,,,
385.2948,,,,,,
385.32813,,,,,,
385.36146,,,,,,
385.39479,,,,,,
385.42812,,,,,,
385.46145,,,,,,
385.49478,,,,,,
385.52811,,,,,,
385.56144,,,,,,
385.59477,,,,,,
385.6281,,,,,,
385.66143,,,,,,
385.69476,,,,,,
385.72809,,,,,,
385.76142,,,,,,
385.79475,,,,,,
385.82808,,,,,,
385.86141,,,,,,
385.89474,,,,,,
385.92807,,,,,,
385.9614,,,,,,
385.99473,,,,,,
386.02806,,,,,,
386.06139,,,,,,
386.09472,,,,,,
386.12805,,,,,,
386.16138,,,,,,
386.19471,,,,,,
386.22804,,,,,,
386.26137,,,,,,
386.2947,,,,,,
386.32803,,,,,,
386.36136,,,,,,
386.39469,,,,,,
386.42802,,,,,,
386.46135,,,,,,
386.49468,,,,,,
386.52801,,,,,,
386.56134,,,,,,
386.59467,,,,,,
386.628,,,,,,
386.66133,,,,,,
386.69466,,,,,,
386.72799,,,,,,
386.76132,,,,,,
386.79465,,,,,,
386.82798,,,,,,
386.86131,,,,,,
386.89464,,,,,,
386.92797,,,,,,
386.9613,,,,,,
386.99463,,,,,,
387.02796,,,,,,
387.06129,,,,,,
387.09462,,,,,,
387.12795,,,,,,
387.16128,,,,,,
387.19461,,,,,,
387.22794,,,,,,
387.26127,,,,,,
387.2946,,,,,,
387.32793,,,,,,
387.36126,,,,,,
387.39459,,,,,,
387.42792,,,,,,
387.46125,,,,,,
387.49458,,,,,,
387.52791,,,,,,
387.56124,,,,,,
387.59457,,,,,,
387.6279,,,,,,
387.66123,,,,,,
387.69456,,,,,,
387.72789,,,,,,
387.76122,,,,,,
387.79455,,,,,,
387.82788,,,,,,
387.86121,,,,,,
387.89454,,,,,,
387.92787,,,,,,
387.9612,,,,,,
387.99453,,,,,,
388.02786,,,,,,
388.06119,,,,,,
388.09452,,,,,,
388.12785,,,,,,
388.16118,,,,,,
388.19451,,,,,,
388.22784,,,,,,
388.26117,,,,,,
388.2945,,,,,,
388.32783,,,,,,
388.36116,,,,,,
388.39449,,,,,,
388.42782,,,,,,
388.46115,,,,,,
388.49448,,,,,,
388.52781,,,,,,
388.56114,,,,,,
388.59447,,,,,,
388.6278,,,,,,
388.66113,,,,,,
388.69446,,,,,,
388.72779,,,,,,
388.76112,,,,,,
388.79445,,,,,,
388.82778,,,,,,
388.86111,,,,,,
388.89444,,,,,,
388.92777,,,,,,
388.9611,,,,,,
388.99443,,,,,,
389.02776,,,,,,
389.06109,,,,,,
389.09442,,,,,,
389.12775,,,,,,
389.16108,,,,,,
389.19441,,,,,,
389.22774,,,,,,
389.26107,,,,,,
389.2944,,,,,,
389.32773,,,,,,
389.36106,,,,,,
389.39439,,,,,,
389.42772,,,,,,
389.46105,,,,,,
389.49438,,,,,,
389.52771,,,,,,
389.56104,,,,,,
389.59437,,,,,,
389.6277,,,,,,
389.66103,,,,,,
389.69436,,,,,,
389.72769,,,,,,
389.76102,,,,,,
389.79435,,,,,,
389.82768,,,,,,
389.86101,,,,,,
389.89434,,,,,,
389.92767,,,,,,
389.961,,,,,,
389.99433,,,,,,
390.02766,,,,,,
390.06099,,,,,,
390.09432,,,,,,
390.12765,,,,,,
390.16098,,,,,,
390.19431,,,,,,
390.22764,,,,,,
390.26097,,,,,,
390.2943,,,,,,
390.32763,,,,,,
390.36096,,,,,,
390.39429,,,,,,
390.42762,,,,,,
390.46095,,,,,,
390.49428,,,,,,
390.52761,,,,,,
390.56094,,,,,,
390.59427,,,,,,
390.6276,,,,,,
390.66093,,,,,,
390.69426,,,,,,
390.72759,,,,,,
390.76092,,,,,,
390.79425,,,,,,
390.82758,,,,,,
390.86091,,,,,,
390.89424,,,,,,
390.92757,,,,,,
390.9609,,,,,,
390.99423,,,,,,
391.02756,,,,,,
391.06089,,,,,,
391.09422,,,,,,
391.12755,,,,,,
391.16088,,,,,,
391.19421,,,,,,
391.22754,,,,,,
391.26087,,,,,,
391.2942,,,,,,
391.32753,,,,,,
391.36086,,,,,,
391.39419,,,,,,
391.42752,,,,,,
391.46085,,,,,,
391.49418,,,,,,
391.52751,,,,,,
391.56084,,,,,,
391.59417,,,,,,
391.6275,,,,,,
391.66083,,,,,,
391.69416,,,,,,
391.72749,,,,,,
391.76082,,,,,,
391.79415,,,,,,
391.82748,,,,,,
391.86081,,,,,,
391.89414,,,,,,
391.92747,,,,,,
391.9608,,,,,,
391.99413,,,,,,
392.02746,,,,,,
392.06079,,,,,,
392.09412,,,,,,
392.12745,,,,,,
392.16078,,,,,,
392.19411,,,,,,
392.22744,,,,,,
392.26077,,,,,,
392.2941,,,,,,
392.32743,,,,,,
392.36076,,,,,,
392.39409,,,,,,
392.42742,,,,,,
392.46075,,,,,,
392.49408,,,,,,
392.52741,,,,,,
392.56074,,,,,,
392.59407,,,,,,
392.6274,,,,,,
392.66073,,,,,,
392.69406,,,,,,
392.72739,,,,,,
392.76072,,,,,,
392.79405,,,,,,
392.82738,,,,,,
392.86071,,,,,,
392.89404,,,,,,
392.92737,,,,,,
392.9607,,,,,,
392.99403,,,,,,
393.02736,,,,,,
393.06069,,,,,,
393.09402,,,,,,
393.12735,,,,,,
393.16068,,,,,,
393.19401,,,,,,
393.22734,,,,,,
393.26067,,,,,,
393.294,,,,,,
393.32733,,,,,,
393.36066,,,,,,
393.39399,,,,,,
393.42732,,,,,,
393.46065,,,,,,
393.49398,,,,,,
393.52731,,,,,,
393.56064,,,,,,
393.59397,,,,,,
393.6273,,,,,,
393.66063,,,,,,
393.69396,,,,,,
393.72729,,,,,,
393.76062,,,,,,
393.79395,,,,,,
393.82728,,,,,,
393.86061,,,,,,
393.89394,,,,,,
393.92727,,,,,,
393.9606,,,,,,
393.99393,,,,,,
394.02726,,,,,,
394.06059,,,,,,
394.09392,,,,,,
394.12725,,,,,,
394.16058,,,,,,
394.19391,,,,,,
394.22724,,,,,,
394.26057,,,,,,
394.2939,,,,,,
394.32723,,,,,,
394.36056,,,,,,
394.39389,,,,,,
394.42722,,,,,,
394.46055,,,,,,
394.49388,,,,,,
394.52721,,,,,,
394.56054,,,,,,
394.59387,,,,,,
394.6272,,,,,,
394.66053,,,,,,
394.69386,,,,,,
394.72719,,,,,,
394.76052,,,,,,
394.79385,,,,,,
394.82718,,,,,,
394.86051,,,,,,
394.89384,,,,,,
394.92717,,,,,,
394.9605,,,,,,
394.99383,,,,,,
395.02716,,,,,,
395.06049,,,,,,
395.09382,,,,,,
395.12715,,,,,,
395.16048,,,,,,
395.19381,,,,,,
395.22714,,,,,,
395.26047,,,,,,
395.2938,,,,,,
395.32713,,,,,,
395.36046,,,,,,
395.39379,,,,,,
395.42712,,,,,,
395.46045,,,,,,
395.49378,,,,,,
395.52711,,,,,,
395.56044,,,,,,
395.59377,,,,,,
395.6271,,,,,,
395.66043,,,,,,
395.69376,,,,,,
395.72709,,,,,,
395.76042,,,,,,
395.79375,,,,,,
395.82708,,,,,,
395.86041,,,,,,
395.89374,,,,,,
395.92707,,,,,,
395.9604,,,,,,
395.99373,,,,,,
396.02706,,,,,,
396.06039,,,,,,
396.09372,,,,,,
396.12705,,,,,,
396.16038,,,,,,
396.19371,,,,,,
396.22704,,,,,,
396.26037,,,,,,
396.2937,,,,,,
396.32703,,,,,,
396.36036,,,,,,
396.39369,,,,,,
396.42702,,,,,,
396.46035,,,,,,
396.49368,,,,,,
396.52701,,,,,,
396.56034,,,,,,
396.59367,,,,,,
396.627,,,,,,
396.66033,,,,,,
396.69366,,,,,,
396.72699,,,,,,
396.76032,,,,,,
396.79365,,,,,,
396.82698,,,,,,
396.86031,,,,,,
396.89364,,,,,,
396.92697,,,,,,
396.9603,,,,,,
396.99363,,,,,,
397.02696,,,,,,
397.06029,,,,,,
397.09362,,,,,,
397.12695,,,,,,
397.16028,,,,,,
397.19361,,,,,,
397.22694,,,,,,
397.26027,,,,,,
397.2936,,,,,,
397.32693,,,,,,
397.36026,,,,,,
397.39359,,,,,,
397.42692,,,,,,
397.46025,,,,,,
397.49358,,,,,,
397.52691,,,,,,
397.56024,,,,,,
397.59357,,,,,,
397.6269,,,,,,
397.66023,,,,,,
397.69356,,,,,,
397.72689,,,,,,
397.76022,,,,,,
397.79355,,,,,,
397.82688,,,,,,
397.86021,,,,,,
397.89354,,,,,,
397.92687,,,,,,
397.9602,,,,,,
397.99353,,,,,,
398.02686,,,,,,
398.06019,,,,,,
398.09352,,,,,,
398.12685,,,,,,
398.16018,,,,,,
398.19351,,,,,,
398.22684,,,,,,
398.26017,,,,,,
398.2935,,,,,,
398.32683,,,,,,
398.36016,,,,,,
398.39349,,,,,,
398.42682,,,,,,
398.46015,,,,,,
398.49348,,,,,,
398.52681,,,,,,
398.56014,,,,,,
398.59347,,,,,,
398.6268,,,,,,
398.66013,,,,,,
398.69346,,,,,,
398.72679,,,,,,
398.76012,,,,,,
398.79345,,,,,,
398.82678,,,,,,
398.86011,,,,,,
398.89344,,,,,,
398.92677,,,,,,
398.9601,,,,,,
398.99343,,,,,,
399.02676,,,,,,
399.06009,,,,,,
399.09342,,,,,,
399.12675,,,,,,
399.16008,,,,,,
399.19341,,,,,,
399.22674,,,,,,
399.26007,,,,,,
399.2934,,,,,,
399.32673,,,,,,
399.36006,,,,,,
399.39339,,,,,,
399.42672,,,,,,
399.46005,,,,,,
399.49338,,,,,,
399.52671,,,,,,
399.56004,,,,,,
399.59337,,,,,,
399.6267,,,,,,
399.66003,,,,,,
399.69336,,,,,,
399.72669,,,,,,
399.76002,,,,,,
399.79335,,,,,,
399.82668,,,,,,
399.86001,,,,,,
399.89334,,,,,,
399.92667,,,,,,
399.96,,,,,,
399.99333,,,,,,
400.02666,,,,,,
400.05999,,,,,,
400.09332,,,,,,
400.12665,,,,,,
400.15998,,,,,,
400.19331,,,,,,
400.22664,,,,,,
400.25997,,,,,,
400.2933,,,,,,
400.32663,,,,,,
400.35996,,,,,,
400.39329,,,,,,
400.42662,,,,,,
400.45995,,,,,,
400.49328,,,,,,
400.52661,,,,,,
400.55994,,,,,,
400.59327,,,,,,
400.6266,,,,,,
400.65993,,,,,,
400.69326,,,,,,
400.72659,,,,,,
400.75992,,,,,,
400.79325,,,,,,
400.82658,,,,,,
400.85991,,,,,,
400.89324,,,,,,
400.92657,,,,,,
400.9599,,,,,,
400.99323,,,,,,
401.02656,,,,,,
401.05989,,,,,,
401.09322,,,,,,
401.12655,,,,,,
401.15988,,,,,,
401.19321,,,,,,
401.22654,,,,,,
401.25987,,,,,,
401.2932,,,,,,
401.32653,,,,,,
401.35986,,,,,,
401.39319,,,,,,
401.42652,,,,,,
401.45985,,,,,,
401.49318,,,,,,
401.52651,,,,,,
401.55984,,,,,,
401.59317,,,,,,
401.6265,,,,,,
401.65983,,,,,,
401.69316,,,,,,
401.72649,,,,,,
401.75982,,,,,,
401.79315,,,,,,
401.82648,,,,,,
401.85981,,,,,,
401.89314,,,,,,
401.92647,,,,,,
401.9598,,,,,,
401.99313,,,,,,
402.02646,,,,,,
402.05979,,,,,,
402.09312,,,,,,
402.12645,,,,,,
402.15978,,,,,,
402.19311,,,,,,
402.22644,,,,,,
402.25977,,,,,,
402.2931,,,,,,
402.32643,,,,,,
402.35976,,,,,,
402.39309,,,,,,
402.42642,,,,,,
402.45975,,,,,,
402.49308,,,,,,
402.52641,,,,,,
402.55974,,,,,,
402.59307,,,,,,
402.6264,,,,,,
402.65973,,,,,,
402.69306,,,,,,
402.72639,,,,,,
402.75972,,,,,,
402.79305,,,,,,
402.82638,,,,,,
402.85971,,,,,,
402.89304,,,,,,
402.92637,,,,,,
402.9597,,,,,,
402.99303,,,,,,
403.02636,,,,,,
403.05969,,,,,,
403.09302,,,,,,
403.12635,,,,,,
403.15968,,,,,,
403.19301,,,,,,
403.22634,,,,,,
403.25967,,,,,,
403.293,,,,,,
403.32633,,,,,,
403.35966,,,,,,
403.39299,,,,,,
403.42632,,,,,,
403.45965,,,,,,
403.49298,,,,,,
403.52631,,,,,,
403.55964,,,,,,
403.59297,,,,,,
403.6263,,,,,,
403.65963,,,,,,
403.69296,,,,,,
403.72629,,,,,,
403.75962,,,,,,
403.79295,,,,,,
403.82628,,,,,,
403.85961,,,,,,
403.89294,,,,,,
403.92627,,,,,,
403.9596,,,,,,
403.99293,,,,,,
404.02626,,,,,,
404.05959,,,,,,
404.09292,,,,,,
404.12625,,,,,,
404.15958,,,,,,
404.19291,,,,,,
404.22624,,,,,,
404.25957,,,,,,
404.2929,,,,,,
404.32623,,,,,,
404.35956,,,,,,
404.39289,,,,,,
404.42622,,,,,,
404.45955,,,,,,
404.49288,,,,,,
404.52621,,,,,,
404.55954,,,,,,
404.59287,,,,,,
404.6262,,,,,,
404.65953,,,,,,
404.69286,,,,,,
404.72619,,,,,,
404.75952,,,,,,
404.79285,,,,,,
404.82618,,,,,,
404.85951,,,,,,
404.89284,,,,,,
404.92617,,,,,,
404.9595,,,,,,
404.99283,,,,,,
405.02616,,,,,,
405.05949,,,,,,
405.09282,,,,,,
405.12615,,,,,,
405.15948,,,,,,
405.19281,,,,,,
405.22614,,,,,,
405.25947,,,,,,
405.2928,,,,,,
405.32613,,,,,,
405.35946,,,,,,
405.39279,,,,,,
405.42612,,,,,,
405.45945,,,,,,
405.49278,,,,,,
405.52611,,,,,,
405.55944,,,,,,
405.59277,,,,,,
405.6261,,,,,,
405.65943,,,,,,
405.69276,,,,,,
405.72609,,,,,,
405.75942,,,,,,
405.79275,,,,,,
405.82608,,,,,,
405.85941,,,,,,
405.89274,,,,,,
405.92607,,,,,,
405.9594,,,,,,
405.99273,,,,,,
406.02606,,,,,,
406.05939,,,,,,
406.09272,,,,,,
406.12605,,,,,,
406.15938,,,,,,
406.19271,,,,,,
406.22604,,,,,,
406.25937,,,,,,
406.2927,,,,,,
406.32603,,,,,,
406.35936,,,,,,
406.39269,,,,,,
406.42602,,,,,,
406.45935,,,,,,
406.49268,,,,,,
406.52601,,,,,,
406.55934,,,,,,
406.59267,,,,,,
406.626,,,,,,
406.65933,,,,,,
406.69266,,,,,,
406.72599,,,,,,
406.75932,,,,,,
406.79265,,,,,,
406.82598,,,,,,
406.85931,,,,,,
406.89264,,,,,,
406.92597,,,,,,
406.9593,,,,,,
406.99263,,,,,,
407.02596,,,,,,
407.05929,,,,,,
407.09262,,,,,,
407.12595,,,,,,
407.15928,,,,,,
407.19261,,,,,,
407.22594,,,,,,
407.25927,,,,,,
407.2926,,,,,,
407.32593,,,,,,
407.35926,,,,,,
407.39259,,,,,,
407.42592,,,,,,
407.45925,,,,,,
407.49258,,,,,,
407.52591,,,,,,
407.55924,,,,,,
407.59257,,,,,,
407.6259,,,,,,
407.65923,,,,,,
407.69256,,,,,,
407.72589,,,,,,
407.75922,,,,,,
407.79255,,,,,,
407.82588,,,,,,
407.85921,,,,,,
407.89254,,,,,,
407.92587,,,,,,
407.9592,,,,,,
407.99253,,,,,,
408.02586,,,,,,
408.05919,,,,,,
408.09252,,,,,,
408.12585,,,,,,
408.15918,,,,,,
408.19251,,,,,,
408.22584,,,,,,
408.25917,,,,,,
408.2925,,,,,,
408.32583,,,,,,
408.35916,,,,,,
408.39249,,,,,,
408.42582,,,,,,
408.45915,,,,,,
408.49248,,,,,,
408.52581,,,,,,
408.55914,,,,,,
408.59247,,,,,,
408.6258,,,,,,
408.65913,,,,,,
408.69246,,,,,,
408.72579,,,,,,
408.75912,,,,,,
408.79245,,,,,,
408.82578,,,,,,
408.85911,,,,,,
408.89244,,,,,,
408.92577,,,,,,
408.9591,,,,,,
408.99243,,,,,,
409.02576,,,,,,
409.05909,,,,,,
409.09242,,,,,,
409.12575,,,,,,
409.15908,,,,,,
409.19241,,,,,,
409.22574,,,,,,
409.25907,,,,,,
409.2924,,,,,,
409.32573,,,,,,
409.35906,,,,,,
409.39239,,,,,,
409.42572,,,,,,
409.45905,,,,,,
409.49238,,,,,,
409.52571,,,,,,
409.55904,,,,,,
409.59237,,,,,,
409.6257,,,,,,
409.65903,,,,,,
409.69236,,,,,,
409.72569,,,,,,
409.75902,,,,,,
409.79235,,,,,,
409.82568,,,,,,
409.85901,,,,,,
409.89234,,,,,,
409.92567,,,,,,
409.959,,,,,,
409.99233,,,,,,
410.02566,,,,,,
410.05899,,,,,,
410.09232,,,,,,
410.12565,,,,,,
410.15898,,,,,,
410.19231,,,,,,
410.22564,,,,,,
410.25897,,,,,,
410.2923,,,,,,
410.32563,,,,,,
410.35896,,,,,,
410.39229,,,,,,
410.42562,,,,,,
410.45895,,,,,,
410.49228,,,,,,
410.52561,,,,,,
410.55894,,,,,,
410.59227,,,,,,
410.6256,,,,,,
410.65893,,,,,,
410.69226,,,,,,
410.72559,,,,,,
410.75892,,,,,,
410.79225,,,,,,
410.82558,,,,,,
410.85891,,,,,,
410.89224,,,,,,
410.92557,,,,,,
410.9589,,,,,,
410.99223,,,,,,
411.02556,,,,,,
411.05889,,,,,,
411.09222,,,,,,
411.12555,,,,,,
411.15888,,,,,,
411.19221,,,,,,
411.22554,,,,,,
411.25887,,,,,,
411.2922,,,,,,
411.32553,,,,,,
411.35886,,,,,,
411.39219,,,,,,
411.42552,,,,,,
411.45885,,,,,,
411.49218,,,,,,
411.52551,,,,,,
411.55884,,,,,,
411.59217,,,,,,
411.6255,,,,,,
411.65883,,,,,,
411.69216,,,,,,
411.72549,,,,,,
411.75882,,,,,,
411.79215,,,,,,
411.82548,,,,,,
411.85881,,,,,,
411.89214,,,,,,
411.92547,,,,,,
411.9588,,,,,,
411.99213,,,,,,
412.02546,,,,,,
412.05879,,,,,,
412.09212,,,,,,
412.12545,,,,,,
412.15878,,,,,,
412.19211,,,,,,
412.22544,,,,,,
412.25877,,,,,,
412.2921,,,,,,
412.32543,,,,,,
412.35876,,,,,,
412.39209,,,,,,
412.42542,,,,,,
412.45875,,,,,,
412.49208,,,,,,
412.52541,,,,,,
412.55874,,,,,,
412.59207,,,,,,
412.6254,,,,,,
412.65873,,,,,,
412.69206,,,,,,
412.72539,,,,,,
412.75872,,,,,,
412.79205,,,,,,
412.82538,,,,,,
412.85871,,,,,,
412.89204,,,,,,
412.92537,,,,,,
412.9587,,,,,,
412.99203,,,,,,
413.02536,,,,,,
413.05869,,,,,,
413.09202,,,,,,
413.12535,,,,,,
413.15868,,,,,,
413.19201,,,,,,
413.22534,,,,,,
413.25867,,,,,,
413.292,,,,,,
413.32533,,,,,,
413.35866,,,,,,
413.39199,,,,,,
413.42532,,,,,,
413.45865,,,,,,
413.49198,,,,,,
413.52531,,,,,,
413.55864,,,,,,
413.59197,,,,,,
413.6253,,,,,,
413.65863,,,,,,
413.69196,,,,,,
413.72529,,,,,,
413.75862,,,,,,
413.79195,,,,,,
413.82528,,,,,,
413.85861,,,,,,
413.89194,,,,,,
413.92527,,,,,,
413.9586,,,,,,
413.99193,,,,,,
414.02526,,,,,,
414.05859,,,,,,
414.09192,,,,,,
414.12525,,,,,,
414.15858,,,,,,
414.19191,,,,,,
414.22524,,,,,,
414.25857,,,,,,
414.2919,,,,,,
414.32523,,,,,,
414.35856,,,,,,
414.39189,,,,,,
414.42522,,,,,,
414.45855,,,,,,
414.49188,,,,,,
414.52521,,,,,,
414.55854,,,,,,
414.59187,,,,,,
414.6252,,,,,,
414.65853,,,,,,
414.69186,,,,,,
414.72519,,,,,,
414.75852,,,,,,
414.79185,,,,,,
414.82518,,,,,,
414.85851,,,,,,
414.89184,,,,,,
414.92517,,,,,,
414.9585,,,,,,
414.99183,,,,,,
415.02516,,,,,,
415.05849,,,,,,
415.09182,,,,,,
415.12515,,,,,,
415.15848,,,,,,
415.19181,,,,,,
415.22514,,,,,,
415.25847,,,,,,
415.2918,,,,,,
415.32513,,,,,,
415.35846,,,,,,
415.39179,,,,,,
415.42512,,,,,,
415.45845,,,,,,
415.49178,,,,,,
415.52511,,,,,,
415.55844,,,,,,
415.59177,,,,,,
415.6251,,,,,,
415.65843,,,,,,
415.69176,,,,,,
415.72509,,,,,,
415.75842,,,,,,
415.79175,,,,,,
415.82508,,,,,,
415.85841,,,,,,
415.89174,,,,,,
415.92507,,,,,,
415.9584,,,,,,
415.99173,,,,,,
416.02506,,,,,,
416.05839,,,,,,
416.09172,,,,,,
416.12505,,,,,,
416.15838,,,,,,
416.19171,,,,,,
416.22504,,,,,,
416.25837,,,,,,
416.2917,,,,,,
416.32503,,,,,,
416.35836,,,,,,
416.39169,,,,,,
416.42502,,,,,,
416.45835,,,,,,
416.49168,,,,,,
416.52501,,,,,,
416.55834,,,,,,
416.59167,,,,,,
416.625,,,,,,
416.65833,,,,,,
416.69166,,,,,,
416.72499,,,,,,
416.75832,,,,,,
416.79165,,,,,,
416.82498,,,,,,
416.85831,,,,,,
416.89164,,,,,,
416.92497,,,,,,
416.9583,,,,,,
416.99163,,,,,,
417.02496,,,,,,
417.05829,,,,,,
417.09162,,,,,,
417.12495,,,,,,
417.15828,,,,,,
417.19161,,,,,,
417.22494,,,,,,
417.25827,,,,,,
417.2916,,,,,,
417.32493,,,,,,
417.35826,,,,,,
417.39159,,,,,,
417.42492,,,,,,
417.45825,,,,,,
417.49158,,,,,,
417.52491,,,,,,
417.55824,,,,,,
417.59157,,,,,,
417.6249,,,,,,
417.65823,,,,,,
417.69156,,,,,,
417.72489,,,,,,
417.75822,,,,,,
417.79155,,,,,,
417.82488,,,,,,
417.85821,,,,,,
417.89154,,,,,,
417.92487,,,,,,
417.9582,,,,,,
417.99153,,,,,,
418.02486,,,,,,
418.05819,,,,,,
418.09152,,,,,,
418.12485,,,,,,
418.15818,,,,,,
418.19151,,,,,,
418.22484,,,,,,
418.25817,,,,,,
418.2915,,,,,,
418.32483,,,,,,
418.35816,,,,,,
418.39149,,,,,,
418.42482,,,,,,
418.45815,,,,,,
418.49148,,,,,,
418.52481,,,,,,
418.55814,,,,,,
418.59147,,,,,,
418.6248,,,,,,
418.65813,,,,,,
418.69146,,,,,,
418.72479,,,,,,
418.75812,,,,,,
418.79145,,,,,,
418.82478,,,,,,
418.85811,,,,,,
418.89144,,,,,,
418.92477,,,,,,
418.9581,,,,,,
418.99143,,,,,,
419.02476,,,,,,
419.05809,,,,,,
419.09142,,,,,,
419.12475,,,,,,
419.15808,,,,,,
419.19141,,,,,,
419.22474,,,,,,
419.25807,,,,,,
419.2914,,,,,,
419.32473,,,,,,
419.35806,,,,,,
419.39139,,,,,,
419.42472,,,,,,
419.45805,,,,,,
419.49138,,,,,,
419.52471,,,,,,
419.55804,,,,,,
419.59137,,,,,,
419.6247,,,,,,
419.65803,,,,,,
419.69136,,,,,,
419.72469,,,,,,
419.75802,,,,,,
419.79135,,,,,,
419.82468,,,,,,
419.85801,,,,,,
419.89134,,,,,,
419.92467,,,,,,
419.958,,,,,,
419.99133,,,,,,
420.02466,,,,,,
420.05799,,,,,,
420.09132,,,,,,
420.12465,,,,,,
420.15798,,,,,,
420.19131,,,,,,
420.22464,,,,,,
420.25797,,,,,,
420.2913,,,,,,
420.32463,,,,,,
420.35796,,,,,,
420.39129,,,,,,
420.42462,,,,,,
420.45795,,,,,,
420.49128,,,,,,
420.52461,,,,,,
420.55794,,,,,,
420.59127,,,,,,
420.6246,,,,,,
420.65793,,,,,,
420.69126,,,,,,
420.72459,,,,,,
420.75792,,,,,,
420.79125,,,,,,
420.82458,,,,,,
420.85791,,,,,,
420.89124,,,,,,
420.92457,,,,,,
420.9579,,,,,,
420.99123,,,,,,
421.02456,,,,,,
421.05789,,,,,,
421.09122,,,,,,
421.12455,,,,,,
421.15788,,,,,,
421.19121,,,,,,
421.22454,,,,,,
421.25787,,,,,,
421.2912,,,,,,
421.32453,,,,,,
421.35786,,,,,,
421.39119,,,,,,
421.42452,,,,,,
421.45785,,,,,,
421.49118,,,,,,
421.52451,,,,,,
421.55784,,,,,,
421.59117,,,,,,
421.6245,,,,,,
421.65783,,,,,,
421.69116,,,,,,
421.72449,,,,,,
421.75782,,,,,,
421.79115,,,,,,
421.82448,,,,,,
421.85781,,,,,,
421.89114,,,,,,
421.92447,,,,,,
421.9578,,,,,,
421.99113,,,,,,
422.02446,,,,,,
422.05779,,,,,,
422.09112,,,,,,
422.12445,,,,,,
422.15778,,,,,,
422.19111,,,,,,
422.22444,,,,,,
422.25777,,,,,,
422.2911,,,,,,
422.32443,,,,,,
422.35776,,,,,,
422.39109,,,,,,
422.42442,,,,,,
422.45775,,,,,,
422.49108,,,,,,
422.52441,,,,,,
422.55774,,,,,,
422.59107,,,,,,
422.6244,,,,,,
422.65773,,,,,,
422.69106,,,,,,
422.72439,,,,,,
422.75772,,,,,,
422.79105,,,,,,
422.82438,,,,,,
422.85771,,,,,,
422.89104,,,,,,
422.92437,,,,,,
422.9577,,,,,,
422.99103,,,,,,
423.02436,,,,,,
423.05769,,,,,,
423.09102,,,,,,
423.12435,,,,,,
423.15768,,,,,,
423.19101,,,,,,
423.22434,,,,,,
423.25767,,,,,,
423.291,,,,,,
423.32433,,,,,,
423.35766,,,,,,
423.39099,,,,,,
423.42432,,,,,,
423.45765,,,,,,
423.49098,,,,,,
423.52431,,,,,,
423.55764,,,,,,
423.59097,,,,,,
423.6243,,,,,,
423.65763,,,,,,
423.69096,,,,,,
423.72429,,,,,,
423.75762,,,,,,
423.79095,,,,,,
423.82428,,,,,,
423.85761,,,,,,
423.89094,,,,,,
423.92427,,,,,,
423.9576,,,,,,
423.99093,,,,,,
424.02426,,,,,,
424.05759,,,,,,
424.09092,,,,,,
424.12425,,,,,,
424.15758,,,,,,
424.19091,,,,,,
424.22424,,,,,,
424.25757,,,,,,
424.2909,,,,,,
424.32423,,,,,,
424.35756,,,,,,
424.39089,,,,,,
424.42422,,,,,,
424.45755,,,,,,
424.49088,,,,,,
424.52421,,,,,,
424.55754,,,,,,
424.59087,,,,,,
424.6242,,,,,,
424.65753,,,,,,
424.69086,,,,,,
424.72419,,,,,,
424.75752,,,,,,
424.79085,,,,,,
424.82418,,,,,,
424.85751,,,,,,
424.89084,,,,,,
424.92417,,,,,,
424.9575,,,,,,
424.99083,,,,,,
425.02416,,,,,,
425.05749,,,,,,
425.09082,,,,,,
425.12415,,,,,,
425.15748,,,,,,
425.19081,,,,,,
425.22414,,,,,,
425.25747,,,,,,
425.2908,,,,,,
425.32413,,,,,,
425.35746,,,,,,
425.39079,,,,,,
425.42412,,,,,,
425.45745,,,,,,
425.49078,,,,,,
425.52411,,,,,,
425.55744,,,,,,
425.59077,,,,,,
425.6241,,,,,,
425.65743,,,,,,
425.69076,,,,,,
425.72409,,,,,,
425.75742,,,,,,
425.79075,,,,,,
425.82408,,,,,,
425.85741,,,,,,
425.89074,,,,,,
425.92407,,,,,,
425.9574,,,,,,
425.99073,,,,,,
426.02406,,,,,,
426.05739,,,,,,
426.09072,,,,,,
426.12405,,,,,,
426.15738,,,,,,
426.19071,,,,,,
426.22404,,,,,,
426.25737,,,,,,
426.2907,,,,,,
426.32403,,,,,,
426.35736,,,,,,
426.39069,,,,,,
426.42402,,,,,,
426.45735,,,,,,
426.49068,,,,,,
426.52401,,,,,,
426.55734,,,,,,
426.59067,,,,,,
426.624,,,,,,
426.65733,,,,,,
426.69066,,,,,,
426.72399,,,,,,
426.75732,,,,,,
426.79065,,,,,,
426.82398,,,,,,
426.85731,,,,,,
426.89064,,,,,,
426.92397,,,,,,
426.9573,,,,,,
426.99063,,,,,,
427.02396,,,,,,
427.05729,,,,,,
427.09062,,,,,,
427.12395,,,,,,
427.15728,,,,,,
427.19061,,,,,,
427.22394,,,,,,
427.25727,,,,,,
427.2906,,,,,,
427.32393,,,,,,
427.35726,,,,,,
427.39059,,,,,,
427.42392,,,,,,
427.45725,,,,,,
427.49058,,,,,,
427.52391,,,,,,
427.55724,,,,,,
427.59057,,,,,,
427.6239,,,,,,
427.65723,,,,,,
427.69056,,,,,,
427.72389,,,,,,
427.75722,,,,,,
427.79055,,,,,,
427.82388,,,,,,
427.85721,,,,,,
427.89054,,,,,,
427.92387,,,,,,
427.9572,,,,,,
427.99053,,,,,,
428.02386,,,,,,
428.05719,,,,,,
428.09052,,,,,,
428.12385,,,,,,
428.15718,,,,,,
428.19051,,,,,,
428.22384,,,,,,
428.25717,,,,,,
428.2905,,,,,,
428.32383,,,,,,
428.35716,,,,,,
428.39049,,,,,,
428.42382,,,,,,
428.45715,,,,,,
428.49048,,,,,,
428.52381,,,,,,
428.55714,,,,,,
428.59047,,,,,,
428.6238,,,,,,
428.65713,,,,,,
428.69046,,,,,,
428.72379,,,,,,
428.75712,,,,,,
428.79045,,,,,,
428.82378,,,,,,
428.85711,,,,,,
428.89044,,,,,,
428.92377,,,,,,
428.9571,,,,,,
428.99043,,,,,,
429.02376,,,,,,
429.05709,,,,,,
429.09042,,,,,,
429.12375,,,,,,
429.15708,,,,,,
429.19041,,,,,,
429.22374,,,,,,
429.25707,,,,,,
429.2904,,,,,,
429.32373,,,,,,
429.35706,,,,,,
429.39039,,,,,,
429.42372,,,,,,
429.45705,,,,,,
429.49038,,,,,,
429.52371,,,,,,
429.55704,,,,,,
429.59037,,,,,,
429.6237,,,,,,
429.65703,,,,,,
429.69036,,,,,,
429.72369,,,,,,
429.75702,,,,,,
429.79035,,,,,,
429.82368,,,,,,
429.85701,,,,,,
429.89034,,,,,,
429.92367,,,,,,
429.957,,,,,,
429.99033,,,,,,
430.02366,,,,,,
430.05699,,,,,,
430.09032,,,,,,
430.12365,,,,,,
430.15698,,,,,,
430.19031,,,,,,
430.22364,,,,,,
430.25697,,,,,,
430.2903,,,,,,
430.32363,,,,,,
430.35696,,,,,,
430.39029,,,,,,
430.42362,,,,,,
430.45695,,,,,,
430.49028,,,,,,
430.52361,,,,,,
430.55694,,,,,,
430.59027,,,,,,
430.6236,,,,,,
430.65693,,,,,,
430.69026,,,,,,
430.72359,,,,,,
430.75692,,,,,,
430.79025,,,,,,
430.82358,,,,,,
430.85691,,,,,,
430.89024,,,,,,
430.92357,,,,,,
430.9569,,,,,,
430.99023,,,,,,
431.02356,,,,,,
431.05689,,,,,,
431.09022,,,,,,
431.12355,,,,,,
431.15688,,,,,,
431.19021,,,,,,
431.22354,,,,,,
431.25687,,,,,,
431.2902,,,,,,
431.32353,,,,,,
431.35686,,,,,,
431.39019,,,,,,
431.42352,,,,,,
431.45685,,,,,,
431.49018,,,,,,
431.52351,,,,,,
431.55684,,,,,,
431.59017,,,,,,
431.6235,,,,,,
431.65683,,,,,,
431.69016,,,,,,
431.72349,,,,,,
431.75682,,,,,,
431.79015,,,,,,
431.82348,,,,,,
431.85681,,,,,,
431.89014,,,,,,
431.92347,,,,,,
431.9568,,,,,,
431.99013,,,,,,
432.02346,,,,,,
432.05679,,,,,,
432.09012,,,,,,
432.12345,,,,,,
432.15678,,,,,,
432.19011,,,,,,
432.22344,,,,,,
432.25677,,,,,,
432.2901,,,,,,
432.32343,,,,,,
432.35676,,,,,,
432.39009,,,,,,
432.42342,,,,,,
432.45675,,,,,,
432.49008,,,,,,
432.52341,,,,,,
432.55674,,,,,,
432.59007,,,,,,
432.6234,,,,,,
432.65673,,,,,,
432.69006,,,,,,
432.72339,,,,,,
432.75672,,,,,,
432.79005,,,,,,
432.82338,,,,,,
432.85671,,,,,,
432.89004,,,,,,
432.92337,,,,,,
432.9567,,,,,,
432.99003,,,,,,
433.02336,,,,,,
433.05669,,,,,,
433.09002,,,,,,
433.12335,,,,,,
433.15668,,,,,,
433.19001,,,,,,
433.22334,,,,,,
433.25667,,,,,,
433.29,,,,,,
433.32333,,,,,,
433.35666,,,,,,
433.38999,,,,,,
433.42332,,,,,,
433.45665,,,,,,
433.48998,,,,,,
433.52331,,,,,,
433.55664,,,,,,
433.58997,,,,,,
433.6233,,,,,,
433.65663,,,,,,
433.68996,,,,,,
433.72329,,,,,,
433.75662,,,,,,
433.78995,,,,,,
433.82328,,,,,,
433.85661,,,,,,
433.88994,,,,,,
433.92327,,,,,,
433.9566,,,,,,
433.98993,,,,,,
434.02326,,,,,,
434.05659,,,,,,
434.08992,,,,,,
434.12325,,,,,,
434.15658,,,,,,
434.18991,,,,,,
434.22324,,,,,,
434.25657,,,,,,
434.2899,,,,,,
434.32323,,,,,,
434.35656,,,,,,
434.38989,,,,,,
434.42322,,,,,,
434.45655,,,,,,
434.48988,,,,,,
434.52321,,,,,,
434.55654,,,,,,
434.58987,,,,,,
434.6232,,,,,,
434.65653,,,,,,
434.68986,,,,,,
434.72319,,,,,,
434.75652,,,,,,
434.78985,,,,,,
434.82318,,,,,,
434.85651,,,,,,
434.88984,,,,,,
434.92317,,,,,,
434.9565,,,,,,
434.98983,,,,,,
435.02316,,,,,,
435.05649,,,,,,
435.08982,,,,,,
435.12315,,,,,,
435.15648,,,,,,
435.18981,,,,,,
435.22314,,,,,,
435.25647,,,,,,
435.2898,,,,,,
435.32313,,,,,,
435.35646,,,,,,
435.38979,,,,,,
435.42312,,,,,,
435.45645,,,,,,
435.48978,,,,,,
435.52311,,,,,,
435.55644,,,,,,
435.58977,,,,,,
435.6231,,,,,,
435.65643,,,,,,
435.68976,,,,,,
435.72309,,,,,,
435.75642,,,,,,
435.78975,,,,,,
435.82308,,,,,,
435.85641,,,,,,
435.88974,,,,,,
435.92307,,,,,,
435.9564,,,,,,
435.98973,,,,,,
436.02306,,,,,,
436.05639,,,,,,
436.08972,,,,,,
436.12305,,,,,,
436.15638,,,,,,
436.18971,,,,,,
436.22304,,,,,,
436.25637,,,,,,
436.2897,,,,,,
436.32303,,,,,,
436.35636,,,,,,
436.38969,,,,,,
436.42302,,,,,,
436.45635,,,,,,
436.48968,,,,,,
436.52301,,,,,,
436.55634,,,,,,
436.58967,,,,,,
436.623,,,,,,
436.65633,,,,,,
436.68966,,,,,,
436.72299,,,,,,
436.75632,,,,,,
436.78965,,,,,,
436.82298,,,,,,
436.85631,,,,,,
436.88964,,,,,,
436.92297,,,,,,
436.9563,,,,,,
436.98963,,,,,,
437.02296,,,,,,
437.05629,,,,,,
437.08962,,,,,,
437.12295,,,,,,
437.15628,,,,,,
437.18961,,,,,,
437.22294,,,,,,
437.25627,,,,,,
437.2896,,,,,,
437.32293,,,,,,
437.35626,,,,,,
437.38959,,,,,,
437.42292,,,,,,
437.45625,,,,,,
437.48958,,,,,,
437.52291,,,,,,
437.55624,,,,,,
437.58957,,,,,,
437.6229,,,,,,
437.65623,,,,,,
437.68956,,,,,,
437.72289,,,,,,
437.75622,,,,,,
437.78955,,,,,,
437.82288,,,,,,
437.85621,,,,,,
437.88954,,,,,,
437.92287,,,,,,
437.9562,,,,,,
437.98953,,,,,,
438.02286,,,,,,
438.05619,,,,,,
438.08952,,,,,,
438.12285,,,,,,
438.15618,,,,,,
438.18951,,,,,,
438.22284,,,,,,
438.25617,,,,,,
438.2895,,,,,,
438.32283,,,,,,
438.35616,,,,,,
438.38949,,,,,,
438.42282,,,,,,
438.45615,,,,,,
438.48948,,,,,,
438.52281,,,,,,
438.55614,,,,,,
438.58947,,,,,,
438.6228,,,,,,
438.65613,,,,,,
438.68946,,,,,,
438.72279,,,,,,
438.75612,,,,,,
438.78945,,,,,,
438.82278,,,,,,
438.85611,,,,,,
438.88944,,,,,,
438.92277,,,,,,
438.9561,,,,,,
438.98943,,,,,,
439.02276,,,,,,
439.05609,,,,,,
439.08942,,,,,,
439.12275,,,,,,
439.15608,,,,,,
439.18941,,,,,,
439.22274,,,,,,
439.25607,,,,,,
439.2894,,,,,,
439.32273,,,,,,
439.35606,,,,,,
439.38939,,,,,,
439.42272,,,,,,
439.45605,,,,,,
439.48938,,,,,,
439.52271,,,,,,
439.55604,,,,,,
439.58937,,,,,,
439.6227,,,,,,
439.65603,,,,,,
439.68936,,,,,,
439.72269,,,,,,
439.75602,,,,,,
439.78935,,,,,,
439.82268,,,,,,
439.85601,,,,,,
439.88934,,,,,,
439.92267,,,,,,
439.956,,,,,,
439.98933,,,,,,
440.02266,,,,,,
440.05599,,,,,,
440.08932,,,,,,
440.12265,,,,,,
440.15598,,,,,,
440.18931,,,,,,
440.22264,,,,,,
440.25597,,,,,,
440.2893,,,,,,
440.32263,,,,,,
440.35596,,,,,,
440.38929,,,,,,
440.42262,,,,,,
440.45595,,,,,,
440.48928,,,,,,
440.52261,,,,,,
440.55594,,,,,,
440.58927,,,,,,
440.6226,,,,,,
440.65593,,,,,,
440.68926,,,,,,
440.72259,,,,,,
440.75592,,,,,,
440.78925,,,,,,
440.82258,,,,,,
440.85591,,,,,,
440.88924,,,,,,
440.92257,,,,,,
440.9559,,,,,,
440.98923,,,,,,
441.02256,,,,,,
441.05589,,,,,,
441.08922,,,,,,
441.12255,,,,,,
441.15588,,,,,,
441.18921,,,,,,
441.22254,,,,,,
441.25587,,,,,,
441.2892,,,,,,
441.32253,,,,,,
441.35586,,,,,,
441.38919,,,,,,
441.42252,,,,,,
441.45585,,,,,,
441.48918,,,,,,
441.52251,,,,,,
441.55584,,,,,,
441.58917,,,,,,
441.6225,,,,,,
441.65583,,,,,,
441.68916,,,,,,
441.72249,,,,,,
441.75582,,,,,,
441.78915,,,,,,
441.82248,,,,,,
441.85581,,,,,,
441.88914,,,,,,
441.92247,,,,,,
441.9558,,,,,,
441.98913,,,,,,
442.02246,,,,,,
442.05579,,,,,,
442.08912,,,,,,
442.12245,,,,,,
442.15578,,,,,,
442.18911,,,,,,
442.22244,,,,,,
442.25577,,,,,,
442.2891,,,,,,
442.32243,,,,,,
442.35576,,,,,,
442.38909,,,,,,
442.42242,,,,,,
442.45575,,,,,,
442.48908,,,,,,
442.52241,,,,,,
442.55574,,,,,,
442.58907,,,,,,
442.6224,,,,,,
442.65573,,,,,,
442.68906,,,,,,
442.72239,,,,,,
442.75572,,,,,,
442.78905,,,,,,
442.82238,,,,,,
442.85571,,,,,,
442.88904,,,,,,
442.92237,,,,,,
442.9557,,,,,,
442.98903,,,,,,
443.02236,,,,,,
443.05569,,,,,,
443.08902,,,,,,
443.12235,,,,,,
443.15568,,,,,,
443.18901,,,,,,
443.22234,,,,,,
443.25567,,,,,,
443.289,,,,,,
443.32233,,,,,,
443.35566,,,,,,
443.38899,,,,,,
443.42232,,,,,,
443.45565,,,,,,
443.48898,,,,,,
443.52231,,,,,,
443.55564,,,,,,
443.58897,,,,,,
443.6223,,,,,,
443.65563,,,,,,
443.68896,,,,,,
443.72229,,,,,,
443.75562,,,,,,
443.78895,,,,,,
443.82228,,,,,,
443.85561,,,,,,
443.88894,,,,,,
443.92227,,,,,,
443.9556,,,,,,
443.98893,,,,,,
444.02226,,,,,,
444.05559,,,,,,
444.08892,,,,,,
444.12225,,,,,,
444.15558,,,,,,
444.18891,,,,,,
444.22224,,,,,,
444.25557,,,,,,
444.2889,,,,,,
444.32223,,,,,,
444.35556,,,,,,
444.38889,,,,,,
444.42222,,,,,,
444.45555,,,,,,
444.48888,,,,,,
444.52221,,,,,,
444.55554,,,,,,
444.58887,,,,,,
444.6222,,,,,,
444.65553,,,,,,
444.68886,,,,,,
444.72219,,,,,,
444.75552,,,,,,
444.78885,,,,,,
444.82218,,,,,,
444.85551,,,,,,
444.88884,,,,,,
444.92217,,,,,,
444.9555,,,,,,
444.98883,,,,,,
445.02216,,,,,,
445.05549,,,,,,
445.08882,,,,,,
445.12215,,,,,,
445.15548,,,,,,
445.18881,,,,,,
445.22214,,,,,,
445.25547,,,,,,
445.2888,,,,,,
445.32213,,,,,,
445.35546,,,,,,
445.38879,,,,,,
445.42212,,,,,,
445.45545,,,,,,
445.48878,,,,,,
445.52211,,,,,,
445.55544,,,,,,
445.58877,,,,,,
445.6221,,,,,,
445.65543,,,,,,
445.68876,,,,,,
445.72209,,,,,,
445.75542,,,,,,
445.78875,,,,,,
445.82208,,,,,,
445.85541,,,,,,
445.88874,,,,,,
445.92207,,,,,,
445.9554,,,,,,
445.98873,,,,,,
446.02206,,,,,,
446.05539,,,,,,
446.08872,,,,,,
446.12205,,,,,,
446.15538,,,,,,
446.18871,,,,,,
446.22204,,,,,,
446.25537,,,,,,
446.2887,,,,,,
446.32203,,,,,,
446.35536,,,,,,
446.38869,,,,,,
446.42202,,,,,,
446.45535,,,,,,
446.48868,,,,,,
446.52201,,,,,,
446.55534,,,,,,
446.58867,,,,,,
446.622,,,,,,
446.65533,,,,,,
446.68866,,,,,,
446.72199,,,,,,
446.75532,,,,,,
446.78865,,,,,,
446.82198,,,,,,
446.85531,,,,,,
446.88864,,,,,,
446.92197,,,,,,
446.9553,,,,,,
446.98863,,,,,,
447.02196,,,,,,
447.05529,,,,,,
447.08862,,,,,,
447.12195,,,,,,
447.15528,,,,,,
447.18861,,,,,,
447.22194,,,,,,
447.25527,,,,,,
447.2886,,,,,,
447.32193,,,,,,
447.35526,,,,,,
447.38859,,,,,,
447.42192,,,,,,
447.45525,,,,,,
447.48858,,,,,,
447.52191,,,,,,
447.55524,,,,,,
447.58857,,,,,,
447.6219,,,,,,
447.65523,,,,,,
447.68856,,,,,,
447.72189,,,,,,
447.75522,,,,,,
447.78855,,,,,,
447.82188,,,,,,
447.85521,,,,,,
447.88854,,,,,,
447.92187,,,,,,
447.9552,,,,,,
447.98853,,,,,,
448.02186,,,,,,
448.05519,,,,,,
448.08852,,,,,,
448.12185,,,,,,
448.15518,,,,,,
448.18851,,,,,,
448.22184,,,,,,
448.25517,,,,,,
448.2885,,,,,,
448.32183,,,,,,
448.35516,,,,,,
448.38849,,,,,,
448.42182,,,,,,
448.45515,,,,,,
448.48848,,,,,,
448.52181,,,,,,
448.55514,,,,,,
448.58847,,,,,,
448.6218,,,,,,
448.65513,,,,,,
448.68846,,,,,,
448.72179,,,,,,
448.75512,,,,,,
448.78845,,,,,,
448.82178,,,,,,
448.85511,,,,,,
448.88844,,,,,,
448.92177,,,,,,
448.9551,,,,,,
448.98843,,,,,,
449.02176,,,,,,
449.05509,,,,,,
449.08842,,,,,,
449.12175,,,,,,
449.15508,,,,,,
449.18841,,,,,,
449.22174,,,,,,
449.25507,,,,,,
449.2884,,,,,,
449.32173,,,,,,
449.35506,,,,,,
449.38839,,,,,,
449.42172,,,,,,
449.45505,,,,,,
449.48838,,,,,,
449.52171,,,,,,
449.55504,,,,,,
449.58837,,,,,,
449.6217,,,,,,
449.65503,,,,,,
449.68836,,,,,,
449.72169,,,,,,
449.75502,,,,,,
449.78835,,,,,,
449.82168,,,,,,
449.85501,,,,,,
449.88834,,,,,,
449.92167,,,,,,
449.955,,,,,,
449.98833,,,,,,
450.02166,,,,,,
450.05499,,,,,,
450.08832,,,,,,
450.12165,,,,,,
450.15498,,,,,,
450.18831,,,,,,
450.22164,,,,,,
450.25497,,,,,,
450.2883,,,,,,
450.32163,,,,,,
450.35496,,,,,,
450.38829,,,,,,
450.42162,,,,,,
450.45495,,,,,,
450.48828,,,,,,
450.52161,,,,,,
450.55494,,,,,,
450.58827,,,,,,
450.6216,,,,,,
450.65493,,,,,,
450.68826,,,,,,
450.72159,,,,,,
450.75492,,,,,,
450.78825,,,,,,
450.82158,,,,,,
450.85491,,,,,,
450.88824,,,,,,
450.92157,,,,,,
450.9549,,,,,,
450.98823,,,,,,
451.02156,,,,,,
451.05489,,,,,,
451.08822,,,,,,
451.12155,,,,,,
451.15488,,,,,,
451.18821,,,,,,
451.22154,,,,,,
451.25487,,,,,,
451.2882,,,,,,
451.32153,,,,,,
451.35486,,,,,,
451.38819,,,,,,
451.42152,,,,,,
451.45485,,,,,,
451.48818,,,,,,
451.52151,,,,,,
451.55484,,,,,,
451.58817,,,,,,
451.6215,,,,,,
451.65483,,,,,,
451.68816,,,,,,
451.72149,,,,,,
451.75482,,,,,,
451.78815,,,,,,
451.82148,,,,,,
451.85481,,,,,,
451.88814,,,,,,
451.92147,,,,,,
451.9548,,,,,,
451.98813,,,,,,
452.02146,,,,,,
452.05479,,,,,,
452.08812,,,,,,
452.12145,,,,,,
452.15478,,,,,,
452.18811,,,,,,
452.22144,,,,,,
452.25477,,,,,,
452.2881,,,,,,
452.32143,,,,,,
452.35476,,,,,,
452.38809,,,,,,
452.42142,,,,,,
452.45475,,,,,,
452.48808,,,,,,
452.52141,,,,,,
452.55474,,,,,,
452.58807,,,,,,
452.6214,,,,,,
452.65473,,,,,,
452.68806,,,,,,
452.72139,,,,,,
452.75472,,,,,,
452.78805,,,,,,
452.82138,,,,,,
452.85471,,,,,,
452.88804,,,,,,
452.92137,,,,,,
452.9547,,,,,,
452.98803,,,,,,
453.02136,,,,,,
453.05469,,,,,,
453.08802,,,,,,
453.12135,,,,,,
453.15468,,,,,,
453.18801,,,,,,
453.22134,,,,,,
453.25467,,,,,,
453.288,,,,,,
453.32133,,,,,,
453.35466,,,,,,
453.38799,,,,,,
453.42132,,,,,,
453.45465,,,,,,
453.48798,,,,,,
453.52131,,,,,,
453.55464,,,,,,
453.58797,,,,,,
453.6213,,,,,,
453.65463,,,,,,
453.68796,,,,,,
453.72129,,,,,,
453.75462,,,,,,
453.78795,,,,,,
453.82128,,,,,,
453.85461,,,,,,
453.88794,,,,,,
453.92127,,,,,,
453.9546,,,,,,
453.98793,,,,,,
454.02126,,,,,,
454.05459,,,,,,
454.08792,,,,,,
454.12125,,,,,,
454.15458,,,,,,
454.18791,,,,,,
454.22124,,,,,,
454.25457,,,,,,
454.2879,,,,,,
454.32123,,,,,,
454.35456,,,,,,
454.38789,,,,,,
454.42122,,,,,,
454.45455,,,,,,
454.48788,,,,,,
454.52121,,,,,,
454.55454,,,,,,
454.58787,,,,,,
454.6212,,,,,,
454.65453,,,,,,
454.68786,,,,,,
454.72119,,,,,,
454.75452,,,,,,
454.78785,,,,,,
454.82118,,,,,,
454.85451,,,,,,
454.88784,,,,,,
454.92117,,,,,,
454.9545,,,,,,
454.98783,,,,,,
455.02116,,,,,,
455.05449,,,,,,
455.08782,,,,,,
455.12115,,,,,,
455.15448,,,,,,
455.18781,,,,,,
455.22114,,,,,,
455.25447,,,,,,
455.2878,,,,,,
455.32113,,,,,,
455.35446,,,,,,
455.38779,,,,,,
455.42112,,,,,,
455.45445,,,,,,
455.48778,,,,,,
455.52111,,,,,,
455.55444,,,,,,
455.58777,,,,,,
455.6211,,,,,,
455.65443,,,,,,
455.68776,,,,,,
455.72109,,,,,,
455.75442,,,,,,
455.78775,,,,,,
455.82108,,,,,,
455.85441,,,,,,
455.88774,,,,,,
455.92107,,,,,,
455.9544,,,,,,
455.98773,,,,,,
456.02106,,,,,,
456.05439,,,,,,
456.08772,,,,,,
456.12105,,,,,,
456.15438,,,,,,
456.18771,,,,,,
456.22104,,,,,,
456.25437,,,,,,
456.2877,,,,,,
456.32103,,,,,,
456.35436,,,,,,
456.38769,,,,,,
456.42102,,,,,,
456.45435,,,,,,
456.48768,,,,,,
456.52101,,,,,,
456.55434,,,,,,
456.58767,,,,,,
456.621,,,,,,
456.65433,,,,,,
456.68766,,,,,,
456.72099,,,,,,
456.75432,,,,,,
456.78765,,,,,,
456.82098,,,,,,
456.85431,,,,,,
456.88764,,,,,,
456.92097,,,,,,
456.9543,,,,,,
456.98763,,,,,,
457.02096,,,,,,
457.05429,,,,,,
457.08762,,,,,,
457.12095,,,,,,
457.15428,,,,,,
457.18761,,,,,,
457.22094,,,,,,
457.25427,,,,,,
457.2876,,,,,,
457.32093,,,,,,
457.35426,,,,,,
457.38759,,,,,,
457.42092,,,,,,
457.45425,,,,,,
457.48758,,,,,,
457.52091,,,,,,
457.55424,,,,,,
457.58757,,,,,,
457.6209,,,,,,
457.65423,,,,,,
457.68756,,,,,,
457.72089,,,,,,
457.75422,,,,,,
457.78755,,,,,,
457.82088,,,,,,
457.85421,,,,,,
457.88754,,,,,,
457.92087,,,,,,
457.9542,,,,,,
457.98753,,,,,,
458.02086,,,,,,
458.05419,,,,,,
458.08752,,,,,,
458.12085,,,,,,
458.15418,,,,,,
458.18751,,,,,,
458.22084,,,,,,
458.25417,,,,,,
458.2875,,,,,,
458.32083,,,,,,
458.35416,,,,,,
458.38749,,,,,,
458.42082,,,,,,
458.45415,,,,,,
458.48748,,,,,,
458.52081,,,,,,
458.55414,,,,,,
458.58747,,,,,,
458.6208,,,,,,
458.65413,,,,,,
458.68746,,,,,,
458.72079,,,,,,
458.75412,,,,,,
458.78745,,,,,,
458.82078,,,,,,
458.85411,,,,,,
458.88744,,,,,,
458.92077,,,,,,
458.9541,,,,,,
458.98743,,,,,,
459.02076,,,,,,
459.05409,,,,,,
459.08742,,,,,,
459.12075,,,,,,
459.15408,,,,,,
459.18741,,,,,,
459.22074,,,,,,
459.25407,,,,,,
459.2874,,,,,,
459.32073,,,,,,
459.35406,,,,,,
459.38739,,,,,,
459.42072,,,,,,
459.45405,,,,,,
459.48738,,,,,,
459.52071,,,,,,
459.55404,,,,,,
459.58737,,,,,,
459.6207,,,,,,
459.65403,,,,,,
459.68736,,,,,,
459.72069,,,,,,
459.75402,,,,,,
459.78735,,,,,,
459.82068,,,,,,
459.85401,,,,,,
459.88734,,,,,,
459.92067,,,,,,
459.954,,,,,,
459.98733,,,,,,
460.02066,,,,,,
460.05399,,,,,,
460.08732,,,,,,
460.12065,,,,,,
460.15398,,,,,,
460.18731,,,,,,
460.22064,,,,,,
460.25397,,,,,,
460.2873,,,,,,
460.32063,,,,,,
460.35396,,,,,,
460.38729,,,,,,
460.42062,,,,,,
460.45395,,,,,,
460.48728,,,,,,
460.52061,,,,,,
460.55394,,,,,,
460.58727,,,,,,
460.6206,,,,,,
460.65393,,,,,,
460.68726,,,,,,
460.72059,,,,,,
460.75392,,,,,,
460.78725,,,,,,
460.82058,,,,,,
460.85391,,,,,,
460.88724,,,,,,
460.92057,,,,,,
460.9539,,,,,,
460.98723,,,,,,
461.02056,,,,,,
461.05389,,,,,,
461.08722,,,,,,
461.12055,,,,,,
461.15388,,,,,,
461.18721,,,,,,
461.22054,,,,,,
461.25387,,,,,,
461.2872,,,,,,
461.32053,,,,,,
461.35386,,,,,,
461.38719,,,,,,
461.42052,,,,,,
461.45385,,,,,,
461.48718,,,,,,
461.52051,,,,,,
461.55384,,,,,,
461.58717,,,,,,
461.6205,,,,,,
461.65383,,,,,,
461.68716,,,,,,
461.72049,,,,,,
461.75382,,,,,,
461.78715,,,,,,
461.82048,,,,,,
461.85381,,,,,,
461.88714,,,,,,
461.92047,,,,,,
461.9538,,,,,,
461.98713,,,,,,
462.02046,,,,,,
462.05379,,,,,,
462.08712,,,,,,
462.12045,,,,,,
462.15378,,,,,,
462.18711,,,,,,
462.22044,,,,,,
462.25377,,,,,,
462.2871,,,,,,
462.32043,,,,,,
462.35376,,,,,,
462.38709,,,,,,
462.42042,,,,,,
462.45375,,,,,,
462.48708,,,,,,
462.52041,,,,,,
462.55374,,,,,,
462.58707,,,,,,
462.6204,,,,,,
462.65373,,,,,,
462.68706,,,,,,
462.72039,,,,,,
462.75372,,,,,,
462.78705,,,,,,
462.82038,,,,,,
462.85371,,,,,,
462.88704,,,,,,
462.92037,,,,,,
462.9537,,,,,,
462.98703,,,,,,
463.02036,,,,,,
463.05369,,,,,,
463.08702,,,,,,
463.12035,,,,,,
463.15368,,,,,,
463.18701,,,,,,
463.22034,,,,,,
463.25367,,,,,,
463.287,,,,,,
463.32033,,,,,,
463.35366,,,,,,
463.38699,,,,,,
463.42032,,,,,,
463.45365,,,,,,
463.48698,,,,,,
463.52031,,,,,,
463.55364,,,,,,
463.58697,,,,,,
463.6203,,,,,,
463.65363,,,,,,
463.68696,,,,,,
463.72029,,,,,,
463.75362,,,,,,
463.78695,,,,,,
463.82028,,,,,,
463.85361,,,,,,
463.88694,,,,,,
463.92027,,,,,,
463.9536,,,,,,
463.98693,,,,,,
464.02026,,,,,,
464.05359,,,,,,
464.08692,,,,,,
464.12025,,,,,,
464.15358,,,,,,
464.18691,,,,,,
464.22024,,,,,,
464.25357,,,,,,
464.2869,,,,,,
464.32023,,,,,,
464.35356,,,,,,
464.38689,,,,,,
464.42022,,,,,,
464.45355,,,,,,
464.48688,,,,,,
464.52021,,,,,,
464.55354,,,,,,
464.58687,,,,,,
464.6202,,,,,,
464.65353,,,,,,
464.68686,,,,,,
464.72019,,,,,,
464.75352,,,,,,
464.78685,,,,,,
464.82018,,,,,,
464.85351,,,,,,
464.88684,,,,,,
464.92017,,,,,,
464.9535,,,,,,
464.98683,,,,,,
465.02016,,,,,,
465.05349,,,,,,
465.08682,,,,,,
465.12015,,,,,,
465.15348,,,,,,
465.18681,,,,,,
465.22014,,,,,,
465.25347,,,,,,
465.2868,,,,,,
465.32013,,,,,,
465.35346,,,,,,
465.38679,,,,,,
465.42012,,,,,,
465.45345,,,,,,
465.48678,,,,,,
465.52011,,,,,,
465.55344,,,,,,
465.58677,,,,,,
465.6201,,,,,,
465.65343,,,,,,
465.68676,,,,,,
465.72009,,,,,,
465.75342,,,,,,
465.78675,,,,,,
465.82008,,,,,,
465.85341,,,,,,
465.88674,,,,,,
465.92007,,,,,,
465.9534,,,,,,
465.98673,,,,,,
466.02006,,,,,,
466.05339,,,,,,
466.08672,,,,,,
466.12005,,,,,,
466.15338,,,,,,
466.18671,,,,,,
466.22004,,,,,,
466.25337,,,,,,
466.2867,,,,,,
466.32003,,,,,,
466.35336,,,,,,
466.38669,,,,,,
466.42002,,,,,,
466.45335,,,,,,
466.48668,,,,,,
466.52001,,,,,,
466.55334,,,,,,
466.58667,,,,,,
466.62,,,,,,
466.65333,,,,,,
466.68666,,,,,,
466.71999,,,,,,
466.75332,,,,,,
466.78665,,,,,,
466.81998,,,,,,
466.85331,,,,,,
466.88664,,,,,,
466.91997,,,,,,
466.9533,,,,,,
466.98663,,,,,,
467.01996,,,,,,
467.05329,,,,,,
467.08662,,,,,,
467.11995,,,,,,
467.15328,,,,,,
467.18661,,,,,,
467.21994,,,,,,
467.25327,,,,,,
467.2866,,,,,,
467.31993,,,,,,
467.35326,,,,,,
467.38659,,,,,,
467.41992,,,,,,
467.45325,,,,,,
467.48658,,,,,,
467.51991,,,,,,
467.55324,,,,,,
467.58657,,,,,,
467.6199,,,,,,
467.65323,,,,,,
467.68656,,,,,,
467.71989,,,,,,
467.75322,,,,,,
467.78655,,,,,,
467.81988,,,,,,
467.85321,,,,,,
467.88654,,,,,,
467.91987,,,,,,
467.9532,,,,,,
467.98653,,,,,,
468.01986,,,,,,
468.05319,,,,,,
468.08652,,,,,,
468.11985,,,,,,
468.15318,,,,,,
468.18651,,,,,,
468.21984,,,,,,
468.25317,,,,,,
468.2865,,,,,,
468.31983,,,,,,
468.35316,,,,,,
468.38649,,,,,,
468.41982,,,,,,
468.45315,,,,,,
468.48648,,,,,,
468.51981,,,,,,
468.55314,,,,,,
468.58647,,,,,,
468.6198,,,,,,
468.65313,,,,,,
468.68646,,,,,,
468.71979,,,,,,
468.75312,,,,,,
468.78645,,,,,,
468.81978,,,,,,
468.85311,,,,,,
468.88644,,,,,,
468.91977,,,,,,
468.9531,,,,,,
468.98643,,,,,,
469.01976,,,,,,
469.05309,,,,,,
469.08642,,,,,,
469.11975,,,,,,
469.15308,,,,,,
469.18641,,,,,,
469.21974,,,,,,
469.25307,,,,,,
469.2864,,,,,,
469.31973,,,,,,
469.35306,,,,,,
469.38639,,,,,,
469.41972,,,,,,
469.45305,,,,,,
469.48638,,,,,,
469.51971,,,,,,
469.55304,,,,,,
469.58637,,,,,,
469.6197,,,,,,
469.65303,,,,,,
469.68636,,,,,,
469.71969,,,,,,
469.75302,,,,,,
469.78635,,,,,,
469.81968,,,,,,
469.85301,,,,,,
469.88634,,,,,,
469.91967,,,,,,
469.953,,,,,,
469.98633,,,,,,
470.01966,,,,,,
470.05299,,,,,,
470.08632,,,,,,
470.11965,,,,,,
470.15298,,,,,,
470.18631,,,,,,
470.21964,,,,,,
470.25297,,,,,,
470.2863,,,,,,
470.31963,,,,,,
470.35296,,,,,,
470.38629,,,,,,
470.41962,,,,,,
470.45295,,,,,,
470.48628,,,,,,
470.51961,,,,,,
470.55294,,,,,,
470.58627,,,,,,
470.6196,,,,,,
470.65293,,,,,,
470.68626,,,,,,
470.71959,,,,,,
470.75292,,,,,,
470.78625,,,,,,
470.81958,,,,,,
470.85291,,,,,,
470.88624,,,,,,
470.91957,,,,,,
470.9529,,,,,,
470.98623,,,,,,
471.01956,,,,,,
471.05289,,,,,,
471.08622,,,,,,
471.11955,,,,,,
471.15288,,,,,,
471.18621,,,,,,
471.21954,,,,,,
471.25287,,,,,,
471.2862,,,,,,
471.31953,,,,,,
471.35286,,,,,,
471.38619,,,,,,
471.41952,,,,,,
471.45285,,,,,,
471.48618,,,,,,
471.51951,,,,,,
471.55284,,,,,,
471.58617,,,,,,
471.6195,,,,,,
471.65283,,,,,,
471.68616,,,,,,
471.71949,,,,,,
471.75282,,,,,,
471.78615,,,,,,
471.81948,,,,,,
471.85281,,,,,,
471.88614,,,,,,
471.91947,,,,,,
471.9528,,,,,,
471.98613,,,,,,
472.01946,,,,,,
472.05279,,,,,,
472.08612,,,,,,
472.11945,,,,,,
472.15278,,,,,,
472.18611,,,,,,
472.21944,,,,,,
472.25277,,,,,,
472.2861,,,,,,
472.31943,,,,,,
472.35276,,,,,,
472.38609,,,,,,
472.41942,,,,,,
472.45275,,,,,,
472.48608,,,,,,
472.51941,,,,,,
472.55274,,,,,,
472.58607,,,,,,
472.6194,,,,,,
472.65273,,,,,,
472.68606,,,,,,
472.71939,,,,,,
472.75272,,,,,,
472.78605,,,,,,
472.81938,,,,,,
472.85271,,,,,,
472.88604,,,,,,
472.91937,,,,,,
472.9527,,,,,,
472.98603,,,,,,
473.01936,,,,,,
473.05269,,,,,,
473.08602,,,,,,
473.11935,,,,,,
473.15268,,,,,,
473.18601,,,,,,
473.21934,,,,,,
473.25267,,,,,,
473.286,,,,,,
473.31933,,,,,,
473.35266,,,,,,
473.38599,,,,,,
473.41932,,,,,,
473.45265,,,,,,
473.48598,,,,,,
473.51931,,,,,,
473.55264,,,,,,
473.58597,,,,,,
473.6193,,,,,,
473.65263,,,,,,
473.68596,,,,,,
473.71929,,,,,,
473.75262,,,,,,
473.78595,,,,,,
473.81928,,,,,,
473.85261,,,,,,
473.88594,,,,,,
473.91927,,,,,,
473.9526,,,,,,
473.98593,,,,,,
474.01926,,,,,,
474.05259,,,,,,
474.08592,,,,,,
474.11925,,,,,,
474.15258,,,,,,
474.18591,,,,,,
474.21924,,,,,,
474.25257,,,,,,
474.2859,,,,,,
474.31923,,,,,,
474.35256,,,,,,