ISO-10303-21;
HEADER;
FILE_DESCRIPTION (( 'STEP AP214' ),
    '1' );
FILE_NAME ('Assem1.STEP',
    '2025-08-23T15:23:05',
    ( '' ),
    ( '' ),
    'SwSTEP 2.0',
    'SolidWorks 2024',
    '' );
FILE_SCHEMA (( 'AUTOMOTIVE_DESIGN' ));
ENDSEC;

DATA;
#1 = ADVANCED_FACE ( 'NONE', ( #1500 ), #660, .F. ) ;
#2 = DIRECTION ( 'NONE',  ( 0.000000000000000000, 0.000000000000000000, 1.000000000000000000 ) ) ;
#3 = EDGE_CURVE ( 'NONE', #163, #435, #1143, .T. ) ;
#4 = ORIENTED_EDGE ( 'NONE', *, *, #1786, .F. ) ;
#5 = ORIENTED_EDGE ( 'NONE', *, *, #1333, .T. ) ;
#6 = VECTOR ( 'NONE', #1904, 1000.000000000000000 ) ;
#7 = ORIENTED_EDGE ( 'NONE', *, *, #693, .F. ) ;
#8 = CARTESIAN_POINT ( 'NONE',  ( -14.99999999999999822, -15.00000000000000000, 75.00000000000000000 ) ) ;
#9 = LINE ( 'NONE', #1014, #299 ) ;
#10 =( NAMED_UNIT ( * ) SI_UNIT ( $, .STERADIAN. ) SOLID_ANGLE_UNIT ( ) );
#11 = VECTOR ( 'NONE', #1098, 1000.000000000000114 ) ;
#12 = ORIENTED_EDGE ( 'NONE', *, *, #458, .F. ) ;
#13 = CARTESIAN_POINT ( 'NONE',  ( -15.00000000000000000, 0.000000000000000000, 0.000000000000000000 ) ) ;
#14 = ORIENTED_EDGE ( 'NONE', *, *, #1266, .F. ) ;
#15 = EDGE_LOOP ( 'NONE', ( #7, #1217, #1652, #575 ) ) ;
#16 = VECTOR ( 'NONE', #1545, 1000.000000000000114 ) ;
#17 = LINE ( 'NONE', #601, #744 ) ;
#18 = VECTOR ( 'NONE', #651, 1000.000000000000114 ) ;
#19 = CARTESIAN_POINT ( 'NONE',  ( 40.58578643762688642, 40.25000000000000711, 0.000000000000000000 ) ) ;
#20 = CARTESIAN_POINT ( 'NONE',  ( 0.000000000000000000, 0.000000000000000000, 6.999999999999992006 ) ) ;
#21 = ORIENTED_EDGE ( 'NONE', *, *, #212, .F. ) ;
#22 = DIRECTION ( 'NONE',  ( 0.000000000000000000, 0.000000000000000000, 1.000000000000000000 ) ) ;
#23 = ORIENTED_EDGE ( 'NONE', *, *, #2098, .F. ) ;
#24 = ORIENTED_EDGE ( 'NONE', *, *, #712, .T. ) ;
#25 = ADVANCED_FACE ( 'NONE', ( #332 ), #1641, .T. ) ;
#26 = LINE ( 'NONE', #1407, #428 ) ;
#27 = VERTEX_POINT ( 'NONE', #903 ) ;
#28 = DIRECTION ( 'NONE',  ( -0.000000000000000000, -0.000000000000000000, -1.000000000000000000 ) ) ;
#29 = VERTEX_POINT ( 'NONE', #1512 ) ;
#30 = VECTOR ( 'NONE', #1133, 1000.000000000000227 ) ;
#31 = PLANE ( 'NONE',  #1504 ) ;
#32 = ORIENTED_EDGE ( 'NONE', *, *, #100, .T. ) ;
#33 = CARTESIAN_POINT ( 'NONE',  ( -41.00000000000000711, 41.24999999999998579, 1.000000000000000888 ) ) ;
#34 = EDGE_LOOP ( 'NONE', ( #1897, #1830, #1838, #5 ) ) ;
#35 = DIRECTION ( 'NONE',  ( -0.7071067811865474617, -0.7071067811865474617, 0.000000000000000000 ) ) ;
#36 = CARTESIAN_POINT ( 'NONE',  ( -41.00000000000000711, 41.25000000000000711, 16.00000000000000000 ) ) ;
#37 = EDGE_CURVE ( 'NONE', #690, #1049, #2030, .T. ) ;
#38 = ORIENTED_EDGE ( 'NONE', *, *, #532, .T. ) ;
#39 = CARTESIAN_POINT ( 'NONE',  ( -47.00000000000000711, 35.25000000000000711, 1.000000000000000888 ) ) ;
#40 = LINE ( 'NONE', #1349, #176 ) ;
#41 = COLOUR_RGB ( '',0.7921568627450980005, 0.8196078431372548767, 0.9333333333333333481 ) ;
#42 = ORIENTED_EDGE ( 'NONE', *, *, #901, .T. ) ;
#43 = CARTESIAN_POINT ( 'NONE',  ( 46.99999999999999289, -35.25000000000000000, 1.000000000000000888 ) ) ;
#44 = CARTESIAN_POINT ( 'NONE',  ( -40.41789321881343966, 40.41789321881343966, 20.00000000000000000 ) ) ;
#45 = DIRECTION ( 'NONE',  ( 1.000000000000000000, 0.000000000000000000, 0.000000000000000000 ) ) ;
#46 = ORIENTED_EDGE ( 'NONE', *, *, #481, .F. ) ;
#47 = DIRECTION ( 'NONE',  ( -0.7071067811865474617, 0.7071067811865474617, 0.000000000000000000 ) ) ;
#48 = CARTESIAN_POINT ( 'NONE',  ( -14.99999999999999822, -15.00000000000000000, 0.000000000000000000 ) ) ;
#49 = AXIS2_PLACEMENT_3D ( 'NONE', #867, #723, #1987 ) ;
#50 = ORIENTED_EDGE ( 'NONE', *, *, #633, .T. ) ;
#51 = LINE ( 'NONE', #559, #1524 ) ;
#52 = DIRECTION ( 'NONE',  ( 9.842402700577627086E-17, -1.000000000000000000, 0.000000000000000000 ) ) ;
#53 =( LENGTH_UNIT ( ) NAMED_UNIT ( * ) SI_UNIT ( .MILLI., .METRE. ) );
#54 = EDGE_CURVE ( 'NONE', #1330, #417, #94, .T. ) ;
#55 = ORIENTED_EDGE ( 'NONE', *, *, #146, .T. ) ;
#56 = DIRECTION ( 'NONE',  ( 0.000000000000000000, 0.000000000000000000, -1.000000000000000000 ) ) ;
#57 = DIRECTION ( 'NONE',  ( -0.000000000000000000, -0.000000000000000000, -1.000000000000000000 ) ) ;
#58 = SURFACE_STYLE_USAGE ( .BOTH. , #1540 ) ;
#59 = ORIENTED_EDGE ( 'NONE', *, *, #123, .T. ) ;
#60 = FACE_OUTER_BOUND ( 'NONE', #714, .T. ) ;
#61 = ORIENTED_EDGE ( 'NONE', *, *, #1856, .T. ) ;
#62 = DIRECTION ( 'NONE',  ( -0.000000000000000000, -0.000000000000000000, -1.000000000000000000 ) ) ;
#63 = SURFACE_SIDE_STYLE ('',( #1533 ) ) ;
#64 = DIRECTION ( 'NONE',  ( 1.000000000000000000, 0.000000000000000000, 0.000000000000000000 ) ) ;
#65 = ORIENTED_EDGE ( 'NONE', *, *, #1885, .F. ) ;
#66 = EDGE_CURVE ( 'NONE', #1578, #387, #1075, .T. ) ;
#67 = PLANE ( 'NONE',  #421 ) ;
#68 = CARTESIAN_POINT ( 'NONE',  ( 15.00000000000000178, -15.00000000000000000, 0.000000000000000000 ) ) ;
#69 = PLANE ( 'NONE',  #1729 ) ;
#70 = EDGE_CURVE ( 'NONE', #973, #857, #726, .T. ) ;
#71 = ADVANCED_FACE ( 'NONE', ( #367 ), #380, .T. ) ;
#72 = ORIENTED_EDGE ( 'NONE', *, *, #445, .F. ) ;
#73 = LINE ( 'NONE', #1503, #1654 ) ;
#74 = AXIS2_PLACEMENT_3D ( 'NONE', #902, #79, #1711 ) ;
#75 = VERTEX_POINT ( 'NONE', #2067 ) ;
#76 = DIRECTION ( 'NONE',  ( -0.4999999999999996669, 0.4999999999999996669, -0.7071067811865480168 ) ) ;
#77 = SHAPE_DEFINITION_REPRESENTATION ( #745, #1597 ) ;
#78 = ORIENTED_EDGE ( 'NONE', *, *, #1873, .F. ) ;
#79 = DIRECTION ( 'NONE',  ( 0.000000000000000000, 0.000000000000000000, -1.000000000000000000 ) ) ;
#80 = PLANE ( 'NONE',  #923 ) ;
#81 = DIRECTION ( 'NONE',  ( 0.000000000000000000, 1.000000000000000000, 0.000000000000000000 ) ) ;
#82 = AXIS2_PLACEMENT_3D ( 'NONE', #1191, #1324, #1358 ) ;
#83 = LINE ( 'NONE', #2034, #1118 ) ;
#84 = EDGE_CURVE ( 'NONE', #1717, #1690, #1700, .T. ) ;
#85 = UNCERTAINTY_MEASURE_WITH_UNIT (LENGTH_MEASURE( 1.000000000000000082E-05 ), #53, 'distance_accuracy_value', 'NONE');
#86 = PRESENTATION_LAYER_ASSIGNMENT (  '', '', ( #1938 ) ) ;
#87 = ORIENTED_EDGE ( 'NONE', *, *, #1505, .T. ) ;
#88 = FACE_OUTER_BOUND ( 'NONE', #316, .T. ) ;
#89 = APPLICATION_PROTOCOL_DEFINITION ( 'draft international standard', 'automotive_design', 1998, #2022 ) ;
#90 = VECTOR ( 'NONE', #2066, 1000.000000000000114 ) ;
#91 = ORIENTED_EDGE ( 'NONE', *, *, #835, .T. ) ;
#92 = DIRECTION ( 'NONE',  ( 0.7071067811865474617, -0.7071067811865474617, 0.000000000000000000 ) ) ;
#93 = AXIS2_PLACEMENT_3D ( 'NONE', #1085, #114, #618 ) ;
#94 = LINE ( 'NONE', #1052, #540 ) ;
#95 = FACE_OUTER_BOUND ( 'NONE', #1037, .T. ) ;
#96 = SURFACE_SIDE_STYLE ('',( #1747 ) ) ;
#97 = CARTESIAN_POINT ( 'NONE',  ( -41.00000000000000711, -41.25000000000000000, 1.000000000000000888 ) ) ;
#98 = ADVANCED_FACE ( 'NONE', ( #1187 ), #1197, .F. ) ;
#99 = ORIENTED_EDGE ( 'NONE', *, *, #1824, .T. ) ;
#100 = EDGE_CURVE ( 'NONE', #1953, #516, #1676, .T. ) ;
#101 = ITEM_DEFINED_TRANSFORMATION ( 'NONE', 'NONE', #1383,  #1793 ) ;
#102 = ORIENTED_EDGE ( 'NONE', *, *, #519, .T. ) ;
#103 = CARTESIAN_POINT ( 'NONE',  ( -40.41789321881343966, -40.41789321881343966, 20.00000000000000000 ) ) ;
#104 = CARTESIAN_POINT ( 'NONE',  ( -41.00000000000000711, -41.24999999999999289, 1.000000000000000888 ) ) ;
#105 = CARTESIAN_POINT ( 'NONE',  ( -47.00000000000000711, -35.25000000000000000, 16.00000000000000000 ) ) ;
#106 = DIRECTION ( 'NONE',  ( 0.7071067811865474617, 0.7071067811865474617, 0.000000000000000000 ) ) ;
#107 = DIRECTION ( 'NONE',  ( 1.000000000000000000, 0.000000000000000000, 0.000000000000000000 ) ) ;
#108 = UNCERTAINTY_MEASURE_WITH_UNIT (LENGTH_MEASURE( 1.000000000000000082E-05 ), #818, 'distance_accuracy_value', 'NONE');
#109 = VECTOR ( 'NONE', #1794, 999.9999999999998863 ) ;
#110 = ORIENTED_EDGE ( 'NONE', *, *, #1786, .T. ) ;
#111 =( REPRESENTATION_RELATIONSHIP ('NONE','NONE', #1597, #1810 ) REPRESENTATION_RELATIONSHIP_WITH_TRANSFORMATION ( #614 )SHAPE_REPRESENTATION_RELATIONSHIP( ) );
#112 = ORIENTED_EDGE ( 'NONE', *, *, #1824, .F. ) ;
#113 = DIRECTION ( 'NONE',  ( 0.6785983445458494412, -0.2810846377148144559, -0.6785983445458471097 ) ) ;
#114 = DIRECTION ( 'NONE',  ( 0.000000000000000000, 0.000000000000000000, -1.000000000000000000 ) ) ;
#115 = CARTESIAN_POINT ( 'NONE',  ( 34.52129696814000681, -25.60902727389566280, -14.64097272610455391 ) ) ;
#116 =( NAMED_UNIT ( * ) PLANE_ANGLE_UNIT ( ) SI_UNIT ( $, .RADIAN. ) );
#117 = DIRECTION ( 'NONE',  ( 0.000000000000000000, 1.000000000000000000, 0.000000000000000000 ) ) ;
#118 = VECTOR ( 'NONE', #1415, 1000.000000000000000 ) ;
#119 = PRODUCT_DEFINITION_SHAPE ( 'NONE', 'NONE',  #147 ) ;
#120 = VECTOR ( 'NONE', #938, 1000.000000000000000 ) ;
#121 = APPLICATION_PROTOCOL_DEFINITION ( 'draft international standard', 'automotive_design', 1998, #1778 ) ;
#122 = VERTEX_POINT ( 'NONE', #915 ) ;
#123 = EDGE_CURVE ( 'NONE', #1816, #1648, #1210, .T. ) ;
#124 = LINE ( 'NONE', #1572, #1680 ) ;
#125 = DIRECTION ( 'NONE',  ( 0.000000000000000000, -0.000000000000000000, 1.000000000000000000 ) ) ;
#126 = DIRECTION ( 'NONE',  ( 0.6785983445458485530, -0.2810846377148187858, -0.6785983445458461105 ) ) ;
#127 = DIRECTION ( 'NONE',  ( 5.983584065105881110E-17, -0.7071067811865511255, -0.7071067811865439090 ) ) ;
#128 = PLANE ( 'NONE',  #1469 ) ;
#129 = COLOUR_RGB ( '',0.7921568627450980005, 0.8196078431372548767, 0.9333333333333333481 ) ;
#130 = VERTEX_POINT ( 'NONE', #1065 ) ;
#131 = CARTESIAN_POINT ( 'NONE',  ( 40.99999999999998579, 41.24999999999999289, 20.00000000000000000 ) ) ;
#132 = CARTESIAN_POINT ( 'NONE',  ( -47.00000000000000711, -35.25000000000000000, 14.99999999999998579 ) ) ;
#133 = DIRECTION ( 'NONE',  ( 1.000000000000000000, 0.000000000000000000, 0.000000000000000000 ) ) ;
#134 = ADVANCED_FACE ( 'NONE', ( #577 ), #80, .F. ) ;
#135 = PRODUCT_DEFINITION_SHAPE ( 'NONE', 'NONE',  #269 ) ;
#136 = CARTESIAN_POINT ( 'NONE',  ( 15.00000000000000178, 15.00000000000000000, 75.00000000000000000 ) ) ;
#137 = DIRECTION ( 'NONE',  ( 0.7071067811865474617, 0.7071067811865474617, 0.000000000000000000 ) ) ;
#138 = EDGE_CURVE ( 'NONE', #1150, #935, #1355, .T. ) ;
#139 =( REPRESENTATION_RELATIONSHIP ('NONE','NONE', #1597, #447 ) REPRESENTATION_RELATIONSHIP_WITH_TRANSFORMATION ( #1570 )SHAPE_REPRESENTATION_RELATIONSHIP( ) );
#140 = ORIENTED_EDGE ( 'NONE', *, *, #1613, .F. ) ;
#141 = FACE_OUTER_BOUND ( 'NONE', #1082, .T. ) ;
#142 = LINE ( 'NONE', #1269, #1739 ) ;
#143 = CARTESIAN_POINT ( 'NONE',  ( 46.00000000000000000, -35.25000000000000000, 0.000000000000000000 ) ) ;
#144 = CARTESIAN_POINT ( 'NONE',  ( 33.55257832694618969, 29.67989556407102469, -12.44742167305393465 ) ) ;
#145 = ORIENTED_EDGE ( 'NONE', *, *, #1275, .T. ) ;
#146 = EDGE_CURVE ( 'NONE', #1804, #27, #409, .T. ) ;
#147 = PRODUCT_DEFINITION ( 'UNKNOWN', '', #790, #1056 ) ;
#148 = AXIS2_PLACEMENT_3D ( 'NONE', #1989, #1168, #1823 ) ;
#149 = EDGE_LOOP ( 'NONE', ( #851, #1927, #830, #2015 ) ) ;
#150 = CIRCLE ( 'NONE', #1481, 12.50000000000000000 ) ;
#151 = CARTESIAN_POINT ( 'NONE',  ( 0.000000000000000000, 0.000000000000000000, 0.000000000000000000 ) ) ;
#152 = CARTESIAN_POINT ( 'NONE',  ( -15.00000000000000000, 0.000000000000000000, 124.0000000000000000 ) ) ;
#153 = DIRECTION ( 'NONE',  ( -9.842402700577627086E-17, 1.000000000000000000, 0.000000000000000000 ) ) ;
#154 = ORIENTED_EDGE ( 'NONE', *, *, #2078, .F. ) ;
#155 = VECTOR ( 'NONE', #546, 1000.000000000000000 ) ;
#156 = ORIENTED_EDGE ( 'NONE', *, *, #1466, .T. ) ;
#157 = EDGE_CURVE ( 'NONE', #1468, #387, #264, .T. ) ;
#158 = ORIENTED_EDGE ( 'NONE', *, *, #932, .F. ) ;
#159 = CARTESIAN_POINT ( 'NONE',  ( -45.99999999999999289, 34.83578643762690774, 16.00000000000000000 ) ) ;
#160 = FILL_AREA_STYLE ('',( #1629 ) ) ;
#161 = LINE ( 'NONE', #1782, #432 ) ;
#162 = DIRECTION ( 'NONE',  ( -1.000000000000000000, 0.000000000000000000, 0.000000000000000000 ) ) ;
#163 = VERTEX_POINT ( 'NONE', #735 ) ;
#164 = VERTEX_POINT ( 'NONE', #1390 ) ;
#165 = ORIENTED_EDGE ( 'NONE', *, *, #386, .T. ) ;
#166 = CARTESIAN_POINT ( 'NONE',  ( 46.99999999999998579, 35.25000000000000000, 1.000000000000000888 ) ) ;
#167 = CARTESIAN_POINT ( 'NONE',  ( -40.41789321881343966, -40.41789321881343966, 16.00000000000000000 ) ) ;
#168 = ADVANCED_BREP_SHAPE_REPRESENTATION ( '', ( #479, #1793 ), #2108 ) ;
#169 = AXIS2_PLACEMENT_3D ( 'NONE', #652, #1609, #1620 ) ;
#170 = EDGE_CURVE ( 'NONE', #262, #1471, #2059, .T. ) ;
#171 = EDGE_CURVE ( 'NONE', #1804, #1816, #1235, .T. ) ;
#172 = VERTEX_POINT ( 'NONE', #2018 ) ;
#173 = LINE ( 'NONE', #1302, #1370 ) ;
#174 = ORIENTED_EDGE ( 'NONE', *, *, #901, .F. ) ;
#175 = ORIENTED_EDGE ( 'NONE', *, *, #1649, .T. ) ;
#176 = VECTOR ( 'NONE', #2027, 1000.000000000000000 ) ;
#177 = CARTESIAN_POINT ( 'NONE',  ( 40.41789321881342545, 40.41789321881342545, 20.00000000000000000 ) ) ;
#178 = FACE_OUTER_BOUND ( 'NONE', #15, .T. ) ;
#179 = CARTESIAN_POINT ( 'NONE',  ( 35.00000000000000000, 46.75000000000002842, 102.0000000000000284 ) ) ;
#180 = STYLED_ITEM ( 'NONE', ( #1211 ), #1869 ) ;
#181 = EDGE_CURVE ( 'NONE', #1017, #1578, #188, .T. ) ;
#182 = ORIENTED_EDGE ( 'NONE', *, *, #1100, .F. ) ;
#183 = LINE ( 'NONE', #323, #1106 ) ;
#184 = ORIENTED_EDGE ( 'NONE', *, *, #1567, .F. ) ;
#185 = VERTEX_POINT ( 'NONE', #273 ) ;
#186 = CLOSED_SHELL ( 'NONE', ( #229, #1551, #1124, #1146, #486, #1215, #1199, #605, #972, #1057, #1577, #2050, #495, #1959, #1889, #1723, #2073, #134, #593, #1061, #658, #2107, #1493, #1900, #622, #1724 ) ) ;
#187 = VECTOR ( 'NONE', #35, 1000.000000000000114 ) ;
#188 = CIRCLE ( 'NONE', #544, 37.50000000000000711 ) ;
#189 = LINE ( 'NONE', #1858, #1009 ) ;
#190 = ORIENTED_EDGE ( 'NONE', *, *, #1164, .T. ) ;
#191 = CARTESIAN_POINT ( 'NONE',  ( 0.000000000000000000, -12.50000000000000000, 0.000000000000000000 ) ) ;
#192 = CYLINDRICAL_SURFACE ( 'NONE', #1101, 15.00000000000000178 ) ;
#193 = ORIENTED_EDGE ( 'NONE', *, *, #1109, .F. ) ;
#194 = DIRECTION ( 'NONE',  ( 0.7071067811865475727, 0.000000000000000000, -0.7071067811865475727 ) ) ;
#195 = VERTEX_POINT ( 'NONE', #781 ) ;
#196 = CARTESIAN_POINT ( 'NONE',  ( 0.000000000000000000, 0.000000000000000000, 0.000000000000000000 ) ) ;
#197 = ORIENTED_EDGE ( 'NONE', *, *, #318, .F. ) ;
#198 = DIRECTION ( 'NONE',  ( 0.6785983445458468877, 0.2810846377148207842, 0.6785983445458468877 ) ) ;
#199 = VECTOR ( 'NONE', #1646, 1000.000000000000000 ) ;
#200 = EDGE_CURVE ( 'NONE', #2099, #853, #142, .T. ) ;
#201 = ADVANCED_FACE ( 'NONE', ( #1607 ), #440, .F. ) ;
#202 = FACE_OUTER_BOUND ( 'NONE', #1169, .T. ) ;
#203 = FACE_OUTER_BOUND ( 'NONE', #1627, .T. ) ;
#204 = PRESENTATION_STYLE_ASSIGNMENT (( #238 ) ) ;
#205 = CARTESIAN_POINT ( 'NONE',  ( 0.000000000000000000, 0.000000000000000000, 0.000000000000000000 ) ) ;
#206 = ORIENTED_EDGE ( 'NONE', *, *, #37, .T. ) ;
#207 = VECTOR ( 'NONE', #153, 1000.000000000000000 ) ;
#208 = CARTESIAN_POINT ( 'NONE',  ( -40.58578643762689353, -40.24999999999998579, 20.00000000000000000 ) ) ;
#209 = CARTESIAN_POINT ( 'NONE',  ( -47.00000000000000711, -35.25000000000000000, 1.000000000000000888 ) ) ;
#210 = ORIENTED_EDGE ( 'NONE', *, *, #386, .F. ) ;
#211 = DIRECTION ( 'NONE',  ( 0.7071067811865475727, 0.7071067811865475727, -0.000000000000000000 ) ) ;
#212 = EDGE_CURVE ( 'NONE', #585, #654, #795, .T. ) ;
#213 = LINE ( 'NONE', #48, #978 ) ;
#214 = ORIENTED_EDGE ( 'NONE', *, *, #958, .F. ) ;
#215 = CARTESIAN_POINT ( 'NONE',  ( 37.37916134440872185, -32.50852221050683255, 23.74147778949314969 ) ) ;
#216 = CARTESIAN_POINT ( 'NONE',  ( 46.99999999999999289, -35.25000000000000000, 20.00000000000000000 ) ) ;
#217 = AXIS2_PLACEMENT_3D ( 'NONE', #1576, #1116, #776 ) ;
#218 = VERTEX_POINT ( 'NONE', #461 ) ;
#219 = DIRECTION ( 'NONE',  ( -0.000000000000000000, -0.000000000000000000, -1.000000000000000000 ) ) ;
#220 = DIRECTION ( 'NONE',  ( 0.000000000000000000, 0.000000000000000000, 1.000000000000000000 ) ) ;
#221 = ORIENTED_EDGE ( 'NONE', *, *, #683, .T. ) ;
#222 = CARTESIAN_POINT ( 'NONE',  ( -47.00000000000000711, 35.24999999999999289, 1.000000000000000888 ) ) ;
#223 = SHAPE_REPRESENTATION ( 'Part2', ( #1793 ), #982 ) ;
#224 = EDGE_CURVE ( 'NONE', #1827, #973, #1754, .T. ) ;
#225 = ORIENTED_EDGE ( 'NONE', *, *, #1366, .T. ) ;
#226 = DIRECTION ( 'NONE',  ( -0.7071067811865474617, 0.7071067811865474617, 0.000000000000000000 ) ) ;
#227 = CARTESIAN_POINT ( 'NONE',  ( 40.99999999999999289, -41.24999999999999289, 14.99999999999998579 ) ) ;
#228 = ADVANCED_FACE ( 'NONE', ( #637 ), #608, .T. ) ;
#229 = ADVANCED_FACE ( 'NONE', ( #1429 ), #1121, .F. ) ;
#230 = EDGE_LOOP ( 'NONE', ( #1462, #616, #1408, #1347 ) ) ;
#231 = PLANE ( 'NONE',  #74 ) ;
#232 = CARTESIAN_POINT ( 'NONE',  ( -41.00000000000000711, -41.24999999999999289, 16.00000000000000000 ) ) ;
#233 = FACE_OUTER_BOUND ( 'NONE', #1249, .T. ) ;
#234 = ORIENTED_EDGE ( 'NONE', *, *, #2001, .T. ) ;
#235 = CARTESIAN_POINT ( 'NONE',  ( 40.99999999999999289, -41.25000000000000000, 1.000000000000000888 ) ) ;
#236 = ORIENTED_EDGE ( 'NONE', *, *, #1949, .F. ) ;
#237 = CARTESIAN_POINT ( 'NONE',  ( 40.41789321881343255, -40.41789321881343255, 16.00000000000000000 ) ) ;
#238 = SURFACE_STYLE_USAGE ( .BOTH. , #63 ) ;
#239 = PRODUCT_CONTEXT ( 'NONE', #1447, 'mechanical' ) ;
#240 = ORIENTED_EDGE ( 'NONE', *, *, #1842, .F. ) ;
#241 = EDGE_CURVE ( 'NONE', #719, #1398, #1961, .T. ) ;
#242 = CARTESIAN_POINT ( 'NONE',  ( 0.000000000000000000, 0.000000000000000000, 20.00000000000000000 ) ) ;
#243 = CARTESIAN_POINT ( 'NONE',  ( 0.000000000000000000, 0.000000000000000000, 0.000000000000000000 ) ) ;
#244 = PLANE ( 'NONE',  #841 ) ;
#245 = LINE ( 'NONE', #1542, #582 ) ;
#246 = ORIENTED_EDGE ( 'NONE', *, *, #1969, .T. ) ;
#247 = CARTESIAN_POINT ( 'NONE',  ( 46.99999999999999289, -35.25000000000000000, 18.99999999999998579 ) ) ;
#248 = ORIENTED_EDGE ( 'NONE', *, *, #1693, .T. ) ;
#249 = CARTESIAN_POINT ( 'NONE',  ( -41.00000000000000711, -41.24999999999999289, 14.99999999999998579 ) ) ;
#250 = DIRECTION ( 'NONE',  ( -0.2810846377148171205, 0.6785983445458476648, 0.6785983445458476648 ) ) ;
#251 = PLANE ( 'NONE',  #711 ) ;
#252 = EDGE_CURVE ( 'NONE', #1368, #320, #928, .T. ) ;
#253 = LINE ( 'NONE', #630, #2110 ) ;
#254 = LINE ( 'NONE', #1247, #6 ) ;
#255 = SHAPE_REPRESENTATION ( 'Part5', ( #1793 ), #2108 ) ;
#256 = ADVANCED_FACE ( 'NONE', ( #2085, #265 ), #772, .F. ) ;
#257 = MECHANICAL_DESIGN_GEOMETRIC_PRESENTATION_REPRESENTATION (  '', ( #180 ), #1872 ) ;
#258 = VERTEX_POINT ( 'NONE', #1112 ) ;
#259 = VECTOR ( 'NONE', #394, 1000.000000000000114 ) ;
#260 = ITEM_DEFINED_TRANSFORMATION ( 'NONE', 'NONE', #1083,  #1793 ) ;
#261 = VECTOR ( 'NONE', #831, 1000.000000000000000 ) ;
#262 = VERTEX_POINT ( 'NONE', #1263 ) ;
#263 = CARTESIAN_POINT ( 'NONE',  ( -14.99999999999999822, -15.00000000000000000, 75.00000000000000000 ) ) ;
#264 = CIRCLE ( 'NONE', #1020, 37.50000000000000711 ) ;
#265 = FACE_BOUND ( 'NONE', #722, .T. ) ;
#266 = CARTESIAN_POINT ( 'NONE',  ( -47.00000000000000711, -35.25000000000000000, 14.99999999999998579 ) ) ;
#267 = LINE ( 'NONE', #2097, #574 ) ;
#268 = EDGE_CURVE ( 'NONE', #311, #1635, #1888, .T. ) ;
#269 = PRODUCT_DEFINITION ( 'UNKNOWN', '', #434, #543 ) ;
#270 = ORIENTED_EDGE ( 'NONE', *, *, #835, .F. ) ;
#271 = ORIENTED_EDGE ( 'NONE', *, *, #2001, .F. ) ;
#272 = DIRECTION ( 'NONE',  ( 1.000000000000000000, 0.000000000000000000, 0.000000000000000000 ) ) ;
#273 = CARTESIAN_POINT ( 'NONE',  ( 12.50000000000000000, 12.49999999999999645, 75.00000000000000000 ) ) ;
#274 = LINE ( 'NONE', #2077, #1315 ) ;
#275 = PLANE ( 'NONE',  #750 ) ;
#276 = CARTESIAN_POINT ( 'NONE',  ( -14.99999999999999822, -15.00000000000000000, 75.00000000000000000 ) ) ;
#277 = AXIS2_PLACEMENT_3D ( 'NONE', #276, #117, #952 ) ;
#278 = EDGE_CURVE ( 'NONE', #218, #262, #293, .T. ) ;
#279 = APPLICATION_PROTOCOL_DEFINITION ( 'draft international standard', 'automotive_design', 1998, #840 ) ;
#280 = VERTEX_POINT ( 'NONE', #132 ) ;
#281 = LINE ( 'NONE', #263, #599 ) ;
#282 = CARTESIAN_POINT ( 'NONE',  ( -47.00000000000000711, -35.25000000000000000, 1.000000000000000888 ) ) ;
#283 = DIRECTION ( 'NONE',  ( -0.7071067811865462405, -6.959629692747215602E-17, -0.7071067811865487940 ) ) ;
#284 = DIRECTION ( 'NONE',  ( 0.000000000000000000, 0.000000000000000000, 1.000000000000000000 ) ) ;
#285 = DIRECTION ( 'NONE',  ( 0.7071067811865474617, -0.7071067811865474617, 0.000000000000000000 ) ) ;
#286 = VECTOR ( 'NONE', #285, 1000.000000000000114 ) ;
#287 = VECTOR ( 'NONE', #1767, 999.9999999999998863 ) ;
#288 = ADVANCED_FACE ( 'NONE', ( #802 ), #472, .T. ) ;
#289 = VECTOR ( 'NONE', #419, 1000.000000000000000 ) ;
#290 = ORIENTED_EDGE ( 'NONE', *, *, #1611, .F. ) ;
#291 = AXIS2_PLACEMENT_3D ( 'NONE', #237, #76, #741 ) ;
#292 = DIRECTION ( 'NONE',  ( 0.7071067811865474617, 0.7071067811865474617, 0.000000000000000000 ) ) ;
#293 = LINE ( 'NONE', #966, #1670 ) ;
#294 = CARTESIAN_POINT ( 'NONE',  ( 44.49421473114405501, -34.21206975724516752, 17.50578526885591657 ) ) ;
#295 = EDGE_CURVE ( 'NONE', #827, #1555, #1902, .T. ) ;
#296 = EDGE_CURVE ( 'NONE', #974, #1340, #426, .T. ) ;
#297 = PLANE ( 'NONE',  #533 ) ;
#298 = DIRECTION ( 'NONE',  ( 0.6785983445458458885, 0.2810846377148256692, 0.6785983445458458885 ) ) ;
#299 = VECTOR ( 'NONE', #1637, 1000.000000000000114 ) ;
#300 = ORIENTED_EDGE ( 'NONE', *, *, #712, .F. ) ;
#301 = DIRECTION ( 'NONE',  ( -0.7071067811865474617, 0.7071067811865474617, 0.000000000000000000 ) ) ;
#302 = DIRECTION ( 'NONE',  ( 0.000000000000000000, 1.000000000000000000, 0.000000000000000000 ) ) ;
#303 = CARTESIAN_POINT ( 'NONE',  ( 0.000000000000000000, 0.000000000000000000, 0.000000000000000000 ) ) ;
#304 = AXIS2_PLACEMENT_3D ( 'NONE', #282, #946, #1773 ) ;
#305 = EDGE_CURVE ( 'NONE', #827, #740, #1591, .T. ) ;
#306 = PRODUCT ( 'Part1', 'Part1', '', ( #1239 ) ) ;
#307 = CARTESIAN_POINT ( 'NONE',  ( -41.00000000000000711, -41.24999999999999289, 1.000000000000000888 ) ) ;
#308 = CARTESIAN_POINT ( 'NONE',  ( 40.99999999999999289, -41.24999999999999289, 1.000000000000000888 ) ) ;
#309 = ORIENTED_EDGE ( 'NONE', *, *, #645, .T. ) ;
#310 = VECTOR ( 'NONE', #2017, 1000.000000000000000 ) ;
#311 = VERTEX_POINT ( 'NONE', #1940 ) ;
#312 = DIRECTION ( 'NONE',  ( 0.2810846377148213393, -0.6785983445458385610, -0.6785983445458549923 ) ) ;
#313 = CARTESIAN_POINT ( 'NONE',  ( 40.99999999999998579, 41.24999999999999289, 1.000000000000000888 ) ) ;
#314 = ORIENTED_EDGE ( 'NONE', *, *, #1466, .F. ) ;
#315 = EDGE_CURVE ( 'NONE', #668, #752, #1573, .T. ) ;
#316 = EDGE_LOOP ( 'NONE', ( #156, #2051, #879, #1161 ) ) ;
#317 = VECTOR ( 'NONE', #2104, 1000.000000000000114 ) ;
#318 = EDGE_CURVE ( 'NONE', #417, #1975, #492, .T. ) ;
#319 = VECTOR ( 'NONE', #126, 1000.000000000000114 ) ;
#320 = VERTEX_POINT ( 'NONE', #1318 ) ;
#321 = CARTESIAN_POINT ( 'NONE',  ( -41.00000000000000711, 41.25000000000000711, 16.00000000000000000 ) ) ;
#322 = DIRECTION ( 'NONE',  ( -0.000000000000000000, -0.000000000000000000, -1.000000000000000000 ) ) ;
#323 = CARTESIAN_POINT ( 'NONE',  ( 0.000000000000000000, 40.24999999999999289, 16.00000000000000000 ) ) ;
#324 = ORIENTED_EDGE ( 'NONE', *, *, #932, .T. ) ;
#325 = VECTOR ( 'NONE', #709, 1000.000000000000114 ) ;
#326 = ORIENTED_EDGE ( 'NONE', *, *, #1611, .T. ) ;
#327 = CARTESIAN_POINT ( 'NONE',  ( 12.50000000000000000, 12.49999999999999645, 75.00000000000000000 ) ) ;
#328 = DIRECTION ( 'NONE',  ( 0.000000000000000000, 0.000000000000000000, 1.000000000000000000 ) ) ;
#329 = LINE ( 'NONE', #977, #671 ) ;
#330 = ORIENTED_EDGE ( 'NONE', *, *, #1538, .F. ) ;
#331 = CARTESIAN_POINT ( 'NONE',  ( -40.60454598580498953, -40.29528955563552728, 19.95471044436445496 ) ) ;
#332 = FACE_OUTER_BOUND ( 'NONE', #1777, .T. ) ;
#333 = ORIENTED_EDGE ( 'NONE', *, *, #66, .T. ) ;
#334 = EDGE_CURVE ( 'NONE', #964, #1136, #1292, .T. ) ;
#335 = LINE ( 'NONE', #994, #261 ) ;
#336 = LINE ( 'NONE', #995, #18 ) ;
#337 = PLANE ( 'NONE',  #1906 ) ;
#338 = AXIS2_PLACEMENT_3D ( 'NONE', #242, #56, #352 ) ;
#339 = EDGE_LOOP ( 'NONE', ( #1475, #1192, #536, #702, #1322, #1658, #506, #350 ) ) ;
#340 = CARTESIAN_POINT ( 'NONE',  ( 40.29289321881345387, -40.54289321881346098, 0.000000000000000000 ) ) ;
#341 = ORIENTED_EDGE ( 'NONE', *, *, #171, .F. ) ;
#342 = ORIENTED_EDGE ( 'NONE', *, *, #1288, .F. ) ;
#343 = DIRECTION ( 'NONE',  ( 0.000000000000000000, -1.000000000000000000, 0.000000000000000000 ) ) ;
#344 = AXIS2_PLACEMENT_3D ( 'NONE', #694, #362, #384 ) ;
#345 = EDGE_LOOP ( 'NONE', ( #290, #983, #333, #1285 ) ) ;
#346 = DIRECTION ( 'NONE',  ( -1.000000000000000000, 0.000000000000000000, 0.000000000000000000 ) ) ;
#347 = PLANE ( 'NONE',  #1974 ) ;
#348 =( NAMED_UNIT ( * ) PLANE_ANGLE_UNIT ( ) SI_UNIT ( $, .RADIAN. ) );
#349 = AXIS2_PLACEMENT_3D ( 'NONE', #1107, #1406, #476 ) ;
#350 = ORIENTED_EDGE ( 'NONE', *, *, #1246, .T. ) ;
#351 = EDGE_CURVE ( 'NONE', #122, #853, #484, .T. ) ;
#352 = DIRECTION ( 'NONE',  ( -1.000000000000000000, 0.000000000000000000, -0.000000000000000000 ) ) ;
#353 = ADVANCED_FACE ( 'NONE', ( #833 ), #1812, .F. ) ;
#354 = CARTESIAN_POINT ( 'NONE',  ( -47.00000000000000711, -35.25000000000000000, 16.00000000000000000 ) ) ;
#355 = DIRECTION ( 'NONE',  ( -0.000000000000000000, -0.000000000000000000, -1.000000000000000000 ) ) ;
#356 = FACE_OUTER_BOUND ( 'NONE', #2025, .T. ) ;
#357 = ORIENTED_EDGE ( 'NONE', *, *, #70, .T. ) ;
#358 = CLOSED_SHELL ( 'NONE', ( #256, #1749, #1230, #1602, #797, #25, #1738, #823, #385, #429 ) ) ;
#359 = AXIS2_PLACEMENT_3D ( 'NONE', #854, #1484, #1059 ) ;
#360 = UNCERTAINTY_MEASURE_WITH_UNIT (LENGTH_MEASURE( 1.000000000000000082E-05 ), #1066, 'distance_accuracy_value', 'NONE');
#361 = VECTOR ( 'NONE', #1764, 1000.000000000000000 ) ;
#362 = DIRECTION ( 'NONE',  ( 0.5000000000000048850, -0.5000000000000048850, -0.7071067811865406894 ) ) ;
#363 = LINE ( 'NONE', #388, #1878 ) ;
#364 = SURFACE_STYLE_FILL_AREA ( #1861 ) ;
#365 = EDGE_LOOP ( 'NONE', ( #99, #1437, #21, #1478 ) ) ;
#366 = DIRECTION ( 'NONE',  ( 9.842402700577627086E-17, -1.000000000000000000, 0.000000000000000000 ) ) ;
#367 = FACE_OUTER_BOUND ( 'NONE', #345, .T. ) ;
#368 = LINE ( 'NONE', #2094, #1479 ) ;
#369 = EDGE_CURVE ( 'NONE', #1019, #1144, #336, .T. ) ;
#370 = PRODUCT_DEFINITION ( 'UNKNOWN', '', #1695, #931 ) ;
#371 = ORIENTED_EDGE ( 'NONE', *, *, #1593, .F. ) ;
#372 = CARTESIAN_POINT ( 'NONE',  ( -14.99999999999999822, -15.00000000000000000, 75.00000000000000000 ) ) ;
#373 = DIRECTION ( 'NONE',  ( 1.000000000000000000, -0.000000000000000000, 0.000000000000000000 ) ) ;
#374 = CARTESIAN_POINT ( 'NONE',  ( -47.00000000000000711, -35.25000000000000000, 1.000000000000000888 ) ) ;
#375 =( LENGTH_UNIT ( ) NAMED_UNIT ( * ) SI_UNIT ( .MILLI., .METRE. ) );
#376 = DIRECTION ( 'NONE',  ( 1.000000000000000000, 0.000000000000000000, 0.000000000000000000 ) ) ;
#377 = ORIENTED_EDGE ( 'NONE', *, *, #737, .F. ) ;
#378 = VECTOR ( 'NONE', #576, 1000.000000000000000 ) ;
#379 = CARTESIAN_POINT ( 'NONE',  ( -47.00000000000000711, -35.25000000000000000, 14.99999999999998579 ) ) ;
#380 = CYLINDRICAL_SURFACE ( 'NONE', #502, 37.50000000000000711 ) ;
#381 = CARTESIAN_POINT ( 'NONE',  ( -47.00000000000000711, 35.25000000000000711, 16.00000000000000000 ) ) ;
#382 = ORIENTED_EDGE ( 'NONE', *, *, #2120, .T. ) ;
#383 = DIRECTION ( 'NONE',  ( -0.000000000000000000, -0.000000000000000000, -1.000000000000000000 ) ) ;
#384 = DIRECTION ( 'NONE',  ( -0.7071067811865474617, -0.7071067811865474617, 0.000000000000000000 ) ) ;
#385 = ADVANCED_FACE ( 'NONE', ( #855 ), #347, .T. ) ;
#386 = EDGE_CURVE ( 'NONE', #163, #641, #9, .T. ) ;
#387 = VERTEX_POINT ( 'NONE', #1002 ) ;
#388 = CARTESIAN_POINT ( 'NONE',  ( -40.41789321881343966, 40.41789321881343966, 20.00000000000000000 ) ) ;
#389 =( NAMED_UNIT ( * ) SI_UNIT ( $, .STERADIAN. ) SOLID_ANGLE_UNIT ( ) );
#390 = AXIS2_PLACEMENT_3D ( 'NONE', #2090, #811, #1604 ) ;
#391 = PRESENTATION_LAYER_ASSIGNMENT (  '', '', ( #1746 ) ) ;
#392 = ORIENTED_EDGE ( 'NONE', *, *, #784, .F. ) ;
#393 = CARTESIAN_POINT ( 'NONE',  ( -14.99999999999999822, 15.00000000000000000, 75.00000000000000000 ) ) ;
#394 = DIRECTION ( 'NONE',  ( 0.7071067811865474617, 0.7071067811865474617, 0.000000000000000000 ) ) ;
#395 = CARTESIAN_POINT ( 'NONE',  ( -40.41789321881343966, -40.41789321881343966, 20.00000000000000000 ) ) ;
#396 = VECTOR ( 'NONE', #1105, 1000.000000000000227 ) ;
#397 = ORIENTED_EDGE ( 'NONE', *, *, #1925, .T. ) ;
#398 = CARTESIAN_POINT ( 'NONE',  ( 40.99999999999999289, -41.24999999999999289, 16.00000000000000000 ) ) ;
#399 = CLOSED_SHELL ( 'NONE', ( #1276, #71, #2062, #805 ) ) ;
#400 = AXIS2_PLACEMENT_3D ( 'NONE', #1374, #1718, #791 ) ;
#401 = ADVANCED_FACE ( 'NONE', ( #178 ), #845, .T. ) ;
#402 = ORIENTED_EDGE ( 'NONE', *, *, #645, .F. ) ;
#403 = CARTESIAN_POINT ( 'NONE',  ( -41.00000000000000711, 41.25000000000000711, 14.99999999999998579 ) ) ;
#404 =( NAMED_UNIT ( * ) SI_UNIT ( $, .STERADIAN. ) SOLID_ANGLE_UNIT ( ) );
#405 = SHAPE_DEFINITION_REPRESENTATION ( #1081, #447 ) ;
#406 = STYLED_ITEM ( 'NONE', ( #1781 ), #414 ) ;
#407 = ORIENTED_EDGE ( 'NONE', *, *, #1505, .F. ) ;
#408 = CARTESIAN_POINT ( 'NONE',  ( -40.58578643762692195, 40.25000000000000711, 0.000000000000000000 ) ) ;
#409 = LINE ( 'NONE', #1539, #2119 ) ;
#410 = DIRECTION ( 'NONE',  ( 0.000000000000000000, -1.000000000000000000, 0.000000000000000000 ) ) ;
#411 = ORIENTED_EDGE ( 'NONE', *, *, #84, .F. ) ;
#412 = CARTESIAN_POINT ( 'NONE',  ( 0.000000000000000000, 0.000000000000000000, 124.0000000000000000 ) ) ;
#413 = VERTEX_POINT ( 'NONE', #1157 ) ;
#414 = MANIFOLD_SOLID_BREP ( 'Cut-Extrude1', #358 ) ;
#415 = ITEM_DEFINED_TRANSFORMATION ( 'NONE', 'NONE', #148,  #1793 ) ;
#416 = ADVANCED_FACE ( 'NONE', ( #2124 ), #1792, .F. ) ;
#417 = VERTEX_POINT ( 'NONE', #1822 ) ;
#418 = DIRECTION ( 'NONE',  ( 0.000000000000000000, -1.000000000000000000, 0.000000000000000000 ) ) ;
#419 = DIRECTION ( 'NONE',  ( -0.6785983445458496632, -0.2810846377148077391, 0.6785983445458496632 ) ) ;
#420 = CARTESIAN_POINT ( 'NONE',  ( -46.00000000000000711, -34.83578643762692195, 0.000000000000000000 ) ) ;
#421 = AXIS2_PLACEMENT_3D ( 'NONE', #1364, #194, #734 ) ;
#422 = DIRECTION ( 'NONE',  ( -0.7071067811865475727, 0.7071067811865475727, 0.000000000000000000 ) ) ;
#423 = ORIENTED_EDGE ( 'NONE', *, *, #157, .T. ) ;
#424 = EDGE_LOOP ( 'NONE', ( #2083, #2063 ) ) ;
#425 = CARTESIAN_POINT ( 'NONE',  ( 40.99999999999999289, -41.25000000000000000, 20.00000000000000000 ) ) ;
#426 = LINE ( 'NONE', #2101, #590 ) ;
#427 = DIRECTION ( 'NONE',  ( 0.7071067811865475727, 0.000000000000000000, -0.7071067811865475727 ) ) ;
#428 = VECTOR ( 'NONE', #1482, 1000.000000000000000 ) ;
#429 = ADVANCED_FACE ( 'NONE', ( #356, #1308 ), #192, .F. ) ;
#430 =( LENGTH_UNIT ( ) NAMED_UNIT ( * ) SI_UNIT ( .MILLI., .METRE. ) );
#431 = CARTESIAN_POINT ( 'NONE',  ( 40.99999999999998579, 41.24999999999999289, 18.99999999999998579 ) ) ;
#432 = VECTOR ( 'NONE', #511, 1000.000000000000000 ) ;
#433 = UNCERTAINTY_MEASURE_WITH_UNIT (LENGTH_MEASURE( 1.000000000000000082E-05 ), #430, 'distance_accuracy_value', 'NONE');
#434 = PRODUCT_DEFINITION_FORMATION_WITH_SPECIFIED_SOURCE ( 'ANY', '', #950, .NOT_KNOWN. ) ;
#435 = VERTEX_POINT ( 'NONE', #1876 ) ;
#436 = PRODUCT_CONTEXT ( 'NONE', #1934, 'mechanical' ) ;
#437 = AXIS2_PLACEMENT_3D ( 'NONE', #1964, #499, #2013 ) ;
#438 = ORIENTED_EDGE ( 'NONE', *, *, #1123, .T. ) ;
#439 = PLANE ( 'NONE',  #1751 ) ;
#440 = PLANE ( 'NONE',  #819 ) ;
#441 = DIRECTION ( 'NONE',  ( -0.7071067811865474617, 0.7071067811865474617, 0.000000000000000000 ) ) ;
#442 = MANIFOLD_SOLID_BREP ( 'Boss-Extrude1', #399 ) ;
#443 = DIRECTION ( 'NONE',  ( -0.000000000000000000, 1.000000000000000000, 0.000000000000000000 ) ) ;
#444 = CARTESIAN_POINT ( 'NONE',  ( -12.50000000000000000, 12.49999999999999645, 75.00000000000000000 ) ) ;
#445 = EDGE_CURVE ( 'NONE', #413, #2020, #1232, .T. ) ;
#446 = SHAPE_DEFINITION_REPRESENTATION ( #119, #1810 ) ;
#447 = SHAPE_REPRESENTATION ( 'Part3', ( #1793 ), #466 ) ;
#448 = ORIENTED_EDGE ( 'NONE', *, *, #2046, .F. ) ;
#449 = DIRECTION ( 'NONE',  ( -0.7071067811865475727, -0.7071067811865475727, 0.000000000000000000 ) ) ;
#450 = CARTESIAN_POINT ( 'NONE',  ( -39.35529773703259337, 32.08346064237463935, 26.64470226296739952 ) ) ;
#451 = DIRECTION ( 'NONE',  ( 0.5000000000000011102, -0.5000000000000011102, -0.7071067811865460184 ) ) ;
#452 = MECHANICAL_DESIGN_GEOMETRIC_PRESENTATION_REPRESENTATION (  '', ( #1746 ), #1586 ) ;
#453 = DIRECTION ( 'NONE',  ( 0.000000000000000000, -1.000000000000000000, 0.000000000000000000 ) ) ;
#454 = CARTESIAN_POINT ( 'NONE',  ( 40.29289321881344677, -40.54289321881344677, 0.000000000000000000 ) ) ;
#455 = EDGE_CURVE ( 'NONE', #591, #1686, #2038, .T. ) ;
#456 = VECTOR ( 'NONE', #667, 1000.000000000000000 ) ;
#457 = EDGE_CURVE ( 'NONE', #1981, #1144, #547, .T. ) ;
#458 = EDGE_CURVE ( 'NONE', #688, #1461, #1036, .T. ) ;
#459 = ORIENTED_EDGE ( 'NONE', *, *, #315, .T. ) ;
#460 = DIRECTION ( 'NONE',  ( 8.462065736472231082E-17, -1.000000000000000000, 0.000000000000000000 ) ) ;
#461 = CARTESIAN_POINT ( 'NONE',  ( 46.99999999999998579, 35.25000000000000711, 1.000000000000000888 ) ) ;
#462 = LINE ( 'NONE', #1413, #1692 ) ;
#463 = DIRECTION ( 'NONE',  ( -9.842402700577628319E-17, 1.000000000000000000, 0.000000000000000000 ) ) ;
#464 = FACE_OUTER_BOUND ( 'NONE', #1796, .T. ) ;
#465 = AXIS2_PLACEMENT_3D ( 'NONE', #1361, #2064, #759 ) ;
#466 =( GEOMETRIC_REPRESENTATION_CONTEXT ( 3 ) GLOBAL_UNCERTAINTY_ASSIGNED_CONTEXT ( ( #908 ) ) GLOBAL_UNIT_ASSIGNED_CONTEXT ( ( #1140, #1180, #1047 ) ) REPRESENTATION_CONTEXT ( 'NONE', 'WORKASPACE' ) );
#467 = VECTOR ( 'NONE', #1357, 1000.000000000000000 ) ;
#468 = EDGE_CURVE ( 'NONE', #27, #1005, #572, .T. ) ;
#469 = ORIENTED_EDGE ( 'NONE', *, *, #1288, .T. ) ;
#470 = VECTOR ( 'NONE', #1691, 999.9999999999998863 ) ;
#471 = DIRECTION ( 'NONE',  ( 0.6785983445458466656, -0.2810846377148216724, 0.6785983445458466656 ) ) ;
#472 = PLANE ( 'NONE',  #304 ) ;
#473 =( NAMED_UNIT ( * ) PLANE_ANGLE_UNIT ( ) SI_UNIT ( $, .RADIAN. ) );
#474 =( REPRESENTATION_RELATIONSHIP ('NONE','NONE', #1597, #223 ) REPRESENTATION_RELATIONSHIP_WITH_TRANSFORMATION ( #101 )SHAPE_REPRESENTATION_RELATIONSHIP( ) );
#475 = AXIS2_PLACEMENT_3D ( 'NONE', #1582, #808, #628 ) ;
#476 = DIRECTION ( 'NONE',  ( 0.000000000000000000, 0.000000000000000000, 1.000000000000000000 ) ) ;
#477 = FACE_OUTER_BOUND ( 'NONE', #989, .T. ) ;
#478 = ORIENTED_EDGE ( 'NONE', *, *, #1453, .F. ) ;
#479 = MANIFOLD_SOLID_BREP ( 'Chamfer1', #1392 ) ;
#480 = EDGE_LOOP ( 'NONE', ( #145, #822, #382, #1947 ) ) ;
#481 = EDGE_CURVE ( 'NONE', #1555, #828, #40, .T. ) ;
#482 = CARTESIAN_POINT ( 'NONE',  ( -40.58578643762693616, -40.24999999999999289, 0.000000000000000000 ) ) ;
#483 = CARTESIAN_POINT ( 'NONE',  ( 0.000000000000000000, 0.000000000000000000, 124.0000000000000000 ) ) ;
#484 = CIRCLE ( 'NONE', #1149, 15.00000000000000000 ) ;
#485 = LINE ( 'NONE', #2114, #30 ) ;
#486 = ADVANCED_FACE ( 'NONE', ( #1179 ), #1847, .F. ) ;
#487 = CARTESIAN_POINT ( 'NONE',  ( -39.35529773703239442, -32.08346064237446882, 26.64470226296759847 ) ) ;
#488 = ORIENTED_EDGE ( 'NONE', *, *, #785, .T. ) ;
#489 = AXIS2_PLACEMENT_3D ( 'NONE', #425, #1084, #1234 ) ;
#490 = ORIENTED_EDGE ( 'NONE', *, *, #971, .T. ) ;
#491 = DIRECTION ( 'NONE',  ( 0.000000000000000000, -1.000000000000000000, 0.000000000000000000 ) ) ;
#492 = LINE ( 'NONE', #167, #1128 ) ;
#493 = LINE ( 'NONE', #1125, #632 ) ;
#494 = ORIENTED_EDGE ( 'NONE', *, *, #146, .F. ) ;
#495 = ADVANCED_FACE ( 'NONE', ( #1522 ), #2052, .F. ) ;
#496 = ORIENTED_EDGE ( 'NONE', *, *, #2049, .T. ) ;
#497 = MECHANICAL_DESIGN_GEOMETRIC_PRESENTATION_REPRESENTATION (  '', ( #1514 ), #1759 ) ;
#498 = VECTOR ( 'NONE', #1270, 1000.000000000000114 ) ;
#499 = DIRECTION ( 'NONE',  ( -0.7071067811865475727, -0.7071067811865475727, 0.000000000000000000 ) ) ;
#500 = DIRECTION ( 'NONE',  ( -0.000000000000000000, -0.000000000000000000, -1.000000000000000000 ) ) ;
#501 = DIRECTION ( 'NONE',  ( 0.000000000000000000, -1.000000000000000000, 0.000000000000000000 ) ) ;
#502 = AXIS2_PLACEMENT_3D ( 'NONE', #1377, #763, #1403 ) ;
#503 = ORIENTED_EDGE ( 'NONE', *, *, #138, .F. ) ;
#504 = DIRECTION ( 'NONE',  ( -1.000000000000000000, -0.000000000000000000, -0.000000000000000000 ) ) ;
#505 = ORIENTED_EDGE ( 'NONE', *, *, #458, .T. ) ;
#506 = ORIENTED_EDGE ( 'NONE', *, *, #252, .T. ) ;
#507 = ADVANCED_FACE ( 'NONE', ( #88 ), #1556, .F. ) ;
#508 = ORIENTED_EDGE ( 'NONE', *, *, #1890, .T. ) ;
#509 = CYLINDRICAL_SURFACE ( 'NONE', #1913, 37.50000000000000711 ) ;
#510 = CARTESIAN_POINT ( 'NONE',  ( -12.50000000000000000, -12.50000000000000000, 75.00000000000000000 ) ) ;
#511 = DIRECTION ( 'NONE',  ( -0.000000000000000000, -1.000000000000000000, -0.000000000000000000 ) ) ;
#512 = VERTEX_POINT ( 'NONE', #852 ) ;
#513 = ADVANCED_BREP_SHAPE_REPRESENTATION ( '', ( #442, #1793 ), #949 ) ;
#514 = CARTESIAN_POINT ( 'NONE',  ( 0.000000000000000000, 0.000000000000000000, 124.0000000000000000 ) ) ;
#515 = ORIENTED_EDGE ( 'NONE', *, *, #2078, .T. ) ;
#516 = VERTEX_POINT ( 'NONE', #1174 ) ;
#517 = EDGE_CURVE ( 'NONE', #1461, #758, #1494, .T. ) ;
#518 = DIRECTION ( 'NONE',  ( -0.7071067811865524577, 0.000000000000000000, -0.7071067811865425767 ) ) ;
#519 = EDGE_CURVE ( 'NONE', #792, #752, #17, .T. ) ;
#520 = ORIENTED_EDGE ( 'NONE', *, *, #170, .T. ) ;
#521 = DIRECTION ( 'NONE',  ( -0.5000000000000046629, -0.5000000000000046629, -0.7071067811865409114 ) ) ;
#522 = VERTEX_POINT ( 'NONE', #545 ) ;
#523 = DIRECTION ( 'NONE',  ( 0.000000000000000000, 0.000000000000000000, -1.000000000000000000 ) ) ;
#524 = EDGE_LOOP ( 'NONE', ( #1401, #526, #515, #1569 ) ) ;
#525 = DIRECTION ( 'NONE',  ( 0.7071067811865474617, -0.7071067811865474617, 0.000000000000000000 ) ) ;
#526 = ORIENTED_EDGE ( 'NONE', *, *, #241, .F. ) ;
#527 = DIRECTION ( 'NONE',  ( 1.000000000000000000, 8.462065736472231082E-17, 0.000000000000000000 ) ) ;
#528 = ORIENTED_EDGE ( 'NONE', *, *, #1323, .T. ) ;
#529 = CARTESIAN_POINT ( 'NONE',  ( -45.99999999999999289, 34.83578643762688642, 20.00000000000000000 ) ) ;
#530 = SHAPE_REPRESENTATION_RELATIONSHIP ( 'NONE' , 'NONE' ,  #1070, #1050 ) ;
#531 = AXIS2_PLACEMENT_3D ( 'NONE', #1219, #1207, #64 ) ;
#532 = EDGE_CURVE ( 'NONE', #1471, #668, #189, .T. ) ;
#533 = AXIS2_PLACEMENT_3D ( 'NONE', #1595, #453, #1089 ) ;
#534 = EDGE_LOOP ( 'NONE', ( #1110, #50, #555, #897 ) ) ;
#535 = DIRECTION ( 'NONE',  ( 1.000000000000000000, 0.000000000000000000, 0.000000000000000000 ) ) ;
#536 = ORIENTED_EDGE ( 'NONE', *, *, #54, .T. ) ;
#537 = LINE ( 'NONE', #1053, #1048 ) ;
#538 = PRODUCT_DEFINITION_FORMATION_WITH_SPECIFIED_SOURCE ( 'ANY', '', #1554, .NOT_KNOWN. ) ;
#539 = EDGE_LOOP ( 'NONE', ( #779, #1359, #1183, #478 ) ) ;
#540 = VECTOR ( 'NONE', #1029, 1000.000000000000000 ) ;
#541 = CARTESIAN_POINT ( 'NONE',  ( 0.000000000000000000, 0.000000000000000000, 0.000000000000000000 ) ) ;
#542 = VECTOR ( 'NONE', #1636, 1000.000000000000000 ) ;
#543 = PRODUCT_DEFINITION_CONTEXT ( 'detailed design', #840, 'design' ) ;
#544 = AXIS2_PLACEMENT_3D ( 'NONE', #881, #1365, #1600 ) ;
#545 = CARTESIAN_POINT ( 'NONE',  ( -41.00000000000000711, 41.25000000000000711, 1.000000000000000888 ) ) ;
#546 = DIRECTION ( 'NONE',  ( 1.000000000000000000, 0.000000000000000000, 0.000000000000000000 ) ) ;
#547 = LINE ( 'NONE', #1836, #2043 ) ;
#548 =( NAMED_UNIT ( * ) PLANE_ANGLE_UNIT ( ) SI_UNIT ( $, .RADIAN. ) );
#549 = ADVANCED_FACE ( 'NONE', ( #2024 ), #766, .T. ) ;
#550 = ORIENTED_EDGE ( 'NONE', *, *, #1303, .T. ) ;
#551 = DIRECTION ( 'NONE',  ( -0.000000000000000000, -0.000000000000000000, -1.000000000000000000 ) ) ;
#552 = DIRECTION ( 'NONE',  ( -0.000000000000000000, -0.000000000000000000, -1.000000000000000000 ) ) ;
#553 = LINE ( 'NONE', #381, #1518 ) ;
#554 = EDGE_CURVE ( 'NONE', #1686, #172, #26, .T. ) ;
#555 = ORIENTED_EDGE ( 'NONE', *, *, #2088, .T. ) ;
#556 = DIRECTION ( 'NONE',  ( -0.5000000000000008882, 0.5000000000000008882, -0.7071067811865462405 ) ) ;
#557 = CARTESIAN_POINT ( 'NONE',  ( 12.50000000000000000, 12.49999999999999645, 8.291561975888502189 ) ) ;
#558 = EDGE_LOOP ( 'NONE', ( #496, #821, #1071, #2033 ) ) ;
#559 = CARTESIAN_POINT ( 'NONE',  ( 46.99999999999998579, 35.25000000000000000, 20.00000000000000000 ) ) ;
#560 = DIRECTION ( 'NONE',  ( -0.2810846377148216724, 0.6785983445458466656, -0.6785983445458466656 ) ) ;
#561 = DIRECTION ( 'NONE',  ( 1.000000000000000000, 0.000000000000000000, 0.000000000000000000 ) ) ;
#562 = VERTEX_POINT ( 'NONE', #557 ) ;
#563 = AXIS2_PLACEMENT_3D ( 'NONE', #771, #606, #272 ) ;
#564 = LINE ( 'NONE', #1687, #378 ) ;
#565 = DIRECTION ( 'NONE',  ( 0.000000000000000000, 0.000000000000000000, 1.000000000000000000 ) ) ;
#566 = EDGE_LOOP ( 'NONE', ( #102, #1710, #407, #1172 ) ) ;
#567 = LINE ( 'NONE', #235, #467 ) ;
#568 = ADVANCED_FACE ( 'NONE', ( #1519 ), #1669, .F. ) ;
#569 = UNCERTAINTY_MEASURE_WITH_UNIT (LENGTH_MEASURE( 1.000000000000000082E-05 ), #1697, 'distance_accuracy_value', 'NONE');
#570 = EDGE_LOOP ( 'NONE', ( #1296, #1470, #738, #1195 ) ) ;
#571 = LINE ( 'NONE', #1875, #16 ) ;
#572 = LINE ( 'NONE', #1706, #1416 ) ;
#573 =( LENGTH_UNIT ( ) NAMED_UNIT ( * ) SI_UNIT ( .MILLI., .METRE. ) );
#574 = VECTOR ( 'NONE', #1126, 1000.000000000000000 ) ;
#575 = ORIENTED_EDGE ( 'NONE', *, *, #200, .F. ) ;
#576 = DIRECTION ( 'NONE',  ( 0.6785983445458494412, 0.2810846377148145114, -0.6785983445458471097 ) ) ;
#577 = FACE_OUTER_BOUND ( 'NONE', #539, .T. ) ;
#578 = CARTESIAN_POINT ( 'NONE',  ( 12.50000000000000000, -12.50000000000000000, 75.00000000000000000 ) ) ;
#579 = MECHANICAL_DESIGN_GEOMETRIC_PRESENTATION_REPRESENTATION (  '', ( #1938 ), #1220 ) ;
#580 = ORIENTED_EDGE ( 'NONE', *, *, #1216, .T. ) ;
#581 = CARTESIAN_POINT ( 'NONE',  ( -37.37916134440867921, 32.50852221050678992, 27.74147778949327048 ) ) ;
#582 = VECTOR ( 'NONE', #1516, 1000.000000000000114 ) ;
#583 = EDGE_CURVE ( 'NONE', #1690, #857, #1044, .T. ) ;
#584 = ORIENTED_EDGE ( 'NONE', *, *, #693, .T. ) ;
#585 = VERTEX_POINT ( 'NONE', #873 ) ;
#586 = FACE_OUTER_BOUND ( 'NONE', #1312, .T. ) ;
#587 = DIRECTION ( 'NONE',  ( -0.2810846377148206177, -0.6785983445458468877, -0.6785983445458468877 ) ) ;
#588 = LINE ( 'NONE', #796, #396 ) ;
#589 = CARTESIAN_POINT ( 'NONE',  ( -37.50000000000000711, 0.000000000000000000, 7.000000000000000000 ) ) ;
#590 = VECTOR ( 'NONE', #1104, 1000.000000000000000 ) ;
#591 = VERTEX_POINT ( 'NONE', #1984 ) ;
#592 = APPLICATION_PROTOCOL_DEFINITION ( 'draft international standard', 'automotive_design', 1998, #1601 ) ;
#593 = ADVANCED_FACE ( 'NONE', ( #1090 ), #1736, .T. ) ;
#594 = EDGE_CURVE ( 'NONE', #1975, #1714, #1832, .T. ) ;
#595 = ORIENTED_EDGE ( 'NONE', *, *, #958, .T. ) ;
#596 = CARTESIAN_POINT ( 'NONE',  ( 12.50000000000000000, -12.50000000000000000, 75.00000000000000000 ) ) ;
#597 = DIRECTION ( 'NONE',  ( -9.842402700577628319E-17, 1.000000000000000000, 0.000000000000000000 ) ) ;
#598 = CARTESIAN_POINT ( 'NONE',  ( -45.99999999999999289, 0.000000000000000000, 20.00000000000000000 ) ) ;
#599 = VECTOR ( 'NONE', #936, 1000.000000000000000 ) ;
#600 = SURFACE_STYLE_USAGE ( .BOTH. , #96 ) ;
#601 = CARTESIAN_POINT ( 'NONE',  ( 45.38148713966104708, -34.57959002237235069, -0.6185128603389433710 ) ) ;
#602 = ORIENTED_EDGE ( 'NONE', *, *, #1332, .F. ) ;
#603 = CONTEXT_DEPENDENT_SHAPE_REPRESENTATION ( #1819, #1985 ) ;
#604 = ORIENTED_EDGE ( 'NONE', *, *, #1453, .T. ) ;
#605 = ADVANCED_FACE ( 'NONE', ( #202 ), #1202, .F. ) ;
#606 = DIRECTION ( 'NONE',  ( 0.000000000000000000, 0.000000000000000000, 1.000000000000000000 ) ) ;
#607 = PRODUCT_RELATED_PRODUCT_CATEGORY ( 'part', '', ( #1709 ) ) ;
#608 = PLANE ( 'NONE',  #1395 ) ;
#609 = CARTESIAN_POINT ( 'NONE',  ( 40.58578643762685800, 40.25000000000002132, 0.000000000000000000 ) ) ;
#610 = VECTOR ( 'NONE', #1373, 1000.000000000000000 ) ;
#611 = PRODUCT_DEFINITION_SHAPE ( 'NONE', 'NONE',  #768 ) ;
#612 = PLANE ( 'NONE',  #349 ) ;
#613 = PLANE ( 'NONE',  #390 ) ;
#614 = ITEM_DEFINED_TRANSFORMATION ( 'NONE', 'NONE', #1448,  #1793 ) ;
#615 = VECTOR ( 'NONE', #62, 1000.000000000000000 ) ;
#616 = ORIENTED_EDGE ( 'NONE', *, *, #708, .F. ) ;
#617 = CARTESIAN_POINT ( 'NONE',  ( -41.00000000000000711, 41.25000000000000711, 14.99999999999998579 ) ) ;
#618 = DIRECTION ( 'NONE',  ( -1.000000000000000000, 0.000000000000000000, -0.000000000000000000 ) ) ;
#619 = FACE_OUTER_BOUND ( 'NONE', #365, .T. ) ;
#620 = CARTESIAN_POINT ( 'NONE',  ( 40.58578643762690774, -40.24999999999998579, 20.00000000000000000 ) ) ;
#621 = LINE ( 'NONE', #1943, #118 ) ;
#622 = ADVANCED_FACE ( 'NONE', ( #1681 ), #1345, .T. ) ;
#623 = EDGE_CURVE ( 'NONE', #130, #218, #1163, .T. ) ;
#624 = APPLICATION_PROTOCOL_DEFINITION ( 'draft international standard', 'automotive_design', 1998, #1668 ) ;
#625 = PRODUCT_DEFINITION_SHAPE ( 'NONE', 'NONE',  #2126 ) ;
#626 = ORIENTED_EDGE ( 'NONE', *, *, #1274, .F. ) ;
#627 = DIRECTION ( 'NONE',  ( -0.7071067811865474617, -0.7071067811865474617, 0.000000000000000000 ) ) ;
#628 = DIRECTION ( 'NONE',  ( 0.000000000000000000, 0.000000000000000000, -1.000000000000000000 ) ) ;
#629 = DIRECTION ( 'NONE',  ( 0.000000000000000000, 0.000000000000000000, 1.000000000000000000 ) ) ;
#630 = CARTESIAN_POINT ( 'NONE',  ( -46.00000000000000711, 35.25000000000000711, 0.000000000000000000 ) ) ;
#631 = PLANE ( 'NONE',  #1963 ) ;
#632 = VECTOR ( 'NONE', #1805, 1000.000000000000000 ) ;
#633 = EDGE_CURVE ( 'NONE', #29, #654, #2010, .T. ) ;
#634 = PRODUCT_RELATED_PRODUCT_CATEGORY ( 'part', '', ( #912 ) ) ;
#635 = ORIENTED_EDGE ( 'NONE', *, *, #1275, .F. ) ;
#636 = LINE ( 'NONE', #166, #816 ) ;
#637 = FACE_OUTER_BOUND ( 'NONE', #230, .T. ) ;
#638 = CARTESIAN_POINT ( 'NONE',  ( 40.99999999999999289, -41.25000000000000000, 18.99999999999998579 ) ) ;
#639 = CARTESIAN_POINT ( 'NONE',  ( 40.99999999999998579, 41.25000000000000711, 14.99999999999998579 ) ) ;
#640 = VECTOR ( 'NONE', #527, 1000.000000000000000 ) ;
#641 = VERTEX_POINT ( 'NONE', #97 ) ;
#642 = VECTOR ( 'NONE', #1158, 1000.000000000000000 ) ;
#643 = PRODUCT_DEFINITION_SHAPE ( 'NONE', 'NONE',  #943 ) ;
#644 = VECTOR ( 'NONE', #2005, 1000.000000000000000 ) ;
#645 = EDGE_CURVE ( 'NONE', #857, #164, #213, .T. ) ;
#646 = PRODUCT_DEFINITION_FORMATION_WITH_SPECIFIED_SOURCE ( 'ANY', '', #1251, .NOT_KNOWN. ) ;
#647 = EDGE_CURVE ( 'NONE', #1635, #1321, #254, .T. ) ;
#648 = ORIENTED_EDGE ( 'NONE', *, *, #305, .T. ) ;
#649 = AXIS2_PLACEMENT_3D ( 'NONE', #151, #1307, #1438 ) ;
#650 = FACE_OUTER_BOUND ( 'NONE', #1208, .T. ) ;
#651 = DIRECTION ( 'NONE',  ( 0.7071067811865474617, 0.7071067811865474617, 0.000000000000000000 ) ) ;
#652 = CARTESIAN_POINT ( 'NONE',  ( -12.50000000000000000, -12.50000000000000000, 75.00000000000000000 ) ) ;
#653 = LINE ( 'NONE', #308, #783 ) ;
#654 = VERTEX_POINT ( 'NONE', #431 ) ;
#655 = ORIENTED_EDGE ( 'NONE', *, *, #683, .F. ) ;
#656 = CARTESIAN_POINT ( 'NONE',  ( 15.00000000000000178, 15.00000000000000000, 75.00000000000000000 ) ) ;
#657 = DIRECTION ( 'NONE',  ( -0.7071067811865474617, -0.7071067811865474617, 0.000000000000000000 ) ) ;
#658 = ADVANCED_FACE ( 'NONE', ( #464 ), #631, .T. ) ;
#659 = CARTESIAN_POINT ( 'NONE',  ( -45.99999999999999289, -34.83578643762688642, 20.00000000000000000 ) ) ;
#660 = PLANE ( 'NONE',  #1563 ) ;
#661 = ORIENTED_EDGE ( 'NONE', *, *, #992, .T. ) ;
#662 = VECTOR ( 'NONE', #1960, 1000.000000000000114 ) ;
#663 = ORIENTED_EDGE ( 'NONE', *, *, #468, .F. ) ;
#664 = DIRECTION ( 'NONE',  ( -1.000000000000000000, -8.462065736472231082E-17, 0.000000000000000000 ) ) ;
#665 = SURFACE_STYLE_FILL_AREA ( #160 ) ;
#666 = EDGE_CURVE ( 'NONE', #1136, #1827, #267, .T. ) ;
#667 = DIRECTION ( 'NONE',  ( -0.000000000000000000, -0.000000000000000000, -1.000000000000000000 ) ) ;
#668 = VERTEX_POINT ( 'NONE', #1441 ) ;
#669 = ORIENTED_EDGE ( 'NONE', *, *, #1538, .T. ) ;
#670 = AXIS2_PLACEMENT_3D ( 'NONE', #1331, #518, #1996 ) ;
#671 = VECTOR ( 'NONE', #1638, 1000.000000000000000 ) ;
#672 = EDGE_LOOP ( 'NONE', ( #23, #488, #957, #1316 ) ) ;
#673 = CARTESIAN_POINT ( 'NONE',  ( 12.50000000000000000, 1.530808498934191521E-15, 0.000000000000000000 ) ) ;
#674 = DIRECTION ( 'NONE',  ( 9.842402700577628319E-17, -1.000000000000000000, 0.000000000000000000 ) ) ;
#675 = DIRECTION ( 'NONE',  ( 0.4999999999999998890, 0.4999999999999998890, -0.7071067811865476838 ) ) ;
#676 = AXIS2_PLACEMENT_3D ( 'NONE', #716, #1840, #1527 ) ;
#677 = VECTOR ( 'NONE', #1791, 1000.000000000000000 ) ;
#678 = ORIENTED_EDGE ( 'NONE', *, *, #1787, .T. ) ;
#679 = CARTESIAN_POINT ( 'NONE',  ( 15.00000000000000000, 1.836970198721029589E-15, 124.0000000000000000 ) ) ;
#680 = ORIENTED_EDGE ( 'NONE', *, *, #832, .F. ) ;
#681 = EDGE_CURVE ( 'NONE', #1054, #512, #787, .T. ) ;
#682 = ORIENTED_EDGE ( 'NONE', *, *, #1523, .T. ) ;
#683 = EDGE_CURVE ( 'NONE', #688, #792, #1758, .T. ) ;
#684 = ADVANCED_FACE ( 'NONE', ( #1273 ), #1932, .F. ) ;
#685 = DIRECTION ( 'NONE',  ( -0.000000000000000000, -0.000000000000000000, -1.000000000000000000 ) ) ;
#686 = DIRECTION ( 'NONE',  ( 0.2810846377148207842, 0.6785983445458468877, 0.6785983445458468877 ) ) ;
#687 = SURFACE_STYLE_USAGE ( .BOTH. , #1458 ) ;
#688 = VERTEX_POINT ( 'NONE', #1284 ) ;
#689 = DIRECTION ( 'NONE',  ( 1.000000000000000000, 0.000000000000000000, 0.000000000000000000 ) ) ;
#690 = VERTEX_POINT ( 'NONE', #1265 ) ;
#691 = DIRECTION ( 'NONE',  ( 0.7071067811865474617, -0.7071067811865474617, 0.000000000000000000 ) ) ;
#692 = VERTEX_POINT ( 'NONE', #639 ) ;
#693 = EDGE_CURVE ( 'NONE', #1162, #2099, #874, .T. ) ;
#694 = CARTESIAN_POINT ( 'NONE',  ( 40.99999999999999289, -41.25000000000000000, 1.000000000000000888 ) ) ;
#695 = AXIS2_PLACEMENT_3D ( 'NONE', #514, #1160, #1784 ) ;
#696 = ORIENTED_EDGE ( 'NONE', *, *, #3, .F. ) ;
#697 = FACE_OUTER_BOUND ( 'NONE', #1704, .T. ) ;
#698 = FILL_AREA_STYLE_COLOUR ( '', #41 ) ;
#699 =( LENGTH_UNIT ( ) NAMED_UNIT ( * ) SI_UNIT ( .MILLI., .METRE. ) );
#700 = ORIENTED_EDGE ( 'NONE', *, *, #445, .T. ) ;
#701 = CARTESIAN_POINT ( 'NONE',  ( -41.00000000000000711, 41.25000000000000711, 1.000000000000000888 ) ) ;
#702 = ORIENTED_EDGE ( 'NONE', *, *, #318, .T. ) ;
#703 = LINE ( 'NONE', #1341, #1935 ) ;
#704 = ORIENTED_EDGE ( 'NONE', *, *, #862, .T. ) ;
#705 = DIRECTION ( 'NONE',  ( -0.7071067811865474617, -0.7071067811865474617, 0.000000000000000000 ) ) ;
#706 = DIRECTION ( 'NONE',  ( -0.000000000000000000, -0.000000000000000000, -1.000000000000000000 ) ) ;
#707 = PRESENTATION_LAYER_ASSIGNMENT (  '', '', ( #1514 ) ) ;
#708 = EDGE_CURVE ( 'NONE', #935, #758, #653, .T. ) ;
#709 = DIRECTION ( 'NONE',  ( -0.6785983445458486640, -0.2810846377148180641, -0.6785983445458462215 ) ) ;
#710 = FILL_AREA_STYLE ('',( #698 ) ) ;
#711 = AXIS2_PLACEMENT_3D ( 'NONE', #1592, #629, #916 ) ;
#712 = EDGE_CURVE ( 'NONE', #27, #641, #621, .T. ) ;
#713 = VECTOR ( 'NONE', #463, 1000.000000000000000 ) ;
#714 = EDGE_LOOP ( 'NONE', ( #1129, #1702, #158, #330 ) ) ;
#715 = CYLINDRICAL_SURFACE ( 'NONE', #1543, 15.00000000000000000 ) ;
#716 = CARTESIAN_POINT ( 'NONE',  ( -40.41789321881343966, -40.41789321881343966, 16.00000000000000000 ) ) ;
#717 = LINE ( 'NONE', #578, #1762 ) ;
#718 = CARTESIAN_POINT ( 'NONE',  ( 40.99999999999999289, -41.25000000000000000, 1.000000000000000888 ) ) ;
#719 = VERTEX_POINT ( 'NONE', #444 ) ;
#720 = LINE ( 'NONE', #2021, #843 ) ;
#721 = DIRECTION ( 'NONE',  ( -0.000000000000000000, -1.000000000000000000, -0.000000000000000000 ) ) ;
#722 = EDGE_LOOP ( 'NONE', ( #1643, #240, #154, #174 ) ) ;
#723 = DIRECTION ( 'NONE',  ( -0.5000000000000008882, -0.5000000000000008882, -0.7071067811865462405 ) ) ;
#724 = EDGE_LOOP ( 'NONE', ( #503, #871, #1761, #1962 ) ) ;
#725 = DIRECTION ( 'NONE',  ( -0.2810846377148077391, -0.6785983445458496632, 0.6785983445458496632 ) ) ;
#726 = LINE ( 'NONE', #2041, #1225 ) ;
#727 = EDGE_LOOP ( 'NONE', ( #1171, #1189, #669, #1079 ) ) ;
#728 = PLANE ( 'NONE',  #1393 ) ;
#729 = EDGE_LOOP ( 'NONE', ( #769, #1945, #839, #1326 ) ) ;
#730 = PLANE ( 'NONE',  #1798 ) ;
#731 =( NAMED_UNIT ( * ) PLANE_ANGLE_UNIT ( ) SI_UNIT ( $, .RADIAN. ) );
#732 = ORIENTED_EDGE ( 'NONE', *, *, #1651, .F. ) ;
#733 = AXIS2_PLACEMENT_3D ( 'NONE', #1511, #523, #1018 ) ;
#734 = DIRECTION ( 'NONE',  ( 0.000000000000000000, -1.000000000000000000, 0.000000000000000000 ) ) ;
#735 = CARTESIAN_POINT ( 'NONE',  ( -40.58578643762692195, -40.25000000000001421, 0.000000000000000000 ) ) ;
#736 = FACE_BOUND ( 'NONE', #1883, .T. ) ;
#737 = EDGE_CURVE ( 'NONE', #1095, #1816, #2080, .T. ) ;
#738 = ORIENTED_EDGE ( 'NONE', *, *, #1771, .T. ) ;
#739 = DIRECTION ( 'NONE',  ( 0.000000000000000000, 0.000000000000000000, 1.000000000000000000 ) ) ;
#740 = VERTEX_POINT ( 'NONE', #941 ) ;
#741 = DIRECTION ( 'NONE',  ( 0.7071067811865474617, 0.7071067811865474617, 0.000000000000000000 ) ) ;
#742 = PRESENTATION_STYLE_ASSIGNMENT (( #1336 ) ) ;
#743 = SHAPE_DEFINITION_REPRESENTATION ( #135, #1070 ) ;
#744 = VECTOR ( 'NONE', #1011, 1000.000000000000000 ) ;
#745 = PRODUCT_DEFINITION_SHAPE ( 'NONE', 'NONE',  #370 ) ;
#746 = VERTEX_POINT ( 'NONE', #1768 ) ;
#747 = FACE_OUTER_BOUND ( 'NONE', #770, .T. ) ;
#748 = DIRECTION ( 'NONE',  ( 1.000000000000000000, 0.000000000000000000, 0.000000000000000000 ) ) ;
#749 = LINE ( 'NONE', #1391, #953 ) ;
#750 = AXIS2_PLACEMENT_3D ( 'NONE', #1283, #127, #2096 ) ;
#751 = DIRECTION ( 'NONE',  ( -1.000000000000000000, 0.000000000000000000, 0.000000000000000000 ) ) ;
#752 = VERTEX_POINT ( 'NONE', #2113 ) ;
#753 = CLOSED_SHELL ( 'NONE', ( #1708, #401, #1837, #1313, #1091, #416 ) ) ;
#754 = VECTOR ( 'NONE', #1156, 1000.000000000000000 ) ;
#755 = EDGE_CURVE ( 'NONE', #752, #974, #1924, .T. ) ;
#756 = ADVANCED_FACE ( 'NONE', ( #1433 ), #613, .F. ) ;
#757 = VECTOR ( 'NONE', #250, 1000.000000000000227 ) ;
#758 = VERTEX_POINT ( 'NONE', #1295 ) ;
#759 = DIRECTION ( 'NONE',  ( 1.000000000000000000, -0.000000000000000000, 0.000000000000000000 ) ) ;
#760 =( NAMED_UNIT ( * ) PLANE_ANGLE_UNIT ( ) SI_UNIT ( $, .RADIAN. ) );
#761 = ORIENTED_EDGE ( 'NONE', *, *, #369, .F. ) ;
#762 = LINE ( 'NONE', #1402, #90 ) ;
#763 = DIRECTION ( 'NONE',  ( -0.000000000000000000, -0.000000000000000000, -1.000000000000000000 ) ) ;
#764 = PLANE ( 'NONE',  #1619 ) ;
#765 = CARTESIAN_POINT ( 'NONE',  ( 15.00000000000000178, -15.00000000000000000, 0.000000000000000000 ) ) ;
#766 = PLANE ( 'NONE',  #82 ) ;
#767 = EDGE_CURVE ( 'NONE', #758, #792, #1915, .T. ) ;
#768 = PRODUCT_DEFINITION ( 'UNKNOWN', '', #646, #1871 ) ;
#769 = ORIENTED_EDGE ( 'NONE', *, *, #1367, .F. ) ;
#770 = EDGE_LOOP ( 'NONE', ( #225, #604, #1058, #190, #1498, #59, #704, #550 ) ) ;
#771 = CARTESIAN_POINT ( 'NONE',  ( 0.000000000000000000, 0.000000000000000000, 7.000000000000000000 ) ) ;
#772 = PLANE ( 'NONE',  #93 ) ;
#773 = CARTESIAN_POINT ( 'NONE',  ( 40.41789321881343255, 40.41789321881343255, 20.00000000000000000 ) ) ;
#774 = VECTOR ( 'NONE', #292, 1000.000000000000114 ) ;
#775 = CARTESIAN_POINT ( 'NONE',  ( 0.000000000000000000, 0.000000000000000000, 0.000000000000000000 ) ) ;
#776 = DIRECTION ( 'NONE',  ( 1.000000000000000000, 0.000000000000000000, 0.000000000000000000 ) ) ;
#777 = ORIENTED_EDGE ( 'NONE', *, *, #351, .F. ) ;
#778 = CONTEXT_DEPENDENT_SHAPE_REPRESENTATION ( #474, #2095 ) ;
#779 = ORIENTED_EDGE ( 'NONE', *, *, #1645, .T. ) ;
#780 = LINE ( 'NONE', #596, #1287 ) ;
#781 = CARTESIAN_POINT ( 'NONE',  ( 12.50000000000000000, -12.50000000000000000, 75.00000000000000000 ) ) ;
#782 = LINE ( 'NONE', #266, #1282 ) ;
#783 = VECTOR ( 'NONE', #107, 1000.000000000000000 ) ;
#784 = EDGE_CURVE ( 'NONE', #1005, #828, #1952, .T. ) ;
#785 = EDGE_CURVE ( 'NONE', #692, #130, #1108, .T. ) ;
#786 = DIRECTION ( 'NONE',  ( -0.5000000000000048850, 0.5000000000000048850, -0.7071067811865405783 ) ) ;
#787 = LINE ( 'NONE', #144, #317 ) ;
#788 = AXIS2_PLACEMENT_3D ( 'NONE', #196, #2019, #45 ) ;
#789 = AXIS2_PLACEMENT_3D ( 'NONE', #1561, #1864, #565 ) ;
#790 = PRODUCT_DEFINITION_FORMATION_WITH_SPECIFIED_SOURCE ( 'ANY', '', #306, .NOT_KNOWN. ) ;
#791 = DIRECTION ( 'NONE',  ( 1.000000000000000000, 0.000000000000000000, 0.000000000000000000 ) ) ;
#792 = VERTEX_POINT ( 'NONE', #1259 ) ;
#793 = AXIS2_PLACEMENT_3D ( 'NONE', #1977, #1473, #657 ) ;
#794 = LINE ( 'NONE', #103, #1203 ) ;
#795 = LINE ( 'NONE', #2076, #361 ) ;
#796 = CARTESIAN_POINT ( 'NONE',  ( 40.60454598580498242, 40.29528955563553438, 15.95471044436445496 ) ) ;
#797 = ADVANCED_FACE ( 'NONE', ( #477 ), #1099, .F. ) ;
#798 = FACE_OUTER_BOUND ( 'NONE', #944, .T. ) ;
#799 = CARTESIAN_POINT ( 'NONE',  ( -47.00000000000000711, 35.25000000000000711, 16.00000000000000000 ) ) ;
#800 = ORIENTED_EDGE ( 'NONE', *, *, #708, .T. ) ;
#801 = FACE_OUTER_BOUND ( 'NONE', #1137, .T. ) ;
#802 = FACE_OUTER_BOUND ( 'NONE', #1371, .T. ) ;
#803 = CARTESIAN_POINT ( 'NONE',  ( 39.35529773703241574, 32.08346064237451856, 26.64470226296752742 ) ) ;
#804 = DIRECTION ( 'NONE',  ( -1.000000000000000000, 0.000000000000000000, 0.000000000000000000 ) ) ;
#805 = ADVANCED_FACE ( 'NONE', ( #1596 ), #128, .F. ) ;
#806 = ORIENTED_EDGE ( 'NONE', *, *, #1969, .F. ) ;
#807 = CARTESIAN_POINT ( 'NONE',  ( -3.405981458930072206E-15, 40.24999999999998579, 20.00000000000000000 ) ) ;
#808 = DIRECTION ( 'NONE',  ( 1.000000000000000000, 0.000000000000000000, 0.000000000000000000 ) ) ;
#809 =( NAMED_UNIT ( * ) PLANE_ANGLE_UNIT ( ) SI_UNIT ( $, .RADIAN. ) );
#810 = FACE_OUTER_BOUND ( 'NONE', #524, .T. ) ;
#811 = DIRECTION ( 'NONE',  ( -1.000000000000000000, -9.842402700577628319E-17, 0.000000000000000000 ) ) ;
#812 = ORIENTED_EDGE ( 'NONE', *, *, #1333, .F. ) ;
#813 = AXIS2_PLACEMENT_3D ( 'NONE', #1069, #211, #47 ) ;
#814 = EDGE_CURVE ( 'NONE', #258, #1981, #183, .T. ) ;
#815 = ORIENTED_EDGE ( 'NONE', *, *, #519, .F. ) ;
#816 = VECTOR ( 'NONE', #817, 1000.000000000000000 ) ;
#817 = DIRECTION ( 'NONE',  ( -9.842402700577627086E-17, 1.000000000000000000, 0.000000000000000000 ) ) ;
#818 =( LENGTH_UNIT ( ) NAMED_UNIT ( * ) SI_UNIT ( .MILLI., .METRE. ) );
#819 = AXIS2_PLACEMENT_3D ( 'NONE', #2093, #302, #125 ) ;
#820 = CARTESIAN_POINT ( 'NONE',  ( -47.00000000000000711, 35.24999999999999289, 18.99999999999998579 ) ) ;
#821 = ORIENTED_EDGE ( 'NONE', *, *, #1474, .F. ) ;
#822 = ORIENTED_EDGE ( 'NONE', *, *, #1679, .F. ) ;
#823 = ADVANCED_FACE ( 'NONE', ( #810 ), #1151, .T. ) ;
#824 = CARTESIAN_POINT ( 'NONE',  ( -39.35529773703247258, 32.08346064237455408, 22.64470226296751676 ) ) ;
#825 = LINE ( 'NONE', #1618, #642 ) ;
#826 = LINE ( 'NONE', #1980, #1305 ) ;
#827 = VERTEX_POINT ( 'NONE', #820 ) ;
#828 = VERTEX_POINT ( 'NONE', #659 ) ;
#829 = VECTOR ( 'NONE', #504, 1000.000000000000000 ) ;
#830 = ORIENTED_EDGE ( 'NONE', *, *, #991, .F. ) ;
#831 = DIRECTION ( 'NONE',  ( -1.000000000000000000, -8.462065736472231082E-17, 0.000000000000000000 ) ) ;
#832 = EDGE_CURVE ( 'NONE', #1005, #827, #1640, .T. ) ;
#833 = FACE_OUTER_BOUND ( 'NONE', #990, .T. ) ;
#834 = ORIENTED_EDGE ( 'NONE', *, *, #1186, .T. ) ;
#835 = EDGE_CURVE ( 'NONE', #924, #163, #493, .T. ) ;
#836 = CARTESIAN_POINT ( 'NONE',  ( -40.58578643762690064, 40.24999999999997868, 20.00000000000000000 ) ) ;
#837 = EDGE_CURVE ( 'NONE', #27, #1095, #1459, .T. ) ;
#838 = ORIENTED_EDGE ( 'NONE', *, *, #66, .F. ) ;
#839 = ORIENTED_EDGE ( 'NONE', *, *, #2098, .T. ) ;
#840 = APPLICATION_CONTEXT ( 'automotive_design' ) ;
#841 = AXIS2_PLACEMENT_3D ( 'NONE', #904, #1993, #525 ) ;
#842 = DIRECTION ( 'NONE',  ( 0.7071067811865474617, -0.7071067811865474617, 0.000000000000000000 ) ) ;
#843 = VECTOR ( 'NONE', #1530, 1000.000000000000000 ) ;
#844 = DIRECTION ( 'NONE',  ( 0.000000000000000000, 0.000000000000000000, 1.000000000000000000 ) ) ;
#845 = CYLINDRICAL_SURFACE ( 'NONE', #1229, 15.00000000000000000 ) ;
#846 = DIRECTION ( 'NONE',  ( 0.000000000000000000, 0.000000000000000000, 1.000000000000000000 ) ) ;
#847 = AXIS2_PLACEMENT_3D ( 'NONE', #372, #1854, #1895 ) ;
#848 = ORIENTED_EDGE ( 'NONE', *, *, #138, .T. ) ;
#849 = CARTESIAN_POINT ( 'NONE',  ( 0.000000000000000000, 0.000000000000000000, 0.000000000000000000 ) ) ;
#850 = ORIENTED_EDGE ( 'NONE', *, *, #837, .T. ) ;
#851 = ORIENTED_EDGE ( 'NONE', *, *, #1983, .T. ) ;
#852 = CARTESIAN_POINT ( 'NONE',  ( 45.99999999999999289, 34.83578643762688642, 0.000000000000000000 ) ) ;
#853 = VERTEX_POINT ( 'NONE', #13 ) ;
#854 = CARTESIAN_POINT ( 'NONE',  ( 0.000000000000000000, 40.24999999999999289, 16.00000000000000000 ) ) ;
#855 = FACE_OUTER_BOUND ( 'NONE', #1031, .T. ) ;
#856 = DIRECTION ( 'NONE',  ( 0.000000000000000000, 0.000000000000000000, 1.000000000000000000 ) ) ;
#857 = VERTEX_POINT ( 'NONE', #979 ) ;
#858 = DIRECTION ( 'NONE',  ( 0.7071067811865512365, 6.959629692747264905E-17, -0.7071067811865439090 ) ) ;
#859 = ORIENTED_EDGE ( 'NONE', *, *, #921, .F. ) ;
#860 = ORIENTED_EDGE ( 'NONE', *, *, #181, .T. ) ;
#861 = LINE ( 'NONE', #1228, #2054 ) ;
#862 = EDGE_CURVE ( 'NONE', #1648, #1998, #1650, .T. ) ;
#863 = CARTESIAN_POINT ( 'NONE',  ( 46.99999999999998579, 35.25000000000000711, 16.00000000000000000 ) ) ;
#864 = EDGE_CURVE ( 'NONE', #1340, #1953, #173, .T. ) ;
#865 = VECTOR ( 'NONE', #1967, 1000.000000000000114 ) ;
#866 = VERTEX_POINT ( 'NONE', #836 ) ;
#867 = CARTESIAN_POINT ( 'NONE',  ( 40.41789321881343966, 40.41789321881343966, 16.00000000000000000 ) ) ;
#868 = ORIENTED_EDGE ( 'NONE', *, *, #296, .T. ) ;
#869 = DIRECTION ( 'NONE',  ( 1.000000000000000000, 0.000000000000000000, 0.000000000000000000 ) ) ;
#870 = CARTESIAN_POINT ( 'NONE',  ( 40.41789321881343966, -40.41789321881343966, 20.00000000000000000 ) ) ;
#871 = ORIENTED_EDGE ( 'NONE', *, *, #1100, .T. ) ;
#872 = CARTESIAN_POINT ( 'NONE',  ( 40.41789321881343966, -40.41789321881343966, 20.00000000000000000 ) ) ;
#873 = CARTESIAN_POINT ( 'NONE',  ( 40.58578643762686511, 40.24999999999998579, 20.00000000000000000 ) ) ;
#874 = CIRCLE ( 'NONE', #217, 15.00000000000000000 ) ;
#875 = EDGE_CURVE ( 'NONE', #516, #935, #826, .T. ) ;
#876 = EDGE_CURVE ( 'NONE', #522, #1443, #1467, .T. ) ;
#877 = ORIENTED_EDGE ( 'NONE', *, *, #369, .T. ) ;
#878 = CARTESIAN_POINT ( 'NONE',  ( 33.55257832694655207, 29.67989556407143326, -12.44742167305338221 ) ) ;
#879 = ORIENTED_EDGE ( 'NONE', *, *, #1455, .F. ) ;
#880 = CARTESIAN_POINT ( 'NONE',  ( -40.32959002237236490, -39.63148713966101866, -0.6185128603389742352 ) ) ;
#881 = CARTESIAN_POINT ( 'NONE',  ( 0.000000000000000000, 0.000000000000000000, 7.000000000000000000 ) ) ;
#882 = DIRECTION ( 'NONE',  ( -0.000000000000000000, -0.000000000000000000, -1.000000000000000000 ) ) ;
#883 = ORIENTED_EDGE ( 'NONE', *, *, #3, .T. ) ;
#884 = CARTESIAN_POINT ( 'NONE',  ( 15.00000000000000178, 15.00000000000000000, 0.000000000000000000 ) ) ;
#885 = VECTOR ( 'NONE', #301, 1000.000000000000114 ) ;
#886 = PRODUCT_DEFINITION_CONTEXT ( 'detailed design', #1601, 'design' ) ;
#887 = EDGE_LOOP ( 'NONE', ( #1221, #909, #42, #1529 ) ) ;
#888 = CARTESIAN_POINT ( 'NONE',  ( 37.50000000000000711, 4.592425496802575156E-15, 0.000000000000000000 ) ) ;
#889 = CARTESIAN_POINT ( 'NONE',  ( 40.99999999999998579, 41.24999999999999289, 1.000000000000000888 ) ) ;
#890 = EDGE_CURVE ( 'NONE', #1162, #122, #1311, .T. ) ;
#891 = EDGE_LOOP ( 'NONE', ( #1992, #1119, #1994, #1544 ) ) ;
#892 = FACE_OUTER_BOUND ( 'NONE', #1507, .T. ) ;
#893 = DIRECTION ( 'NONE',  ( 0.000000000000000000, 1.000000000000000000, 0.000000000000000000 ) ) ;
#894 = PLANE ( 'NONE',  #1173 ) ;
#895 = EDGE_LOOP ( 'NONE', ( #1694, #248, #221, #1623 ) ) ;
#896 = LINE ( 'NONE', #1077, #1387 ) ;
#897 = ORIENTED_EDGE ( 'NONE', *, *, #1332, .T. ) ;
#898 = PLANE ( 'NONE',  #291 ) ;
#899 = CONTEXT_DEPENDENT_SHAPE_REPRESENTATION ( #139, #1760 ) ;
#900 = ORIENTED_EDGE ( 'NONE', *, *, #457, .T. ) ;
#901 = EDGE_CURVE ( 'NONE', #185, #719, #968, .T. ) ;
#902 = CARTESIAN_POINT ( 'NONE',  ( 0.000000000000000000, 0.000000000000000000, 0.000000000000000000 ) ) ;
#903 = CARTESIAN_POINT ( 'NONE',  ( -41.00000000000000711, -41.25000000000000000, 18.99999999999998579 ) ) ;
#904 = CARTESIAN_POINT ( 'NONE',  ( 40.99999999999998579, 41.25000000000000711, 1.000000000000000888 ) ) ;
#905 = EDGE_CURVE ( 'NONE', #1635, #311, #2035, .T. ) ;
#906 = EDGE_CURVE ( 'NONE', #1588, #924, #1815, .T. ) ;
#907 = PLANE ( 'NONE',  #1769 ) ;
#908 = UNCERTAINTY_MEASURE_WITH_UNIT (LENGTH_MEASURE( 1.000000000000000082E-05 ), #1140, 'distance_accuracy_value', 'NONE');
#909 = ORIENTED_EDGE ( 'NONE', *, *, #1298, .F. ) ;
#910 = DIRECTION ( 'NONE',  ( 0.000000000000000000, 0.7071067811865475727, -0.7071067811865475727 ) ) ;
#911 = SHAPE_DEFINITION_REPRESENTATION ( #611, #223 ) ;
#912 = PRODUCT ( 'Part3', 'Part3', '', ( #436 ) ) ;
#913 = ORIENTED_EDGE ( 'NONE', *, *, #1419, .T. ) ;
#914 = DIRECTION ( 'NONE',  ( 0.000000000000000000, 1.000000000000000000, 0.000000000000000000 ) ) ;
#915 = CARTESIAN_POINT ( 'NONE',  ( 15.00000000000000000, 1.836970198721029589E-15, 0.000000000000000000 ) ) ;
#916 = DIRECTION ( 'NONE',  ( 1.000000000000000000, 0.000000000000000000, -0.000000000000000000 ) ) ;
#917 = PRESENTATION_LAYER_ASSIGNMENT (  '', '', ( #180 ) ) ;
#918 = CARTESIAN_POINT ( 'NONE',  ( 0.000000000000000000, 12.49999999999999645, 0.000000000000000000 ) ) ;
#919 = CARTESIAN_POINT ( 'NONE',  ( 0.000000000000000000, 15.00000000000000000, 0.000000000000000000 ) ) ;
#920 = PRODUCT_DEFINITION_FORMATION_WITH_SPECIFIED_SOURCE ( 'ANY', '', #912, .NOT_KNOWN. ) ;
#921 = EDGE_CURVE ( 'NONE', #1054, #413, #1489, .T. ) ;
#922 = VECTOR ( 'NONE', #1348, 1000.000000000000227 ) ;
#923 = AXIS2_PLACEMENT_3D ( 'NONE', #44, #1712, #1721 ) ;
#924 = VERTEX_POINT ( 'NONE', #1294 ) ;
#925 = ITEM_DEFINED_TRANSFORMATION ( 'NONE', 'NONE', #1727,  #1793 ) ;
#926 = ORIENTED_EDGE ( 'NONE', *, *, #532, .F. ) ;
#927 = CARTESIAN_POINT ( 'NONE',  ( 15.00000000000000178, -15.00000000000000000, 75.00000000000000000 ) ) ;
#928 = LINE ( 'NONE', #1929, #1946 ) ;
#929 = DIRECTION ( 'NONE',  ( 1.000000000000000000, 8.462065736472231082E-17, 0.000000000000000000 ) ) ;
#930 = CARTESIAN_POINT ( 'NONE',  ( 46.99999999999999289, -35.25000000000000000, 16.00000000000000000 ) ) ;
#931 = PRODUCT_DEFINITION_CONTEXT ( 'detailed design', #2117, 'design' ) ;
#932 = EDGE_CURVE ( 'NONE', #75, #1321, #2071, .T. ) ;
#933 = EDGE_LOOP ( 'NONE', ( #1547, #1849, #112, #1990 ) ) ;
#934 = EDGE_CURVE ( 'NONE', #512, #1588, #1327, .T. ) ;
#935 = VERTEX_POINT ( 'NONE', #307 ) ;
#936 = DIRECTION ( 'NONE',  ( -0.000000000000000000, -1.000000000000000000, -0.000000000000000000 ) ) ;
#937 = DIRECTION ( 'NONE',  ( -1.000000000000000000, 0.000000000000000000, 0.000000000000000000 ) ) ;
#938 = DIRECTION ( 'NONE',  ( -0.000000000000000000, -0.000000000000000000, -1.000000000000000000 ) ) ;
#939 = CIRCLE ( 'NONE', #1926, 37.50000000000000711 ) ;
#940 = FACE_OUTER_BOUND ( 'NONE', #480, .T. ) ;
#941 = CARTESIAN_POINT ( 'NONE',  ( -47.00000000000000711, 35.24999999999999289, 1.000000000000000888 ) ) ;
#942 = APPLICATION_PROTOCOL_DEFINITION ( 'draft international standard', 'automotive_design', 1998, #1756 ) ;
#943 = PRODUCT_DEFINITION ( 'UNKNOWN', '', #538, #886 ) ;
#944 = EDGE_LOOP ( 'NONE', ( #1290, #1238, #993, #2036 ) ) ;
#945 = CARTESIAN_POINT ( 'NONE',  ( -33.55257832694668707, 29.67989556407151497, -12.44742167305332003 ) ) ;
#946 = DIRECTION ( 'NONE',  ( -0.5000000000000035527, -0.5000000000000035527, -0.7071067811865424657 ) ) ;
#947 = DIRECTION ( 'NONE',  ( 0.2810846377148163988, -0.6785983445458477759, 0.6785983445458477759 ) ) ;
#948 = VECTOR ( 'NONE', #1424, 1000.000000000000114 ) ;
#949 =( GEOMETRIC_REPRESENTATION_CONTEXT ( 3 ) GLOBAL_UNCERTAINTY_ASSIGNED_CONTEXT ( ( #108 ) ) GLOBAL_UNIT_ASSIGNED_CONTEXT ( ( #818, #473, #10 ) ) REPRESENTATION_CONTEXT ( 'NONE', 'WORKASPACE' ) );
#950 = PRODUCT ( 'Part4', 'Part4', '', ( #1080 ) ) ;
#951 = DIRECTION ( 'NONE',  ( -0.000000000000000000, -0.000000000000000000, -1.000000000000000000 ) ) ;
#952 = DIRECTION ( 'NONE',  ( 0.000000000000000000, -0.000000000000000000, 1.000000000000000000 ) ) ;
#953 = VECTOR ( 'NONE', #929, 1000.000000000000000 ) ;
#954 = UNCERTAINTY_MEASURE_WITH_UNIT (LENGTH_MEASURE( 1.000000000000000082E-05 ), #573, 'distance_accuracy_value', 'NONE');
#955 = VECTOR ( 'NONE', #552, 1000.000000000000000 ) ;
#956 = AXIS2_PLACEMENT_3D ( 'NONE', #1999, #1205, #1696 ) ;
#957 = ORIENTED_EDGE ( 'NONE', *, *, #623, .T. ) ;
#958 = EDGE_CURVE ( 'NONE', #522, #1049, #485, .T. ) ;
#959 = DIRECTION ( 'NONE',  ( 1.000000000000000000, 8.462065736472231082E-17, 0.000000000000000000 ) ) ;
#960 = DIRECTION ( 'NONE',  ( -0.7071067811865474617, 0.7071067811865474617, 0.000000000000000000 ) ) ;
#961 = CARTESIAN_POINT ( 'NONE',  ( 40.99999999999999289, -41.24999999999999289, 1.000000000000000888 ) ) ;
#962 = LINE ( 'NONE', #2069, #2048 ) ;
#963 = DIRECTION ( 'NONE',  ( -0.000000000000000000, -0.000000000000000000, -1.000000000000000000 ) ) ;
#964 = VERTEX_POINT ( 'NONE', #988 ) ;
#965 = LINE ( 'NONE', #8, #1352 ) ;
#966 = CARTESIAN_POINT ( 'NONE',  ( 40.99999999999998579, 41.25000000000000711, 1.000000000000000888 ) ) ;
#967 =( LENGTH_UNIT ( ) NAMED_UNIT ( * ) SI_UNIT ( .MILLI., .METRE. ) );
#968 = LINE ( 'NONE', #1320, #829 ) ;
#969 = DIRECTION ( 'NONE',  ( -0.7071067811865474617, -0.7071067811865474617, 0.000000000000000000 ) ) ;
#970 = VECTOR ( 'NONE', #1006, 1000.000000000000114 ) ;
#971 = EDGE_CURVE ( 'NONE', #1049, #1471, #1170, .T. ) ;
#972 = ADVANCED_FACE ( 'NONE', ( #747 ), #2029, .F. ) ;
#973 = VERTEX_POINT ( 'NONE', #393 ) ;
#974 = VERTEX_POINT ( 'NONE', #1064 ) ;
#975 = LINE ( 'NONE', #327, #677 ) ;
#976 =( NAMED_UNIT ( * ) SI_UNIT ( $, .STERADIAN. ) SOLID_ANGLE_UNIT ( ) );
#977 = CARTESIAN_POINT ( 'NONE',  ( 40.99999999999998579, 41.24999999999999289, 20.00000000000000000 ) ) ;
#978 = VECTOR ( 'NONE', #721, 1000.000000000000000 ) ;
#979 = CARTESIAN_POINT ( 'NONE',  ( -14.99999999999999822, 15.00000000000000000, 0.000000000000000000 ) ) ;
#980 = EDGE_LOOP ( 'NONE', ( #1353, #1490, #1451, #1363 ) ) ;
#981 = EDGE_LOOP ( 'NONE', ( #1068, #913, #848, #800 ) ) ;
#982 =( GEOMETRIC_REPRESENTATION_CONTEXT ( 3 ) GLOBAL_UNCERTAINTY_ASSIGNED_CONTEXT ( ( #2023 ) ) GLOBAL_UNIT_ASSIGNED_CONTEXT ( ( #967, #809, #1803 ) ) REPRESENTATION_CONTEXT ( 'NONE', 'WORKASPACE' ) );
#983 = ORIENTED_EDGE ( 'NONE', *, *, #1184, .F. ) ;
#984 = VECTOR ( 'NONE', #664, 1000.000000000000000 ) ;
#985 = FACE_OUTER_BOUND ( 'NONE', #672, .T. ) ;
#986 = CARTESIAN_POINT ( 'NONE',  ( 45.99999999999998579, -35.25000000000000000, 0.000000000000000000 ) ) ;
#987 = FACE_OUTER_BOUND ( 'NONE', #1937, .T. ) ;
#988 = CARTESIAN_POINT ( 'NONE',  ( -14.99999999999999822, -15.00000000000000000, 75.00000000000000000 ) ) ;
#989 = EDGE_LOOP ( 'NONE', ( #1615, #1918, #999, #1907 ) ) ;
#990 = EDGE_LOOP ( 'NONE', ( #900, #761, #1677, #371 ) ) ;
#991 = EDGE_CURVE ( 'NONE', #320, #130, #564, .T. ) ;
#992 = EDGE_CURVE ( 'NONE', #29, #1176, #1185, .T. ) ;
#993 = ORIENTED_EDGE ( 'NONE', *, *, #1645, .F. ) ;
#994 = CARTESIAN_POINT ( 'NONE',  ( -41.00000000000000711, 41.24999999999998579, 1.000000000000000888 ) ) ;
#995 = CARTESIAN_POINT ( 'NONE',  ( -47.00000000000000711, 35.25000000000000711, 14.99999999999998579 ) ) ;
#996 = ORIENTED_EDGE ( 'NONE', *, *, #1797, .F. ) ;
#997 = DIRECTION ( 'NONE',  ( 0.000000000000000000, 1.000000000000000000, 0.000000000000000000 ) ) ;
#998 = ORIENTED_EDGE ( 'NONE', *, *, #468, .T. ) ;
#999 = ORIENTED_EDGE ( 'NONE', *, *, #1132, .F. ) ;
#1000 = VECTOR ( 'NONE', #725, 1000.000000000000000 ) ;
#1001 = PLANE ( 'NONE',  #649 ) ;
#1002 = CARTESIAN_POINT ( 'NONE',  ( -37.50000000000000711, 0.000000000000000000, 0.000000000000000000 ) ) ;
#1003 = DIRECTION ( 'NONE',  ( -1.000000000000000000, 0.000000000000000000, 0.000000000000000000 ) ) ;
#1004 = ADVANCED_FACE ( 'NONE', ( #1209 ), #2003, .F. ) ;
#1005 = VERTEX_POINT ( 'NONE', #1880 ) ;
#1006 = DIRECTION ( 'NONE',  ( -0.7071067811865474617, -0.7071067811865474617, 0.000000000000000000 ) ) ;
#1007 = DIRECTION ( 'NONE',  ( 1.000000000000000000, 0.000000000000000000, 0.000000000000000000 ) ) ;
#1008 = ORIENTED_EDGE ( 'NONE', *, *, #224, .F. ) ;
#1009 = VECTOR ( 'NONE', #842, 1000.000000000000114 ) ;
#1010 =( GEOMETRIC_REPRESENTATION_CONTEXT ( 3 ) GLOBAL_UNCERTAINTY_ASSIGNED_CONTEXT ( ( #85 ) ) GLOBAL_UNIT_ASSIGNED_CONTEXT ( ( #53, #348, #1647 ) ) REPRESENTATION_CONTEXT ( 'NONE', 'WORKASPACE' ) );
#1011 = DIRECTION ( 'NONE',  ( -0.6785983445458495522, 0.2810846377148137898, -0.6785983445458472207 ) ) ;
#1012 = AXIS2_PLACEMENT_3D ( 'NONE', #1055, #739, #2061 ) ;
#1013 = LINE ( 'NONE', #1532, #1625 ) ;
#1014 = CARTESIAN_POINT ( 'NONE',  ( -40.32959002237237200, -39.63148713966109682, -0.6185128603389310475 ) ) ;
#1015 = VECTOR ( 'NONE', #1148, 1000.000000000000000 ) ;
#1016 = EDGE_CURVE ( 'NONE', #387, #1468, #939, .T. ) ;
#1017 = VERTEX_POINT ( 'NONE', #1051 ) ;
#1018 = DIRECTION ( 'NONE',  ( -1.000000000000000000, 0.000000000000000000, -0.000000000000000000 ) ) ;
#1019 = VERTEX_POINT ( 'NONE', #1354 ) ;
#1020 = AXIS2_PLACEMENT_3D ( 'NONE', #243, #220, #748 ) ;
#1021 = EDGE_CURVE ( 'NONE', #1340, #935, #1389, .T. ) ;
#1022 = EDGE_LOOP ( 'NONE', ( #314, #12, #1388, #996 ) ) ;
#1023 = CARTESIAN_POINT ( 'NONE',  ( 0.000000000000000000, -40.24999999999997868, 16.00000000000000000 ) ) ;
#1024 = DIRECTION ( 'NONE',  ( -0.000000000000000000, -0.000000000000000000, -1.000000000000000000 ) ) ;
#1025 = FILL_AREA_STYLE_COLOUR ( '', #1808 ) ;
#1026 = DIRECTION ( 'NONE',  ( 1.000000000000000000, 0.000000000000000000, 0.000000000000000000 ) ) ;
#1027 = ORIENTED_EDGE ( 'NONE', *, *, #681, .F. ) ;
#1028 = CARTESIAN_POINT ( 'NONE',  ( 0.000000000000000000, 0.000000000000000000, 124.0000000000000000 ) ) ;
#1029 = DIRECTION ( 'NONE',  ( 0.000000000000000000, -1.000000000000000000, 0.000000000000000000 ) ) ;
#1030 = FILL_AREA_STYLE ('',( #1701 ) ) ;
#1031 = EDGE_LOOP ( 'NONE', ( #1063, #2122, #1535, #61 ) ) ;
#1032 = DIRECTION ( 'NONE',  ( 0.7071067811865474617, 0.7071067811865474617, 0.000000000000000000 ) ) ;
#1033 = DIRECTION ( 'NONE',  ( 0.000000000000000000, 0.000000000000000000, -1.000000000000000000 ) ) ;
#1034 = VECTOR ( 'NONE', #627, 1000.000000000000114 ) ;
#1035 = LINE ( 'NONE', #878, #325 ) ;
#1036 = LINE ( 'NONE', #227, #1905 ) ;
#1037 = EDGE_LOOP ( 'NONE', ( #1982, #46, #1488, #680 ) ) ;
#1038 = DIRECTION ( 'NONE',  ( -0.7071067811865474617, 0.7071067811865474617, 0.000000000000000000 ) ) ;
#1039 = DIRECTION ( 'NONE',  ( -1.000000000000000000, 0.000000000000000000, 0.000000000000000000 ) ) ;
#1040 = ORIENTED_EDGE ( 'NONE', *, *, #1949, .T. ) ;
#1041 = CARTESIAN_POINT ( 'NONE',  ( 12.50000000000000000, 1.530808498934191521E-15, 124.0000000000000000 ) ) ;
#1042 = EDGE_CURVE ( 'NONE', #1804, #1356, #1699, .T. ) ;
#1043 = CARTESIAN_POINT ( 'NONE',  ( -41.00000000000000711, 41.24999999999998579, 18.99999999999998579 ) ) ;
#1044 = CIRCLE ( 'NONE', #1614, 15.00000000000000178 ) ;
#1045 = ORIENTED_EDGE ( 'NONE', *, *, #1626, .T. ) ;
#1046 = PLANE ( 'NONE',  #956 ) ;
#1047 =( NAMED_UNIT ( * ) SI_UNIT ( $, .STERADIAN. ) SOLID_ANGLE_UNIT ( ) );
#1048 = VECTOR ( 'NONE', #410, 1000.000000000000000 ) ;
#1049 = VERTEX_POINT ( 'NONE', #408 ) ;
#1050 = ADVANCED_BREP_SHAPE_REPRESENTATION ( '', ( #1869, #1793 ), #1010 ) ;
#1051 = CARTESIAN_POINT ( 'NONE',  ( 37.50000000000000711, 4.592425496802575156E-15, 7.000000000000000000 ) ) ;
#1052 = CARTESIAN_POINT ( 'NONE',  ( -45.99999999999999289, 0.000000000000000000, 16.00000000000000000 ) ) ;
#1053 = CARTESIAN_POINT ( 'NONE',  ( -47.00000000000000711, -35.25000000000000000, 1.000000000000000888 ) ) ;
#1054 = VERTEX_POINT ( 'NONE', #1850 ) ;
#1055 = CARTESIAN_POINT ( 'NONE',  ( 0.000000000000000000, 0.000000000000000000, 124.0000000000000000 ) ) ;
#1056 = PRODUCT_DEFINITION_CONTEXT ( 'detailed design', #1756, 'design' ) ;
#1057 = ADVANCED_FACE ( 'NONE', ( #1537 ), #231, .T. ) ;
#1058 = ORIENTED_EDGE ( 'NONE', *, *, #481, .T. ) ;
#1059 = DIRECTION ( 'NONE',  ( -1.000000000000000000, 0.000000000000000000, 0.000000000000000000 ) ) ;
#1060 = ADVANCED_FACE ( 'NONE', ( #892 ), #67, .F. ) ;
#1061 = ADVANCED_FACE ( 'NONE', ( #1376 ), #1548, .T. ) ;
#1062 = APPLICATION_CONTEXT ( 'automotive_design' ) ;
#1063 = ORIENTED_EDGE ( 'NONE', *, *, #1435, .F. ) ;
#1064 = CARTESIAN_POINT ( 'NONE',  ( 40.58578643762690774, -40.24999999999999289, 0.000000000000000000 ) ) ;
#1065 = CARTESIAN_POINT ( 'NONE',  ( 46.99999999999998579, 35.25000000000000711, 14.99999999999998579 ) ) ;
#1066 =( LENGTH_UNIT ( ) NAMED_UNIT ( * ) SI_UNIT ( .MILLI., .METRE. ) );
#1067 = VECTOR ( 'NONE', #1732, 1000.000000000000000 ) ;
#1068 = ORIENTED_EDGE ( 'NONE', *, *, #517, .F. ) ;
#1069 = CARTESIAN_POINT ( 'NONE',  ( -47.00000000000000711, -35.25000000000000000, 16.00000000000000000 ) ) ;
#1070 = SHAPE_REPRESENTATION ( 'Part4', ( #1793 ), #1010 ) ;
#1071 = ORIENTED_EDGE ( 'NONE', *, *, #457, .F. ) ;
#1072 =( NAMED_UNIT ( * ) SI_UNIT ( $, .STERADIAN. ) SOLID_ANGLE_UNIT ( ) );
#1073 = EDGE_LOOP ( 'NONE', ( #595, #1127, #438, #1417 ) ) ;
#1074 = DIRECTION ( 'NONE',  ( 0.000000000000000000, -0.000000000000000000, -1.000000000000000000 ) ) ;
#1075 = LINE ( 'NONE', #1549, #955 ) ;
#1076 = DIRECTION ( 'NONE',  ( -9.842402700577627086E-17, 1.000000000000000000, 0.000000000000000000 ) ) ;
#1077 = CARTESIAN_POINT ( 'NONE',  ( -39.35529773703250100, -32.08346064237455408, 22.64470226296749189 ) ) ;
#1078 =( GEOMETRIC_REPRESENTATION_CONTEXT ( 3 ) GLOBAL_UNCERTAINTY_ASSIGNED_CONTEXT ( ( #1917 ) ) GLOBAL_UNIT_ASSIGNED_CONTEXT ( ( #1988, #1167, #976 ) ) REPRESENTATION_CONTEXT ( 'NONE', 'WORKASPACE' ) );
#1079 = ORIENTED_EDGE ( 'NONE', *, *, #1787, .F. ) ;
#1080 = PRODUCT_CONTEXT ( 'NONE', #1778, 'mechanical' ) ;
#1081 = PRODUCT_DEFINITION_SHAPE ( 'NONE', 'NONE',  #1155 ) ;
#1082 = EDGE_LOOP ( 'NONE', ( #78, #777 ) ) ;
#1083 = AXIS2_PLACEMENT_3D ( 'NONE', #179, #1497, #846 ) ;
#1084 = DIRECTION ( 'NONE',  ( -0.7071067811865475727, 0.7071067811865475727, 0.000000000000000000 ) ) ;
#1085 = CARTESIAN_POINT ( 'NONE',  ( 0.000000000000000000, 0.000000000000000000, 75.00000000000000000 ) ) ;
#1086 = PLANE ( 'NONE',  #1829 ) ;
#1087 = AXIS2_PLACEMENT_3D ( 'NONE', #918, #1272, #1931 ) ;
#1088 = ADVANCED_FACE ( 'NONE', ( #1499 ), #31, .T. ) ;
#1089 = DIRECTION ( 'NONE',  ( 0.000000000000000000, -0.000000000000000000, -1.000000000000000000 ) ) ;
#1090 = FACE_OUTER_BOUND ( 'NONE', #1886, .T. ) ;
#1091 = ADVANCED_FACE ( 'NONE', ( #1839 ), #715, .T. ) ;
#1092 = AXIS2_PLACEMENT_3D ( 'NONE', #191, #1835, #844 ) ;
#1093 = ORIENTED_EDGE ( 'NONE', *, *, #785, .F. ) ;
#1094 = APPLICATION_PROTOCOL_DEFINITION ( 'draft international standard', 'automotive_design', 1998, #2055 ) ;
#1095 = VERTEX_POINT ( 'NONE', #208 ) ;
#1096 = LINE ( 'NONE', #927, #1855 ) ;
#1097 = CARTESIAN_POINT ( 'NONE',  ( -14.99999999999999822, 15.00000000000000000, 75.00000000000000000 ) ) ;
#1098 = DIRECTION ( 'NONE',  ( 0.7071067811865474617, -0.7071067811865474617, 0.000000000000000000 ) ) ;
#1099 = PLANE ( 'NONE',  #277 ) ;
#1100 = EDGE_CURVE ( 'NONE', #1150, #280, #1196, .T. ) ;
#1101 = AXIS2_PLACEMENT_3D ( 'NONE', #1802, #1965, #2000 ) ;
#1102 = ORIENTED_EDGE ( 'NONE', *, *, #837, .F. ) ;
#1103 = CARTESIAN_POINT ( 'NONE',  ( 46.99999999999999289, -35.25000000000000000, 1.000000000000000888 ) ) ;
#1104 = DIRECTION ( 'NONE',  ( -1.000000000000000000, 0.000000000000000000, 0.000000000000000000 ) ) ;
#1105 = DIRECTION ( 'NONE',  ( 0.2810846377148171205, 0.6785983445458476648, -0.6785983445458476648 ) ) ;
#1106 = VECTOR ( 'NONE', #162, 1000.000000000000000 ) ;
#1107 = CARTESIAN_POINT ( 'NONE',  ( 15.00000000000000178, -15.00000000000000000, 75.00000000000000000 ) ) ;
#1108 = LINE ( 'NONE', #1134, #286 ) ;
#1109 = EDGE_CURVE ( 'NONE', #973, #964, #281, .T. ) ;
#1110 = ORIENTED_EDGE ( 'NONE', *, *, #992, .F. ) ;
#1111 = FACE_OUTER_BOUND ( 'NONE', #1375, .T. ) ;
#1112 = CARTESIAN_POINT ( 'NONE',  ( 40.58578643762690064, 40.24999999999999289, 16.00000000000000000 ) ) ;
#1113 = DIRECTION ( 'NONE',  ( -0.6785983445458436680, -0.2810846377148141784, 0.6785983445458529939 ) ) ;
#1114 = AXIS2_PLACEMENT_3D ( 'NONE', #1399, #910, #373 ) ;
#1115 = CARTESIAN_POINT ( 'NONE',  ( -12.50000000000000000, 15.00000000000000000, 8.291561975888502189 ) ) ;
#1116 = DIRECTION ( 'NONE',  ( 0.000000000000000000, 0.000000000000000000, 1.000000000000000000 ) ) ;
#1117 = COLOUR_RGB ( '',0.7921568627450980005, 0.8196078431372548767, 0.9333333333333333481 ) ;
#1118 = VECTOR ( 'NONE', #751, 1000.000000000000000 ) ;
#1119 = ORIENTED_EDGE ( 'NONE', *, *, #224, .T. ) ;
#1120 = DIRECTION ( 'NONE',  ( -0.7071067811865462405, -6.959629692747216834E-17, -0.7071067811865487940 ) ) ;
#1121 = PLANE ( 'NONE',  #475 ) ;
#1122 = DIRECTION ( 'NONE',  ( 0.000000000000000000, 0.000000000000000000, 1.000000000000000000 ) ) ;
#1123 = EDGE_CURVE ( 'NONE', #690, #1443, #1420, .T. ) ;
#1124 = ADVANCED_FACE ( 'NONE', ( #586 ), #1901, .F. ) ;
#1125 = CARTESIAN_POINT ( 'NONE',  ( -41.00000000000000711, -40.25000000000001421, 0.000000000000000000 ) ) ;
#1126 = DIRECTION ( 'NONE',  ( 0.000000000000000000, 1.000000000000000000, 0.000000000000000000 ) ) ;
#1127 = ORIENTED_EDGE ( 'NONE', *, *, #37, .F. ) ;
#1128 = VECTOR ( 'NONE', #1660, 1000.000000000000114 ) ;
#1129 = ORIENTED_EDGE ( 'NONE', *, *, #268, .T. ) ;
#1130 = LINE ( 'NONE', #177, #885 ) ;
#1131 = CARTESIAN_POINT ( 'NONE',  ( 0.000000000000000000, 0.000000000000000000, 124.0000000000000000 ) ) ;
#1132 = EDGE_CURVE ( 'NONE', #1136, #1717, #1096, .T. ) ;
#1133 = DIRECTION ( 'NONE',  ( 0.2810846377148159547, -0.6785983445458478869, -0.6785983445458478869 ) ) ;
#1134 = CARTESIAN_POINT ( 'NONE',  ( 40.99999999999998579, 41.25000000000000711, 14.99999999999998579 ) ) ;
#1135 = VECTOR ( 'NONE', #2075, 1000.000000000000227 ) ;
#1136 = VERTEX_POINT ( 'NONE', #1243 ) ;
#1137 = EDGE_LOOP ( 'NONE', ( #469, #1825, #1418, #1008 ) ) ;
#1138 = DIRECTION ( 'NONE',  ( 0.000000000000000000, 0.000000000000000000, -1.000000000000000000 ) ) ;
#1139 = DIRECTION ( 'NONE',  ( 0.000000000000000000, -0.000000000000000000, 1.000000000000000000 ) ) ;
#1140 =( LENGTH_UNIT ( ) NAMED_UNIT ( * ) SI_UNIT ( .MILLI., .METRE. ) );
#1141 = VECTOR ( 'NONE', #1566, 1000.000000000000000 ) ;
#1142 = DIRECTION ( 'NONE',  ( -0.7071067811865474617, 0.7071067811865474617, 0.000000000000000000 ) ) ;
#1143 = LINE ( 'NONE', #1664, #1181 ) ;
#1144 = VERTEX_POINT ( 'NONE', #617 ) ;
#1145 = VECTOR ( 'NONE', #1446, 1000.000000000000000 ) ;
#1146 = ADVANCED_FACE ( 'NONE', ( #1111 ), #2092, .F. ) ;
#1147 = EDGE_CURVE ( 'NONE', #1648, #1686, #124, .T. ) ;
#1148 = DIRECTION ( 'NONE',  ( -0.000000000000000000, -0.000000000000000000, -1.000000000000000000 ) ) ;
#1149 = AXIS2_PLACEMENT_3D ( 'NONE', #1956, #328, #1485 ) ;
#1150 = VERTEX_POINT ( 'NONE', #249 ) ;
#1151 = PLANE ( 'NONE',  #169 ) ;
#1152 = DIRECTION ( 'NONE',  ( 0.000000000000000000, 0.000000000000000000, -1.000000000000000000 ) ) ;
#1153 = ORIENTED_EDGE ( 'NONE', *, *, #1246, .F. ) ;
#1154 = EDGE_CURVE ( 'NONE', #1356, #172, #1731, .T. ) ;
#1155 = PRODUCT_DEFINITION ( 'UNKNOWN', '', #920, #1517 ) ;
#1156 = DIRECTION ( 'NONE',  ( -0.000000000000000000, -0.000000000000000000, -1.000000000000000000 ) ) ;
#1157 = CARTESIAN_POINT ( 'NONE',  ( 40.99999999999998579, 41.24999999999999289, 1.000000000000000888 ) ) ;
#1158 = DIRECTION ( 'NONE',  ( -0.000000000000000000, -0.000000000000000000, -1.000000000000000000 ) ) ;
#1159 = ORIENTED_EDGE ( 'NONE', *, *, #181, .F. ) ;
#1160 = DIRECTION ( 'NONE',  ( 0.000000000000000000, 0.000000000000000000, 1.000000000000000000 ) ) ;
#1161 = ORIENTED_EDGE ( 'NONE', *, *, #1419, .F. ) ;
#1162 = VERTEX_POINT ( 'NONE', #1753 ) ;
#1163 = LINE ( 'NONE', #863, #1553 ) ;
#1164 = EDGE_CURVE ( 'NONE', #828, #1095, #794, .T. ) ;
#1165 = ORIENTED_EDGE ( 'NONE', *, *, #583, .F. ) ;
#1166 = LINE ( 'NONE', #1821, #615 ) ;
#1167 =( NAMED_UNIT ( * ) PLANE_ANGLE_UNIT ( ) SI_UNIT ( $, .RADIAN. ) );
#1168 = DIRECTION ( 'NONE',  ( -1.000000000000000000, 0.000000000000000000, 0.000000000000000000 ) ) ;
#1169 = EDGE_LOOP ( 'NONE', ( #1814, #397, #661, #1045 ) ) ;
#1170 = LINE ( 'NONE', #1526, #1241 ) ;
#1171 = ORIENTED_EDGE ( 'NONE', *, *, #647, .F. ) ;
#1172 = ORIENTED_EDGE ( 'NONE', *, *, #1737, .F. ) ;
#1173 = AXIS2_PLACEMENT_3D ( 'NONE', #33, #1882, #1841 ) ;
#1174 = CARTESIAN_POINT ( 'NONE',  ( -47.00000000000000711, -35.25000000000000000, 1.000000000000000888 ) ) ;
#1175 = COLOUR_RGB ( '',0.7921568627450980005, 0.8196078431372548767, 0.9333333333333333481 ) ;
#1176 = VERTEX_POINT ( 'NONE', #1428 ) ;
#1177 = ORIENTED_EDGE ( 'NONE', *, *, #971, .F. ) ;
#1178 = FACE_OUTER_BOUND ( 'NONE', #558, .T. ) ;
#1179 = FACE_OUTER_BOUND ( 'NONE', #34, .T. ) ;
#1180 =( NAMED_UNIT ( * ) PLANE_ANGLE_UNIT ( ) SI_UNIT ( $, .RADIAN. ) );
#1181 = VECTOR ( 'NONE', #1806, 1000.000000000000114 ) ;
#1182 = VECTOR ( 'NONE', #92, 1000.000000000000114 ) ;
#1183 = ORIENTED_EDGE ( 'NONE', *, *, #295, .T. ) ;
#1184 = EDGE_CURVE ( 'NONE', #1578, #1017, #1958, .T. ) ;
#1185 = LINE ( 'NONE', #1826, #1896 ) ;
#1186 = EDGE_CURVE ( 'NONE', #1686, #1804, #1892, .T. ) ;
#1187 = FACE_OUTER_BOUND ( 'NONE', #1986, .T. ) ;
#1188 = DIRECTION ( 'NONE',  ( 0.7071067811865474617, 0.7071067811865474617, 0.000000000000000000 ) ) ;
#1189 = ORIENTED_EDGE ( 'NONE', *, *, #905, .T. ) ;
#1190 = DIRECTION ( 'NONE',  ( -1.000000000000000000, 0.000000000000000000, -0.000000000000000000 ) ) ;
#1191 = CARTESIAN_POINT ( 'NONE',  ( 46.99999999999999289, -35.25000000000000000, 1.000000000000000888 ) ) ;
#1192 = ORIENTED_EDGE ( 'NONE', *, *, #1593, .T. ) ;
#1193 = DIRECTION ( 'NONE',  ( -0.7071067811865474617, -0.7071067811865474617, 0.000000000000000000 ) ) ;
#1194 = DIRECTION ( 'NONE',  ( 0.000000000000000000, 0.000000000000000000, 1.000000000000000000 ) ) ;
#1195 = ORIENTED_EDGE ( 'NONE', *, *, #1435, .T. ) ;
#1196 = LINE ( 'NONE', #379, #1817 ) ;
#1197 = PLANE ( 'NONE',  #676 ) ;
#1198 = PLANE ( 'NONE',  #2006 ) ;
#1199 = ADVANCED_FACE ( 'NONE', ( #1262 ), #1411, .F. ) ;
#1200 = VERTEX_POINT ( 'NONE', #1919 ) ;
#1201 = FACE_OUTER_BOUND ( 'NONE', #1480, .T. ) ;
#1202 = PLANE ( 'NONE',  #2081 ) ;
#1203 = VECTOR ( 'NONE', #1720, 1000.000000000000114 ) ;
#1204 = ORIENTED_EDGE ( 'NONE', *, *, #1042, .T. ) ;
#1205 = DIRECTION ( 'NONE',  ( -0.7071067811865475727, 0.000000000000000000, -0.7071067811865475727 ) ) ;
#1206 = DIRECTION ( 'NONE',  ( -1.000000000000000000, -9.842402700577627086E-17, 0.000000000000000000 ) ) ;
#1207 = DIRECTION ( 'NONE',  ( 0.000000000000000000, 1.000000000000000000, 0.000000000000000000 ) ) ;
#1208 = EDGE_LOOP ( 'NONE', ( #1159, #326, #423, #838 ) ) ;
#1209 = FACE_OUTER_BOUND ( 'NONE', #339, .T. ) ;
#1210 = LINE ( 'NONE', #870, #2058 ) ;
#1211 = PRESENTATION_STYLE_ASSIGNMENT (( #58 ) ) ;
#1212 = ORIENTED_EDGE ( 'NONE', *, *, #906, .T. ) ;
#1213 = FACE_OUTER_BOUND ( 'NONE', #1252, .T. ) ;
#1214 = VECTOR ( 'NONE', #298, 999.9999999999998863 ) ;
#1215 = ADVANCED_FACE ( 'NONE', ( #1599 ), #439, .F. ) ;
#1216 = EDGE_CURVE ( 'NONE', #195, #185, #780, .T. ) ;
#1217 = ORIENTED_EDGE ( 'NONE', *, *, #890, .T. ) ;
#1218 = FACE_OUTER_BOUND ( 'NONE', #1233, .T. ) ;
#1219 = CARTESIAN_POINT ( 'NONE',  ( 0.000000000000000000, 0.000000000000000000, 99.00000000000000000 ) ) ;
#1220 =( GEOMETRIC_REPRESENTATION_CONTEXT ( 3 ) GLOBAL_UNCERTAINTY_ASSIGNED_CONTEXT ( ( #433 ) ) GLOBAL_UNIT_ASSIGNED_CONTEXT ( ( #430, #116, #1224 ) ) REPRESENTATION_CONTEXT ( 'NONE', 'WORKASPACE' ) );
#1221 = ORIENTED_EDGE ( 'NONE', *, *, #1809, .F. ) ;
#1222 = CARTESIAN_POINT ( 'NONE',  ( 40.99999999999999289, -41.25000000000000000, 20.00000000000000000 ) ) ;
#1223 = DIRECTION ( 'NONE',  ( -0.000000000000000000, -0.000000000000000000, -1.000000000000000000 ) ) ;
#1224 =( NAMED_UNIT ( * ) SI_UNIT ( $, .STERADIAN. ) SOLID_ANGLE_UNIT ( ) );
#1225 = VECTOR ( 'NONE', #57, 1000.000000000000000 ) ;
#1226 = VECTOR ( 'NONE', #1024, 1000.000000000000000 ) ;
#1227 = ORIENTED_EDGE ( 'NONE', *, *, #864, .F. ) ;
#1228 = CARTESIAN_POINT ( 'NONE',  ( 37.50000000000000711, 4.592425496802575156E-15, 7.000000000000000000 ) ) ;
#1229 = AXIS2_PLACEMENT_3D ( 'NONE', #483, #500, #1617 ) ;
#1230 = ADVANCED_FACE ( 'NONE', ( #801 ), #2057, .F. ) ;
#1231 = ORIENTED_EDGE ( 'NONE', *, *, #1997, .T. ) ;
#1232 = LINE ( 'NONE', #889, #1248 ) ;
#1233 = EDGE_LOOP ( 'NONE', ( #32, #448, #2044, #4 ) ) ;
#1234 = DIRECTION ( 'NONE',  ( -0.7071067811865474617, -0.7071067811865474617, 0.000000000000000000 ) ) ;
#1235 = LINE ( 'NONE', #1893, #757 ) ;
#1236 = DIRECTION ( 'NONE',  ( 0.000000000000000000, -1.000000000000000000, 0.000000000000000000 ) ) ;
#1237 = FACE_OUTER_BOUND ( 'NONE', #1379, .T. ) ;
#1238 = ORIENTED_EDGE ( 'NONE', *, *, #633, .F. ) ;
#1239 = PRODUCT_CONTEXT ( 'NONE', #1062, 'mechanical' ) ;
#1240 = EDGE_CURVE ( 'NONE', #654, #591, #1254, .T. ) ;
#1241 = VECTOR ( 'NONE', #869, 1000.000000000000000 ) ;
#1242 = EDGE_LOOP ( 'NONE', ( #2002, #342, #1612, #2028 ) ) ;
#1243 = CARTESIAN_POINT ( 'NONE',  ( 15.00000000000000178, -15.00000000000000000, 75.00000000000000000 ) ) ;
#1244 = DIRECTION ( 'NONE',  ( 1.000000000000000000, 0.000000000000000000, 0.000000000000000000 ) ) ;
#1245 = CARTESIAN_POINT ( 'NONE',  ( -47.00000000000000711, -35.25000000000000000, 1.000000000000000888 ) ) ;
#1246 = EDGE_CURVE ( 'NONE', #320, #258, #762, .T. ) ;
#1247 = CARTESIAN_POINT ( 'NONE',  ( 12.50000000000000000, 1.530808498934191521E-15, 124.0000000000000000 ) ) ;
#1248 = VECTOR ( 'NONE', #1509, 1000.000000000000114 ) ;
#1249 = EDGE_LOOP ( 'NONE', ( #700, #236, #635, #602 ) ) ;
#1250 = APPLICATION_PROTOCOL_DEFINITION ( 'draft international standard', 'automotive_design', 1998, #1447 ) ;
#1251 = PRODUCT ( 'Part2', 'Part2', '', ( #1707 ) ) ;
#1252 = EDGE_LOOP ( 'NONE', ( #110, #206, #490, #38, #459, #1571, #868, #1515 ) ) ;
#1253 = AXIS2_PLACEMENT_3D ( 'NONE', #1534, #1673, #1026 ) ;
#1254 = LINE ( 'NONE', #1910, #1182 ) ;
#1255 = DIRECTION ( 'NONE',  ( -0.000000000000000000, -0.000000000000000000, -1.000000000000000000 ) ) ;
#1256 = CARTESIAN_POINT ( 'NONE',  ( 45.38148713966106129, -34.57959002237236490, -0.6185128603389501434 ) ) ;
#1257 = ADVANCED_FACE ( 'NONE', ( #1801 ), #2111, .F. ) ;
#1258 = PLANE ( 'NONE',  #1622 ) ;
#1259 = CARTESIAN_POINT ( 'NONE',  ( 46.99999999999999289, -35.25000000000000000, 1.000000000000000888 ) ) ;
#1260 = AXIS2_PLACEMENT_3D ( 'NONE', #374, #521, #226 ) ;
#1261 = ORIENTED_EDGE ( 'NONE', *, *, #278, .F. ) ;
#1262 = FACE_OUTER_BOUND ( 'NONE', #534, .T. ) ;
#1263 = CARTESIAN_POINT ( 'NONE',  ( 40.99999999999998579, 41.25000000000000711, 1.000000000000000888 ) ) ;
#1264 = FACE_OUTER_BOUND ( 'NONE', #1662, .T. ) ;
#1265 = CARTESIAN_POINT ( 'NONE',  ( -46.00000000000000711, 34.83578643762692195, 0.000000000000000000 ) ) ;
#1266 = EDGE_CURVE ( 'NONE', #964, #164, #965, .T. ) ;
#1267 = ORIENTED_EDGE ( 'NONE', *, *, #832, .T. ) ;
#1268 = CARTESIAN_POINT ( 'NONE',  ( 40.99999999999999289, -41.25000000000000000, 18.99999999999998579 ) ) ;
#1269 = CARTESIAN_POINT ( 'NONE',  ( -15.00000000000000000, 0.000000000000000000, 124.0000000000000000 ) ) ;
#1270 = DIRECTION ( 'NONE',  ( 0.2810846377148135677, -0.6785983445458437791, 0.6785983445458531049 ) ) ;
#1271 = AXIS2_PLACEMENT_3D ( 'NONE', #43, #858, #366 ) ;
#1272 = DIRECTION ( 'NONE',  ( 0.000000000000000000, -1.000000000000000000, 0.000000000000000000 ) ) ;
#1273 = FACE_OUTER_BOUND ( 'NONE', #1559, .T. ) ;
#1274 = EDGE_CURVE ( 'NONE', #1019, #1330, #1291, .T. ) ;
#1275 = EDGE_CURVE ( 'NONE', #1176, #1862, #1811, .T. ) ;
#1276 = ADVANCED_FACE ( 'NONE', ( #650 ), #509, .T. ) ;
#1277 = ORIENTED_EDGE ( 'NONE', *, *, #1933, .F. ) ;
#1278 = DIRECTION ( 'NONE',  ( -0.000000000000000000, -0.000000000000000000, -1.000000000000000000 ) ) ;
#1279 = CARTESIAN_POINT ( 'NONE',  ( -47.00000000000000711, 35.24999999999999289, 20.00000000000000000 ) ) ;
#1280 = CARTESIAN_POINT ( 'NONE',  ( 40.99999999999998579, 41.24999999999999289, 1.000000000000000888 ) ) ;
#1281 = AXIS2_PLACEMENT_3D ( 'NONE', #36, #343, #1820 ) ;
#1282 = VECTOR ( 'NONE', #81, 1000.000000000000000 ) ;
#1283 = CARTESIAN_POINT ( 'NONE',  ( -3.405981458930072206E-15, 40.24999999999998579, 20.00000000000000000 ) ) ;
#1284 = CARTESIAN_POINT ( 'NONE',  ( 46.99999999999999289, -35.25000000000000000, 14.99999999999998579 ) ) ;
#1285 = ORIENTED_EDGE ( 'NONE', *, *, #1016, .T. ) ;
#1286 = ORIENTED_EDGE ( 'NONE', *, *, #2016, .F. ) ;
#1287 = VECTOR ( 'NONE', #914, 1000.000000000000000 ) ;
#1288 = EDGE_CURVE ( 'NONE', #1827, #1690, #1772, .T. ) ;
#1289 = VECTOR ( 'NONE', #1223, 1000.000000000000000 ) ;
#1290 = ORIENTED_EDGE ( 'NONE', *, *, #212, .T. ) ;
#1291 = LINE ( 'NONE', #824, #2087 ) ;
#1292 = LINE ( 'NONE', #1300, #199 ) ;
#1293 = CARTESIAN_POINT ( 'NONE',  ( -33.55257832694688602, 29.67989556407162155, -12.44742167305330227 ) ) ;
#1294 = CARTESIAN_POINT ( 'NONE',  ( 40.58578643762690774, -40.25000000000001421, 0.000000000000000000 ) ) ;
#1295 = CARTESIAN_POINT ( 'NONE',  ( 40.99999999999999289, -41.24999999999999289, 1.000000000000000888 ) ) ;
#1296 = ORIENTED_EDGE ( 'NONE', *, *, #1933, .T. ) ;
#1297 = EDGE_LOOP ( 'NONE', ( #2039, #1653, #1683, #1342 ) ) ;
#1298 = EDGE_CURVE ( 'NONE', #185, #562, #975, .T. ) ;
#1299 = CARTESIAN_POINT ( 'NONE',  ( -47.00000000000000711, -35.25000000000000000, 20.00000000000000000 ) ) ;
#1300 = CARTESIAN_POINT ( 'NONE',  ( -14.99999999999999822, -15.00000000000000000, 75.00000000000000000 ) ) ;
#1301 = CARTESIAN_POINT ( 'NONE',  ( -47.00000000000000711, 35.25000000000000711, 1.000000000000000888 ) ) ;
#1302 = CARTESIAN_POINT ( 'NONE',  ( -46.29289321881346808, -34.54289321881346098, 0.000000000000000000 ) ) ;
#1303 = EDGE_CURVE ( 'NONE', #1998, #585, #1130, .T. ) ;
#1304 = EDGE_LOOP ( 'NONE', ( #1328, #1742, #682, #1752 ) ) ;
#1305 = VECTOR ( 'NONE', #1477, 1000.000000000000114 ) ;
#1306 = EDGE_LOOP ( 'NONE', ( #850, #1410, #392, #663 ) ) ;
#1307 = DIRECTION ( 'NONE',  ( 0.000000000000000000, 0.000000000000000000, 1.000000000000000000 ) ) ;
#1308 = FACE_BOUND ( 'NONE', #570, .T. ) ;
#1309 = SHAPE_REPRESENTATION_RELATIONSHIP ( 'NONE' , 'NONE' ,  #1810, #513 ) ;
#1310 = VECTOR ( 'NONE', #969, 1000.000000000000114 ) ;
#1311 = LINE ( 'NONE', #679, #456 ) ;
#1312 = EDGE_LOOP ( 'NONE', ( #1788, #55, #24, #2004 ) ) ;
#1313 = ADVANCED_FACE ( 'NONE', ( #141, #1616 ), #1001, .F. ) ;
#1314 = EDGE_LOOP ( 'NONE', ( #175, #584 ) ) ;
#1315 = VECTOR ( 'NONE', #947, 1000.000000000000114 ) ;
#1316 = ORIENTED_EDGE ( 'NONE', *, *, #278, .T. ) ;
#1317 = DIRECTION ( 'NONE',  ( -0.000000000000000000, -0.000000000000000000, -1.000000000000000000 ) ) ;
#1318 = CARTESIAN_POINT ( 'NONE',  ( 45.99999999999996447, 34.83578643762692906, 16.00000000000000000 ) ) ;
#1319 = ORIENTED_EDGE ( 'NONE', *, *, #1350, .F. ) ;
#1320 = CARTESIAN_POINT ( 'NONE',  ( -12.50000000000000000, 12.49999999999999645, 75.00000000000000000 ) ) ;
#1321 = VERTEX_POINT ( 'NONE', #673 ) ;
#1322 = ORIENTED_EDGE ( 'NONE', *, *, #594, .T. ) ;
#1323 = EDGE_CURVE ( 'NONE', #435, #1770, #1606, .T. ) ;
#1324 = DIRECTION ( 'NONE',  ( 0.7071067811865463515, 6.959629692747218067E-17, -0.7071067811865487940 ) ) ;
#1325 = PLANE ( 'NONE',  #49 ) ;
#1326 = ORIENTED_EDGE ( 'NONE', *, *, #1613, .T. ) ;
#1327 = LINE ( 'NONE', #143, #1642 ) ;
#1328 = ORIENTED_EDGE ( 'NONE', *, *, #2088, .F. ) ;
#1329 = DIRECTION ( 'NONE',  ( 1.000000000000000000, 0.000000000000000000, -0.000000000000000000 ) ) ;
#1330 = VERTEX_POINT ( 'NONE', #159 ) ;
#1331 = CARTESIAN_POINT ( 'NONE',  ( -47.00000000000000711, -35.25000000000000000, 1.000000000000000888 ) ) ;
#1332 = EDGE_CURVE ( 'NONE', #413, #1176, #335, .T. ) ;
#1333 = EDGE_CURVE ( 'NONE', #172, #1054, #636, .T. ) ;
#1334 = APPLICATION_CONTEXT ( 'automotive_design' ) ;
#1335 = DIRECTION ( 'NONE',  ( -0.7071067811865474617, 0.7071067811865474617, 0.000000000000000000 ) ) ;
#1336 = SURFACE_STYLE_USAGE ( .BOTH. , #1546 ) ;
#1337 = SHAPE_REPRESENTATION_RELATIONSHIP ( 'NONE' , 'NONE' ,  #447, #1766 ) ;
#1338 = ORIENTED_EDGE ( 'NONE', *, *, #100, .F. ) ;
#1339 = DIRECTION ( 'NONE',  ( 0.000000000000000000, 0.7071067811865475727, -0.7071067811865475727 ) ) ;
#1340 = VERTEX_POINT ( 'NONE', #482 ) ;
#1341 = CARTESIAN_POINT ( 'NONE',  ( -47.00000000000000711, 35.24999999999999289, 18.99999999999998579 ) ) ;
#1342 = ORIENTED_EDGE ( 'NONE', *, *, #1873, .T. ) ;
#1343 = CARTESIAN_POINT ( 'NONE',  ( 45.99999999999997868, -34.83578643762691485, 20.00000000000000000 ) ) ;
#1344 = VECTOR ( 'NONE', #1562, 1000.000000000000000 ) ;
#1345 = PLANE ( 'NONE',  #670 ) ;
#1346 = CIRCLE ( 'NONE', #1012, 15.00000000000000000 ) ;
#1347 = ORIENTED_EDGE ( 'NONE', *, *, #296, .F. ) ;
#1348 = DIRECTION ( 'NONE',  ( -0.2810846377148214503, 0.6785983445458467767, 0.6785983445458467767 ) ) ;
#1349 = CARTESIAN_POINT ( 'NONE',  ( -45.99999999999999289, 0.000000000000000000, 20.00000000000000000 ) ) ;
#1350 = EDGE_CURVE ( 'NONE', #1005, #1200, #2123, .T. ) ;
#1351 = PRODUCT_RELATED_PRODUCT_CATEGORY ( 'part', '', ( #1251 ) ) ;
#1352 = VECTOR ( 'NONE', #1278, 1000.000000000000000 ) ;
#1353 = ORIENTED_EDGE ( 'NONE', *, *, #1971, .T. ) ;
#1354 = CARTESIAN_POINT ( 'NONE',  ( -47.00000000000000711, 35.25000000000000711, 14.99999999999998579 ) ) ;
#1355 = LINE ( 'NONE', #232, #1289 ) ;
#1356 = VERTEX_POINT ( 'NONE', #718 ) ;
#1357 = DIRECTION ( 'NONE',  ( 1.000000000000000000, 0.000000000000000000, 0.000000000000000000 ) ) ;
#1358 = DIRECTION ( 'NONE',  ( 9.842402700577628319E-17, -1.000000000000000000, 0.000000000000000000 ) ) ;
#1359 = ORIENTED_EDGE ( 'NONE', *, *, #1925, .F. ) ;
#1360 = PLANE ( 'NONE',  #359 ) ;
#1361 = CARTESIAN_POINT ( 'NONE',  ( 0.000000000000000000, -40.24999999999998579, 20.00000000000000000 ) ) ;
#1362 = SHAPE_REPRESENTATION_RELATIONSHIP ( 'NONE' , 'NONE' ,  #255, #168 ) ;
#1363 = ORIENTED_EDGE ( 'NONE', *, *, #1323, .F. ) ;
#1364 = CARTESIAN_POINT ( 'NONE',  ( -45.99999999999999289, 0.000000000000000000, 16.00000000000000000 ) ) ;
#1365 = DIRECTION ( 'NONE',  ( 0.000000000000000000, 0.000000000000000000, 1.000000000000000000 ) ) ;
#1366 = EDGE_CURVE ( 'NONE', #585, #866, #1472, .T. ) ;
#1367 = EDGE_CURVE ( 'NONE', #1144, #522, #1976, .T. ) ;
#1368 = VERTEX_POINT ( 'NONE', #1444 ) ;
#1369 = CARTESIAN_POINT ( 'NONE',  ( 46.99999999999999289, -35.25000000000000000, 18.99999999999998579 ) ) ;
#1370 = VECTOR ( 'NONE', #1142, 1000.000000000000114 ) ;
#1371 = EDGE_LOOP ( 'NONE', ( #1520, #1580, #1338, #1227 ) ) ;
#1372 = CARTESIAN_POINT ( 'NONE',  ( -47.00000000000000711, -35.25000000000000000, 20.00000000000000000 ) ) ;
#1373 = DIRECTION ( 'NONE',  ( 9.842402700577627086E-17, -1.000000000000000000, 0.000000000000000000 ) ) ;
#1374 = CARTESIAN_POINT ( 'NONE',  ( 0.000000000000000000, 0.000000000000000000, 0.000000000000000000 ) ) ;
#1375 = EDGE_LOOP ( 'NONE', ( #2118, #834, #1204, #1867 ) ) ;
#1376 = FACE_OUTER_BOUND ( 'NONE', #2074, .T. ) ;
#1377 = CARTESIAN_POINT ( 'NONE',  ( 0.000000000000000000, 0.000000000000000000, 7.000000000000000000 ) ) ;
#1378 = DIRECTION ( 'NONE',  ( 0.000000000000000000, 0.000000000000000000, 1.000000000000000000 ) ) ;
#1379 = EDGE_LOOP ( 'NONE', ( #655, #505, #2065, #1531 ) ) ;
#1380 = FACE_OUTER_BOUND ( 'NONE', #724, .T. ) ;
#1381 = EDGE_CURVE ( 'NONE', #1717, #164, #1944, .T. ) ;
#1382 = VECTOR ( 'NONE', #685, 1000.000000000000000 ) ;
#1383 = AXIS2_PLACEMENT_3D ( 'NONE', #20, #1486, #376 ) ;
#1384 = ORIENTED_EDGE ( 'NONE', *, *, #1298, .T. ) ;
#1385 = FACE_OUTER_BOUND ( 'NONE', #1022, .T. ) ;
#1386 = DIRECTION ( 'NONE',  ( -0.7071067811865474617, 0.7071067811865474617, 0.000000000000000000 ) ) ;
#1387 = VECTOR ( 'NONE', #198, 1000.000000000000114 ) ;
#1388 = ORIENTED_EDGE ( 'NONE', *, *, #1983, .F. ) ;
#1389 = LINE ( 'NONE', #880, #1000 ) ;
#1390 = CARTESIAN_POINT ( 'NONE',  ( -15.00000000000000178, -15.00000000000000000, 0.000000000000000000 ) ) ;
#1391 = CARTESIAN_POINT ( 'NONE',  ( 40.99999999999998579, 40.25000000000002132, 0.000000000000000000 ) ) ;
#1392 = CLOSED_SHELL ( 'NONE', ( #1, #1682, #201, #1634, #756, #1397, #568, #684, #1004, #1594, #1568, #1257, #507, #1492, #98, #1431, #1060, #353, #2032, #549, #228, #1916, #288, #1088, #1536, #2106 ) ) ;
#1393 = AXIS2_PLACEMENT_3D ( 'NONE', #398, #422, #705 ) ;
#1394 = LINE ( 'NONE', #581, #470 ) ;
#1395 = AXIS2_PLACEMENT_3D ( 'NONE', #104, #1445, #937 ) ;
#1396 = UNCERTAINTY_MEASURE_WITH_UNIT (LENGTH_MEASURE( 1.000000000000000082E-05 ), #699, 'distance_accuracy_value', 'NONE');
#1397 = ADVANCED_FACE ( 'NONE', ( #985 ), #1628, .F. ) ;
#1398 = VERTEX_POINT ( 'NONE', #1846 ) ;
#1399 = CARTESIAN_POINT ( 'NONE',  ( 0.000000000000000000, -40.24999999999997868, 16.00000000000000000 ) ) ;
#1400 =( NAMED_UNIT ( * ) SI_UNIT ( $, .STERADIAN. ) SOLID_ANGLE_UNIT ( ) );
#1401 = ORIENTED_EDGE ( 'NONE', *, *, #1771, .F. ) ;
#1402 = CARTESIAN_POINT ( 'NONE',  ( 40.41789321881343966, 40.41789321881343966, 16.00000000000000000 ) ) ;
#1403 = DIRECTION ( 'NONE',  ( -1.000000000000000000, 0.000000000000000000, 0.000000000000000000 ) ) ;
#1404 = CARTESIAN_POINT ( 'NONE',  ( -41.00000000000000711, -41.25000000000000000, 1.000000000000000888 ) ) ;
#1405 = AXIS2_PLACEMENT_3D ( 'NONE', #1920, #1412, #1244 ) ;
#1406 = DIRECTION ( 'NONE',  ( -1.000000000000000000, 0.000000000000000000, 0.000000000000000000 ) ) ;
#1407 = CARTESIAN_POINT ( 'NONE',  ( 46.99999999999999289, -35.25000000000000000, 20.00000000000000000 ) ) ;
#1408 = ORIENTED_EDGE ( 'NONE', *, *, #1021, .F. ) ;
#1409 = AXIS2_PLACEMENT_3D ( 'NONE', #2084, #1763, #1581 ) ;
#1410 = ORIENTED_EDGE ( 'NONE', *, *, #1164, .F. ) ;
#1411 = PLANE ( 'NONE',  #1579 ) ;
#1412 = DIRECTION ( 'NONE',  ( 0.000000000000000000, 0.000000000000000000, 1.000000000000000000 ) ) ;
#1413 = CARTESIAN_POINT ( 'NONE',  ( -47.00000000000000711, -35.25000000000000000, 1.000000000000000888 ) ) ;
#1414 = CARTESIAN_POINT ( 'NONE',  ( 40.58578643762689353, -40.24999999999997868, 16.00000000000000000 ) ) ;
#1415 = DIRECTION ( 'NONE',  ( -0.000000000000000000, -0.000000000000000000, -1.000000000000000000 ) ) ;
#1416 = VECTOR ( 'NONE', #1386, 1000.000000000000114 ) ;
#1417 = ORIENTED_EDGE ( 'NONE', *, *, #876, .F. ) ;
#1418 = ORIENTED_EDGE ( 'NONE', *, *, #70, .F. ) ;
#1419 = EDGE_CURVE ( 'NONE', #1461, #1150, #1860, .T. ) ;
#1420 = LINE ( 'NONE', #945, #1135 ) ;
#1421 = DIRECTION ( 'NONE',  ( -0.000000000000000000, -0.000000000000000000, -1.000000000000000000 ) ) ;
#1422 = LINE ( 'NONE', #1256, #1344 ) ;
#1423 = FACE_OUTER_BOUND ( 'NONE', #1242, .T. ) ;
#1424 = DIRECTION ( 'NONE',  ( 0.7071067811865474617, 0.7071067811865474617, 0.000000000000000000 ) ) ;
#1425 = VECTOR ( 'NONE', #893, 1000.000000000000000 ) ;
#1426 = APPLICATION_PROTOCOL_DEFINITION ( 'draft international standard', 'automotive_design', 1998, #1934 ) ;
#1427 = EDGE_LOOP ( 'NONE', ( #87, #926, #2105, #1261 ) ) ;
#1428 = CARTESIAN_POINT ( 'NONE',  ( -41.00000000000000711, 41.24999999999998579, 1.000000000000000888 ) ) ;
#1429 = FACE_OUTER_BOUND ( 'NONE', #1807, .T. ) ;
#1430 = CARTESIAN_POINT ( 'NONE',  ( 45.99999999999997158, 4.527505242265705699E-15, 20.00000000000000000 ) ) ;
#1431 = ADVANCED_FACE ( 'NONE', ( #1178 ), #1360, .F. ) ;
#1432 = LINE ( 'NONE', #1923, #713 ) ;
#1433 = FACE_OUTER_BOUND ( 'NONE', #895, .T. ) ;
#1434 = EDGE_CURVE ( 'NONE', #2109, #746, #1684, .T. ) ;
#1435 = EDGE_CURVE ( 'NONE', #746, #1779, #1564, .T. ) ;
#1436 = PRODUCT_DEFINITION_SHAPE ( 'NONE', 'NONE',  #2129 ) ;
#1437 = ORIENTED_EDGE ( 'NONE', *, *, #1240, .F. ) ;
#1438 = DIRECTION ( 'NONE',  ( 1.000000000000000000, 0.000000000000000000, -0.000000000000000000 ) ) ;
#1439 = DIRECTION ( 'NONE',  ( 0.6785983445458477759, -0.2810846377148166209, 0.6785983445458477759 ) ) ;
#1440 = PRESENTATION_STYLE_ASSIGNMENT (( #600 ) ) ;
#1441 = CARTESIAN_POINT ( 'NONE',  ( 45.99999999999997868, 34.83578643762691485, 0.000000000000000000 ) ) ;
#1442 = PRODUCT_RELATED_PRODUCT_CATEGORY ( 'part', '', ( #950 ) ) ;
#1443 = VERTEX_POINT ( 'NONE', #39 ) ;
#1444 = CARTESIAN_POINT ( 'NONE',  ( 45.99999999999997158, -34.83578643762690064, 16.00000000000000000 ) ) ;
#1445 = DIRECTION ( 'NONE',  ( -0.000000000000000000, -0.7071067811865475727, -0.7071067811865475727 ) ) ;
#1446 = DIRECTION ( 'NONE',  ( -0.6785983445458437791, 0.2810846377148134567, 0.6785983445458531049 ) ) ;
#1447 = APPLICATION_CONTEXT ( 'automotive_design' ) ;
#1448 = AXIS2_PLACEMENT_3D ( 'NONE', #205, #1194, #561 ) ;
#1449 = CARTESIAN_POINT ( 'NONE',  ( 0.000000000000000000, 0.000000000000000000, 0.000000000000000000 ) ) ;
#1450 = DIRECTION ( 'NONE',  ( 0.7071067811865475727, -0.7071067811865475727, 0.000000000000000000 ) ) ;
#1451 = ORIENTED_EDGE ( 'NONE', *, *, #2120, .F. ) ;
#1452 = AXIS2_PLACEMENT_3D ( 'NONE', #1560, #418, #1074 ) ;
#1453 = EDGE_CURVE ( 'NONE', #866, #1555, #363, .T. ) ;
#1454 = VECTOR ( 'NONE', #587, 1000.000000000000114 ) ;
#1455 = EDGE_CURVE ( 'NONE', #1150, #1975, #1013, .T. ) ;
#1456 = ORIENTED_EDGE ( 'NONE', *, *, #755, .F. ) ;
#1457 = DIRECTION ( 'NONE',  ( -1.000000000000000000, 0.000000000000000000, 0.000000000000000000 ) ) ;
#1458 = SURFACE_SIDE_STYLE ('',( #665 ) ) ;
#1459 = LINE ( 'NONE', #331, #109 ) ;
#1460 = ORIENTED_EDGE ( 'NONE', *, *, #905, .F. ) ;
#1461 = VERTEX_POINT ( 'NONE', #2026 ) ;
#1462 = ORIENTED_EDGE ( 'NONE', *, *, #2016, .T. ) ;
#1463 = CARTESIAN_POINT ( 'NONE',  ( 0.000000000000000000, 0.000000000000000000, 7.000000000000000000 ) ) ;
#1464 = DIRECTION ( 'NONE',  ( -1.000000000000000000, 0.000000000000000000, 0.000000000000000000 ) ) ;
#1465 = DIRECTION ( 'NONE',  ( 0.7071067811865474617, 0.7071067811865474617, 0.000000000000000000 ) ) ;
#1466 = EDGE_CURVE ( 'NONE', #1461, #1714, #1705, .T. ) ;
#1467 = LINE ( 'NONE', #1774, #970 ) ;
#1468 = VERTEX_POINT ( 'NONE', #888 ) ;
#1469 = AXIS2_PLACEMENT_3D ( 'NONE', #1449, #2, #1631 ) ;
#1470 = ORIENTED_EDGE ( 'NONE', *, *, #1809, .T. ) ;
#1471 = VERTEX_POINT ( 'NONE', #19 ) ;
#1472 = LINE ( 'NONE', #807, #984 ) ;
#1473 = DIRECTION ( 'NONE',  ( 0.4999999999999995559, -0.4999999999999995559, -0.7071067811865482389 ) ) ;
#1474 = EDGE_CURVE ( 'NONE', #1144, #692, #1671, .T. ) ;
#1475 = ORIENTED_EDGE ( 'NONE', *, *, #814, .T. ) ;
#1476 = AXIS2_PLACEMENT_3D ( 'NONE', #216, #1206, #52 ) ;
#1477 = DIRECTION ( 'NONE',  ( 0.7071067811865474617, -0.7071067811865474617, 0.000000000000000000 ) ) ;
#1478 = ORIENTED_EDGE ( 'NONE', *, *, #1303, .F. ) ;
#1479 = VECTOR ( 'NONE', #2086, 1000.000000000000000 ) ;
#1480 = EDGE_LOOP ( 'NONE', ( #309, #14, #193, #357 ) ) ;
#1481 = AXIS2_PLACEMENT_3D ( 'NONE', #775, #284, #1942 ) ;
#1482 = DIRECTION ( 'NONE',  ( -0.000000000000000000, -0.000000000000000000, -1.000000000000000000 ) ) ;
#1483 = AXIS2_PLACEMENT_3D ( 'NONE', #872, #556, #2008 ) ;
#1484 = DIRECTION ( 'NONE',  ( -0.000000000000000000, -0.7071067811865475727, -0.7071067811865475727 ) ) ;
#1485 = DIRECTION ( 'NONE',  ( 1.000000000000000000, 0.000000000000000000, 0.000000000000000000 ) ) ;
#1486 = DIRECTION ( 'NONE',  ( 0.000000000000000000, 0.000000000000000000, 1.000000000000000000 ) ) ;
#1487 = MECHANICAL_DESIGN_GEOMETRIC_PRESENTATION_REPRESENTATION (  '', ( #406 ), #1078 ) ;
#1488 = ORIENTED_EDGE ( 'NONE', *, *, #295, .F. ) ;
#1489 = LINE ( 'NONE', #313, #662 ) ;
#1490 = ORIENTED_EDGE ( 'NONE', *, *, #1890, .F. ) ;
#1491 = ORIENTED_EDGE ( 'NONE', *, *, #2049, .F. ) ;
#1492 = ADVANCED_FACE ( 'NONE', ( #203 ), #1325, .F. ) ;
#1493 = ADVANCED_FACE ( 'NONE', ( #1521 ), #1659, .T. ) ;
#1494 = LINE ( 'NONE', #1506, #1382 ) ;
#1495 = VECTOR ( 'NONE', #1439, 1000.000000000000000 ) ;
#1496 = CARTESIAN_POINT ( 'NONE',  ( -41.00000000000000711, -41.24999999999999289, 14.99999999999998579 ) ) ;
#1497 = DIRECTION ( 'NONE',  ( -1.000000000000000000, 0.000000000000000000, 0.000000000000000000 ) ) ;
#1498 = ORIENTED_EDGE ( 'NONE', *, *, #737, .T. ) ;
#1499 = FACE_OUTER_BOUND ( 'NONE', #1598, .T. ) ;
#1500 = FACE_OUTER_BOUND ( 'NONE', #1502, .T. ) ;
#1501 = DIRECTION ( 'NONE',  ( 0.4999999999999985567, 0.4999999999999985567, -0.7071067811865495711 ) ) ;
#1502 = EDGE_LOOP ( 'NONE', ( #1667, #1231, #1728, #1979 ) ) ;
#1503 = CARTESIAN_POINT ( 'NONE',  ( -40.29289321881347519, 40.54289321881345387, 0.000000000000000000 ) ) ;
#1504 = AXIS2_PLACEMENT_3D ( 'NONE', #701, #1339, #535 ) ;
#1505 = EDGE_CURVE ( 'NONE', #218, #668, #1035, .T. ) ;
#1506 = CARTESIAN_POINT ( 'NONE',  ( 40.99999999999999289, -41.24999999999999289, 16.00000000000000000 ) ) ;
#1507 = EDGE_LOOP ( 'NONE', ( #1800, #1853, #626, #1633 ) ) ;
#1508 = CARTESIAN_POINT ( 'NONE',  ( -12.50000000000000000, -12.50000000000000000, 75.00000000000000000 ) ) ;
#1509 = DIRECTION ( 'NONE',  ( -0.2810846377148389363, -0.6785983445458348973, -0.6785983445458513286 ) ) ;
#1510 = ORIENTED_EDGE ( 'NONE', *, *, #1350, .T. ) ;
#1511 = CARTESIAN_POINT ( 'NONE',  ( 0.000000000000000000, 0.000000000000000000, 16.00000000000000000 ) ) ;
#1512 = CARTESIAN_POINT ( 'NONE',  ( -41.00000000000000711, 41.24999999999998579, 18.99999999999998579 ) ) ;
#1513 =( NAMED_UNIT ( * ) SI_UNIT ( $, .STERADIAN. ) SOLID_ANGLE_UNIT ( ) );
#1514 = STYLED_ITEM ( 'NONE', ( #204 ), #479 ) ;
#1515 = ORIENTED_EDGE ( 'NONE', *, *, #864, .T. ) ;
#1516 = DIRECTION ( 'NONE',  ( -0.7071067811865474617, -0.7071067811865474617, 0.000000000000000000 ) ) ;
#1517 = PRODUCT_DEFINITION_CONTEXT ( 'detailed design', #2022, 'design' ) ;
#1518 = VECTOR ( 'NONE', #882, 1000.000000000000000 ) ;
#1519 = FACE_OUTER_BOUND ( 'NONE', #729, .T. ) ;
#1520 = ORIENTED_EDGE ( 'NONE', *, *, #1021, .T. ) ;
#1521 = FACE_OUTER_BOUND ( 'NONE', #1621, .T. ) ;
#1522 = FACE_OUTER_BOUND ( 'NONE', #1899, .T. ) ;
#1523 = EDGE_CURVE ( 'NONE', #591, #1054, #51, .T. ) ;
#1524 = VECTOR ( 'NONE', #28, 1000.000000000000000 ) ;
#1525 = ORIENTED_EDGE ( 'NONE', *, *, #1971, .F. ) ;
#1526 = CARTESIAN_POINT ( 'NONE',  ( 40.99999999999998579, 40.25000000000000711, 0.000000000000000000 ) ) ;
#1527 = DIRECTION ( 'NONE',  ( 0.7071067811865474617, -0.7071067811865474617, 0.000000000000000000 ) ) ;
#1528 = FACE_OUTER_BOUND ( 'NONE', #1306, .T. ) ;
#1529 = ORIENTED_EDGE ( 'NONE', *, *, #241, .T. ) ;
#1530 = DIRECTION ( 'NONE',  ( 9.842402700577628319E-17, -1.000000000000000000, 0.000000000000000000 ) ) ;
#1531 = ORIENTED_EDGE ( 'NONE', *, *, #767, .T. ) ;
#1532 = CARTESIAN_POINT ( 'NONE',  ( -40.60454598580499663, -40.29528955563552728, 15.95471044436445140 ) ) ;
#1533 = SURFACE_STYLE_FILL_AREA ( #710 ) ;
#1534 = CARTESIAN_POINT ( 'NONE',  ( 0.000000000000000000, 0.000000000000000000, 0.000000000000000000 ) ) ;
#1535 = ORIENTED_EDGE ( 'NONE', *, *, #1842, .T. ) ;
#1536 = ADVANCED_FACE ( 'NONE', ( #1218 ), #1046, .T. ) ;
#1537 = FACE_OUTER_BOUND ( 'NONE', #1740, .T. ) ;
#1538 = EDGE_CURVE ( 'NONE', #311, #75, #1166, .T. ) ;
#1539 = CARTESIAN_POINT ( 'NONE',  ( -41.00000000000000711, -41.25000000000000000, 18.99999999999998579 ) ) ;
#1540 = SURFACE_SIDE_STYLE ('',( #1865 ) ) ;
#1541 = ORIENTED_EDGE ( 'NONE', *, *, #1186, .F. ) ;
#1542 = CARTESIAN_POINT ( 'NONE',  ( -40.41789321881344677, 40.41789321881344677, 16.00000000000000000 ) ) ;
#1543 = AXIS2_PLACEMENT_3D ( 'NONE', #1028, #551, #1675 ) ;
#1544 = ORIENTED_EDGE ( 'NONE', *, *, #334, .T. ) ;
#1545 = DIRECTION ( 'NONE',  ( 0.7071067811865474617, -0.7071067811865474617, 0.000000000000000000 ) ) ;
#1546 = SURFACE_SIDE_STYLE ('',( #364 ) ) ;
#1547 = ORIENTED_EDGE ( 'NONE', *, *, #1147, .T. ) ;
#1548 = PLANE ( 'NONE',  #1271 ) ;
#1549 = CARTESIAN_POINT ( 'NONE',  ( -37.50000000000000711, 0.000000000000000000, 7.000000000000000000 ) ) ;
#1550 = FACE_OUTER_BOUND ( 'NONE', #1314, .T. ) ;
#1551 = ADVANCED_FACE ( 'NONE', ( #697 ), #730, .F. ) ;
#1552 = DIRECTION ( 'NONE',  ( 0.000000000000000000, 0.000000000000000000, -1.000000000000000000 ) ) ;
#1553 = VECTOR ( 'NONE', #706, 1000.000000000000000 ) ;
#1554 = PRODUCT ( 'Part5', 'Part5', '', ( #1741 ) ) ;
#1555 = VERTEX_POINT ( 'NONE', #529 ) ;
#1556 = PLANE ( 'NONE',  #1114 ) ;
#1557 = APPLICATION_PROTOCOL_DEFINITION ( 'draft international standard', 'automotive_design', 1998, #1062 ) ;
#1558 = CIRCLE ( 'NONE', #1087, 15.00000000000000178 ) ;
#1559 = EDGE_LOOP ( 'NONE', ( #65, #877, #1968, #2007 ) ) ;
#1560 = CARTESIAN_POINT ( 'NONE',  ( -14.99999999999999822, 15.00000000000000000, 75.00000000000000000 ) ) ;
#1561 = CARTESIAN_POINT ( 'NONE',  ( 12.50000000000000000, -12.50000000000000000, 75.00000000000000000 ) ) ;
#1562 = DIRECTION ( 'NONE',  ( -0.6785983445458454444, 0.2810846377148110142, -0.6785983445458524388 ) ) ;
#1563 = AXIS2_PLACEMENT_3D ( 'NONE', #354, #1007, #1152 ) ;
#1564 = CIRCLE ( 'NONE', #1092, 15.00000000000000178 ) ;
#1565 = FILL_AREA_STYLE ('',( #2079 ) ) ;
#1566 = DIRECTION ( 'NONE',  ( 1.000000000000000000, 0.000000000000000000, 0.000000000000000000 ) ) ;
#1567 = EDGE_CURVE ( 'NONE', #2020, #512, #571, .T. ) ;
#1568 = ADVANCED_FACE ( 'NONE', ( #1385 ), #898, .F. ) ;
#1569 = ORIENTED_EDGE ( 'NONE', *, *, #1434, .T. ) ;
#1570 = ITEM_DEFINED_TRANSFORMATION ( 'NONE', 'NONE', #531,  #1793 ) ;
#1571 = ORIENTED_EDGE ( 'NONE', *, *, #755, .T. ) ;
#1572 = CARTESIAN_POINT ( 'NONE',  ( 44.49421473114404080, -34.21206975724518173, 21.50578526885593789 ) ) ;
#1573 = LINE ( 'NONE', #986, #1776 ) ;
#1574 = CARTESIAN_POINT ( 'NONE',  ( 45.99999999999997158, 34.83578643762687932, 20.00000000000000000 ) ) ;
#1575 = DIRECTION ( 'NONE',  ( -1.000000000000000000, 0.000000000000000000, 0.000000000000000000 ) ) ;
#1576 = CARTESIAN_POINT ( 'NONE',  ( 0.000000000000000000, 0.000000000000000000, 124.0000000000000000 ) ) ;
#1577 = ADVANCED_FACE ( 'NONE', ( #1715 ), #1703, .F. ) ;
#1578 = VERTEX_POINT ( 'NONE', #589 ) ;
#1579 = AXIS2_PLACEMENT_3D ( 'NONE', #1928, #460, #959 ) ;
#1580 = ORIENTED_EDGE ( 'NONE', *, *, #875, .F. ) ;
#1581 = DIRECTION ( 'NONE',  ( 0.000000000000000000, -0.000000000000000000, 1.000000000000000000 ) ) ;
#1582 = CARTESIAN_POINT ( 'NONE',  ( -47.00000000000000711, -35.25000000000000000, 20.00000000000000000 ) ) ;
#1583 = LINE ( 'NONE', #105, #120 ) ;
#1584 = CARTESIAN_POINT ( 'NONE',  ( -47.00000000000000711, 35.24999999999999289, 1.000000000000000888 ) ) ;
#1585 = DIRECTION ( 'NONE',  ( 1.000000000000000000, 0.000000000000000000, 0.000000000000000000 ) ) ;
#1586 =( GEOMETRIC_REPRESENTATION_CONTEXT ( 3 ) GLOBAL_UNCERTAINTY_ASSIGNED_CONTEXT ( ( #569 ) ) GLOBAL_UNIT_ASSIGNED_CONTEXT ( ( #1697, #1685, #1072 ) ) REPRESENTATION_CONTEXT ( 'NONE', 'WORKASPACE' ) );
#1587 = SHAPE_DEFINITION_REPRESENTATION ( #643, #255 ) ;
#1588 = VERTEX_POINT ( 'NONE', #2045 ) ;
#1589 = AXIS2_PLACEMENT_3D ( 'NONE', #961, #451, #2060 ) ;
#1590 = DIRECTION ( 'NONE',  ( -0.000000000000000000, -0.000000000000000000, -1.000000000000000000 ) ) ;
#1591 = LINE ( 'NONE', #1279, #1067 ) ;
#1592 = CARTESIAN_POINT ( 'NONE',  ( 0.000000000000000000, 0.000000000000000000, 7.000000000000000000 ) ) ;
#1593 = EDGE_CURVE ( 'NONE', #1981, #1330, #245, .T. ) ;
#1594 = ADVANCED_FACE ( 'NONE', ( #1213 ), #907, .T. ) ;
#1595 = CARTESIAN_POINT ( 'NONE',  ( -12.50000000000000000, 12.49999999999999645, 75.00000000000000000 ) ) ;
#1596 = FACE_OUTER_BOUND ( 'NONE', #424, .T. ) ;
#1597 = SHAPE_REPRESENTATION ( 'Assem1', ( #400, #1448, #1383, #531, #1727, #1083, #148 ), #1655 ) ;
#1598 = EDGE_LOOP ( 'NONE', ( #520, #1177, #214, #140 ) ) ;
#1599 = FACE_OUTER_BOUND ( 'NONE', #1304, .T. ) ;
#1600 = DIRECTION ( 'NONE',  ( 1.000000000000000000, 0.000000000000000000, 0.000000000000000000 ) ) ;
#1601 = APPLICATION_CONTEXT ( 'automotive_design' ) ;
#1602 = ADVANCED_FACE ( 'NONE', ( #1201 ), #1844, .F. ) ;
#1603 = DIRECTION ( 'NONE',  ( 0.7071067811865474617, 0.7071067811865474617, 0.000000000000000000 ) ) ;
#1604 = DIRECTION ( 'NONE',  ( 9.842402700577628319E-17, -1.000000000000000000, 0.000000000000000000 ) ) ;
#1605 = ORIENTED_EDGE ( 'NONE', *, *, #1856, .F. ) ;
#1606 = LINE ( 'NONE', #1948, #542 ) ;
#1607 = FACE_OUTER_BOUND ( 'NONE', #981, .T. ) ;
#1608 = AXIS2_PLACEMENT_3D ( 'NONE', #849, #22, #689 ) ;
#1609 = DIRECTION ( 'NONE',  ( 1.000000000000000000, 0.000000000000000000, 0.000000000000000000 ) ) ;
#1610 = CARTESIAN_POINT ( 'NONE',  ( 0.000000000000000000, -40.24999999999998579, 20.00000000000000000 ) ) ;
#1611 = EDGE_CURVE ( 'NONE', #1017, #1468, #861, .T. ) ;
#1612 = ORIENTED_EDGE ( 'NONE', *, *, #666, .F. ) ;
#1613 = EDGE_CURVE ( 'NONE', #262, #522, #83, .T. ) ;
#1614 = AXIS2_PLACEMENT_3D ( 'NONE', #919, #1845, #1033 ) ;
#1615 = ORIENTED_EDGE ( 'NONE', *, *, #1266, .T. ) ;
#1616 = FACE_BOUND ( 'NONE', #1909, .T. ) ;
#1617 = DIRECTION ( 'NONE',  ( -1.000000000000000000, 0.000000000000000000, 0.000000000000000000 ) ) ;
#1618 = CARTESIAN_POINT ( 'NONE',  ( 40.99999999999998579, 41.25000000000000711, 16.00000000000000000 ) ) ;
#1619 = AXIS2_PLACEMENT_3D ( 'NONE', #598, #427, #501 ) ;
#1620 = DIRECTION ( 'NONE',  ( 0.000000000000000000, 0.000000000000000000, -1.000000000000000000 ) ) ;
#1621 = EDGE_LOOP ( 'NONE', ( #165, #1785, #1525, #696 ) ) ;
#1622 = AXIS2_PLACEMENT_3D ( 'NONE', #1584, #786, #106 ) ;
#1623 = ORIENTED_EDGE ( 'NONE', *, *, #1737, .T. ) ;
#1624 = CARTESIAN_POINT ( 'NONE',  ( 45.99999999999997158, 4.527505242265705699E-15, 20.00000000000000000 ) ) ;
#1625 = VECTOR ( 'NONE', #686, 1000.000000000000114 ) ;
#1626 = EDGE_CURVE ( 'NONE', #1176, #740, #1868, .T. ) ;
#1627 = EDGE_LOOP ( 'NONE', ( #1891, #1093, #1491, #1153 ) ) ;
#1628 = PLANE ( 'NONE',  #437 ) ;
#1629 = FILL_AREA_STYLE_COLOUR ( '', #129 ) ;
#1630 = PLANE ( 'NONE',  #1870 ) ;
#1631 = DIRECTION ( 'NONE',  ( 1.000000000000000000, 0.000000000000000000, -0.000000000000000000 ) ) ;
#1632 = ORIENTED_EDGE ( 'NONE', *, *, #906, .F. ) ;
#1633 = ORIENTED_EDGE ( 'NONE', *, *, #1997, .F. ) ;
#1634 = ADVANCED_FACE ( 'NONE', ( #1237 ), #728, .F. ) ;
#1635 = VERTEX_POINT ( 'NONE', #1041 ) ;
#1636 = DIRECTION ( 'NONE',  ( -0.000000000000000000, 1.000000000000000000, 0.000000000000000000 ) ) ;
#1637 = DIRECTION ( 'NONE',  ( -0.2810846377148141784, -0.6785983445458436680, 0.6785983445458529939 ) ) ;
#1638 = DIRECTION ( 'NONE',  ( -0.000000000000000000, -0.000000000000000000, -1.000000000000000000 ) ) ;
#1639 = ORIENTED_EDGE ( 'NONE', *, *, #1972, .T. ) ;
#1640 = LINE ( 'NONE', #1991, #1783 ) ;
#1641 = PLANE ( 'NONE',  #789 ) ;
#1642 = VECTOR ( 'NONE', #1951, 1000.000000000000000 ) ;
#1643 = ORIENTED_EDGE ( 'NONE', *, *, #1216, .F. ) ;
#1644 = CARTESIAN_POINT ( 'NONE',  ( -41.00000000000000711, 41.24999999999998579, 1.000000000000000888 ) ) ;
#1645 = EDGE_CURVE ( 'NONE', #866, #29, #1394, .T. ) ;
#1646 = DIRECTION ( 'NONE',  ( 1.000000000000000000, 0.000000000000000000, 0.000000000000000000 ) ) ;
#1647 =( NAMED_UNIT ( * ) SI_UNIT ( $, .STERADIAN. ) SOLID_ANGLE_UNIT ( ) );
#1648 = VERTEX_POINT ( 'NONE', #1343 ) ;
#1649 = EDGE_CURVE ( 'NONE', #2099, #1162, #1346, .T. ) ;
#1650 = LINE ( 'NONE', #1624, #207 ) ;
#1651 = EDGE_CURVE ( 'NONE', #641, #1356, #567, .T. ) ;
#1652 = ORIENTED_EDGE ( 'NONE', *, *, #351, .T. ) ;
#1653 = ORIENTED_EDGE ( 'NONE', *, *, #1649, .F. ) ;
#1654 = VECTOR ( 'NONE', #1032, 1000.000000000000114 ) ;
#1655 =( GEOMETRIC_REPRESENTATION_CONTEXT ( 3 ) GLOBAL_UNCERTAINTY_ASSIGNED_CONTEXT ( ( #1396 ) ) GLOBAL_UNIT_ASSIGNED_CONTEXT ( ( #699, #760, #1400 ) ) REPRESENTATION_CONTEXT ( 'NONE', 'WORKASPACE' ) );
#1656 = DIRECTION ( 'NONE',  ( 0.7071067811865474617, 0.7071067811865474617, 0.000000000000000000 ) ) ;
#1657 = AXIS2_PLACEMENT_3D ( 'NONE', #1955, #491, #1138 ) ;
#1658 = ORIENTED_EDGE ( 'NONE', *, *, #1797, .T. ) ;
#1659 = PLANE ( 'NONE',  #1260 ) ;
#1660 = DIRECTION ( 'NONE',  ( 0.7071067811865474617, -0.7071067811865474617, 0.000000000000000000 ) ) ;
#1661 = VECTOR ( 'NONE', #1421, 1000.000000000000000 ) ;
#1662 = EDGE_LOOP ( 'NONE', ( #1286, #1456, #815, #1674 ) ) ;
#1663 = CARTESIAN_POINT ( 'NONE',  ( 0.000000000000000000, 0.000000000000000000, 0.000000000000000000 ) ) ;
#1664 = CARTESIAN_POINT ( 'NONE',  ( -46.29289321881346808, -34.54289321881346808, 0.000000000000000000 ) ) ;
#1665 =( NAMED_UNIT ( * ) PLANE_ANGLE_UNIT ( ) SI_UNIT ( $, .RADIAN. ) );
#1666 = EDGE_CURVE ( 'NONE', #280, #417, #896, .T. ) ;
#1667 = ORIENTED_EDGE ( 'NONE', *, *, #1950, .F. ) ;
#1668 = APPLICATION_CONTEXT ( 'automotive_design' ) ;
#1669 = PLANE ( 'NONE',  #1281 ) ;
#1670 = VECTOR ( 'NONE', #960, 1000.000000000000114 ) ;
#1671 = LINE ( 'NONE', #403, #155 ) ;
#1672 = DIRECTION ( 'NONE',  ( -0.7071067811865474617, -0.7071067811865474617, 0.000000000000000000 ) ) ;
#1673 = DIRECTION ( 'NONE',  ( 0.000000000000000000, 0.000000000000000000, 1.000000000000000000 ) ) ;
#1674 = ORIENTED_EDGE ( 'NONE', *, *, #767, .F. ) ;
#1675 = DIRECTION ( 'NONE',  ( -1.000000000000000000, 0.000000000000000000, 0.000000000000000000 ) ) ;
#1676 = LINE ( 'NONE', #209, #289 ) ;
#1677 = ORIENTED_EDGE ( 'NONE', *, *, #1274, .T. ) ;
#1678 = PLANE ( 'NONE',  #813 ) ;
#1679 = EDGE_CURVE ( 'NONE', #1770, #1862, #73, .T. ) ;
#1680 = VECTOR ( 'NONE', #113, 1000.000000000000000 ) ;
#1681 = FACE_OUTER_BOUND ( 'NONE', #980, .T. ) ;
#1682 = ADVANCED_FACE ( 'NONE', ( #1380 ), #1678, .F. ) ;
#1683 = ORIENTED_EDGE ( 'NONE', *, *, #200, .T. ) ;
#1684 = LINE ( 'NONE', #1508, #1226 ) ;
#1685 =( NAMED_UNIT ( * ) PLANE_ANGLE_UNIT ( ) SI_UNIT ( $, .RADIAN. ) );
#1686 = VERTEX_POINT ( 'NONE', #1369 ) ;
#1687 = CARTESIAN_POINT ( 'NONE',  ( 39.35529773703260048, 32.08346064237470330, 22.64470226296734623 ) ) ;
#1688 = CARTESIAN_POINT ( 'NONE',  ( 40.99999999999998579, 41.25000000000000711, 1.000000000000000888 ) ) ;
#1689 = AXIS2_PLACEMENT_3D ( 'NONE', #799, #1450, #137 ) ;
#1690 = VERTEX_POINT ( 'NONE', #884 ) ;
#1691 = DIRECTION ( 'NONE',  ( -0.2810846377148246145, 0.6785983445458426688, -0.6785983445458496632 ) ) ;
#1692 = VECTOR ( 'NONE', #1113, 1000.000000000000114 ) ;
#1693 = EDGE_CURVE ( 'NONE', #130, #688, #720, .T. ) ;
#1694 = ORIENTED_EDGE ( 'NONE', *, *, #623, .F. ) ;
#1696 = DIRECTION ( 'NONE',  ( -0.000000000000000000, 1.000000000000000000, 0.000000000000000000 ) ) ;
#1695 = PRODUCT_DEFINITION_FORMATION_WITH_SPECIFIED_SOURCE ( 'ANY', '', #1709, .NOT_KNOWN. ) ;
#1697 =( LENGTH_UNIT ( ) NAMED_UNIT ( * ) SI_UNIT ( .MILLI., .METRE. ) );
#1698 = ORIENTED_EDGE ( 'NONE', *, *, #1154, .F. ) ;
#1699 = LINE ( 'NONE', #1222, #310 ) ;
#1700 = LINE ( 'NONE', #68, #1425 ) ;
#1701 = FILL_AREA_STYLE_COLOUR ( '', #1117 ) ;
#1702 = ORIENTED_EDGE ( 'NONE', *, *, #647, .T. ) ;
#1703 = PLANE ( 'NONE',  #1483 ) ;
#1704 = EDGE_LOOP ( 'NONE', ( #300, #998, #1510, #1639 ) ) ;
#1705 = LINE ( 'NONE', #215, #922 ) ;
#1706 = CARTESIAN_POINT ( 'NONE',  ( -47.00000000000000711, -35.25000000000000000, 18.99999999999998579 ) ) ;
#1707 = PRODUCT_CONTEXT ( 'NONE', #1668, 'mechanical' ) ;
#1708 = ADVANCED_FACE ( 'NONE', ( #60 ), #1884, .F. ) ;
#1709 = PRODUCT ( 'Assem1', 'Assem1', '', ( #239 ) ) ;
#1710 = ORIENTED_EDGE ( 'NONE', *, *, #315, .F. ) ;
#1711 = DIRECTION ( 'NONE',  ( -1.000000000000000000, 0.000000000000000000, -0.000000000000000000 ) ) ;
#1712 = DIRECTION ( 'NONE',  ( 0.5000000000000009992, -0.5000000000000009992, -0.7071067811865461294 ) ) ;
#1713 = FACE_OUTER_BOUND ( 'NONE', #1427, .T. ) ;
#1714 = VERTEX_POINT ( 'NONE', #1414 ) ;
#1715 = FACE_OUTER_BOUND ( 'NONE', #1730, .T. ) ;
#1716 =( REPRESENTATION_RELATIONSHIP ('NONE','NONE', #1597, #1070 ) REPRESENTATION_RELATIONSHIP_WITH_TRANSFORMATION ( #260 )SHAPE_REPRESENTATION_RELATIONSHIP( ) );
#1717 = VERTEX_POINT ( 'NONE', #765 ) ;
#1718 = DIRECTION ( 'NONE',  ( 0.000000000000000000, 0.000000000000000000, 1.000000000000000000 ) ) ;
#1719 = ORIENTED_EDGE ( 'NONE', *, *, #1381, .T. ) ;
#1720 = DIRECTION ( 'NONE',  ( 0.7071067811865474617, -0.7071067811865474617, 0.000000000000000000 ) ) ;
#1721 = DIRECTION ( 'NONE',  ( -0.7071067811865474617, -0.7071067811865474617, 0.000000000000000000 ) ) ;
#1722 = FACE_OUTER_BOUND ( 'NONE', #1874, .T. ) ;
#1723 = ADVANCED_FACE ( 'NONE', ( #798 ), #275, .F. ) ;
#1724 = ADVANCED_FACE ( 'NONE', ( #940 ), #1258, .T. ) ;
#1725 = LINE ( 'NONE', #1115, #1831 ) ;
#1726 = CARTESIAN_POINT ( 'NONE',  ( -47.00000000000000711, 35.24999999999999289, 20.00000000000000000 ) ) ;
#1727 = AXIS2_PLACEMENT_3D ( 'NONE', #1877, #1003, #856 ) ;
#1728 = ORIENTED_EDGE ( 'NONE', *, *, #1885, .T. ) ;
#1729 = AXIS2_PLACEMENT_3D ( 'NONE', #1828, #1378, #1329 ) ;
#1730 = EDGE_LOOP ( 'NONE', ( #341, #1541, #2056, #1818 ) ) ;
#1731 = LINE ( 'NONE', #1103, #774 ) ;
#1732 = DIRECTION ( 'NONE',  ( -0.000000000000000000, -0.000000000000000000, -1.000000000000000000 ) ) ;
#1733 = LINE ( 'NONE', #294, #319 ) ;
#1734 = AXIS2_PLACEMENT_3D ( 'NONE', #1780, #1120, #1939 ) ;
#1735 = LINE ( 'NONE', #803, #287 ) ;
#1736 = PLANE ( 'NONE',  #344 ) ;
#1737 = EDGE_CURVE ( 'NONE', #792, #218, #1432, .T. ) ;
#1738 = ADVANCED_FACE ( 'NONE', ( #2103 ), #297, .T. ) ;
#1739 = VECTOR ( 'NONE', #1255, 1000.000000000000000 ) ;
#1740 = EDGE_LOOP ( 'NONE', ( #528, #1970, #1040, #2012, #1795, #1212, #91, #883 ) ) ;
#1741 = PRODUCT_CONTEXT ( 'NONE', #1334, 'mechanical' ) ;
#1742 = ORIENTED_EDGE ( 'NONE', *, *, #1240, .T. ) ;
#1743 = DIRECTION ( 'NONE',  ( 0.7071067811865474617, -0.7071067811865474617, 0.000000000000000000 ) ) ;
#1744 = DIRECTION ( 'NONE',  ( -1.000000000000000000, -0.000000000000000000, -0.000000000000000000 ) ) ;
#1745 = CARTESIAN_POINT ( 'NONE',  ( -40.58578643762690774, -40.24999999999997868, 16.00000000000000000 ) ) ;
#1746 = STYLED_ITEM ( 'NONE', ( #742 ), #442 ) ;
#1747 = SURFACE_STYLE_FILL_AREA ( #1565 ) ;
#1748 = CARTESIAN_POINT ( 'NONE',  ( 46.99999999999999289, -35.25000000000000000, 1.000000000000000888 ) ) ;
#1749 = ADVANCED_FACE ( 'NONE', ( #1423 ), #612, .F. ) ;
#1750 = APPLICATION_PROTOCOL_DEFINITION ( 'draft international standard', 'automotive_design', 1998, #1334 ) ;
#1751 = AXIS2_PLACEMENT_3D ( 'NONE', #131, #449, #1743 ) ;
#1752 = ORIENTED_EDGE ( 'NONE', *, *, #921, .T. ) ;
#1753 = CARTESIAN_POINT ( 'NONE',  ( 15.00000000000000000, 1.836970198721029589E-15, 124.0000000000000000 ) ) ;
#1754 = LINE ( 'NONE', #1097, #2014 ) ;
#1755 = PLANE ( 'NONE',  #2047 ) ;
#1756 = APPLICATION_CONTEXT ( 'automotive_design' ) ;
#1757 = DIRECTION ( 'NONE',  ( -0.000000000000000000, -1.000000000000000000, -0.000000000000000000 ) ) ;
#1758 = LINE ( 'NONE', #930, #1789 ) ;
#1759 =( GEOMETRIC_REPRESENTATION_CONTEXT ( 3 ) GLOBAL_UNCERTAINTY_ASSIGNED_CONTEXT ( ( #1995 ) ) GLOBAL_UNIT_ASSIGNED_CONTEXT ( ( #375, #731, #404 ) ) REPRESENTATION_CONTEXT ( 'NONE', 'WORKASPACE' ) );
#1760 = PRODUCT_DEFINITION_SHAPE ( 'NONE', 'NONE',  #2128 ) ;
#1761 = ORIENTED_EDGE ( 'NONE', *, *, #1950, .T. ) ;
#1762 = VECTOR ( 'NONE', #355, 1000.000000000000000 ) ;
#1763 = DIRECTION ( 'NONE',  ( 0.000000000000000000, 1.000000000000000000, 0.000000000000000000 ) ) ;
#1764 = DIRECTION ( 'NONE',  ( 0.2810846377148334962, 0.6785983445458407814, -0.6785983445458478869 ) ) ;
#1765 = CARTESIAN_POINT ( 'NONE',  ( -40.58578643762690774, 40.24999999999999289, 16.00000000000000000 ) ) ;
#1766 = ADVANCED_BREP_SHAPE_REPRESENTATION ( '', ( #414, #1793 ), #466 ) ;
#1767 = DIRECTION ( 'NONE',  ( 0.6785983445458476648, 0.2810846377148231712, -0.6785983445458453334 ) ) ;
#1768 = CARTESIAN_POINT ( 'NONE',  ( -12.50000000000000000, -12.50000000000000000, 8.291561975888502189 ) ) ;
#1769 = AXIS2_PLACEMENT_3D ( 'NONE', #541, #1552, #1190 ) ;
#1770 = VERTEX_POINT ( 'NONE', #1914 ) ;
#1771 = EDGE_CURVE ( 'NONE', #1398, #746, #1725, .T. ) ;
#1772 = LINE ( 'NONE', #656, #754 ) ;
#1773 = DIRECTION ( 'NONE',  ( -0.7071067811865474617, 0.7071067811865474617, 0.000000000000000000 ) ) ;
#1774 = CARTESIAN_POINT ( 'NONE',  ( -47.00000000000000711, 35.25000000000000711, 1.000000000000000888 ) ) ;
#1775 = CARTESIAN_POINT ( 'NONE',  ( -41.00000000000000711, -41.25000000000000000, 1.000000000000000888 ) ) ;
#1776 = VECTOR ( 'NONE', #674, 1000.000000000000000 ) ;
#1777 = EDGE_LOOP ( 'NONE', ( #1277, #1605, #580, #1384 ) ) ;
#1778 = APPLICATION_CONTEXT ( 'automotive_design' ) ;
#1779 = VERTEX_POINT ( 'NONE', #2089 ) ;
#1780 = CARTESIAN_POINT ( 'NONE',  ( 45.99999999999997158, 4.527505242265706487E-15, 16.00000000000000000 ) ) ;
#1781 = PRESENTATION_STYLE_ASSIGNMENT (( #687 ) ) ;
#1782 = CARTESIAN_POINT ( 'NONE',  ( -12.50000000000000000, -12.50000000000000000, 75.00000000000000000 ) ) ;
#1783 = VECTOR ( 'NONE', #997, 1000.000000000000000 ) ;
#1784 = DIRECTION ( 'NONE',  ( 1.000000000000000000, 0.000000000000000000, 0.000000000000000000 ) ) ;
#1785 = ORIENTED_EDGE ( 'NONE', *, *, #1972, .F. ) ;
#1786 = EDGE_CURVE ( 'NONE', #1953, #690, #253, .T. ) ;
#1787 = EDGE_CURVE ( 'NONE', #1321, #75, #150, .T. ) ;
#1788 = ORIENTED_EDGE ( 'NONE', *, *, #1042, .F. ) ;
#1789 = VECTOR ( 'NONE', #963, 1000.000000000000000 ) ;
#1790 = ORIENTED_EDGE ( 'NONE', *, *, #1666, .F. ) ;
#1791 = DIRECTION ( 'NONE',  ( -0.000000000000000000, -0.000000000000000000, -1.000000000000000000 ) ) ;
#1792 = CYLINDRICAL_SURFACE ( 'NONE', #1848, 12.50000000000000000 ) ;
#1793 = AXIS2_PLACEMENT_3D ( 'NONE', #303, #1122, #133 ) ;
#1794 = DIRECTION ( 'NONE',  ( 0.2810846377148256692, 0.6785983445458458885, 0.6785983445458458885 ) ) ;
#1795 = ORIENTED_EDGE ( 'NONE', *, *, #934, .T. ) ;
#1796 = EDGE_LOOP ( 'NONE', ( #246, #732, #210, #270 ) ) ;
#1797 = EDGE_CURVE ( 'NONE', #1714, #1368, #962, .T. ) ;
#1798 = AXIS2_PLACEMENT_3D ( 'NONE', #1372, #2037, #1335 ) ;
#1799 = PRESENTATION_LAYER_ASSIGNMENT (  '', '', ( #406 ) ) ;
#1800 = ORIENTED_EDGE ( 'NONE', *, *, #1666, .T. ) ;
#1801 = FACE_OUTER_BOUND ( 'NONE', #149, .T. ) ;
#1802 = CARTESIAN_POINT ( 'NONE',  ( 0.000000000000000000, 15.00000000000000000, 0.000000000000000000 ) ) ;
#1803 =( NAMED_UNIT ( * ) SI_UNIT ( $, .STERADIAN. ) SOLID_ANGLE_UNIT ( ) );
#1804 = VERTEX_POINT ( 'NONE', #638 ) ;
#1805 = DIRECTION ( 'NONE',  ( -1.000000000000000000, 0.000000000000000000, 0.000000000000000000 ) ) ;
#1806 = DIRECTION ( 'NONE',  ( -0.7071067811865474617, 0.7071067811865474617, 0.000000000000000000 ) ) ;
#1807 = EDGE_LOOP ( 'NONE', ( #1319, #1267, #648, #508 ) ) ;
#1808 = COLOUR_RGB ( '',0.7921568627450980005, 0.8196078431372548767, 0.9333333333333333481 ) ;
#1809 = EDGE_CURVE ( 'NONE', #562, #1398, #1558, .T. ) ;
#1810 = SHAPE_REPRESENTATION ( 'Part1', ( #1793 ), #949 ) ;
#1811 = LINE ( 'NONE', #1644, #1834 ) ;
#1812 = PLANE ( 'NONE',  #793 ) ;
#1813 = DIRECTION ( 'NONE',  ( -0.5000000000000013323, 0.5000000000000013323, -0.7071067811865457964 ) ) ;
#1814 = ORIENTED_EDGE ( 'NONE', *, *, #305, .F. ) ;
#1815 = LINE ( 'NONE', #340, #865 ) ;
#1816 = VERTEX_POINT ( 'NONE', #620 ) ;
#1817 = VECTOR ( 'NONE', #1038, 1000.000000000000114 ) ;
#1818 = ORIENTED_EDGE ( 'NONE', *, *, #123, .F. ) ;
#1819 =( REPRESENTATION_RELATIONSHIP ('NONE','NONE', #1597, #255 ) REPRESENTATION_RELATIONSHIP_WITH_TRANSFORMATION ( #415 )SHAPE_REPRESENTATION_RELATIONSHIP( ) );
#1820 = DIRECTION ( 'NONE',  ( 0.000000000000000000, -0.000000000000000000, -1.000000000000000000 ) ) ;
#1821 = CARTESIAN_POINT ( 'NONE',  ( -12.50000000000000000, 0.000000000000000000, 124.0000000000000000 ) ) ;
#1822 = CARTESIAN_POINT ( 'NONE',  ( -45.99999999999999289, -34.83578643762689353, 16.00000000000000000 ) ) ;
#1823 = DIRECTION ( 'NONE',  ( 0.000000000000000000, 0.000000000000000000, 1.000000000000000000 ) ) ;
#1824 = EDGE_CURVE ( 'NONE', #1998, #591, #1735, .T. ) ;
#1825 = ORIENTED_EDGE ( 'NONE', *, *, #583, .T. ) ;
#1826 = CARTESIAN_POINT ( 'NONE',  ( -41.00000000000000711, 41.24999999999998579, 20.00000000000000000 ) ) ;
#1827 = VERTEX_POINT ( 'NONE', #136 ) ;
#1828 = CARTESIAN_POINT ( 'NONE',  ( 0.000000000000000000, 0.000000000000000000, 124.0000000000000000 ) ) ;
#1829 = AXIS2_PLACEMENT_3D ( 'NONE', #773, #1912, #441 ) ;
#1830 = ORIENTED_EDGE ( 'NONE', *, *, #455, .T. ) ;
#1831 = VECTOR ( 'NONE', #1757, 1000.000000000000000 ) ;
#1832 = LINE ( 'NONE', #1023, #1141 ) ;
#1833 = MANIFOLD_SOLID_BREP ( 'Boss-Extrude1', #753 ) ;
#1834 = VECTOR ( 'NONE', #312, 1000.000000000000114 ) ;
#1835 = DIRECTION ( 'NONE',  ( 0.000000000000000000, 1.000000000000000000, 0.000000000000000000 ) ) ;
#1836 = CARTESIAN_POINT ( 'NONE',  ( -37.37916134440872895, 32.50852221050683255, 23.74147778949316034 ) ) ;
#1837 = ADVANCED_FACE ( 'NONE', ( #1550, #736 ), #69, .T. ) ;
#1838 = ORIENTED_EDGE ( 'NONE', *, *, #554, .T. ) ;
#1839 = FACE_OUTER_BOUND ( 'NONE', #1297, .T. ) ;
#1840 = DIRECTION ( 'NONE',  ( 0.4999999999999998335, 0.4999999999999998335, -0.7071067811865479058 ) ) ;
#1841 = DIRECTION ( 'NONE',  ( 1.000000000000000000, 8.462065736472231082E-17, 0.000000000000000000 ) ) ;
#1842 = EDGE_CURVE ( 'NONE', #2109, #195, #2042, .T. ) ;
#1843 = ORIENTED_EDGE ( 'NONE', *, *, #1184, .T. ) ;
#1844 = PLANE ( 'NONE',  #847 ) ;
#1845 = DIRECTION ( 'NONE',  ( 0.000000000000000000, -1.000000000000000000, 0.000000000000000000 ) ) ;
#1846 = CARTESIAN_POINT ( 'NONE',  ( -12.50000000000000000, 12.49999999999999645, 8.291561975888502189 ) ) ;
#1847 = PLANE ( 'NONE',  #1476 ) ;
#1848 = AXIS2_PLACEMENT_3D ( 'NONE', #1131, #322, #1464 ) ;
#1849 = ORIENTED_EDGE ( 'NONE', *, *, #455, .F. ) ;
#1850 = CARTESIAN_POINT ( 'NONE',  ( 46.99999999999998579, 35.25000000000000000, 1.000000000000000888 ) ) ;
#1851 = CARTESIAN_POINT ( 'NONE',  ( -40.29289321881346098, 40.54289321881346098, 0.000000000000000000 ) ) ;
#1852 = CARTESIAN_POINT ( 'NONE',  ( -40.58578643762692195, 40.25000000000001421, 0.000000000000000000 ) ) ;
#1853 = ORIENTED_EDGE ( 'NONE', *, *, #54, .F. ) ;
#1854 = DIRECTION ( 'NONE',  ( 1.000000000000000000, 0.000000000000000000, 0.000000000000000000 ) ) ;
#1855 = VECTOR ( 'NONE', #1590, 1000.000000000000000 ) ;
#1856 = EDGE_CURVE ( 'NONE', #195, #1779, #717, .T. ) ;
#1857 = PRODUCT_RELATED_PRODUCT_CATEGORY ( 'part', '', ( #306 ) ) ;
#1858 = CARTESIAN_POINT ( 'NONE',  ( 46.29289321881343255, 34.54289321881346098, 0.000000000000000000 ) ) ;
#1859 = ORIENTED_EDGE ( 'NONE', *, *, #1455, .T. ) ;
#1860 = LINE ( 'NONE', #1496, #2116 ) ;
#1861 = FILL_AREA_STYLE ('',( #1025 ) ) ;
#1862 = VERTEX_POINT ( 'NONE', #1852 ) ;
#1863 = DIRECTION ( 'NONE',  ( 1.000000000000000000, 0.000000000000000000, 0.000000000000000000 ) ) ;
#1864 = DIRECTION ( 'NONE',  ( -1.000000000000000000, 0.000000000000000000, 0.000000000000000000 ) ) ;
#1865 = SURFACE_STYLE_FILL_AREA ( #1030 ) ;
#1866 = VECTOR ( 'NONE', #1585, 1000.000000000000000 ) ;
#1867 = ORIENTED_EDGE ( 'NONE', *, *, #1154, .T. ) ;
#1869 = MANIFOLD_SOLID_BREP ( 'Chamfer1', #186 ) ;
#1868 = LINE ( 'NONE', #222, #187 ) ;
#1870 = AXIS2_PLACEMENT_3D ( 'NONE', #1301, #1813, #1465 ) ;
#1871 = PRODUCT_DEFINITION_CONTEXT ( 'detailed design', #2055, 'design' ) ;
#1872 =( GEOMETRIC_REPRESENTATION_CONTEXT ( 3 ) GLOBAL_UNCERTAINTY_ASSIGNED_CONTEXT ( ( #360 ) ) GLOBAL_UNIT_ASSIGNED_CONTEXT ( ( #1066, #1665, #1513 ) ) REPRESENTATION_CONTEXT ( 'NONE', 'WORKASPACE' ) );
#1873 = EDGE_CURVE ( 'NONE', #853, #122, #2082, .T. ) ;
#1874 = EDGE_LOOP ( 'NONE', ( #1843, #860 ) ) ;
#1875 = CARTESIAN_POINT ( 'NONE',  ( 46.29289321881343255, 34.54289321881344677, 0.000000000000000000 ) ) ;
#1876 = CARTESIAN_POINT ( 'NONE',  ( -46.00000000000002132, -34.83578643762691485, 0.000000000000000000 ) ) ;
#1877 = CARTESIAN_POINT ( 'NONE',  ( -15.00000000000000000, 46.75000000000002842, 102.0000000000000142 ) ) ;
#1878 = VECTOR ( 'NONE', #1193, 1000.000000000000114 ) ;
#1879 = ORIENTED_EDGE ( 'NONE', *, *, #268, .F. ) ;
#1880 = CARTESIAN_POINT ( 'NONE',  ( -47.00000000000000711, -35.25000000000000000, 18.99999999999998579 ) ) ;
#1881 = DIRECTION ( 'NONE',  ( 0.7071067811865474617, 0.7071067811865474617, 0.000000000000000000 ) ) ;
#1882 = DIRECTION ( 'NONE',  ( -5.983584065105924251E-17, 0.7071067811865561215, -0.7071067811865389130 ) ) ;
#1883 = EDGE_LOOP ( 'NONE', ( #1879, #1460 ) ) ;
#1884 = CYLINDRICAL_SURFACE ( 'NONE', #2009, 12.50000000000000000 ) ;
#1885 = EDGE_CURVE ( 'NONE', #1019, #1443, #553, .T. ) ;
#1886 = EDGE_LOOP ( 'NONE', ( #806, #1632, #271, #1698 ) ) ;
#1887 = CONTEXT_DEPENDENT_SHAPE_REPRESENTATION ( #1716, #1936 ) ;
#1888 = CIRCLE ( 'NONE', #1405, 12.50000000000000000 ) ;
#1889 = ADVANCED_FACE ( 'NONE', ( #1528 ), #1198, .F. ) ;
#1890 = EDGE_CURVE ( 'NONE', #740, #1200, #537, .T. ) ;
#1891 = ORIENTED_EDGE ( 'NONE', *, *, #991, .T. ) ;
#1892 = LINE ( 'NONE', #1268, #1034 ) ;
#1893 = CARTESIAN_POINT ( 'NONE',  ( 37.37916134440882843, -32.50852221050694624, 27.74147778949303955 ) ) ;
#1894 = FACE_OUTER_BOUND ( 'NONE', #933, .T. ) ;
#1895 = DIRECTION ( 'NONE',  ( 0.000000000000000000, 0.000000000000000000, -1.000000000000000000 ) ) ;
#1896 = VECTOR ( 'NONE', #219, 1000.000000000000000 ) ;
#1897 = ORIENTED_EDGE ( 'NONE', *, *, #1523, .F. ) ;
#1898 = CONTEXT_DEPENDENT_SHAPE_REPRESENTATION ( #111, #625 ) ;
#1899 = EDGE_LOOP ( 'NONE', ( #1954, #377, #1102, #494 ) ) ;
#1900 = ADVANCED_FACE ( 'NONE', ( #233 ), #894, .T. ) ;
#1901 = PLANE ( 'NONE',  #1409 ) ;
#1902 = LINE ( 'NONE', #450, #1495 ) ;
#1903 = LINE ( 'NONE', #1245, #1966 ) ;
#1904 = DIRECTION ( 'NONE',  ( -0.000000000000000000, -0.000000000000000000, -1.000000000000000000 ) ) ;
#1905 = VECTOR ( 'NONE', #1672, 1000.000000000000114 ) ;
#1906 = AXIS2_PLACEMENT_3D ( 'NONE', #1280, #675, #2102 ) ;
#1907 = ORIENTED_EDGE ( 'NONE', *, *, #334, .F. ) ;
#1908 = APPLICATION_PROTOCOL_DEFINITION ( 'draft international standard', 'automotive_design', 1998, #2117 ) ;
#1909 = EDGE_LOOP ( 'NONE', ( #324, #678 ) ) ;
#1910 = CARTESIAN_POINT ( 'NONE',  ( 40.99999999999998579, 41.24999999999999289, 18.99999999999998579 ) ) ;
#1911 = CARTESIAN_POINT ( 'NONE',  ( -12.50000000000000000, 12.49999999999999645, 75.00000000000000000 ) ) ;
#1912 = DIRECTION ( 'NONE',  ( -0.4999999999999985012, -0.4999999999999985012, -0.7071067811865497932 ) ) ;
#1913 = AXIS2_PLACEMENT_3D ( 'NONE', #1463, #2100, #1457 ) ;
#1914 = CARTESIAN_POINT ( 'NONE',  ( -46.00000000000002132, 34.83578643762691485, 0.000000000000000000 ) ) ;
#1915 = LINE ( 'NONE', #1748, #948 ) ;
#1916 = ADVANCED_FACE ( 'NONE', ( #1713 ), #244, .T. ) ;
#1917 = UNCERTAINTY_MEASURE_WITH_UNIT (LENGTH_MEASURE( 1.000000000000000082E-05 ), #1988, 'distance_accuracy_value', 'NONE');
#1918 = ORIENTED_EDGE ( 'NONE', *, *, #1381, .F. ) ;
#1919 = CARTESIAN_POINT ( 'NONE',  ( -47.00000000000000711, -35.25000000000000000, 1.000000000000000888 ) ) ;
#1920 = CARTESIAN_POINT ( 'NONE',  ( 0.000000000000000000, 0.000000000000000000, 124.0000000000000000 ) ) ;
#1921 = PLANE ( 'NONE',  #1589 ) ;
#1922 = ADVANCED_BREP_SHAPE_REPRESENTATION ( '', ( #1833, #1793 ), #982 ) ;
#1923 = CARTESIAN_POINT ( 'NONE',  ( 46.99999999999998579, 35.25000000000000711, 1.000000000000000888 ) ) ;
#1924 = LINE ( 'NONE', #454, #1310 ) ;
#1925 = EDGE_CURVE ( 'NONE', #827, #29, #703, .T. ) ;
#1926 = AXIS2_PLACEMENT_3D ( 'NONE', #1663, #2040, #1863 ) ;
#1927 = ORIENTED_EDGE ( 'NONE', *, *, #1693, .F. ) ;
#1928 = CARTESIAN_POINT ( 'NONE',  ( -41.00000000000000711, 41.24999999999998579, 20.00000000000000000 ) ) ;
#1929 = CARTESIAN_POINT ( 'NONE',  ( 45.99999999999997158, 4.527505242265706487E-15, 16.00000000000000000 ) ) ;
#1930 = LINE ( 'NONE', #115, #498 ) ;
#1931 = DIRECTION ( 'NONE',  ( 0.000000000000000000, 0.000000000000000000, -1.000000000000000000 ) ) ;
#1932 = PLANE ( 'NONE',  #1689 ) ;
#1933 = EDGE_CURVE ( 'NONE', #1779, #562, #368, .T. ) ;
#1934 = APPLICATION_CONTEXT ( 'automotive_design' ) ;
#1935 = VECTOR ( 'NONE', #1188, 1000.000000000000114 ) ;
#1936 = PRODUCT_DEFINITION_SHAPE ( 'NONE', 'NONE',  #2130 ) ;
#1937 = EDGE_LOOP ( 'NONE', ( #2091, #184, #72, #859 ) ) ;
#1938 = STYLED_ITEM ( 'NONE', ( #1440 ), #1833 ) ;
#1939 = DIRECTION ( 'NONE',  ( -9.842402700577628319E-17, 1.000000000000000000, 0.000000000000000000 ) ) ;
#1940 = CARTESIAN_POINT ( 'NONE',  ( -12.50000000000000000, 0.000000000000000000, 124.0000000000000000 ) ) ;
#1941 = LINE ( 'NONE', #1293, #1145 ) ;
#1942 = DIRECTION ( 'NONE',  ( 1.000000000000000000, 0.000000000000000000, 0.000000000000000000 ) ) ;
#1943 = CARTESIAN_POINT ( 'NONE',  ( -41.00000000000000711, -41.25000000000000000, 20.00000000000000000 ) ) ;
#1944 = CIRCLE ( 'NONE', #1657, 15.00000000000000178 ) ;
#1945 = ORIENTED_EDGE ( 'NONE', *, *, #1474, .T. ) ;
#1946 = VECTOR ( 'NONE', #597, 1000.000000000000000 ) ;
#1947 = ORIENTED_EDGE ( 'NONE', *, *, #1626, .F. ) ;
#1948 = CARTESIAN_POINT ( 'NONE',  ( -46.00000000000002132, 35.24999999999999289, 0.000000000000000000 ) ) ;
#1949 = EDGE_CURVE ( 'NONE', #1862, #2020, #749, .T. ) ;
#1950 = EDGE_CURVE ( 'NONE', #280, #516, #1583, .T. ) ;
#1951 = DIRECTION ( 'NONE',  ( 9.842402700577627086E-17, -1.000000000000000000, 0.000000000000000000 ) ) ;
#1952 = LINE ( 'NONE', #487, #1214 ) ;
#1953 = VERTEX_POINT ( 'NONE', #420 ) ;
#1954 = ORIENTED_EDGE ( 'NONE', *, *, #171, .T. ) ;
#1955 = CARTESIAN_POINT ( 'NONE',  ( 0.000000000000000000, -15.00000000000000000, 0.000000000000000000 ) ) ;
#1956 = CARTESIAN_POINT ( 'NONE',  ( 0.000000000000000000, 0.000000000000000000, 0.000000000000000000 ) ) ;
#1957 = SHAPE_REPRESENTATION_RELATIONSHIP ( 'NONE' , 'NONE' ,  #223, #1922 ) ;
#1958 = CIRCLE ( 'NONE', #563, 37.50000000000000711 ) ;
#1959 = ADVANCED_FACE ( 'NONE', ( #619 ), #1086, .F. ) ;
#1960 = DIRECTION ( 'NONE',  ( -0.7071067811865474617, 0.7071067811865474617, 0.000000000000000000 ) ) ;
#1961 = LINE ( 'NONE', #1911, #1661 ) ;
#1962 = ORIENTED_EDGE ( 'NONE', *, *, #875, .T. ) ;
#1963 = AXIS2_PLACEMENT_3D ( 'NONE', #1775, #2115, #804 ) ;
#1964 = CARTESIAN_POINT ( 'NONE',  ( 40.99999999999998579, 41.25000000000000711, 16.00000000000000000 ) ) ;
#1965 = DIRECTION ( 'NONE',  ( -0.000000000000000000, -1.000000000000000000, -0.000000000000000000 ) ) ;
#1966 = VECTOR ( 'NONE', #1236, 1000.000000000000000 ) ;
#1967 = DIRECTION ( 'NONE',  ( -0.7071067811865474617, -0.7071067811865474617, 0.000000000000000000 ) ) ;
#1968 = ORIENTED_EDGE ( 'NONE', *, *, #1367, .T. ) ;
#1969 = EDGE_CURVE ( 'NONE', #924, #1356, #1930, .T. ) ;
#1970 = ORIENTED_EDGE ( 'NONE', *, *, #1679, .T. ) ;
#1971 = EDGE_CURVE ( 'NONE', #435, #1200, #462, .T. ) ;
#1972 = EDGE_CURVE ( 'NONE', #1200, #641, #2068, .T. ) ;
#1973 =( REPRESENTATION_RELATIONSHIP ('NONE','NONE', #1597, #1070 ) REPRESENTATION_RELATIONSHIP_WITH_TRANSFORMATION ( #925 )SHAPE_REPRESENTATION_RELATIONSHIP( ) );
#1974 = AXIS2_PLACEMENT_3D ( 'NONE', #510, #2112, #1139 ) ;
#1975 = VERTEX_POINT ( 'NONE', #1745 ) ;
#1976 = LINE ( 'NONE', #321, #1015 ) ;
#1977 = CARTESIAN_POINT ( 'NONE',  ( -40.41789321881344677, 40.41789321881344677, 16.00000000000000000 ) ) ;
#1978 = FACE_OUTER_BOUND ( 'NONE', #1073, .T. ) ;
#1979 = ORIENTED_EDGE ( 'NONE', *, *, #2046, .T. ) ;
#1980 = CARTESIAN_POINT ( 'NONE',  ( -41.00000000000000711, -41.24999999999999289, 1.000000000000000888 ) ) ;
#1981 = VERTEX_POINT ( 'NONE', #1765 ) ;
#1982 = ORIENTED_EDGE ( 'NONE', *, *, #784, .T. ) ;
#1983 = EDGE_CURVE ( 'NONE', #1368, #688, #1733, .T. ) ;
#1984 = CARTESIAN_POINT ( 'NONE',  ( 46.99999999999998579, 35.25000000000000000, 18.99999999999998579 ) ) ;
#1985 = PRODUCT_DEFINITION_SHAPE ( 'NONE', 'NONE',  #2131 ) ;
#1986 = EDGE_LOOP ( 'NONE', ( #1859, #197, #1790, #182 ) ) ;
#1987 = DIRECTION ( 'NONE',  ( -0.7071067811865474617, 0.7071067811865474617, 0.000000000000000000 ) ) ;
#1988 =( LENGTH_UNIT ( ) NAMED_UNIT ( * ) SI_UNIT ( .MILLI., .METRE. ) );
#1989 = CARTESIAN_POINT ( 'NONE',  ( 51.00000000000000711, 46.75000000000000000, 102.0000000000000142 ) ) ;
#1990 = ORIENTED_EDGE ( 'NONE', *, *, #862, .F. ) ;
#1991 = CARTESIAN_POINT ( 'NONE',  ( -47.00000000000000711, -35.25000000000000000, 18.99999999999998579 ) ) ;
#1992 = ORIENTED_EDGE ( 'NONE', *, *, #666, .T. ) ;
#1993 = DIRECTION ( 'NONE',  ( 0.4999999999999998890, 0.4999999999999998890, -0.7071067811865476838 ) ) ;
#1994 = ORIENTED_EDGE ( 'NONE', *, *, #1109, .T. ) ;
#1995 = UNCERTAINTY_MEASURE_WITH_UNIT (LENGTH_MEASURE( 1.000000000000000082E-05 ), #375, 'distance_accuracy_value', 'NONE');
#1996 = DIRECTION ( 'NONE',  ( -0.000000000000000000, 1.000000000000000000, 0.000000000000000000 ) ) ;
#1997 = EDGE_CURVE ( 'NONE', #280, #1019, #782, .T. ) ;
#1998 = VERTEX_POINT ( 'NONE', #1574 ) ;
#1999 = CARTESIAN_POINT ( 'NONE',  ( -47.00000000000000711, -35.25000000000000000, 1.000000000000000888 ) ) ;
#2000 = DIRECTION ( 'NONE',  ( 0.000000000000000000, 0.000000000000000000, -1.000000000000000000 ) ) ;
#2001 = EDGE_CURVE ( 'NONE', #172, #1588, #1422, .T. ) ;
#2002 = ORIENTED_EDGE ( 'NONE', *, *, #84, .T. ) ;
#2003 = PLANE ( 'NONE',  #733 ) ;
#2004 = ORIENTED_EDGE ( 'NONE', *, *, #1651, .T. ) ;
#2005 = DIRECTION ( 'NONE',  ( 1.000000000000000000, 0.000000000000000000, 0.000000000000000000 ) ) ;
#2006 = AXIS2_PLACEMENT_3D ( 'NONE', #395, #1501, #691 ) ;
#2007 = ORIENTED_EDGE ( 'NONE', *, *, #876, .T. ) ;
#2008 = DIRECTION ( 'NONE',  ( 0.7071067811865474617, 0.7071067811865474617, 0.000000000000000000 ) ) ;
#2009 = AXIS2_PLACEMENT_3D ( 'NONE', #412, #951, #1575 ) ;
#2010 = LINE ( 'NONE', #1043, #640 ) ;
#2011 = VECTOR ( 'NONE', #1317, 1000.000000000000000 ) ;
#2012 = ORIENTED_EDGE ( 'NONE', *, *, #1567, .T. ) ;
#2013 = DIRECTION ( 'NONE',  ( 0.7071067811865474617, -0.7071067811865474617, 0.000000000000000000 ) ) ;
#2014 = VECTOR ( 'NONE', #1744, 1000.000000000000000 ) ;
#2015 = ORIENTED_EDGE ( 'NONE', *, *, #252, .F. ) ;
#2016 = EDGE_CURVE ( 'NONE', #974, #758, #274, .T. ) ;
#2017 = DIRECTION ( 'NONE',  ( -0.000000000000000000, -0.000000000000000000, -1.000000000000000000 ) ) ;
#2018 = CARTESIAN_POINT ( 'NONE',  ( 46.99999999999999289, -35.25000000000000000, 1.000000000000000888 ) ) ;
#2019 = DIRECTION ( 'NONE',  ( 0.000000000000000000, 0.000000000000000000, 1.000000000000000000 ) ) ;
#2020 = VERTEX_POINT ( 'NONE', #609 ) ;
#2021 = CARTESIAN_POINT ( 'NONE',  ( 46.99999999999999289, -35.25000000000000000, 14.99999999999998579 ) ) ;
#2022 = APPLICATION_CONTEXT ( 'automotive_design' ) ;
#2023 = UNCERTAINTY_MEASURE_WITH_UNIT (LENGTH_MEASURE( 1.000000000000000082E-05 ), #967, 'distance_accuracy_value', 'NONE');
#2024 = FACE_OUTER_BOUND ( 'NONE', #566, .T. ) ;
#2025 = EDGE_LOOP ( 'NONE', ( #411, #1719, #402, #1165 ) ) ;
#2026 = CARTESIAN_POINT ( 'NONE',  ( 40.99999999999999289, -41.24999999999999289, 14.99999999999998579 ) ) ;
#2027 = DIRECTION ( 'NONE',  ( 0.000000000000000000, -1.000000000000000000, 0.000000000000000000 ) ) ;
#2028 = ORIENTED_EDGE ( 'NONE', *, *, #1132, .T. ) ;
#2029 = PLANE ( 'NONE',  #338 ) ;
#2030 = LINE ( 'NONE', #1851, #259 ) ;
#2031 = CARTESIAN_POINT ( 'NONE',  ( -12.50000000000000000, -12.50000000000000000, 75.00000000000000000 ) ) ;
#2032 = ADVANCED_FACE ( 'NONE', ( #1264 ), #1921, .T. ) ;
#2033 = ORIENTED_EDGE ( 'NONE', *, *, #814, .F. ) ;
#2034 = CARTESIAN_POINT ( 'NONE',  ( -41.00000000000000711, 41.25000000000000711, 1.000000000000000888 ) ) ;
#2035 = CIRCLE ( 'NONE', #695, 12.50000000000000000 ) ;
#2036 = ORIENTED_EDGE ( 'NONE', *, *, #1366, .F. ) ;
#2037 = DIRECTION ( 'NONE',  ( 0.7071067811865475727, 0.7071067811865475727, -0.000000000000000000 ) ) ;
#2038 = LINE ( 'NONE', #247, #610 ) ;
#2039 = ORIENTED_EDGE ( 'NONE', *, *, #890, .F. ) ;
#2040 = DIRECTION ( 'NONE',  ( 0.000000000000000000, 0.000000000000000000, 1.000000000000000000 ) ) ;
#2041 = CARTESIAN_POINT ( 'NONE',  ( -14.99999999999999822, 15.00000000000000000, 75.00000000000000000 ) ) ;
#2042 = LINE ( 'NONE', #2031, #644 ) ;
#2043 = VECTOR ( 'NONE', #560, 1000.000000000000114 ) ;
#2044 = ORIENTED_EDGE ( 'NONE', *, *, #1123, .F. ) ;
#2045 = CARTESIAN_POINT ( 'NONE',  ( 46.00000000000000000, -34.83578643762692195, 0.000000000000000000 ) ) ;
#2046 = EDGE_CURVE ( 'NONE', #1443, #516, #1903, .T. ) ;
#2047 = AXIS2_PLACEMENT_3D ( 'NONE', #1430, #283, #1076 ) ;
#2048 = VECTOR ( 'NONE', #1603, 1000.000000000000114 ) ;
#2049 = EDGE_CURVE ( 'NONE', #258, #692, #588, .T. ) ;
#2050 = ADVANCED_FACE ( 'NONE', ( #1894 ), #1755, .F. ) ;
#2051 = ORIENTED_EDGE ( 'NONE', *, *, #594, .F. ) ;
#2052 = PLANE ( 'NONE',  #465 ) ;
#2053 = CONTEXT_DEPENDENT_SHAPE_REPRESENTATION ( #1973, #1436 ) ;
#2054 = VECTOR ( 'NONE', #383, 1000.000000000000000 ) ;
#2055 = APPLICATION_CONTEXT ( 'automotive_design' ) ;
#2056 = ORIENTED_EDGE ( 'NONE', *, *, #1147, .F. ) ;
#2057 = PLANE ( 'NONE',  #1452 ) ;
#2058 = VECTOR ( 'NONE', #1881, 1000.000000000000114 ) ;
#2059 = LINE ( 'NONE', #1688, #1454 ) ;
#2060 = DIRECTION ( 'NONE',  ( -0.7071067811865474617, -0.7071067811865474617, 0.000000000000000000 ) ) ;
#2061 = DIRECTION ( 'NONE',  ( 1.000000000000000000, 0.000000000000000000, 0.000000000000000000 ) ) ;
#2062 = ADVANCED_FACE ( 'NONE', ( #1722 ), #251, .T. ) ;
#2063 = ORIENTED_EDGE ( 'NONE', *, *, #157, .F. ) ;
#2064 = DIRECTION ( 'NONE',  ( 0.000000000000000000, 0.7071067811865475727, -0.7071067811865475727 ) ) ;
#2065 = ORIENTED_EDGE ( 'NONE', *, *, #517, .T. ) ;
#2066 = DIRECTION ( 'NONE',  ( -0.7071067811865474617, 0.7071067811865474617, 0.000000000000000000 ) ) ;
#2067 = CARTESIAN_POINT ( 'NONE',  ( -12.50000000000000000, 0.000000000000000000, 0.000000000000000000 ) ) ;
#2068 = LINE ( 'NONE', #1404, #11 ) ;
#2069 = CARTESIAN_POINT ( 'NONE',  ( 40.41789321881343255, -40.41789321881343255, 16.00000000000000000 ) ) ;
#2070 = DIRECTION ( 'NONE',  ( 0.7071067811865475727, -0.7071067811865475727, 0.000000000000000000 ) ) ;
#2071 = CIRCLE ( 'NONE', #1608, 12.50000000000000000 ) ;
#2072 = ORIENTED_EDGE ( 'NONE', *, *, #934, .F. ) ;
#2073 = ADVANCED_FACE ( 'NONE', ( #95 ), #764, .F. ) ;
#2074 = EDGE_LOOP ( 'NONE', ( #234, #2072, #1027, #812 ) ) ;
#2075 = DIRECTION ( 'NONE',  ( -0.6785983445458478869, 0.2810846377148159547, 0.6785983445458478869 ) ) ;
#2076 = CARTESIAN_POINT ( 'NONE',  ( 40.60454598580495400, 40.29528955563552728, 19.95471044436446206 ) ) ;
#2077 = CARTESIAN_POINT ( 'NONE',  ( 34.52129696813986470, -25.60902727389540345, -14.64097272610459122 ) ) ;
#2078 = EDGE_CURVE ( 'NONE', #719, #2109, #161, .T. ) ;
#2079 = FILL_AREA_STYLE_COLOUR ( '', #1175 ) ;
#2080 = LINE ( 'NONE', #1610, #1866 ) ;
#2081 = AXIS2_PLACEMENT_3D ( 'NONE', #1726, #2070, #1656 ) ;
#2082 = CIRCLE ( 'NONE', #788, 15.00000000000000000 ) ;
#2083 = ORIENTED_EDGE ( 'NONE', *, *, #1016, .F. ) ;
#2084 = CARTESIAN_POINT ( 'NONE',  ( -41.00000000000000711, -41.25000000000000000, 20.00000000000000000 ) ) ;
#2085 = FACE_OUTER_BOUND ( 'NONE', #891, .T. ) ;
#2086 = DIRECTION ( 'NONE',  ( 0.000000000000000000, 1.000000000000000000, 0.000000000000000000 ) ) ;
#2087 = VECTOR ( 'NONE', #471, 1000.000000000000114 ) ;
#2088 = EDGE_CURVE ( 'NONE', #654, #413, #329, .T. ) ;
#2089 = CARTESIAN_POINT ( 'NONE',  ( 12.50000000000000000, -12.50000000000000000, 8.291561975888502189 ) ) ;
#2090 = CARTESIAN_POINT ( 'NONE',  ( 46.99999999999999289, -35.25000000000000000, 16.00000000000000000 ) ) ;
#2091 = ORIENTED_EDGE ( 'NONE', *, *, #681, .T. ) ;
#2092 = PLANE ( 'NONE',  #489 ) ;
#2093 = CARTESIAN_POINT ( 'NONE',  ( -41.00000000000000711, -41.24999999999999289, 16.00000000000000000 ) ) ;
#2094 = CARTESIAN_POINT ( 'NONE',  ( 12.50000000000000000, 15.00000000000000000, 8.291561975888502189 ) ) ;
#2095 = PRODUCT_DEFINITION_SHAPE ( 'NONE', 'NONE',  #2127 ) ;
#2096 = DIRECTION ( 'NONE',  ( -1.000000000000000000, -8.462065736472231082E-17, 0.000000000000000000 ) ) ;
#2097 = CARTESIAN_POINT ( 'NONE',  ( 15.00000000000000178, -15.00000000000000000, 75.00000000000000000 ) ) ;
#2098 = EDGE_CURVE ( 'NONE', #692, #262, #825, .T. ) ;
#2099 = VERTEX_POINT ( 'NONE', #152 ) ;
#2100 = DIRECTION ( 'NONE',  ( -0.000000000000000000, -0.000000000000000000, -1.000000000000000000 ) ) ;
#2101 = CARTESIAN_POINT ( 'NONE',  ( -41.00000000000000711, -40.24999999999999289, 0.000000000000000000 ) ) ;
#2102 = DIRECTION ( 'NONE',  ( 0.7071067811865474617, -0.7071067811865474617, 0.000000000000000000 ) ) ;
#2103 = FACE_OUTER_BOUND ( 'NONE', #887, .T. ) ;
#2104 = DIRECTION ( 'NONE',  ( -0.6785983445458417807, -0.2810846377148284447, -0.6785983445458488861 ) ) ;
#2105 = ORIENTED_EDGE ( 'NONE', *, *, #170, .F. ) ;
#2106 = ADVANCED_FACE ( 'NONE', ( #1978 ), #1630, .T. ) ;
#2107 = ADVANCED_FACE ( 'NONE', ( #987 ), #337, .T. ) ;
#2108 =( GEOMETRIC_REPRESENTATION_CONTEXT ( 3 ) GLOBAL_UNCERTAINTY_ASSIGNED_CONTEXT ( ( #954 ) ) GLOBAL_UNIT_ASSIGNED_CONTEXT ( ( #573, #548, #389 ) ) REPRESENTATION_CONTEXT ( 'NONE', 'WORKASPACE' ) );
#2109 = VERTEX_POINT ( 'NONE', #2125 ) ;
#2110 = VECTOR ( 'NONE', #443, 1000.000000000000000 ) ;
#2111 = PLANE ( 'NONE',  #1734 ) ;
#2112 = DIRECTION ( 'NONE',  ( 0.000000000000000000, 1.000000000000000000, 0.000000000000000000 ) ) ;
#2113 = CARTESIAN_POINT ( 'NONE',  ( 45.99999999999998579, -34.83578643762691485, 0.000000000000000000 ) ) ;
#2114 = CARTESIAN_POINT ( 'NONE',  ( -41.00000000000000711, 41.25000000000000711, 1.000000000000000888 ) ) ;
#2115 = DIRECTION ( 'NONE',  ( -0.000000000000000000, -0.7071067811865524577, -0.7071067811865425767 ) ) ;
#2116 = VECTOR ( 'NONE', #346, 1000.000000000000000 ) ;
#2117 = APPLICATION_CONTEXT ( 'automotive_design' ) ;
#2118 = ORIENTED_EDGE ( 'NONE', *, *, #554, .F. ) ;
#2119 = VECTOR ( 'NONE', #1039, 1000.000000000000000 ) ;
#2120 = EDGE_CURVE ( 'NONE', #1770, #740, #1941, .T. ) ;
#2121 = PRODUCT_RELATED_PRODUCT_CATEGORY ( 'part', '', ( #1554 ) ) ;
#2122 = ORIENTED_EDGE ( 'NONE', *, *, #1434, .F. ) ;
#2123 = LINE ( 'NONE', #1299, #2011 ) ;
#2124 = FACE_OUTER_BOUND ( 'NONE', #727, .T. ) ;
#2125 = CARTESIAN_POINT ( 'NONE',  ( -12.50000000000000000, -12.50000000000000000, 75.00000000000000000 ) ) ;
#2126 = NEXT_ASSEMBLY_USAGE_OCCURRENCE ( 'NAUO1', ' ', ' ', #370, #147, $ ) ;
#2127 = NEXT_ASSEMBLY_USAGE_OCCURRENCE ( 'NAUO2', ' ', ' ', #370, #768, $ ) ;
#2128 = NEXT_ASSEMBLY_USAGE_OCCURRENCE ( 'NAUO3', ' ', ' ', #370, #1155, $ ) ;
#2129 = NEXT_ASSEMBLY_USAGE_OCCURRENCE ( 'NAUO4', ' ', ' ', #370, #269, $ ) ;
#2130 = NEXT_ASSEMBLY_USAGE_OCCURRENCE ( 'NAUO5', ' ', ' ', #370, #269, $ ) ;
#2131 = NEXT_ASSEMBLY_USAGE_OCCURRENCE ( 'NAUO6', ' ', ' ', #370, #943, $ ) ;
ENDSEC;
END-ISO-10303-21;